filepath,true_label,true_prob,pred_label,confidence,top1,top2,top3,top4,top5,correct,in_top5
c:\Users\Alan\python\MMIP\week3\data\Dataset\butterfly\butterfly (575).jpeg,butterfly,0.9331,butterfly,0.9331,butterfly (0.9331),sheep (0.0139),cow (0.0102),dog (0.0084),elephant (0.0082),True,True
c:\Users\Alan\python\MMIP\week3\data\Dataset\butterfly\butterfly (648).jpeg,butterfly,0.9326,butterfly,0.9326,butterfly (0.9326),spider (0.0132),cow (0.0125),sheep (0.0097),elephant (0.0082),True,True
c:\Users\Alan\python\MMIP\week3\data\Dataset\butterfly\butterfly (1412).jpeg,butterfly,0.8273,butterfly,0.8273,butterfly (0.8273),dog (0.0297),chicken (0.0254),squirrel (0.0249),cat (0.0216),True,True
c:\Users\Alan\python\MMIP\week3\data\Dataset\butterfly\butterfly (142).jpeg,butterfly,0.9857,butterfly,0.9857,butterfly (0.9857),cat (0.0031),spider (0.0031),horse (0.0025),elephant (0.0014),True,True
c:\Users\Alan\python\MMIP\week3\data\Dataset\butterfly\buttfly-163.jpg,butterfly,0.9734,butterfly,0.9734,butterfly (0.9734),squirrel (0.0084),spider (0.0046),horse (0.0028),chicken (0.0020),True,True
c:\Users\Alan\python\MMIP\week3\data\Dataset\butterfly\butterfly (326).jpeg,butterfly,0.8297,butterfly,0.8297,butterfly (0.8297),dog (0.0365),elephant (0.0240),horse (0.0224),sheep (0.0193),True,True
c:\Users\Alan\python\MMIP\week3\data\Dataset\butterfly\butterfly (148).jpeg,butterfly,0.9657,butterfly,0.9657,butterfly (0.9657),chicken (0.0067),elephant (0.0053),cow (0.0037),squirrel (0.0036),True,True
c:\Users\Alan\python\MMIP\week3\data\Dataset\butterfly\butterfly (824).jpeg,butterfly,0.9299,butterfly,0.9299,butterfly (0.9299),spider (0.0142),dog (0.0111),horse (0.0091),chicken (0.0086),True,True
c:\Users\Alan\python\MMIP\week3\data\Dataset\butterfly\buttfly-242.jpg,butterfly,0.9611,butterfly,0.9611,butterfly (0.9611),horse (0.0067),elephant (0.0063),chicken (0.0057),cat (0.0052),True,True
c:\Users\Alan\python\MMIP\week3\data\Dataset\butterfly\butterfly (432).jpeg,butterfly,0.8484,butterfly,0.8484,butterfly (0.8484),spider (0.0382),dog (0.0289),squirrel (0.0269),cat (0.0132),True,True
c:\Users\Alan\python\MMIP\week3\data\Dataset\butterfly\butterfly (1347).jpeg,butterfly,0.9363,butterfly,0.9363,butterfly (0.9363),horse (0.0100),sheep (0.0099),dog (0.0090),cow (0.0078),True,True
c:\Users\Alan\python\MMIP\week3\data\Dataset\butterfly\buttfly-322.jpg,butterfly,0.8813,butterfly,0.8813,butterfly (0.8813),spider (0.0489),cat (0.0147),chicken (0.0139),elephant (0.0104),True,True
c:\Users\Alan\python\MMIP\week3\data\Dataset\butterfly\butterfly (952).jpeg,butterfly,0.7874,butterfly,0.7874,butterfly (0.7874),squirrel (0.0577),chicken (0.0332),dog (0.0263),cat (0.0229),True,True
c:\Users\Alan\python\MMIP\week3\data\Dataset\butterfly\butterfly (1280).jpeg,butterfly,0.8876,butterfly,0.8876,butterfly (0.8876),spider (0.0342),chicken (0.0172),horse (0.0167),squirrel (0.0091),True,True
c:\Users\Alan\python\MMIP\week3\data\Dataset\butterfly\butterfly (1116).jpeg,butterfly,0.0984,spider,0.7689,spider (0.7689),butterfly (0.0984),horse (0.0716),dog (0.0114),cat (0.0107),False,True
c:\Users\Alan\python\MMIP\week3\data\Dataset\butterfly\butterfly (1604).jpeg,butterfly,0.7062,butterfly,0.7062,butterfly (0.7062),horse (0.0874),spider (0.0731),chicken (0.0361),cow (0.0272),True,True
c:\Users\Alan\python\MMIP\week3\data\Dataset\butterfly\buttfly-169.jpg,butterfly,0.661,butterfly,0.661,butterfly (0.6610),spider (0.2557),horse (0.0206),chicken (0.0138),dog (0.0121),True,True
c:\Users\Alan\python\MMIP\week3\data\Dataset\butterfly\buttfly-216.jpg,butterfly,0.8611,butterfly,0.8611,butterfly (0.8611),dog (0.0384),squirrel (0.0230),spider (0.0205),horse (0.0166),True,True
c:\Users\Alan\python\MMIP\week3\data\Dataset\butterfly\butterfly (395).jpeg,butterfly,0.8457,butterfly,0.8457,butterfly (0.8457),spider (0.0361),dog (0.0223),chicken (0.0214),elephant (0.0208),True,True
c:\Users\Alan\python\MMIP\week3\data\Dataset\butterfly\butterfly (407).jpeg,butterfly,0.9377,butterfly,0.9377,butterfly (0.9377),elephant (0.0131),chicken (0.0107),dog (0.0080),cat (0.0065),True,True
c:\Users\Alan\python\MMIP\week3\data\Dataset\butterfly\butterfly (232).jpeg,butterfly,0.9092,butterfly,0.9092,butterfly (0.9092),chicken (0.0139),spider (0.0123),cat (0.0117),sheep (0.0098),True,True
c:\Users\Alan\python\MMIP\week3\data\Dataset\butterfly\buttfly-127.jpg,butterfly,0.8255,butterfly,0.8255,butterfly (0.8255),spider (0.0832),horse (0.0213),dog (0.0153),sheep (0.0151),True,True
c:\Users\Alan\python\MMIP\week3\data\Dataset\butterfly\butterfly (1181).jpeg,butterfly,0.9321,butterfly,0.9321,butterfly (0.9321),cat (0.0177),spider (0.0111),cow (0.0090),dog (0.0083),True,True
c:\Users\Alan\python\MMIP\week3\data\Dataset\butterfly\butterfly (730).jpeg,butterfly,0.7431,butterfly,0.7431,butterfly (0.7431),spider (0.1095),dog (0.0359),cow (0.0286),sheep (0.0195),True,True
c:\Users\Alan\python\MMIP\week3\data\Dataset\butterfly\butterfly (1335).jpeg,butterfly,0.9705,butterfly,0.9705,butterfly (0.9705),spider (0.0064),cat (0.0041),dog (0.0034),chicken (0.0034),True,True
c:\Users\Alan\python\MMIP\week3\data\Dataset\butterfly\buttfly-389.jpg,butterfly,0.8365,butterfly,0.8365,butterfly (0.8365),dog (0.0399),chicken (0.0385),squirrel (0.0273),cat (0.0129),True,True
c:\Users\Alan\python\MMIP\week3\data\Dataset\butterfly\butterfly (1557).jpeg,butterfly,0.9748,butterfly,0.9748,butterfly (0.9748),spider (0.0062),cat (0.0041),chicken (0.0037),dog (0.0026),True,True
c:\Users\Alan\python\MMIP\week3\data\Dataset\butterfly\butterfly (1201).jpeg,butterfly,0.8967,butterfly,0.8967,butterfly (0.8967),chicken (0.0310),spider (0.0177),cow (0.0104),dog (0.0097),True,True
c:\Users\Alan\python\MMIP\week3\data\Dataset\butterfly\butterfly (609).jpeg,butterfly,0.799,butterfly,0.799,butterfly (0.7990),sheep (0.0373),spider (0.0354),dog (0.0306),cow (0.0245),True,True
c:\Users\Alan\python\MMIP\week3\data\Dataset\butterfly\butterfly (1525).jpeg,butterfly,0.938,butterfly,0.938,butterfly (0.9380),spider (0.0252),elephant (0.0065),chicken (0.0055),cow (0.0051),True,True
c:\Users\Alan\python\MMIP\week3\data\Dataset\butterfly\butterfly (196).jpeg,butterfly,0.2593,spider,0.5382,spider (0.5382),butterfly (0.2593),chicken (0.0509),dog (0.0401),cat (0.0278),False,True
c:\Users\Alan\python\MMIP\week3\data\Dataset\butterfly\buttfly-23.jpg,butterfly,0.8656,butterfly,0.8656,butterfly (0.8656),spider (0.0566),sheep (0.0145),squirrel (0.0139),horse (0.0103),True,True
c:\Users\Alan\python\MMIP\week3\data\Dataset\butterfly\butterfly (1254).jpeg,butterfly,0.4358,butterfly,0.4358,butterfly (0.4358),cat (0.2269),dog (0.1724),horse (0.0472),spider (0.0332),True,True
c:\Users\Alan\python\MMIP\week3\data\Dataset\butterfly\butterfly (749).jpeg,butterfly,0.9017,butterfly,0.9017,butterfly (0.9017),spider (0.0373),chicken (0.0149),cat (0.0103),dog (0.0075),True,True
c:\Users\Alan\python\MMIP\week3\data\Dataset\butterfly\butterfly (435).jpeg,butterfly,0.7706,butterfly,0.7706,butterfly (0.7706),squirrel (0.0690),spider (0.0478),chicken (0.0395),dog (0.0205),True,True
c:\Users\Alan\python\MMIP\week3\data\Dataset\butterfly\buttfly-66.jpg,butterfly,0.7196,butterfly,0.7196,butterfly (0.7196),spider (0.0744),squirrel (0.0509),cat (0.0344),chicken (0.0330),True,True
c:\Users\Alan\python\MMIP\week3\data\Dataset\butterfly\butterfly (20).jpeg,butterfly,0.6862,butterfly,0.6862,butterfly (0.6862),spider (0.1902),chicken (0.0344),squirrel (0.0241),cow (0.0177),True,True
c:\Users\Alan\python\MMIP\week3\data\Dataset\butterfly\butterfly (178).jpeg,butterfly,0.206,spider,0.3963,spider (0.3963),dog (0.2179),butterfly (0.2060),cat (0.0618),elephant (0.0359),False,True
c:\Users\Alan\python\MMIP\week3\data\Dataset\butterfly\butterfly (71).jpeg,butterfly,0.4507,butterfly,0.4507,butterfly (0.4507),spider (0.2328),horse (0.0768),cow (0.0735),squirrel (0.0522),True,True
c:\Users\Alan\python\MMIP\week3\data\Dataset\butterfly\butterfly (904).jpeg,butterfly,0.0757,spider,0.8208,spider (0.8208),butterfly (0.0757),cat (0.0350),squirrel (0.0194),sheep (0.0140),False,True
c:\Users\Alan\python\MMIP\week3\data\Dataset\butterfly\buttfly-214.jpg,butterfly,0.8163,butterfly,0.8163,butterfly (0.8163),spider (0.0726),squirrel (0.0269),chicken (0.0203),sheep (0.0166),True,True
c:\Users\Alan\python\MMIP\week3\data\Dataset\butterfly\butterfly (1461).jpeg,butterfly,0.8782,butterfly,0.8782,butterfly (0.8782),spider (0.0239),dog (0.0204),cat (0.0176),chicken (0.0151),True,True
c:\Users\Alan\python\MMIP\week3\data\Dataset\butterfly\butterfly (656).jpeg,butterfly,0.4598,butterfly,0.4598,butterfly (0.4598),spider (0.1125),dog (0.1094),horse (0.1091),chicken (0.0828),True,True
c:\Users\Alan\python\MMIP\week3\data\Dataset\butterfly\buttfly-398.jpg,butterfly,0.9484,butterfly,0.9484,butterfly (0.9484),spider (0.0161),dog (0.0072),squirrel (0.0048),sheep (0.0046),True,True
c:\Users\Alan\python\MMIP\week3\data\Dataset\butterfly\butterfly (842).jpeg,butterfly,0.7805,butterfly,0.7805,butterfly (0.7805),spider (0.1182),chicken (0.0283),dog (0.0143),horse (0.0136),True,True
c:\Users\Alan\python\MMIP\week3\data\Dataset\butterfly\butterfly (1429).jpeg,butterfly,0.9839,butterfly,0.9839,butterfly (0.9839),elephant (0.0036),sheep (0.0030),horse (0.0027),cow (0.0017),True,True
c:\Users\Alan\python\MMIP\week3\data\Dataset\butterfly\butterfly (1574).jpeg,butterfly,0.9318,butterfly,0.9318,butterfly (0.9318),squirrel (0.0126),spider (0.0111),dog (0.0094),horse (0.0084),True,True
c:\Users\Alan\python\MMIP\week3\data\Dataset\butterfly\buttfly-53.jpg,butterfly,0.8841,butterfly,0.8841,butterfly (0.8841),spider (0.0194),cat (0.0146),dog (0.0145),squirrel (0.0137),True,True
c:\Users\Alan\python\MMIP\week3\data\Dataset\butterfly\butterfly (1015).jpeg,butterfly,0.7711,butterfly,0.7711,butterfly (0.7711),dog (0.1081),spider (0.0353),cat (0.0331),sheep (0.0149),True,True
c:\Users\Alan\python\MMIP\week3\data\Dataset\butterfly\butterfly (216).jpeg,butterfly,0.9067,butterfly,0.9067,butterfly (0.9067),dog (0.0214),cat (0.0183),spider (0.0111),elephant (0.0103),True,True
c:\Users\Alan\python\MMIP\week3\data\Dataset\butterfly\buttfly-283.jpg,butterfly,0.8963,butterfly,0.8963,butterfly (0.8963),dog (0.0177),sheep (0.0142),cow (0.0136),squirrel (0.0129),True,True
c:\Users\Alan\python\MMIP\week3\data\Dataset\butterfly\butterfly (428).jpeg,butterfly,0.8688,butterfly,0.8688,butterfly (0.8688),spider (0.0404),dog (0.0154),cat (0.0153),elephant (0.0140),True,True
c:\Users\Alan\python\MMIP\week3\data\Dataset\butterfly\buttfly-390.jpg,butterfly,0.6881,butterfly,0.6881,butterfly (0.6881),spider (0.0756),dog (0.0418),sheep (0.0333),horse (0.0331),True,True
c:\Users\Alan\python\MMIP\week3\data\Dataset\butterfly\butterfly (215).jpeg,butterfly,0.9065,butterfly,0.9065,butterfly (0.9065),dog (0.0173),cow (0.0137),sheep (0.0123),horse (0.0106),True,True
c:\Users\Alan\python\MMIP\week3\data\Dataset\butterfly\buttfly-337.jpg,butterfly,0.7355,butterfly,0.7355,butterfly (0.7355),spider (0.1055),chicken (0.0691),dog (0.0279),cat (0.0239),True,True
c:\Users\Alan\python\MMIP\week3\data\Dataset\butterfly\butterfly (1606).jpeg,butterfly,0.8983,butterfly,0.8983,butterfly (0.8983),cat (0.0173),spider (0.0143),chicken (0.0128),cow (0.0123),True,True
c:\Users\Alan\python\MMIP\week3\data\Dataset\butterfly\butterfly (628).jpeg,butterfly,0.616,butterfly,0.616,butterfly (0.6160),spider (0.1300),dog (0.1032),cat (0.0609),horse (0.0361),True,True
c:\Users\Alan\python\MMIP\week3\data\Dataset\butterfly\butterfly (1082).jpeg,butterfly,0.863,butterfly,0.863,butterfly (0.8630),cat (0.0350),squirrel (0.0258),chicken (0.0219),elephant (0.0167),True,True
c:\Users\Alan\python\MMIP\week3\data\Dataset\butterfly\butterfly (223).jpeg,butterfly,0.8873,butterfly,0.8873,butterfly (0.8873),chicken (0.0177),spider (0.0175),cat (0.0137),dog (0.0133),True,True
c:\Users\Alan\python\MMIP\week3\data\Dataset\butterfly\butterfly (7).jpeg,butterfly,0.6039,butterfly,0.6039,butterfly (0.6039),spider (0.2252),chicken (0.0537),cat (0.0485),elephant (0.0159),True,True
c:\Users\Alan\python\MMIP\week3\data\Dataset\butterfly\butterfly (364).jpeg,butterfly,0.949,butterfly,0.949,butterfly (0.9490),dog (0.0093),horse (0.0091),squirrel (0.0089),spider (0.0088),True,True
c:\Users\Alan\python\MMIP\week3\data\Dataset\butterfly\butterfly (854).jpeg,butterfly,0.9755,butterfly,0.9755,butterfly (0.9755),dog (0.0045),sheep (0.0039),elephant (0.0028),cow (0.0028),True,True
c:\Users\Alan\python\MMIP\week3\data\Dataset\butterfly\butterfly (957).jpeg,butterfly,0.9781,butterfly,0.9781,butterfly (0.9781),spider (0.0041),elephant (0.0035),cat (0.0030),horse (0.0026),True,True
c:\Users\Alan\python\MMIP\week3\data\Dataset\butterfly\butterfly (4).jpeg,butterfly,0.8526,butterfly,0.8526,butterfly (0.8526),elephant (0.0292),sheep (0.0209),cow (0.0187),dog (0.0151),True,True
c:\Users\Alan\python\MMIP\week3\data\Dataset\butterfly\butterfly (1054).jpeg,butterfly,0.9027,butterfly,0.9027,butterfly (0.9027),spider (0.0232),elephant (0.0120),squirrel (0.0115),dog (0.0093),True,True
c:\Users\Alan\python\MMIP\week3\data\Dataset\butterfly\butterfly (1176).jpeg,butterfly,0.5558,butterfly,0.5558,butterfly (0.5558),spider (0.1179),squirrel (0.0782),dog (0.0617),chicken (0.0444),True,True
c:\Users\Alan\python\MMIP\week3\data\Dataset\butterfly\butterfly (9).png,butterfly,0.9279,butterfly,0.9279,butterfly (0.9279),horse (0.0192),dog (0.0145),cow (0.0093),spider (0.0079),True,True
c:\Users\Alan\python\MMIP\week3\data\Dataset\butterfly\butterfly (916).jpeg,butterfly,0.436,butterfly,0.436,butterfly (0.4360),spider (0.2543),horse (0.0755),cow (0.0716),squirrel (0.0466),True,True
c:\Users\Alan\python\MMIP\week3\data\Dataset\butterfly\butterfly (40).png,butterfly,0.0972,spider,0.2051,spider (0.2051),dog (0.1596),butterfly (0.0972),cat (0.0908),horse (0.0848),False,True
c:\Users\Alan\python\MMIP\week3\data\Dataset\butterfly\butterfly (620).jpeg,butterfly,0.969,butterfly,0.969,butterfly (0.9690),chicken (0.0075),spider (0.0038),dog (0.0037),horse (0.0034),True,True
c:\Users\Alan\python\MMIP\week3\data\Dataset\butterfly\butterfly (173).jpeg,butterfly,0.8885,butterfly,0.8885,butterfly (0.8885),spider (0.0162),dog (0.0159),cow (0.0156),sheep (0.0146),True,True
c:\Users\Alan\python\MMIP\week3\data\Dataset\butterfly\butterfly (5).jpeg,butterfly,0.8665,butterfly,0.8665,butterfly (0.8665),spider (0.0326),horse (0.0162),dog (0.0162),sheep (0.0146),True,True
c:\Users\Alan\python\MMIP\week3\data\Dataset\butterfly\butterfly (193).jpeg,butterfly,0.0303,squirrel,0.3134,squirrel (0.3134),spider (0.1833),sheep (0.1443),elephant (0.1102),chicken (0.0762),False,False
c:\Users\Alan\python\MMIP\week3\data\Dataset\butterfly\butterfly (840).jpeg,butterfly,0.5081,butterfly,0.5081,butterfly (0.5081),cow (0.1139),dog (0.0728),cat (0.0605),horse (0.0549),True,True
c:\Users\Alan\python\MMIP\week3\data\Dataset\butterfly\butterfly (814).jpeg,butterfly,0.6905,butterfly,0.6905,butterfly (0.6905),squirrel (0.0911),spider (0.0717),dog (0.0462),cat (0.0279),True,True
c:\Users\Alan\python\MMIP\week3\data\Dataset\butterfly\butterfly (1292).jpeg,butterfly,0.2164,spider,0.6832,spider (0.6832),butterfly (0.2164),squirrel (0.0323),chicken (0.0130),cow (0.0122),False,True
c:\Users\Alan\python\MMIP\week3\data\Dataset\butterfly\butterfly (361).jpeg,butterfly,0.7502,butterfly,0.7502,butterfly (0.7502),spider (0.0519),horse (0.0440),dog (0.0334),cat (0.0242),True,True
c:\Users\Alan\python\MMIP\week3\data\Dataset\butterfly\butterfly (1576).jpeg,butterfly,0.938,butterfly,0.938,butterfly (0.9380),cat (0.0229),spider (0.0207),cow (0.0054),dog (0.0038),True,True
c:\Users\Alan\python\MMIP\week3\data\Dataset\butterfly\butterfly (468).jpeg,butterfly,0.9105,butterfly,0.9105,butterfly (0.9105),dog (0.0147),elephant (0.0115),sheep (0.0105),chicken (0.0100),True,True
c:\Users\Alan\python\MMIP\week3\data\Dataset\butterfly\butterfly (1494).jpeg,butterfly,0.8925,butterfly,0.8925,butterfly (0.8925),dog (0.0209),chicken (0.0191),horse (0.0122),sheep (0.0120),True,True
c:\Users\Alan\python\MMIP\week3\data\Dataset\butterfly\butterfly (380).jpeg,butterfly,0.9653,butterfly,0.9653,butterfly (0.9653),chicken (0.0067),cow (0.0061),sheep (0.0048),dog (0.0047),True,True
c:\Users\Alan\python\MMIP\week3\data\Dataset\butterfly\butterfly (163).jpeg,butterfly,0.9611,butterfly,0.9611,butterfly (0.9611),spider (0.0148),chicken (0.0083),cat (0.0042),elephant (0.0035),True,True
c:\Users\Alan\python\MMIP\week3\data\Dataset\butterfly\butterfly (723).jpeg,butterfly,0.4436,spider,0.4561,spider (0.4561),butterfly (0.4436),squirrel (0.0253),cat (0.0154),elephant (0.0148),False,True
c:\Users\Alan\python\MMIP\week3\data\Dataset\butterfly\butterfly (946).jpeg,butterfly,0.9695,butterfly,0.9695,butterfly (0.9695),chicken (0.0070),dog (0.0050),spider (0.0047),cow (0.0031),True,True
c:\Users\Alan\python\MMIP\week3\data\Dataset\butterfly\butterfly (812).jpeg,butterfly,0.9788,butterfly,0.9788,butterfly (0.9788),chicken (0.0035),horse (0.0031),dog (0.0031),sheep (0.0026),True,True
c:\Users\Alan\python\MMIP\week3\data\Dataset\butterfly\buttfly-416.jpg,butterfly,0.8863,butterfly,0.8863,butterfly (0.8863),horse (0.0206),sheep (0.0185),cat (0.0139),elephant (0.0135),True,True
c:\Users\Alan\python\MMIP\week3\data\Dataset\butterfly\butterfly (975).jpeg,butterfly,0.5678,butterfly,0.5678,butterfly (0.5678),dog (0.1886),spider (0.1113),cat (0.0519),horse (0.0233),True,True
c:\Users\Alan\python\MMIP\week3\data\Dataset\butterfly\butterfly (543).jpeg,butterfly,0.6913,butterfly,0.6913,butterfly (0.6913),spider (0.0597),sheep (0.0539),squirrel (0.0438),cat (0.0346),True,True
c:\Users\Alan\python\MMIP\week3\data\Dataset\butterfly\butterfly (610).jpeg,butterfly,0.3047,butterfly,0.3047,butterfly (0.3047),horse (0.2951),squirrel (0.0997),spider (0.0853),cow (0.0581),True,True
c:\Users\Alan\python\MMIP\week3\data\Dataset\butterfly\butterfly (1177).jpeg,butterfly,0.7716,butterfly,0.7716,butterfly (0.7716),spider (0.1373),squirrel (0.0226),chicken (0.0150),elephant (0.0111),True,True
c:\Users\Alan\python\MMIP\week3\data\Dataset\butterfly\butterfly (634).jpeg,butterfly,0.9273,butterfly,0.9273,butterfly (0.9273),spider (0.0156),dog (0.0116),squirrel (0.0076),chicken (0.0076),True,True
c:\Users\Alan\python\MMIP\week3\data\Dataset\butterfly\butterfly (748).jpeg,butterfly,0.7328,butterfly,0.7328,butterfly (0.7328),chicken (0.0568),spider (0.0474),squirrel (0.0467),elephant (0.0321),True,True
c:\Users\Alan\python\MMIP\week3\data\Dataset\butterfly\butterfly (1573).jpeg,butterfly,0.9743,butterfly,0.9743,butterfly (0.9743),spider (0.0131),sheep (0.0025),cat (0.0021),elephant (0.0020),True,True
c:\Users\Alan\python\MMIP\week3\data\Dataset\butterfly\buttfly-190.jpg,butterfly,0.8239,butterfly,0.8239,butterfly (0.8239),squirrel (0.0350),spider (0.0330),chicken (0.0301),cat (0.0267),True,True
c:\Users\Alan\python\MMIP\week3\data\Dataset\butterfly\butterfly (1623).jpeg,butterfly,0.9369,butterfly,0.9369,butterfly (0.9369),squirrel (0.0332),elephant (0.0058),spider (0.0049),cow (0.0041),True,True
c:\Users\Alan\python\MMIP\week3\data\Dataset\butterfly\butterfly (855).jpeg,butterfly,0.6382,butterfly,0.6382,butterfly (0.6382),spider (0.1197),cow (0.0548),horse (0.0381),chicken (0.0378),True,True
c:\Users\Alan\python\MMIP\week3\data\Dataset\butterfly\buttfly-159.jpg,butterfly,0.6638,butterfly,0.6638,butterfly (0.6638),spider (0.1940),cat (0.0302),squirrel (0.0259),dog (0.0215),True,True
c:\Users\Alan\python\MMIP\week3\data\Dataset\butterfly\butterfly (1402).jpeg,butterfly,0.9462,butterfly,0.9462,butterfly (0.9462),spider (0.0126),chicken (0.0102),squirrel (0.0081),dog (0.0072),True,True
c:\Users\Alan\python\MMIP\week3\data\Dataset\butterfly\butterfly (518).jpeg,butterfly,0.4081,butterfly,0.4081,butterfly (0.4081),dog (0.1482),spider (0.1156),cat (0.0943),chicken (0.0532),True,True
c:\Users\Alan\python\MMIP\week3\data\Dataset\butterfly\butterfly (642).jpeg,butterfly,0.957,butterfly,0.957,butterfly (0.9570),elephant (0.0087),chicken (0.0085),cow (0.0056),dog (0.0055),True,True
c:\Users\Alan\python\MMIP\week3\data\Dataset\butterfly\butterfly (400).jpeg,butterfly,0.5383,butterfly,0.5383,butterfly (0.5383),spider (0.1291),chicken (0.0976),dog (0.0971),horse (0.0462),True,True
c:\Users\Alan\python\MMIP\week3\data\Dataset\butterfly\buttfly-414.jpg,butterfly,0.9193,butterfly,0.9193,butterfly (0.9193),sheep (0.0120),cat (0.0117),dog (0.0107),chicken (0.0100),True,True
c:\Users\Alan\python\MMIP\week3\data\Dataset\butterfly\buttfly-410.jpg,butterfly,0.9871,butterfly,0.9871,butterfly (0.9871),spider (0.0042),chicken (0.0014),cow (0.0013),sheep (0.0012),True,True
c:\Users\Alan\python\MMIP\week3\data\Dataset\butterfly\butterfly (456).jpeg,butterfly,0.7594,butterfly,0.7594,butterfly (0.7594),spider (0.0636),chicken (0.0462),dog (0.0243),elephant (0.0206),True,True
c:\Users\Alan\python\MMIP\week3\data\Dataset\butterfly\butterfly (212).jpeg,butterfly,0.9669,butterfly,0.9669,butterfly (0.9669),sheep (0.0053),cow (0.0050),horse (0.0048),chicken (0.0047),True,True
c:\Users\Alan\python\MMIP\week3\data\Dataset\butterfly\buttfly-245.jpg,butterfly,0.6211,butterfly,0.6211,butterfly (0.6211),spider (0.1322),chicken (0.0874),dog (0.0623),cat (0.0252),True,True
c:\Users\Alan\python\MMIP\week3\data\Dataset\butterfly\butterfly (348).jpeg,butterfly,0.8812,butterfly,0.8812,butterfly (0.8812),spider (0.0283),squirrel (0.0230),dog (0.0230),chicken (0.0174),True,True
c:\Users\Alan\python\MMIP\week3\data\Dataset\butterfly\butterfly (136).jpeg,butterfly,0.6823,butterfly,0.6823,butterfly (0.6823),spider (0.1713),squirrel (0.0386),cat (0.0265),horse (0.0168),True,True
c:\Users\Alan\python\MMIP\week3\data\Dataset\butterfly\butterfly (899).jpeg,butterfly,0.9025,butterfly,0.9025,butterfly (0.9025),spider (0.0387),squirrel (0.0144),elephant (0.0097),dog (0.0076),True,True
c:\Users\Alan\python\MMIP\week3\data\Dataset\butterfly\buttfly-194.jpg,butterfly,0.9776,butterfly,0.9776,butterfly (0.9776),spider (0.0086),squirrel (0.0052),chicken (0.0030),cat (0.0015),True,True
c:\Users\Alan\python\MMIP\week3\data\Dataset\butterfly\butterfly (1346).jpeg,butterfly,0.9635,butterfly,0.9635,butterfly (0.9635),spider (0.0140),elephant (0.0045),cow (0.0038),sheep (0.0033),True,True
c:\Users\Alan\python\MMIP\week3\data\Dataset\butterfly\buttfly-77.jpg,butterfly,0.686,butterfly,0.686,butterfly (0.6860),spider (0.2068),chicken (0.0452),elephant (0.0142),horse (0.0129),True,True
c:\Users\Alan\python\MMIP\week3\data\Dataset\butterfly\butterfly (416).jpeg,butterfly,0.1823,horse,0.5417,horse (0.5417),cow (0.1832),butterfly (0.1823),dog (0.0387),spider (0.0252),False,True
c:\Users\Alan\python\MMIP\week3\data\Dataset\butterfly\butterfly (1211).jpeg,butterfly,0.8306,butterfly,0.8306,butterfly (0.8306),spider (0.1027),chicken (0.0149),cat (0.0105),elephant (0.0082),True,True
c:\Users\Alan\python\MMIP\week3\data\Dataset\butterfly\butterfly (989).jpeg,butterfly,0.925,butterfly,0.925,butterfly (0.9250),sheep (0.0130),cow (0.0106),dog (0.0101),horse (0.0091),True,True
c:\Users\Alan\python\MMIP\week3\data\Dataset\butterfly\butterfly (603).jpeg,butterfly,0.8901,butterfly,0.8901,butterfly (0.8901),spider (0.0398),squirrel (0.0198),cow (0.0117),dog (0.0094),True,True
c:\Users\Alan\python\MMIP\week3\data\Dataset\butterfly\butterfly (546).jpeg,butterfly,0.9988,butterfly,0.9988,butterfly (0.9988),sheep (0.0002),cat (0.0002),horse (0.0002),chicken (0.0002),True,True
c:\Users\Alan\python\MMIP\week3\data\Dataset\butterfly\buttfly-287.jpg,butterfly,0.8192,butterfly,0.8192,butterfly (0.8192),spider (0.0453),squirrel (0.0397),chicken (0.0329),cat (0.0172),True,True
c:\Users\Alan\python\MMIP\week3\data\Dataset\butterfly\butterfly (1465).jpeg,butterfly,0.8358,butterfly,0.8358,butterfly (0.8358),chicken (0.0687),dog (0.0400),squirrel (0.0172),cat (0.0138),True,True
c:\Users\Alan\python\MMIP\week3\data\Dataset\butterfly\butterfly (767).jpeg,butterfly,0.3293,butterfly,0.3293,butterfly (0.3293),spider (0.2535),elephant (0.1282),cat (0.0759),dog (0.0649),True,True
c:\Users\Alan\python\MMIP\week3\data\Dataset\butterfly\butterfly (892).jpeg,butterfly,0.7929,butterfly,0.7929,butterfly (0.7929),dog (0.0425),spider (0.0371),cat (0.0286),sheep (0.0219),True,True
c:\Users\Alan\python\MMIP\week3\data\Dataset\butterfly\butterfly (1027).jpeg,butterfly,0.8532,butterfly,0.8532,butterfly (0.8532),spider (0.0296),squirrel (0.0195),sheep (0.0190),elephant (0.0166),True,True
c:\Users\Alan\python\MMIP\week3\data\Dataset\butterfly\butterfly (15).png,butterfly,0.9275,butterfly,0.9275,butterfly (0.9275),chicken (0.0208),elephant (0.0112),horse (0.0071),dog (0.0068),True,True
c:\Users\Alan\python\MMIP\week3\data\Dataset\butterfly\butterfly (825).jpeg,butterfly,0.1562,spider,0.2255,spider (0.2255),horse (0.1688),butterfly (0.1562),dog (0.1280),elephant (0.0906),False,True
c:\Users\Alan\python\MMIP\week3\data\Dataset\butterfly\butterfly (1140).jpeg,butterfly,0.9474,butterfly,0.9474,butterfly (0.9474),spider (0.0134),sheep (0.0095),horse (0.0087),dog (0.0052),True,True
c:\Users\Alan\python\MMIP\week3\data\Dataset\butterfly\butterfly (480).jpeg,butterfly,0.3972,spider,0.4034,spider (0.4034),butterfly (0.3972),squirrel (0.0423),cat (0.0417),horse (0.0253),False,True
c:\Users\Alan\python\MMIP\week3\data\Dataset\butterfly\buttfly-235.jpg,butterfly,0.9151,butterfly,0.9151,butterfly (0.9151),spider (0.0217),cow (0.0127),sheep (0.0106),horse (0.0093),True,True
c:\Users\Alan\python\MMIP\week3\data\Dataset\butterfly\buttfly-385.jpg,butterfly,0.9086,butterfly,0.9086,butterfly (0.9086),spider (0.0224),horse (0.0194),dog (0.0100),sheep (0.0090),True,True
c:\Users\Alan\python\MMIP\week3\data\Dataset\butterfly\butterfly (296).jpeg,butterfly,0.9055,butterfly,0.9055,butterfly (0.9055),spider (0.0379),chicken (0.0214),cat (0.0067),dog (0.0058),True,True
c:\Users\Alan\python\MMIP\week3\data\Dataset\butterfly\butterfly (556).jpeg,butterfly,0.963,butterfly,0.963,butterfly (0.9630),elephant (0.0057),horse (0.0051),sheep (0.0048),dog (0.0044),True,True
c:\Users\Alan\python\MMIP\week3\data\Dataset\butterfly\buttfly-224.jpg,butterfly,0.9117,butterfly,0.9117,butterfly (0.9117),chicken (0.0283),cat (0.0167),dog (0.0111),horse (0.0081),True,True
c:\Users\Alan\python\MMIP\week3\data\Dataset\butterfly\buttfly-56.jpg,butterfly,0.9633,butterfly,0.9633,butterfly (0.9633),spider (0.0094),elephant (0.0044),chicken (0.0042),cow (0.0040),True,True
c:\Users\Alan\python\MMIP\week3\data\Dataset\butterfly\butterfly (272).jpeg,butterfly,0.9567,butterfly,0.9567,butterfly (0.9567),elephant (0.0071),sheep (0.0070),horse (0.0064),dog (0.0056),True,True
c:\Users\Alan\python\MMIP\week3\data\Dataset\butterfly\buttfly-120.jpg,butterfly,0.8695,butterfly,0.8695,butterfly (0.8695),dog (0.0653),squirrel (0.0154),cat (0.0136),chicken (0.0133),True,True
c:\Users\Alan\python\MMIP\week3\data\Dataset\butterfly\butterfly (1112).jpeg,butterfly,0.9844,butterfly,0.9844,butterfly (0.9844),cat (0.0040),dog (0.0026),horse (0.0025),spider (0.0017),True,True
c:\Users\Alan\python\MMIP\week3\data\Dataset\butterfly\butterfly (450).jpeg,butterfly,0.8477,butterfly,0.8477,butterfly (0.8477),dog (0.0297),sheep (0.0253),cow (0.0208),spider (0.0188),True,True
c:\Users\Alan\python\MMIP\week3\data\Dataset\butterfly\butterfly (159).jpeg,butterfly,0.5835,butterfly,0.5835,butterfly (0.5835),spider (0.1786),chicken (0.0567),squirrel (0.0438),sheep (0.0327),True,True
c:\Users\Alan\python\MMIP\week3\data\Dataset\butterfly\butterfly (815).jpeg,butterfly,0.9397,butterfly,0.9397,butterfly (0.9397),dog (0.0118),cow (0.0086),cat (0.0077),sheep (0.0064),True,True
c:\Users\Alan\python\MMIP\week3\data\Dataset\butterfly\buttfly-40.jpg,butterfly,0.8672,butterfly,0.8672,butterfly (0.8672),spider (0.0287),chicken (0.0272),cow (0.0140),squirrel (0.0127),True,True
c:\Users\Alan\python\MMIP\week3\data\Dataset\butterfly\butterfly (737).jpeg,butterfly,0.8404,butterfly,0.8404,butterfly (0.8404),spider (0.0526),squirrel (0.0228),dog (0.0212),horse (0.0166),True,True
c:\Users\Alan\python\MMIP\week3\data\Dataset\butterfly\butterfly (1644).jpeg,butterfly,0.9798,butterfly,0.9798,butterfly (0.9798),dog (0.0031),chicken (0.0029),spider (0.0029),elephant (0.0027),True,True
c:\Users\Alan\python\MMIP\week3\data\Dataset\butterfly\butterfly (995).jpeg,butterfly,0.9569,butterfly,0.9569,butterfly (0.9569),dog (0.0087),cat (0.0061),horse (0.0058),chicken (0.0047),True,True
c:\Users\Alan\python\MMIP\week3\data\Dataset\butterfly\butterfly (1085).jpeg,butterfly,0.7272,butterfly,0.7272,butterfly (0.7272),dog (0.0598),elephant (0.0418),horse (0.0289),sheep (0.0269),True,True
c:\Users\Alan\python\MMIP\week3\data\Dataset\butterfly\butterfly (1511).jpeg,butterfly,0.7576,butterfly,0.7576,butterfly (0.7576),squirrel (0.0668),horse (0.0451),dog (0.0317),cow (0.0255),True,True
c:\Users\Alan\python\MMIP\week3\data\Dataset\butterfly\buttfly-102.jpg,butterfly,0.9117,butterfly,0.9117,butterfly (0.9117),squirrel (0.0233),dog (0.0142),chicken (0.0119),cat (0.0089),True,True
c:\Users\Alan\python\MMIP\week3\data\Dataset\butterfly\butterfly (503).jpeg,butterfly,0.1157,spider,0.6102,spider (0.6102),squirrel (0.1608),butterfly (0.1157),cow (0.0303),cat (0.0247),False,True
c:\Users\Alan\python\MMIP\week3\data\Dataset\butterfly\butterfly (645).jpeg,butterfly,0.8272,butterfly,0.8272,butterfly (0.8272),spider (0.0386),squirrel (0.0383),horse (0.0203),dog (0.0155),True,True
c:\Users\Alan\python\MMIP\week3\data\Dataset\butterfly\butterfly (713).jpeg,butterfly,0.8356,butterfly,0.8356,butterfly (0.8356),squirrel (0.0340),chicken (0.0238),dog (0.0209),spider (0.0197),True,True
c:\Users\Alan\python\MMIP\week3\data\Dataset\butterfly\butterfly (351).jpeg,butterfly,0.9491,butterfly,0.9491,butterfly (0.9491),spider (0.0183),dog (0.0055),squirrel (0.0048),elephant (0.0041),True,True
c:\Users\Alan\python\MMIP\week3\data\Dataset\butterfly\butterfly (27).png,butterfly,0.9383,butterfly,0.9383,butterfly (0.9383),horse (0.0112),dog (0.0095),spider (0.0086),elephant (0.0081),True,True
c:\Users\Alan\python\MMIP\week3\data\Dataset\butterfly\butterfly (809).jpeg,butterfly,0.7595,butterfly,0.7595,butterfly (0.7595),spider (0.0885),squirrel (0.0389),cat (0.0299),dog (0.0295),True,True
c:\Users\Alan\python\MMIP\week3\data\Dataset\butterfly\butterfly (1543).jpeg,butterfly,0.9562,butterfly,0.9562,butterfly (0.9562),spider (0.0135),chicken (0.0055),squirrel (0.0049),elephant (0.0045),True,True
c:\Users\Alan\python\MMIP\week3\data\Dataset\butterfly\butterfly (849).jpeg,butterfly,0.8259,butterfly,0.8259,butterfly (0.8259),spider (0.0666),squirrel (0.0178),dog (0.0167),horse (0.0152),True,True
c:\Users\Alan\python\MMIP\week3\data\Dataset\butterfly\buttfly-254.jpg,butterfly,0.8096,butterfly,0.8096,butterfly (0.8096),spider (0.0679),squirrel (0.0501),cat (0.0259),dog (0.0135),True,True
c:\Users\Alan\python\MMIP\week3\data\Dataset\butterfly\buttfly-153.jpg,butterfly,0.9221,butterfly,0.9221,butterfly (0.9221),spider (0.0174),chicken (0.0131),cat (0.0085),horse (0.0084),True,True
c:\Users\Alan\python\MMIP\week3\data\Dataset\butterfly\butterfly (596).jpeg,butterfly,0.9002,butterfly,0.9002,butterfly (0.9002),chicken (0.0684),spider (0.0152),horse (0.0040),cat (0.0031),True,True
c:\Users\Alan\python\MMIP\week3\data\Dataset\butterfly\butterfly (770).jpeg,butterfly,0.8739,butterfly,0.8739,butterfly (0.8739),sheep (0.0292),horse (0.0178),cow (0.0150),dog (0.0144),True,True
c:\Users\Alan\python\MMIP\week3\data\Dataset\butterfly\butterfly (599).jpeg,butterfly,0.9213,butterfly,0.9213,butterfly (0.9213),cow (0.0104),squirrel (0.0103),sheep (0.0096),spider (0.0092),True,True
c:\Users\Alan\python\MMIP\week3\data\Dataset\butterfly\butterfly (202).jpeg,butterfly,0.625,butterfly,0.625,butterfly (0.6250),horse (0.0970),dog (0.0777),sheep (0.0405),squirrel (0.0376),True,True
c:\Users\Alan\python\MMIP\week3\data\Dataset\butterfly\butterfly (1575).jpeg,butterfly,0.9609,butterfly,0.9609,butterfly (0.9609),squirrel (0.0096),spider (0.0062),chicken (0.0060),dog (0.0046),True,True
c:\Users\Alan\python\MMIP\week3\data\Dataset\butterfly\buttfly-27.jpg,butterfly,0.6606,butterfly,0.6606,butterfly (0.6606),spider (0.1626),horse (0.0488),chicken (0.0321),cat (0.0241),True,True
c:\Users\Alan\python\MMIP\week3\data\Dataset\butterfly\butterfly (747).jpeg,butterfly,0.5503,butterfly,0.5503,butterfly (0.5503),spider (0.3292),horse (0.0570),cat (0.0189),dog (0.0108),True,True
c:\Users\Alan\python\MMIP\week3\data\Dataset\butterfly\butterfly (279).jpeg,butterfly,0.9657,butterfly,0.9657,butterfly (0.9657),spider (0.0069),horse (0.0052),squirrel (0.0042),dog (0.0038),True,True
c:\Users\Alan\python\MMIP\week3\data\Dataset\butterfly\butterfly (179).jpeg,butterfly,0.8209,butterfly,0.8209,butterfly (0.8209),dog (0.0608),cat (0.0217),squirrel (0.0210),spider (0.0183),True,True
c:\Users\Alan\python\MMIP\week3\data\Dataset\butterfly\buttfly-42.jpg,butterfly,0.8607,butterfly,0.8607,butterfly (0.8607),spider (0.0691),chicken (0.0118),dog (0.0111),cat (0.0091),True,True
c:\Users\Alan\python\MMIP\week3\data\Dataset\butterfly\buttfly-308.jpg,butterfly,0.5119,butterfly,0.5119,butterfly (0.5119),chicken (0.2017),horse (0.0628),elephant (0.0530),cat (0.0443),True,True
c:\Users\Alan\python\MMIP\week3\data\Dataset\butterfly\buttfly-401.jpg,butterfly,0.9536,butterfly,0.9536,butterfly (0.9536),dog (0.0104),squirrel (0.0060),chicken (0.0050),sheep (0.0049),True,True
c:\Users\Alan\python\MMIP\week3\data\Dataset\butterfly\buttfly-202.jpg,butterfly,0.962,butterfly,0.962,butterfly (0.9620),spider (0.0062),sheep (0.0052),cow (0.0047),squirrel (0.0046),True,True
c:\Users\Alan\python\MMIP\week3\data\Dataset\butterfly\butterfly (1351).jpeg,butterfly,0.7698,butterfly,0.7698,butterfly (0.7698),chicken (0.0405),elephant (0.0348),squirrel (0.0346),spider (0.0293),True,True
c:\Users\Alan\python\MMIP\week3\data\Dataset\butterfly\butterfly (915).jpeg,butterfly,0.8373,butterfly,0.8373,butterfly (0.8373),dog (0.0381),spider (0.0305),chicken (0.0213),cow (0.0177),True,True
c:\Users\Alan\python\MMIP\week3\data\Dataset\butterfly\butterfly (1561).jpeg,butterfly,0.9307,butterfly,0.9307,butterfly (0.9307),spider (0.0287),cow (0.0073),sheep (0.0061),dog (0.0061),True,True
c:\Users\Alan\python\MMIP\week3\data\Dataset\butterfly\butterfly (1445).jpeg,butterfly,0.9249,butterfly,0.9249,butterfly (0.9249),spider (0.0181),horse (0.0126),squirrel (0.0125),sheep (0.0083),True,True
c:\Users\Alan\python\MMIP\week3\data\Dataset\butterfly\buttfly-360.jpg,butterfly,0.4539,spider,0.4548,spider (0.4548),butterfly (0.4539),dog (0.0181),sheep (0.0137),cat (0.0129),False,True
c:\Users\Alan\python\MMIP\week3\data\Dataset\butterfly\buttfly-6.jpg,butterfly,0.8571,butterfly,0.8571,butterfly (0.8571),cat (0.0541),squirrel (0.0235),dog (0.0137),sheep (0.0132),True,True
c:\Users\Alan\python\MMIP\week3\data\Dataset\butterfly\butterfly (446).jpeg,butterfly,0.8534,butterfly,0.8534,butterfly (0.8534),spider (0.0829),horse (0.0120),cow (0.0105),sheep (0.0088),True,True
c:\Users\Alan\python\MMIP\week3\data\Dataset\butterfly\butterfly (829).jpeg,butterfly,0.9268,butterfly,0.9268,butterfly (0.9268),spider (0.0448),squirrel (0.0061),chicken (0.0043),horse (0.0037),True,True
c:\Users\Alan\python\MMIP\week3\data\Dataset\butterfly\butterfly (1009).jpeg,butterfly,0.9786,butterfly,0.9786,butterfly (0.9786),dog (0.0050),sheep (0.0028),cat (0.0028),squirrel (0.0023),True,True
c:\Users\Alan\python\MMIP\week3\data\Dataset\butterfly\butterfly (1370).jpeg,butterfly,0.8527,butterfly,0.8527,butterfly (0.8527),cat (0.0297),dog (0.0254),horse (0.0221),sheep (0.0179),True,True
c:\Users\Alan\python\MMIP\week3\data\Dataset\butterfly\butterfly (847).jpeg,butterfly,0.9461,butterfly,0.9461,butterfly (0.9461),spider (0.0107),cow (0.0100),chicken (0.0087),squirrel (0.0076),True,True
c:\Users\Alan\python\MMIP\week3\data\Dataset\butterfly\butterfly (46).jpeg,butterfly,0.1835,dog,0.3265,dog (0.3265),butterfly (0.1835),cow (0.1319),horse (0.0888),chicken (0.0724),False,True
c:\Users\Alan\python\MMIP\week3\data\Dataset\butterfly\butterfly (706).jpeg,butterfly,0.8555,butterfly,0.8555,butterfly (0.8555),spider (0.0497),squirrel (0.0163),dog (0.0138),sheep (0.0137),True,True
c:\Users\Alan\python\MMIP\week3\data\Dataset\butterfly\buttfly-105.jpg,butterfly,0.9803,butterfly,0.9803,butterfly (0.9803),horse (0.0040),elephant (0.0036),dog (0.0021),cow (0.0020),True,True
c:\Users\Alan\python\MMIP\week3\data\Dataset\butterfly\buttfly-107.jpg,butterfly,0.842,butterfly,0.842,butterfly (0.8420),spider (0.0404),squirrel (0.0223),cat (0.0175),sheep (0.0172),True,True
c:\Users\Alan\python\MMIP\week3\data\Dataset\butterfly\butterfly (611).jpeg,butterfly,0.9292,butterfly,0.9292,butterfly (0.9292),chicken (0.0160),spider (0.0134),horse (0.0124),sheep (0.0086),True,True
c:\Users\Alan\python\MMIP\week3\data\Dataset\butterfly\buttfly-347.jpg,butterfly,0.9595,butterfly,0.9595,butterfly (0.9595),spider (0.0120),chicken (0.0051),dog (0.0040),cat (0.0039),True,True
c:\Users\Alan\python\MMIP\week3\data\Dataset\butterfly\butterfly (81).jpeg,butterfly,0.9354,butterfly,0.9354,butterfly (0.9354),spider (0.0284),squirrel (0.0067),dog (0.0066),chicken (0.0060),True,True
c:\Users\Alan\python\MMIP\week3\data\Dataset\butterfly\buttfly-358.jpg,butterfly,0.5202,butterfly,0.5202,butterfly (0.5202),spider (0.3240),horse (0.0345),dog (0.0304),cow (0.0277),True,True
c:\Users\Alan\python\MMIP\week3\data\Dataset\butterfly\butterfly (1299).jpeg,butterfly,0.9774,butterfly,0.9774,butterfly (0.9774),horse (0.0046),dog (0.0033),sheep (0.0031),cow (0.0029),True,True
c:\Users\Alan\python\MMIP\week3\data\Dataset\butterfly\butterfly (62).jpeg,butterfly,0.8391,butterfly,0.8391,butterfly (0.8391),chicken (0.0387),dog (0.0271),cat (0.0232),sheep (0.0199),True,True
c:\Users\Alan\python\MMIP\week3\data\Dataset\butterfly\butterfly (399).jpeg,butterfly,0.5755,butterfly,0.5755,butterfly (0.5755),spider (0.3232),dog (0.0384),chicken (0.0173),horse (0.0105),True,True
c:\Users\Alan\python\MMIP\week3\data\Dataset\butterfly\butterfly (859).jpeg,butterfly,0.6788,butterfly,0.6788,butterfly (0.6788),spider (0.0658),squirrel (0.0571),dog (0.0528),sheep (0.0406),True,True
c:\Users\Alan\python\MMIP\week3\data\Dataset\butterfly\butterfly (499).jpeg,butterfly,0.9712,butterfly,0.9712,butterfly (0.9712),chicken (0.0107),cat (0.0044),squirrel (0.0041),spider (0.0028),True,True
c:\Users\Alan\python\MMIP\week3\data\Dataset\butterfly\buttfly-270.jpg,butterfly,0.123,spider,0.4466,spider (0.4466),dog (0.1316),butterfly (0.1230),cat (0.0663),squirrel (0.0578),False,True
c:\Users\Alan\python\MMIP\week3\data\Dataset\butterfly\butterfly (1334).jpeg,butterfly,0.9244,butterfly,0.9244,butterfly (0.9244),spider (0.0334),cow (0.0077),chicken (0.0071),dog (0.0067),True,True
c:\Users\Alan\python\MMIP\week3\data\Dataset\butterfly\butterfly (1391).jpeg,butterfly,0.7263,butterfly,0.7263,butterfly (0.7263),squirrel (0.0971),spider (0.0382),chicken (0.0326),dog (0.0287),True,True
c:\Users\Alan\python\MMIP\week3\data\Dataset\butterfly\butterfly (1436).jpeg,butterfly,0.7996,butterfly,0.7996,butterfly (0.7996),sheep (0.0438),cat (0.0395),cow (0.0329),dog (0.0312),True,True
c:\Users\Alan\python\MMIP\week3\data\Dataset\butterfly\butterfly (190).jpeg,butterfly,0.3055,butterfly,0.3055,butterfly (0.3055),spider (0.1258),dog (0.1231),squirrel (0.1106),chicken (0.0892),True,True
c:\Users\Alan\python\MMIP\week3\data\Dataset\butterfly\butterfly (285).jpeg,butterfly,0.8021,butterfly,0.8021,butterfly (0.8021),squirrel (0.0745),chicken (0.0307),spider (0.0211),horse (0.0166),True,True
c:\Users\Alan\python\MMIP\week3\data\Dataset\butterfly\butterfly (1166).jpeg,butterfly,0.9095,butterfly,0.9095,butterfly (0.9095),cat (0.0153),elephant (0.0145),dog (0.0137),chicken (0.0136),True,True
c:\Users\Alan\python\MMIP\week3\data\Dataset\butterfly\buttfly-253.jpg,butterfly,0.7141,butterfly,0.7141,butterfly (0.7141),spider (0.2247),squirrel (0.0178),cat (0.0166),elephant (0.0080),True,True
c:\Users\Alan\python\MMIP\week3\data\Dataset\butterfly\butterfly (1032).jpeg,butterfly,0.0522,spider,0.6333,spider (0.6333),squirrel (0.1129),butterfly (0.0522),dog (0.0412),cat (0.0361),False,True
c:\Users\Alan\python\MMIP\week3\data\Dataset\butterfly\butterfly (618).jpeg,butterfly,0.9116,butterfly,0.9116,butterfly (0.9116),spider (0.0390),chicken (0.0149),elephant (0.0083),dog (0.0051),True,True
c:\Users\Alan\python\MMIP\week3\data\Dataset\butterfly\butterfly (1406).jpeg,butterfly,0.8241,butterfly,0.8241,butterfly (0.8241),spider (0.0986),horse (0.0153),cow (0.0136),dog (0.0130),True,True
c:\Users\Alan\python\MMIP\week3\data\Dataset\butterfly\butterfly (15).jpeg,butterfly,0.9727,butterfly,0.9727,butterfly (0.9727),cow (0.0038),chicken (0.0036),sheep (0.0035),spider (0.0035),True,True
c:\Users\Alan\python\MMIP\week3\data\Dataset\butterfly\butterfly (527).jpeg,butterfly,0.9107,butterfly,0.9107,butterfly (0.9107),dog (0.0206),horse (0.0205),elephant (0.0097),spider (0.0084),True,True
c:\Users\Alan\python\MMIP\week3\data\Dataset\butterfly\buttfly-298.jpg,butterfly,0.2952,spider,0.5726,spider (0.5726),butterfly (0.2952),cat (0.0656),squirrel (0.0282),elephant (0.0086),False,True
c:\Users\Alan\python\MMIP\week3\data\Dataset\butterfly\buttfly-12.jpg,butterfly,0.9819,butterfly,0.9819,butterfly (0.9819),spider (0.0036),chicken (0.0022),squirrel (0.0021),elephant (0.0021),True,True
c:\Users\Alan\python\MMIP\week3\data\Dataset\butterfly\butterfly (547).jpeg,butterfly,0.8824,butterfly,0.8824,butterfly (0.8824),dog (0.0195),horse (0.0156),sheep (0.0151),squirrel (0.0148),True,True
c:\Users\Alan\python\MMIP\week3\data\Dataset\butterfly\butterfly (1532).jpeg,butterfly,0.8613,butterfly,0.8613,butterfly (0.8613),spider (0.0519),elephant (0.0186),squirrel (0.0142),chicken (0.0139),True,True
c:\Users\Alan\python\MMIP\week3\data\Dataset\butterfly\butterfly (1570).jpeg,butterfly,0.6244,butterfly,0.6244,butterfly (0.6244),spider (0.1099),squirrel (0.0792),chicken (0.0462),dog (0.0448),True,True
c:\Users\Alan\python\MMIP\week3\data\Dataset\butterfly\butterfly (74).jpeg,butterfly,0.8585,butterfly,0.8585,butterfly (0.8585),dog (0.0383),horse (0.0254),squirrel (0.0209),cat (0.0168),True,True
c:\Users\Alan\python\MMIP\week3\data\Dataset\cat\cat (375).jpeg,cat,0.9112,cat,0.9112,cat (0.9112),dog (0.0367),chicken (0.0144),cow (0.0096),squirrel (0.0092),True,True
c:\Users\Alan\python\MMIP\week3\data\Dataset\cat\cat (304).jpg,cat,0.728,cat,0.728,cat (0.7280),horse (0.1137),spider (0.0650),butterfly (0.0320),cow (0.0131),True,True
c:\Users\Alan\python\MMIP\week3\data\Dataset\cat\cat (108).jpeg,cat,0.9894,cat,0.9894,cat (0.9894),horse (0.0019),dog (0.0017),butterfly (0.0016),cow (0.0013),True,True
c:\Users\Alan\python\MMIP\week3\data\Dataset\cat\cat (532).jpeg,cat,0.2353,dog,0.5131,dog (0.5131),cat (0.2353),elephant (0.0686),cow (0.0493),chicken (0.0339),False,True
c:\Users\Alan\python\MMIP\week3\data\Dataset\cat\cat (942).jpeg,cat,0.5668,cat,0.5668,cat (0.5668),dog (0.2877),horse (0.0411),butterfly (0.0298),chicken (0.0223),True,True
c:\Users\Alan\python\MMIP\week3\data\Dataset\cat\cat (22).jpeg,cat,0.8185,cat,0.8185,cat (0.8185),butterfly (0.0460),spider (0.0372),dog (0.0367),squirrel (0.0162),True,True
c:\Users\Alan\python\MMIP\week3\data\Dataset\cat\cat (194).jpg,cat,0.0389,dog,0.5287,dog (0.5287),horse (0.1094),chicken (0.0882),elephant (0.0878),spider (0.0430),False,False
c:\Users\Alan\python\MMIP\week3\data\Dataset\cat\cat (996).jpeg,cat,0.98,cat,0.98,cat (0.9800),horse (0.0055),dog (0.0048),cow (0.0022),chicken (0.0021),True,True
c:\Users\Alan\python\MMIP\week3\data\Dataset\cat\cat (1082).jpeg,cat,0.9286,cat,0.9286,cat (0.9286),cow (0.0293),dog (0.0142),horse (0.0061),elephant (0.0051),True,True
c:\Users\Alan\python\MMIP\week3\data\Dataset\cat\cat (43).jpeg,cat,0.3685,cat,0.3685,cat (0.3685),dog (0.1231),squirrel (0.1227),butterfly (0.1103),sheep (0.0722),True,True
c:\Users\Alan\python\MMIP\week3\data\Dataset\cat\cat (369).jpeg,cat,0.4929,cat,0.4929,cat (0.4929),dog (0.1462),chicken (0.0625),butterfly (0.0614),elephant (0.0574),True,True
c:\Users\Alan\python\MMIP\week3\data\Dataset\cat\cat (519).jpeg,cat,0.1494,dog,0.299,dog (0.2990),cat (0.1494),cow (0.1487),sheep (0.0987),squirrel (0.0739),False,True
c:\Users\Alan\python\MMIP\week3\data\Dataset\cat\cat (404).jpg,cat,0.8408,cat,0.8408,cat (0.8408),dog (0.0936),butterfly (0.0136),spider (0.0131),squirrel (0.0091),True,True
c:\Users\Alan\python\MMIP\week3\data\Dataset\cat\cat (606).jpeg,cat,0.994,cat,0.994,cat (0.9940),cow (0.0012),squirrel (0.0009),spider (0.0008),horse (0.0007),True,True
c:\Users\Alan\python\MMIP\week3\data\Dataset\cat\cat (352).jpg,cat,0.4666,cat,0.4666,cat (0.4666),dog (0.1019),chicken (0.0836),sheep (0.0699),spider (0.0673),True,True
c:\Users\Alan\python\MMIP\week3\data\Dataset\cat\cat (1111).jpeg,cat,0.9462,cat,0.9462,cat (0.9462),dog (0.0203),horse (0.0064),squirrel (0.0062),elephant (0.0057),True,True
c:\Users\Alan\python\MMIP\week3\data\Dataset\cat\cat (539).jpeg,cat,0.9915,cat,0.9915,cat (0.9915),dog (0.0021),elephant (0.0015),cow (0.0012),squirrel (0.0011),True,True
c:\Users\Alan\python\MMIP\week3\data\Dataset\cat\cat (758).jpeg,cat,0.7345,cat,0.7345,cat (0.7345),squirrel (0.0824),chicken (0.0579),sheep (0.0403),horse (0.0312),True,True
c:\Users\Alan\python\MMIP\week3\data\Dataset\cat\cat (32).jpeg,cat,0.0488,spider,0.3139,spider (0.3139),squirrel (0.2076),dog (0.1914),cow (0.0733),cat (0.0488),False,True
c:\Users\Alan\python\MMIP\week3\data\Dataset\cat\cat (920).jpeg,cat,0.9426,cat,0.9426,cat (0.9426),dog (0.0238),spider (0.0088),squirrel (0.0047),sheep (0.0042),True,True
c:\Users\Alan\python\MMIP\week3\data\Dataset\cat\cat (698).jpeg,cat,0.046,dog,0.2796,dog (0.2796),horse (0.1483),cow (0.1174),sheep (0.1023),squirrel (0.0906),False,False
c:\Users\Alan\python\MMIP\week3\data\Dataset\cat\cat (322).jpeg,cat,0.9737,cat,0.9737,cat (0.9737),spider (0.0051),squirrel (0.0050),sheep (0.0032),chicken (0.0027),True,True
c:\Users\Alan\python\MMIP\week3\data\Dataset\cat\cat (41).jpg,cat,0.978,cat,0.978,cat (0.9780),spider (0.0079),butterfly (0.0063),chicken (0.0025),elephant (0.0013),True,True
c:\Users\Alan\python\MMIP\week3\data\Dataset\cat\cat (294).jpeg,cat,0.9593,cat,0.9593,cat (0.9593),spider (0.0154),chicken (0.0052),horse (0.0044),squirrel (0.0040),True,True
c:\Users\Alan\python\MMIP\week3\data\Dataset\cat\cat (234).jpg,cat,0.7034,cat,0.7034,cat (0.7034),dog (0.1304),sheep (0.0665),cow (0.0415),squirrel (0.0174),True,True
c:\Users\Alan\python\MMIP\week3\data\Dataset\cat\cat (295).jpeg,cat,0.6823,cat,0.6823,cat (0.6823),chicken (0.1054),dog (0.0666),spider (0.0501),cow (0.0276),True,True
c:\Users\Alan\python\MMIP\week3\data\Dataset\cat\cat (274).jpg,cat,0.9636,cat,0.9636,cat (0.9636),elephant (0.0059),cow (0.0054),dog (0.0043),horse (0.0042),True,True
c:\Users\Alan\python\MMIP\week3\data\Dataset\cat\cat (363).jpeg,cat,0.9442,cat,0.9442,cat (0.9442),dog (0.0346),squirrel (0.0104),sheep (0.0035),horse (0.0017),True,True
c:\Users\Alan\python\MMIP\week3\data\Dataset\cat\cat (457).jpeg,cat,0.0832,dog,0.5026,dog (0.5026),sheep (0.2292),cat (0.0832),elephant (0.0514),spider (0.0320),False,True
c:\Users\Alan\python\MMIP\week3\data\Dataset\cat\cat (218).jpeg,cat,0.9287,cat,0.9287,cat (0.9287),dog (0.0546),horse (0.0033),squirrel (0.0030),cow (0.0027),True,True
c:\Users\Alan\python\MMIP\week3\data\Dataset\cat\cat (842).jpeg,cat,0.9428,cat,0.9428,cat (0.9428),dog (0.0183),squirrel (0.0105),spider (0.0079),chicken (0.0063),True,True
c:\Users\Alan\python\MMIP\week3\data\Dataset\cat\cat (431).jpeg,cat,0.9767,cat,0.9767,cat (0.9767),butterfly (0.0052),horse (0.0036),spider (0.0033),cow (0.0033),True,True
c:\Users\Alan\python\MMIP\week3\data\Dataset\cat\cat (1194).jpeg,cat,0.6129,cat,0.6129,cat (0.6129),dog (0.1232),chicken (0.0915),spider (0.0691),butterfly (0.0288),True,True
c:\Users\Alan\python\MMIP\week3\data\Dataset\cat\cat (143).jpeg,cat,0.8945,cat,0.8945,cat (0.8945),dog (0.0509),butterfly (0.0138),spider (0.0099),chicken (0.0094),True,True
c:\Users\Alan\python\MMIP\week3\data\Dataset\cat\cat (83).jpeg,cat,0.7401,cat,0.7401,cat (0.7401),butterfly (0.0906),spider (0.0322),elephant (0.0261),chicken (0.0246),True,True
c:\Users\Alan\python\MMIP\week3\data\Dataset\cat\cat (20).jpeg,cat,0.9608,cat,0.9608,cat (0.9608),butterfly (0.0070),horse (0.0060),dog (0.0060),spider (0.0049),True,True
c:\Users\Alan\python\MMIP\week3\data\Dataset\cat\cat (153).jpeg,cat,0.9377,cat,0.9377,cat (0.9377),dog (0.0428),spider (0.0052),chicken (0.0042),squirrel (0.0028),True,True
c:\Users\Alan\python\MMIP\week3\data\Dataset\cat\cat (58).jpeg,cat,0.8053,cat,0.8053,cat (0.8053),spider (0.0585),dog (0.0227),squirrel (0.0219),butterfly (0.0202),True,True
c:\Users\Alan\python\MMIP\week3\data\Dataset\cat\cat (381).jpg,cat,0.891,cat,0.891,cat (0.8910),sheep (0.0262),squirrel (0.0246),spider (0.0235),dog (0.0085),True,True
c:\Users\Alan\python\MMIP\week3\data\Dataset\cat\cat (147).jpeg,cat,0.9577,cat,0.9577,cat (0.9577),horse (0.0071),butterfly (0.0066),squirrel (0.0065),cow (0.0056),True,True
c:\Users\Alan\python\MMIP\week3\data\Dataset\cat\cat (350).jpg,cat,0.9695,cat,0.9695,cat (0.9695),butterfly (0.0075),dog (0.0052),spider (0.0045),elephant (0.0041),True,True
c:\Users\Alan\python\MMIP\week3\data\Dataset\cat\cat (407).jpg,cat,0.9954,cat,0.9954,cat (0.9954),spider (0.0015),sheep (0.0007),butterfly (0.0006),elephant (0.0004),True,True
c:\Users\Alan\python\MMIP\week3\data\Dataset\cat\cat (141).jpeg,cat,0.8849,cat,0.8849,cat (0.8849),dog (0.0316),horse (0.0248),squirrel (0.0215),elephant (0.0110),True,True
c:\Users\Alan\python\MMIP\week3\data\Dataset\cat\cat (279).jpg,cat,0.9567,cat,0.9567,cat (0.9567),spider (0.0131),butterfly (0.0114),chicken (0.0051),horse (0.0039),True,True
c:\Users\Alan\python\MMIP\week3\data\Dataset\cat\cat (188).jpg,cat,0.1305,dog,0.5212,dog (0.5212),sheep (0.1814),cat (0.1305),cow (0.0571),elephant (0.0325),False,True
c:\Users\Alan\python\MMIP\week3\data\Dataset\cat\cat (982).jpeg,cat,0.906,cat,0.906,cat (0.9060),dog (0.0524),squirrel (0.0132),sheep (0.0089),cow (0.0049),True,True
c:\Users\Alan\python\MMIP\week3\data\Dataset\cat\cat (1024).jpeg,cat,0.9456,cat,0.9456,cat (0.9456),dog (0.0145),cow (0.0122),squirrel (0.0084),chicken (0.0057),True,True
c:\Users\Alan\python\MMIP\week3\data\Dataset\cat\cat (342).jpeg,cat,0.9248,cat,0.9248,cat (0.9248),dog (0.0341),squirrel (0.0090),cow (0.0077),chicken (0.0067),True,True
c:\Users\Alan\python\MMIP\week3\data\Dataset\cat\cat (16).jpeg,cat,0.9809,cat,0.9809,cat (0.9809),spider (0.0041),butterfly (0.0031),cow (0.0030),horse (0.0019),True,True
c:\Users\Alan\python\MMIP\week3\data\Dataset\cat\cat (103).jpg,cat,0.9477,cat,0.9477,cat (0.9477),dog (0.0216),chicken (0.0132),spider (0.0046),butterfly (0.0032),True,True
c:\Users\Alan\python\MMIP\week3\data\Dataset\cat\cat (472).jpeg,cat,0.5541,cat,0.5541,cat (0.5541),chicken (0.1668),dog (0.0475),elephant (0.0450),sheep (0.0439),True,True
c:\Users\Alan\python\MMIP\week3\data\Dataset\cat\cat (823).jpeg,cat,0.1704,cat,0.1704,cat (0.1704),dog (0.1611),cow (0.1506),chicken (0.1380),spider (0.1094),True,True
c:\Users\Alan\python\MMIP\week3\data\Dataset\cat\cat (259).jpeg,cat,0.6056,cat,0.6056,cat (0.6056),dog (0.1822),cow (0.0753),horse (0.0432),sheep (0.0223),True,True
c:\Users\Alan\python\MMIP\week3\data\Dataset\cat\cat (522).jpeg,cat,0.9755,cat,0.9755,cat (0.9755),dog (0.0140),butterfly (0.0026),chicken (0.0025),spider (0.0017),True,True
c:\Users\Alan\python\MMIP\week3\data\Dataset\cat\cat (679).jpeg,cat,0.5139,cat,0.5139,cat (0.5139),dog (0.1132),cow (0.0929),squirrel (0.0729),sheep (0.0552),True,True
c:\Users\Alan\python\MMIP\week3\data\Dataset\cat\cat (931).jpeg,cat,0.5043,cat,0.5043,cat (0.5043),dog (0.3642),sheep (0.0632),cow (0.0227),squirrel (0.0210),True,True
c:\Users\Alan\python\MMIP\week3\data\Dataset\cat\cat (107).jpeg,cat,0.5045,cat,0.5045,cat (0.5045),dog (0.3137),chicken (0.0671),sheep (0.0340),spider (0.0257),True,True
c:\Users\Alan\python\MMIP\week3\data\Dataset\cat\cat (1).jpg,cat,0.5238,cat,0.5238,cat (0.5238),dog (0.2837),chicken (0.0536),squirrel (0.0276),spider (0.0236),True,True
c:\Users\Alan\python\MMIP\week3\data\Dataset\cat\cat (439).jpeg,cat,0.7558,cat,0.7558,cat (0.7558),dog (0.1390),sheep (0.0426),squirrel (0.0224),horse (0.0116),True,True
c:\Users\Alan\python\MMIP\week3\data\Dataset\cat\cat (132).jpeg,cat,0.6469,cat,0.6469,cat (0.6469),dog (0.2500),butterfly (0.0190),horse (0.0177),chicken (0.0164),True,True
c:\Users\Alan\python\MMIP\week3\data\Dataset\cat\cat (84).jpg,cat,0.7688,cat,0.7688,cat (0.7688),butterfly (0.0569),horse (0.0319),elephant (0.0304),sheep (0.0290),True,True
c:\Users\Alan\python\MMIP\week3\data\Dataset\cat\cat (839).jpeg,cat,0.8731,cat,0.8731,cat (0.8731),dog (0.0439),squirrel (0.0302),spider (0.0109),chicken (0.0107),True,True
c:\Users\Alan\python\MMIP\week3\data\Dataset\cat\cat (298).jpeg,cat,0.4494,cat,0.4494,cat (0.4494),dog (0.2460),cow (0.0943),squirrel (0.0525),spider (0.0449),True,True
c:\Users\Alan\python\MMIP\week3\data\Dataset\cat\cat (444).jpeg,cat,0.2989,dog,0.3034,dog (0.3034),cat (0.2989),spider (0.1120),butterfly (0.0875),squirrel (0.0859),False,True
c:\Users\Alan\python\MMIP\week3\data\Dataset\cat\cat (767).jpeg,cat,0.2585,cat,0.2585,cat (0.2585),dog (0.1908),spider (0.1834),horse (0.0860),chicken (0.0710),True,True
c:\Users\Alan\python\MMIP\week3\data\Dataset\cat\cat (247).jpg,cat,0.6399,cat,0.6399,cat (0.6399),dog (0.0913),butterfly (0.0858),horse (0.0301),cow (0.0297),True,True
c:\Users\Alan\python\MMIP\week3\data\Dataset\cat\cat (635).jpeg,cat,0.9023,cat,0.9023,cat (0.9023),squirrel (0.0282),elephant (0.0187),sheep (0.0128),spider (0.0120),True,True
c:\Users\Alan\python\MMIP\week3\data\Dataset\cat\cat (1011).jpeg,cat,0.9729,cat,0.9729,cat (0.9729),dog (0.0108),sheep (0.0033),chicken (0.0029),spider (0.0025),True,True
c:\Users\Alan\python\MMIP\week3\data\Dataset\cat\cat (112).jpeg,cat,0.9952,cat,0.9952,cat (0.9952),dog (0.0010),spider (0.0008),squirrel (0.0007),sheep (0.0007),True,True
c:\Users\Alan\python\MMIP\week3\data\Dataset\cat\cat (23).jpg,cat,0.9406,cat,0.9406,cat (0.9406),squirrel (0.0134),horse (0.0109),dog (0.0081),spider (0.0076),True,True
c:\Users\Alan\python\MMIP\week3\data\Dataset\cat\cat (302).jpeg,cat,0.4169,cat,0.4169,cat (0.4169),dog (0.1897),sheep (0.1409),squirrel (0.0904),cow (0.0564),True,True
c:\Users\Alan\python\MMIP\week3\data\Dataset\cat\cat (408).jpg,cat,0.7861,cat,0.7861,cat (0.7861),horse (0.0677),spider (0.0485),sheep (0.0294),squirrel (0.0186),True,True
c:\Users\Alan\python\MMIP\week3\data\Dataset\cat\cat (650).jpeg,cat,0.9108,cat,0.9108,cat (0.9108),dog (0.0449),sheep (0.0129),spider (0.0078),horse (0.0047),True,True
c:\Users\Alan\python\MMIP\week3\data\Dataset\cat\cat (668).jpeg,cat,0.893,cat,0.893,cat (0.8930),spider (0.0214),dog (0.0177),butterfly (0.0155),cow (0.0127),True,True
c:\Users\Alan\python\MMIP\week3\data\Dataset\cat\cat (431).jpg,cat,0.9516,cat,0.9516,cat (0.9516),dog (0.0179),squirrel (0.0052),sheep (0.0051),spider (0.0047),True,True
c:\Users\Alan\python\MMIP\week3\data\Dataset\cat\cat (321).jpg,cat,0.9369,cat,0.9369,cat (0.9369),dog (0.0114),sheep (0.0093),squirrel (0.0090),spider (0.0086),True,True
c:\Users\Alan\python\MMIP\week3\data\Dataset\cat\cat (813).jpeg,cat,0.2482,dog,0.4112,dog (0.4112),cat (0.2482),spider (0.1108),squirrel (0.0660),chicken (0.0445),False,True
c:\Users\Alan\python\MMIP\week3\data\Dataset\cat\cat (424).jpeg,cat,0.8101,cat,0.8101,cat (0.8101),spider (0.0728),butterfly (0.0496),squirrel (0.0208),elephant (0.0105),True,True
c:\Users\Alan\python\MMIP\week3\data\Dataset\cat\cat (327).jpeg,cat,0.9376,cat,0.9376,cat (0.9376),dog (0.0327),horse (0.0070),chicken (0.0067),spider (0.0040),True,True
c:\Users\Alan\python\MMIP\week3\data\Dataset\cat\cat (566).jpeg,cat,0.7135,cat,0.7135,cat (0.7135),spider (0.1220),elephant (0.0665),squirrel (0.0281),dog (0.0253),True,True
c:\Users\Alan\python\MMIP\week3\data\Dataset\cat\cat (427).jpg,cat,0.916,cat,0.916,cat (0.9160),horse (0.0194),sheep (0.0183),cow (0.0152),butterfly (0.0079),True,True
c:\Users\Alan\python\MMIP\week3\data\Dataset\cat\cat (1125).jpeg,cat,0.4164,cat,0.4164,cat (0.4164),dog (0.3243),spider (0.1013),chicken (0.0391),squirrel (0.0363),True,True
c:\Users\Alan\python\MMIP\week3\data\Dataset\cat\cat (166).jpeg,cat,0.9709,cat,0.9709,cat (0.9709),spider (0.0072),squirrel (0.0039),cow (0.0037),sheep (0.0037),True,True
c:\Users\Alan\python\MMIP\week3\data\Dataset\cat\cat (293).jpg,cat,0.9459,cat,0.9459,cat (0.9459),butterfly (0.0162),spider (0.0133),horse (0.0068),chicken (0.0065),True,True
c:\Users\Alan\python\MMIP\week3\data\Dataset\cat\cat (317).jpg,cat,0.9915,cat,0.9915,cat (0.9915),spider (0.0025),sheep (0.0011),cow (0.0010),butterfly (0.0009),True,True
c:\Users\Alan\python\MMIP\week3\data\Dataset\cat\cat (35).jpg,cat,0.9902,cat,0.9902,cat (0.9902),chicken (0.0021),horse (0.0017),cow (0.0015),butterfly (0.0013),True,True
c:\Users\Alan\python\MMIP\week3\data\Dataset\cat\cat (366).jpeg,cat,0.7433,cat,0.7433,cat (0.7433),chicken (0.0914),sheep (0.0454),dog (0.0341),spider (0.0235),True,True
c:\Users\Alan\python\MMIP\week3\data\Dataset\cat\cat (136).jpeg,cat,0.8517,cat,0.8517,cat (0.8517),dog (0.0590),elephant (0.0192),spider (0.0156),sheep (0.0136),True,True
c:\Users\Alan\python\MMIP\week3\data\Dataset\cat\cat (737).jpeg,cat,0.9794,cat,0.9794,cat (0.9794),cow (0.0036),horse (0.0033),spider (0.0028),dog (0.0024),True,True
c:\Users\Alan\python\MMIP\week3\data\Dataset\cat\cat (111).jpg,cat,0.5517,cat,0.5517,cat (0.5517),elephant (0.2064),spider (0.0712),sheep (0.0618),butterfly (0.0558),True,True
c:\Users\Alan\python\MMIP\week3\data\Dataset\cat\cat (559).jpeg,cat,0.4085,cat,0.4085,cat (0.4085),dog (0.2165),horse (0.1029),spider (0.0712),butterfly (0.0500),True,True
c:\Users\Alan\python\MMIP\week3\data\Dataset\cat\cat (179).jpg,cat,0.7579,cat,0.7579,cat (0.7579),sheep (0.0696),squirrel (0.0646),chicken (0.0349),elephant (0.0255),True,True
c:\Users\Alan\python\MMIP\week3\data\Dataset\cat\cat (531).jpeg,cat,0.4477,cat,0.4477,cat (0.4477),dog (0.2249),cow (0.0907),elephant (0.0660),spider (0.0512),True,True
c:\Users\Alan\python\MMIP\week3\data\Dataset\cat\cat (434).jpeg,cat,0.6476,cat,0.6476,cat (0.6476),horse (0.0829),squirrel (0.0549),elephant (0.0538),dog (0.0490),True,True
c:\Users\Alan\python\MMIP\week3\data\Dataset\cat\cat (65).jpg,cat,0.989,cat,0.989,cat (0.9890),spider (0.0029),cow (0.0017),chicken (0.0012),elephant (0.0011),True,True
c:\Users\Alan\python\MMIP\week3\data\Dataset\cat\cat (878).jpeg,cat,0.9724,cat,0.9724,cat (0.9724),dog (0.0073),sheep (0.0032),chicken (0.0030),horse (0.0029),True,True
c:\Users\Alan\python\MMIP\week3\data\Dataset\cat\cat (13).jpeg,cat,0.9245,cat,0.9245,cat (0.9245),dog (0.0451),chicken (0.0078),squirrel (0.0048),horse (0.0043),True,True
c:\Users\Alan\python\MMIP\week3\data\Dataset\cat\cat (655).jpeg,cat,0.9378,cat,0.9378,cat (0.9378),sheep (0.0163),dog (0.0129),cow (0.0117),butterfly (0.0054),True,True
c:\Users\Alan\python\MMIP\week3\data\Dataset\cat\cat (175).jpg,cat,0.8121,cat,0.8121,cat (0.8121),sheep (0.0908),squirrel (0.0257),cow (0.0225),elephant (0.0172),True,True
c:\Users\Alan\python\MMIP\week3\data\Dataset\cat\cat (429).jpeg,cat,0.8206,cat,0.8206,cat (0.8206),dog (0.0786),spider (0.0385),squirrel (0.0149),cow (0.0147),True,True
c:\Users\Alan\python\MMIP\week3\data\Dataset\cat\cat (740).jpeg,cat,0.9912,cat,0.9912,cat (0.9912),dog (0.0050),squirrel (0.0012),chicken (0.0007),spider (0.0005),True,True
c:\Users\Alan\python\MMIP\week3\data\Dataset\cat\cat (597).jpeg,cat,0.9847,cat,0.9847,cat (0.9847),dog (0.0036),horse (0.0021),butterfly (0.0021),chicken (0.0020),True,True
c:\Users\Alan\python\MMIP\week3\data\Dataset\cat\cat (1004).jpeg,cat,0.3599,dog,0.5091,dog (0.5091),cat (0.3599),cow (0.0262),sheep (0.0236),chicken (0.0199),False,True
c:\Users\Alan\python\MMIP\week3\data\Dataset\cat\cat (382).jpg,cat,0.8283,cat,0.8283,cat (0.8283),dog (0.0329),spider (0.0309),sheep (0.0232),butterfly (0.0225),True,True
c:\Users\Alan\python\MMIP\week3\data\Dataset\cat\cat (752).jpeg,cat,0.9753,cat,0.9753,cat (0.9753),horse (0.0056),cow (0.0032),chicken (0.0031),dog (0.0030),True,True
c:\Users\Alan\python\MMIP\week3\data\Dataset\cat\cat (260).jpg,cat,0.4422,cat,0.4422,cat (0.4422),dog (0.4352),squirrel (0.0543),cow (0.0197),elephant (0.0157),True,True
c:\Users\Alan\python\MMIP\week3\data\Dataset\cat\cat (358).jpg,cat,0.9971,cat,0.9971,cat (0.9971),sheep (0.0007),horse (0.0005),chicken (0.0005),elephant (0.0003),True,True
c:\Users\Alan\python\MMIP\week3\data\Dataset\cat\cat (224).jpg,cat,0.8197,cat,0.8197,cat (0.8197),dog (0.0382),elephant (0.0291),butterfly (0.0267),squirrel (0.0211),True,True
c:\Users\Alan\python\MMIP\week3\data\Dataset\cat\cat (348).jpg,cat,0.5928,cat,0.5928,cat (0.5928),dog (0.1475),butterfly (0.0570),elephant (0.0547),spider (0.0399),True,True
c:\Users\Alan\python\MMIP\week3\data\Dataset\cat\cat (60).jpg,cat,0.9815,cat,0.9815,cat (0.9815),sheep (0.0061),squirrel (0.0037),spider (0.0025),elephant (0.0021),True,True
c:\Users\Alan\python\MMIP\week3\data\Dataset\cat\cat (333).jpg,cat,0.9842,cat,0.9842,cat (0.9842),dog (0.0035),sheep (0.0027),spider (0.0021),horse (0.0018),True,True
c:\Users\Alan\python\MMIP\week3\data\Dataset\cat\cat (567).jpeg,cat,0.9444,cat,0.9444,cat (0.9444),squirrel (0.0172),chicken (0.0109),spider (0.0077),sheep (0.0048),True,True
c:\Users\Alan\python\MMIP\week3\data\Dataset\cat\cat (462).jpeg,cat,0.7983,cat,0.7983,cat (0.7983),dog (0.1693),squirrel (0.0100),spider (0.0070),chicken (0.0030),True,True
c:\Users\Alan\python\MMIP\week3\data\Dataset\cat\cat (846).jpeg,cat,0.9657,cat,0.9657,cat (0.9657),dog (0.0111),squirrel (0.0051),horse (0.0045),cow (0.0037),True,True
c:\Users\Alan\python\MMIP\week3\data\Dataset\cat\cat (715).jpeg,cat,0.95,cat,0.95,cat (0.9500),dog (0.0245),chicken (0.0063),horse (0.0042),cow (0.0035),True,True
c:\Users\Alan\python\MMIP\week3\data\Dataset\cat\cat (420).jpeg,cat,0.2806,squirrel,0.3363,squirrel (0.3363),cat (0.2806),dog (0.1977),sheep (0.0718),spider (0.0382),False,True
c:\Users\Alan\python\MMIP\week3\data\Dataset\cat\cat (491).jpeg,cat,0.3397,squirrel,0.3963,squirrel (0.3963),cat (0.3397),dog (0.0832),cow (0.0487),elephant (0.0426),False,True
c:\Users\Alan\python\MMIP\week3\data\Dataset\cat\cat (743).jpeg,cat,0.9911,cat,0.9911,cat (0.9911),dog (0.0033),sheep (0.0017),chicken (0.0015),cow (0.0007),True,True
c:\Users\Alan\python\MMIP\week3\data\Dataset\cat\cat (1114).jpeg,cat,0.7289,cat,0.7289,cat (0.7289),squirrel (0.0918),dog (0.0728),cow (0.0400),spider (0.0172),True,True
c:\Users\Alan\python\MMIP\week3\data\Dataset\cat\cat (286).jpeg,cat,0.9686,cat,0.9686,cat (0.9686),butterfly (0.0073),cow (0.0060),spider (0.0051),horse (0.0034),True,True
c:\Users\Alan\python\MMIP\week3\data\Dataset\cat\cat (132).jpg,cat,0.9467,cat,0.9467,cat (0.9467),spider (0.0136),cow (0.0099),sheep (0.0091),squirrel (0.0039),True,True
c:\Users\Alan\python\MMIP\week3\data\Dataset\cat\cat (910).jpeg,cat,0.9131,cat,0.9131,cat (0.9131),dog (0.0187),elephant (0.0162),spider (0.0133),chicken (0.0093),True,True
c:\Users\Alan\python\MMIP\week3\data\Dataset\cat\cat (295).jpg,cat,0.9187,cat,0.9187,cat (0.9187),spider (0.0184),butterfly (0.0138),chicken (0.0130),horse (0.0118),True,True
c:\Users\Alan\python\MMIP\week3\data\Dataset\cat\cat (810).jpeg,cat,0.7966,cat,0.7966,cat (0.7966),dog (0.0869),squirrel (0.0441),chicken (0.0296),horse (0.0180),True,True
c:\Users\Alan\python\MMIP\week3\data\Dataset\cat\cat (434).jpg,cat,0.9021,cat,0.9021,cat (0.9021),dog (0.0236),butterfly (0.0213),elephant (0.0102),squirrel (0.0100),True,True
c:\Users\Alan\python\MMIP\week3\data\Dataset\cat\cat (261).jpeg,cat,0.7999,cat,0.7999,cat (0.7999),dog (0.0736),horse (0.0629),elephant (0.0155),squirrel (0.0125),True,True
c:\Users\Alan\python\MMIP\week3\data\Dataset\cat\cat (589).jpeg,cat,0.9073,cat,0.9073,cat (0.9073),sheep (0.0534),squirrel (0.0167),cow (0.0073),horse (0.0040),True,True
c:\Users\Alan\python\MMIP\week3\data\Dataset\cat\cat (315).jpg,cat,0.9673,cat,0.9673,cat (0.9673),sheep (0.0111),spider (0.0051),cow (0.0041),elephant (0.0033),True,True
c:\Users\Alan\python\MMIP\week3\data\Dataset\cat\cat (28).jpg,cat,0.9534,cat,0.9534,cat (0.9534),sheep (0.0171),dog (0.0058),horse (0.0053),elephant (0.0046),True,True
c:\Users\Alan\python\MMIP\week3\data\Dataset\cat\cat (20).jpg,cat,0.824,cat,0.824,cat (0.8240),dog (0.0610),sheep (0.0243),chicken (0.0203),horse (0.0157),True,True
c:\Users\Alan\python\MMIP\week3\data\Dataset\cat\cat (599).jpeg,cat,0.9847,cat,0.9847,cat (0.9847),butterfly (0.0029),spider (0.0029),squirrel (0.0021),horse (0.0018),True,True
c:\Users\Alan\python\MMIP\week3\data\Dataset\cat\cat (1002).jpeg,cat,0.9144,cat,0.9144,cat (0.9144),dog (0.0385),chicken (0.0095),cow (0.0077),butterfly (0.0067),True,True
c:\Users\Alan\python\MMIP\week3\data\Dataset\cat\cat (858).jpeg,cat,0.916,cat,0.916,cat (0.9160),sheep (0.0317),squirrel (0.0179),elephant (0.0081),cow (0.0068),True,True
c:\Users\Alan\python\MMIP\week3\data\Dataset\cat\cat (42).jpeg,cat,0.734,cat,0.734,cat (0.7340),dog (0.1492),spider (0.0398),sheep (0.0210),butterfly (0.0147),True,True
c:\Users\Alan\python\MMIP\week3\data\Dataset\cat\cat (15).jpg,cat,0.9256,cat,0.9256,cat (0.9256),sheep (0.0330),squirrel (0.0074),elephant (0.0072),spider (0.0059),True,True
c:\Users\Alan\python\MMIP\week3\data\Dataset\cat\cat (786).jpeg,cat,0.3861,cat,0.3861,cat (0.3861),dog (0.2582),spider (0.1164),butterfly (0.0477),squirrel (0.0475),True,True
c:\Users\Alan\python\MMIP\week3\data\Dataset\cat\cat (268).jpg,cat,0.9768,cat,0.9768,cat (0.9768),dog (0.0044),cow (0.0039),squirrel (0.0028),horse (0.0027),True,True
c:\Users\Alan\python\MMIP\week3\data\Dataset\cat\cat (196).jpg,cat,0.9759,cat,0.9759,cat (0.9759),sheep (0.0088),elephant (0.0060),cow (0.0034),butterfly (0.0024),True,True
c:\Users\Alan\python\MMIP\week3\data\Dataset\cat\cat (184).jpg,cat,0.4769,cat,0.4769,cat (0.4769),elephant (0.1670),dog (0.1451),horse (0.0511),squirrel (0.0476),True,True
c:\Users\Alan\python\MMIP\week3\data\Dataset\cat\cat (51).jpeg,cat,0.8084,cat,0.8084,cat (0.8084),dog (0.1278),sheep (0.0135),butterfly (0.0099),squirrel (0.0096),True,True
c:\Users\Alan\python\MMIP\week3\data\Dataset\cat\cat (956).jpeg,cat,0.3825,dog,0.5086,dog (0.5086),cat (0.3825),sheep (0.0209),chicken (0.0172),cow (0.0160),False,True
c:\Users\Alan\python\MMIP\week3\data\Dataset\cat\cat (964).jpeg,cat,0.97,cat,0.97,cat (0.9700),chicken (0.0134),dog (0.0061),sheep (0.0027),horse (0.0023),True,True
c:\Users\Alan\python\MMIP\week3\data\Dataset\cat\cat (386).jpg,cat,0.932,cat,0.932,cat (0.9320),dog (0.0272),spider (0.0077),butterfly (0.0062),sheep (0.0057),True,True
c:\Users\Alan\python\MMIP\week3\data\Dataset\cat\cat (207).jpeg,cat,0.904,cat,0.904,cat (0.9040),squirrel (0.0317),spider (0.0196),sheep (0.0149),cow (0.0082),True,True
c:\Users\Alan\python\MMIP\week3\data\Dataset\cat\cat (257).jpg,cat,0.1592,dog,0.7295,dog (0.7295),cat (0.1592),elephant (0.0440),cow (0.0234),sheep (0.0180),False,True
c:\Users\Alan\python\MMIP\week3\data\Dataset\cat\cat (1036).jpeg,cat,0.9275,cat,0.9275,cat (0.9275),dog (0.0356),horse (0.0072),cow (0.0069),spider (0.0063),True,True
c:\Users\Alan\python\MMIP\week3\data\Dataset\cat\cat (71).jpeg,cat,0.9551,cat,0.9551,cat (0.9551),elephant (0.0123),spider (0.0096),butterfly (0.0065),cow (0.0039),True,True
c:\Users\Alan\python\MMIP\week3\data\Dataset\cat\cat (61).jpg,cat,0.967,cat,0.967,cat (0.9670),elephant (0.0062),spider (0.0062),butterfly (0.0039),horse (0.0036),True,True
c:\Users\Alan\python\MMIP\week3\data\Dataset\cat\cat (454).jpeg,cat,0.9648,cat,0.9648,cat (0.9648),butterfly (0.0126),spider (0.0067),squirrel (0.0045),chicken (0.0041),True,True
c:\Users\Alan\python\MMIP\week3\data\Dataset\cat\cat (299).jpg,cat,0.6692,cat,0.6692,cat (0.6692),squirrel (0.0759),spider (0.0595),sheep (0.0384),chicken (0.0351),True,True
c:\Users\Alan\python\MMIP\week3\data\Dataset\cat\cat (571).jpeg,cat,0.53,cat,0.53,cat (0.5300),spider (0.2764),dog (0.0601),elephant (0.0308),sheep (0.0278),True,True
c:\Users\Alan\python\MMIP\week3\data\Dataset\cat\cat (395).jpg,cat,0.8494,cat,0.8494,cat (0.8494),spider (0.0494),dog (0.0475),butterfly (0.0144),chicken (0.0101),True,True
c:\Users\Alan\python\MMIP\week3\data\Dataset\cat\cat (397).jpg,cat,0.8299,cat,0.8299,cat (0.8299),dog (0.0805),sheep (0.0258),chicken (0.0131),squirrel (0.0106),True,True
c:\Users\Alan\python\MMIP\week3\data\Dataset\cat\cat (440).jpeg,cat,0.7635,cat,0.7635,cat (0.7635),dog (0.1032),squirrel (0.0772),chicken (0.0220),sheep (0.0098),True,True
c:\Users\Alan\python\MMIP\week3\data\Dataset\cat\cat (126).jpg,cat,0.9847,cat,0.9847,cat (0.9847),spider (0.0042),cow (0.0020),sheep (0.0018),dog (0.0016),True,True
c:\Users\Alan\python\MMIP\week3\data\Dataset\cat\cat (779).jpeg,cat,0.6888,cat,0.6888,cat (0.6888),dog (0.1829),spider (0.0448),elephant (0.0265),sheep (0.0151),True,True
c:\Users\Alan\python\MMIP\week3\data\Dataset\cat\cat (962).jpeg,cat,0.9931,cat,0.9931,cat (0.9931),dog (0.0012),spider (0.0011),cow (0.0009),butterfly (0.0009),True,True
c:\Users\Alan\python\MMIP\week3\data\Dataset\cat\cat (751).jpeg,cat,0.9786,cat,0.9786,cat (0.9786),elephant (0.0068),cow (0.0039),dog (0.0022),butterfly (0.0019),True,True
c:\Users\Alan\python\MMIP\week3\data\Dataset\cat\cat (500).jpeg,cat,0.0558,spider,0.5056,spider (0.5056),butterfly (0.1219),squirrel (0.1009),dog (0.0614),cat (0.0558),False,True
c:\Users\Alan\python\MMIP\week3\data\Dataset\cat\cat (289).jpeg,cat,0.972,cat,0.972,cat (0.9720),butterfly (0.0091),elephant (0.0048),squirrel (0.0034),chicken (0.0032),True,True
c:\Users\Alan\python\MMIP\week3\data\Dataset\cat\cat (1037).jpeg,cat,0.9782,cat,0.9782,cat (0.9782),dog (0.0062),cow (0.0036),squirrel (0.0030),spider (0.0022),True,True
c:\Users\Alan\python\MMIP\week3\data\Dataset\cat\cat (163).jpg,cat,0.7145,cat,0.7145,cat (0.7145),dog (0.2036),chicken (0.0306),squirrel (0.0210),butterfly (0.0105),True,True
c:\Users\Alan\python\MMIP\week3\data\Dataset\cat\cat (69).jpeg,cat,0.936,cat,0.936,cat (0.9360),sheep (0.0149),elephant (0.0123),butterfly (0.0092),cow (0.0083),True,True
c:\Users\Alan\python\MMIP\week3\data\Dataset\cat\cat (686).jpeg,cat,0.7433,cat,0.7433,cat (0.7433),dog (0.0711),sheep (0.0533),squirrel (0.0354),spider (0.0294),True,True
c:\Users\Alan\python\MMIP\week3\data\Dataset\cat\cat (1065).jpeg,cat,0.8879,cat,0.8879,cat (0.8879),dog (0.0689),squirrel (0.0133),chicken (0.0115),sheep (0.0052),True,True
c:\Users\Alan\python\MMIP\week3\data\Dataset\cat\cat (212).jpg,cat,0.9196,cat,0.9196,cat (0.9196),spider (0.0244),dog (0.0131),chicken (0.0106),butterfly (0.0087),True,True
c:\Users\Alan\python\MMIP\week3\data\Dataset\cat\cat (969).jpeg,cat,0.9631,cat,0.9631,cat (0.9631),dog (0.0118),squirrel (0.0074),cow (0.0060),chicken (0.0039),True,True
c:\Users\Alan\python\MMIP\week3\data\Dataset\chicken\chicken (280).jpeg,chicken,0.8672,chicken,0.8672,chicken (0.8672),butterfly (0.0450),dog (0.0263),elephant (0.0182),cat (0.0144),True,True
c:\Users\Alan\python\MMIP\week3\data\Dataset\chicken\chicken (2075).jpeg,chicken,0.6279,chicken,0.6279,chicken (0.6279),dog (0.2001),squirrel (0.0536),elephant (0.0359),butterfly (0.0169),True,True
c:\Users\Alan\python\MMIP\week3\data\Dataset\chicken\chicken (202).jpeg,chicken,0.9454,chicken,0.9454,chicken (0.9454),squirrel (0.0131),cow (0.0107),dog (0.0080),spider (0.0056),True,True
c:\Users\Alan\python\MMIP\week3\data\Dataset\chicken\chicken (1412).jpeg,chicken,0.8641,chicken,0.8641,chicken (0.8641),spider (0.0371),sheep (0.0287),squirrel (0.0188),dog (0.0110),True,True
c:\Users\Alan\python\MMIP\week3\data\Dataset\chicken\chicken (1539).jpeg,chicken,0.9094,chicken,0.9094,chicken (0.9094),cow (0.0196),spider (0.0152),sheep (0.0149),dog (0.0129),True,True
c:\Users\Alan\python\MMIP\week3\data\Dataset\chicken\chicken (938).jpeg,chicken,0.9683,chicken,0.9683,chicken (0.9683),butterfly (0.0062),horse (0.0055),sheep (0.0045),dog (0.0042),True,True
c:\Users\Alan\python\MMIP\week3\data\Dataset\chicken\chicken (416).jpeg,chicken,0.9144,chicken,0.9144,chicken (0.9144),spider (0.0200),dog (0.0130),sheep (0.0118),elephant (0.0098),True,True
c:\Users\Alan\python\MMIP\week3\data\Dataset\chicken\chicken (731).jpeg,chicken,0.4728,chicken,0.4728,chicken (0.4728),elephant (0.1643),spider (0.1029),sheep (0.0677),cat (0.0568),True,True
c:\Users\Alan\python\MMIP\week3\data\Dataset\chicken\chicken (951).jpeg,chicken,0.8652,chicken,0.8652,chicken (0.8652),sheep (0.0572),horse (0.0171),cow (0.0156),dog (0.0128),True,True
c:\Users\Alan\python\MMIP\week3\data\Dataset\chicken\chicken (2720).jpeg,chicken,0.9535,chicken,0.9535,chicken (0.9535),butterfly (0.0088),cow (0.0083),spider (0.0054),cat (0.0048),True,True
c:\Users\Alan\python\MMIP\week3\data\Dataset\chicken\chicken (918).jpeg,chicken,0.7891,chicken,0.7891,chicken (0.7891),spider (0.0604),sheep (0.0374),squirrel (0.0369),elephant (0.0174),True,True
c:\Users\Alan\python\MMIP\week3\data\Dataset\chicken\chicken (2794).jpeg,chicken,0.9163,chicken,0.9163,chicken (0.9163),elephant (0.0176),spider (0.0171),butterfly (0.0151),squirrel (0.0110),True,True
c:\Users\Alan\python\MMIP\week3\data\Dataset\chicken\chicken (582).jpeg,chicken,0.8201,chicken,0.8201,chicken (0.8201),butterfly (0.0539),squirrel (0.0453),horse (0.0295),elephant (0.0186),True,True
c:\Users\Alan\python\MMIP\week3\data\Dataset\chicken\chicken (544).jpeg,chicken,0.6124,chicken,0.6124,chicken (0.6124),squirrel (0.0928),butterfly (0.0701),spider (0.0652),dog (0.0434),True,True
c:\Users\Alan\python\MMIP\week3\data\Dataset\chicken\chicken (2844).jpeg,chicken,0.7643,chicken,0.7643,chicken (0.7643),sheep (0.0939),cow (0.0376),dog (0.0357),horse (0.0212),True,True
c:\Users\Alan\python\MMIP\week3\data\Dataset\chicken\chicken (2689).jpeg,chicken,0.9049,chicken,0.9049,chicken (0.9049),cow (0.0329),spider (0.0263),sheep (0.0095),squirrel (0.0076),True,True
c:\Users\Alan\python\MMIP\week3\data\Dataset\chicken\chicken (2002).jpeg,chicken,0.7455,chicken,0.7455,chicken (0.7455),spider (0.1211),squirrel (0.0337),elephant (0.0321),sheep (0.0236),True,True
c:\Users\Alan\python\MMIP\week3\data\Dataset\chicken\chicken (2846).jpeg,chicken,0.9401,chicken,0.9401,chicken (0.9401),butterfly (0.0158),spider (0.0101),horse (0.0078),cow (0.0069),True,True
c:\Users\Alan\python\MMIP\week3\data\Dataset\chicken\chicken (853).jpeg,chicken,0.9758,chicken,0.9758,chicken (0.9758),spider (0.0059),squirrel (0.0036),sheep (0.0031),horse (0.0028),True,True
c:\Users\Alan\python\MMIP\week3\data\Dataset\chicken\chicken (200).jpeg,chicken,0.8965,chicken,0.8965,chicken (0.8965),spider (0.0265),sheep (0.0142),squirrel (0.0129),dog (0.0113),True,True
c:\Users\Alan\python\MMIP\week3\data\Dataset\chicken\chicken (2250).jpeg,chicken,0.9345,chicken,0.9345,chicken (0.9345),squirrel (0.0122),dog (0.0099),elephant (0.0086),sheep (0.0074),True,True
c:\Users\Alan\python\MMIP\week3\data\Dataset\chicken\chicken (432).jpeg,chicken,0.4307,chicken,0.4307,chicken (0.4307),squirrel (0.1511),spider (0.1282),cat (0.0857),sheep (0.0595),True,True
c:\Users\Alan\python\MMIP\week3\data\Dataset\chicken\chicken (2012).jpeg,chicken,0.7792,chicken,0.7792,chicken (0.7792),dog (0.0822),horse (0.0372),cat (0.0341),cow (0.0227),True,True
c:\Users\Alan\python\MMIP\week3\data\Dataset\chicken\chicken (69).jpeg,chicken,0.9509,chicken,0.9509,chicken (0.9509),cow (0.0185),dog (0.0096),butterfly (0.0048),horse (0.0033),True,True
c:\Users\Alan\python\MMIP\week3\data\Dataset\chicken\chicken (2462).jpeg,chicken,0.3485,dog,0.3835,dog (0.3835),chicken (0.3485),horse (0.1364),sheep (0.0408),cow (0.0291),False,True
c:\Users\Alan\python\MMIP\week3\data\Dataset\chicken\chicken (1389).jpeg,chicken,0.7902,chicken,0.7902,chicken (0.7902),horse (0.1135),cow (0.0215),sheep (0.0175),dog (0.0171),True,True
c:\Users\Alan\python\MMIP\week3\data\Dataset\chicken\chicken (2783).jpeg,chicken,0.8541,chicken,0.8541,chicken (0.8541),spider (0.0814),butterfly (0.0149),horse (0.0093),cow (0.0087),True,True
c:\Users\Alan\python\MMIP\week3\data\Dataset\chicken\chicken (2141).jpeg,chicken,0.9653,chicken,0.9653,chicken (0.9653),spider (0.0068),horse (0.0061),cow (0.0056),sheep (0.0044),True,True
c:\Users\Alan\python\MMIP\week3\data\Dataset\chicken\chicken (1785).jpeg,chicken,0.9911,chicken,0.9911,chicken (0.9911),butterfly (0.0036),dog (0.0018),cat (0.0007),horse (0.0007),True,True
c:\Users\Alan\python\MMIP\week3\data\Dataset\chicken\chicken (1796).jpeg,chicken,0.9691,chicken,0.9691,chicken (0.9691),squirrel (0.0076),horse (0.0040),elephant (0.0038),cow (0.0037),True,True
c:\Users\Alan\python\MMIP\week3\data\Dataset\chicken\chicken (119).jpeg,chicken,0.9514,chicken,0.9514,chicken (0.9514),cow (0.0112),dog (0.0078),cat (0.0048),squirrel (0.0048),True,True
c:\Users\Alan\python\MMIP\week3\data\Dataset\chicken\chicken (1441).jpeg,chicken,0.598,chicken,0.598,chicken (0.5980),dog (0.1246),spider (0.0617),sheep (0.0587),cow (0.0402),True,True
c:\Users\Alan\python\MMIP\week3\data\Dataset\chicken\chicken (1033).jpeg,chicken,0.9743,chicken,0.9743,chicken (0.9743),squirrel (0.0049),butterfly (0.0036),cat (0.0034),dog (0.0032),True,True
c:\Users\Alan\python\MMIP\week3\data\Dataset\chicken\chicken (2395).jpeg,chicken,0.8067,chicken,0.8067,chicken (0.8067),dog (0.0941),cat (0.0187),butterfly (0.0178),sheep (0.0158),True,True
c:\Users\Alan\python\MMIP\week3\data\Dataset\chicken\chicken (862).jpeg,chicken,0.2516,chicken,0.2516,chicken (0.2516),squirrel (0.1845),sheep (0.1719),cat (0.1368),dog (0.0854),True,True
c:\Users\Alan\python\MMIP\week3\data\Dataset\chicken\chicken (194).jpeg,chicken,0.9292,chicken,0.9292,chicken (0.9292),dog (0.0171),cow (0.0127),squirrel (0.0103),sheep (0.0081),True,True
c:\Users\Alan\python\MMIP\week3\data\Dataset\chicken\chicken (378).jpeg,chicken,0.9556,chicken,0.9556,chicken (0.9556),dog (0.0119),butterfly (0.0115),cat (0.0051),sheep (0.0042),True,True
c:\Users\Alan\python\MMIP\week3\data\Dataset\chicken\chicken (2944).jpeg,chicken,0.9111,chicken,0.9111,chicken (0.9111),dog (0.0274),horse (0.0144),butterfly (0.0105),cat (0.0093),True,True
c:\Users\Alan\python\MMIP\week3\data\Dataset\chicken\chicken (189).jpeg,chicken,0.7352,chicken,0.7352,chicken (0.7352),spider (0.0790),squirrel (0.0613),dog (0.0487),sheep (0.0192),True,True
c:\Users\Alan\python\MMIP\week3\data\Dataset\chicken\chicken (2146).jpeg,chicken,0.4806,chicken,0.4806,chicken (0.4806),cat (0.1308),dog (0.1082),spider (0.0589),elephant (0.0567),True,True
c:\Users\Alan\python\MMIP\week3\data\Dataset\chicken\chicken (1880).jpeg,chicken,0.7802,chicken,0.7802,chicken (0.7802),dog (0.0509),spider (0.0396),elephant (0.0298),squirrel (0.0242),True,True
c:\Users\Alan\python\MMIP\week3\data\Dataset\chicken\chicken (350).jpeg,chicken,0.8947,chicken,0.8947,chicken (0.8947),horse (0.0301),cow (0.0157),spider (0.0116),sheep (0.0116),True,True
c:\Users\Alan\python\MMIP\week3\data\Dataset\chicken\chicken (536).jpeg,chicken,0.8681,chicken,0.8681,chicken (0.8681),dog (0.0486),squirrel (0.0197),sheep (0.0113),horse (0.0107),True,True
c:\Users\Alan\python\MMIP\week3\data\Dataset\chicken\chicken (2658).jpeg,chicken,0.9542,chicken,0.9542,chicken (0.9542),spider (0.0077),cow (0.0072),sheep (0.0071),butterfly (0.0057),True,True
c:\Users\Alan\python\MMIP\week3\data\Dataset\chicken\chicken (2709).jpeg,chicken,0.9413,chicken,0.9413,chicken (0.9413),dog (0.0227),butterfly (0.0188),cat (0.0072),sheep (0.0038),True,True
c:\Users\Alan\python\MMIP\week3\data\Dataset\chicken\chicken (2996).jpeg,chicken,0.9495,chicken,0.9495,chicken (0.9495),sheep (0.0116),squirrel (0.0106),cat (0.0073),spider (0.0063),True,True
c:\Users\Alan\python\MMIP\week3\data\Dataset\chicken\chicken (493).jpeg,chicken,0.6639,chicken,0.6639,chicken (0.6639),butterfly (0.1063),cow (0.0529),squirrel (0.0399),cat (0.0318),True,True
c:\Users\Alan\python\MMIP\week3\data\Dataset\chicken\chicken (2396).jpeg,chicken,0.844,chicken,0.844,chicken (0.8440),spider (0.0773),cat (0.0151),elephant (0.0136),dog (0.0135),True,True
c:\Users\Alan\python\MMIP\week3\data\Dataset\chicken\chicken (281).jpeg,chicken,0.9434,chicken,0.9434,chicken (0.9434),elephant (0.0123),butterfly (0.0077),sheep (0.0063),cow (0.0062),True,True
c:\Users\Alan\python\MMIP\week3\data\Dataset\chicken\chicken (3010).jpeg,chicken,0.8374,chicken,0.8374,chicken (0.8374),spider (0.0960),butterfly (0.0131),elephant (0.0119),dog (0.0113),True,True
c:\Users\Alan\python\MMIP\week3\data\Dataset\chicken\chicken (550).jpeg,chicken,0.4826,chicken,0.4826,chicken (0.4826),dog (0.1703),spider (0.1145),squirrel (0.0834),butterfly (0.0474),True,True
c:\Users\Alan\python\MMIP\week3\data\Dataset\chicken\chicken (1793).jpeg,chicken,0.7822,chicken,0.7822,chicken (0.7822),spider (0.0691),butterfly (0.0600),horse (0.0252),dog (0.0139),True,True
c:\Users\Alan\python\MMIP\week3\data\Dataset\chicken\chicken (2653).jpeg,chicken,0.9882,chicken,0.9882,chicken (0.9882),sheep (0.0030),squirrel (0.0016),elephant (0.0013),spider (0.0012),True,True
c:\Users\Alan\python\MMIP\week3\data\Dataset\chicken\chicken (7).jpeg,chicken,0.8311,chicken,0.8311,chicken (0.8311),squirrel (0.0410),sheep (0.0230),spider (0.0226),dog (0.0181),True,True
c:\Users\Alan\python\MMIP\week3\data\Dataset\chicken\chicken (2788).jpeg,chicken,0.5163,chicken,0.5163,chicken (0.5163),sheep (0.1811),cow (0.0881),dog (0.0674),squirrel (0.0335),True,True
c:\Users\Alan\python\MMIP\week3\data\Dataset\chicken\chicken (2270).jpeg,chicken,0.9034,chicken,0.9034,chicken (0.9034),spider (0.0209),sheep (0.0163),elephant (0.0139),butterfly (0.0109),True,True
c:\Users\Alan\python\MMIP\week3\data\Dataset\chicken\chicken (509).jpeg,chicken,0.9711,chicken,0.9711,chicken (0.9711),spider (0.0058),cow (0.0048),dog (0.0046),squirrel (0.0034),True,True
c:\Users\Alan\python\MMIP\week3\data\Dataset\chicken\chicken (1192).jpeg,chicken,0.9803,chicken,0.9803,chicken (0.9803),sheep (0.0051),butterfly (0.0040),cow (0.0019),dog (0.0018),True,True
c:\Users\Alan\python\MMIP\week3\data\Dataset\chicken\chicken (1166).jpeg,chicken,0.8189,chicken,0.8189,chicken (0.8189),spider (0.0418),sheep (0.0292),dog (0.0218),elephant (0.0201),True,True
c:\Users\Alan\python\MMIP\week3\data\Dataset\chicken\chicken (2433).jpeg,chicken,0.7024,chicken,0.7024,chicken (0.7024),elephant (0.0708),horse (0.0596),dog (0.0473),butterfly (0.0336),True,True
c:\Users\Alan\python\MMIP\week3\data\Dataset\chicken\chicken (1991).jpeg,chicken,0.9391,chicken,0.9391,chicken (0.9391),dog (0.0207),cat (0.0087),horse (0.0081),sheep (0.0070),True,True
c:\Users\Alan\python\MMIP\week3\data\Dataset\chicken\chicken (423).jpeg,chicken,0.9166,chicken,0.9166,chicken (0.9166),dog (0.0338),squirrel (0.0094),sheep (0.0091),cow (0.0079),True,True
c:\Users\Alan\python\MMIP\week3\data\Dataset\chicken\chicken (506).jpeg,chicken,0.9887,chicken,0.9887,chicken (0.9887),horse (0.0024),cow (0.0013),spider (0.0013),dog (0.0013),True,True
c:\Users\Alan\python\MMIP\week3\data\Dataset\chicken\chicken (52).jpeg,chicken,0.9416,chicken,0.9416,chicken (0.9416),dog (0.0206),cow (0.0115),horse (0.0065),sheep (0.0061),True,True
c:\Users\Alan\python\MMIP\week3\data\Dataset\chicken\chicken (1610).jpeg,chicken,0.4181,chicken,0.4181,chicken (0.4181),squirrel (0.4176),dog (0.0644),cow (0.0489),spider (0.0144),True,True
c:\Users\Alan\python\MMIP\week3\data\Dataset\chicken\chicken (1495).jpeg,chicken,0.6791,chicken,0.6791,chicken (0.6791),dog (0.1147),cow (0.0641),elephant (0.0434),spider (0.0268),True,True
c:\Users\Alan\python\MMIP\week3\data\Dataset\chicken\chicken (2983).jpeg,chicken,0.957,chicken,0.957,chicken (0.9570),spider (0.0090),sheep (0.0068),elephant (0.0053),squirrel (0.0047),True,True
c:\Users\Alan\python\MMIP\week3\data\Dataset\chicken\chicken (1556).jpeg,chicken,0.947,chicken,0.947,chicken (0.9470),sheep (0.0115),cow (0.0110),dog (0.0068),elephant (0.0053),True,True
c:\Users\Alan\python\MMIP\week3\data\Dataset\chicken\chicken (2717).jpeg,chicken,0.9281,chicken,0.9281,chicken (0.9281),dog (0.0240),cow (0.0123),cat (0.0117),horse (0.0073),True,True
c:\Users\Alan\python\MMIP\week3\data\Dataset\chicken\chicken (1780).jpeg,chicken,0.9673,chicken,0.9673,chicken (0.9673),butterfly (0.0062),spider (0.0046),sheep (0.0046),cow (0.0041),True,True
c:\Users\Alan\python\MMIP\week3\data\Dataset\chicken\chicken (946).jpeg,chicken,0.5036,chicken,0.5036,chicken (0.5036),horse (0.1216),dog (0.1091),spider (0.0688),cow (0.0588),True,True
c:\Users\Alan\python\MMIP\week3\data\Dataset\chicken\chicken (152).jpeg,chicken,0.9479,chicken,0.9479,chicken (0.9479),squirrel (0.0112),dog (0.0100),horse (0.0071),sheep (0.0059),True,True
c:\Users\Alan\python\MMIP\week3\data\Dataset\chicken\chicken (2986).jpeg,chicken,0.8163,chicken,0.8163,chicken (0.8163),sheep (0.0736),dog (0.0394),cat (0.0205),spider (0.0128),True,True
c:\Users\Alan\python\MMIP\week3\data\Dataset\chicken\chicken (1075).jpeg,chicken,0.7011,chicken,0.7011,chicken (0.7011),dog (0.0798),cow (0.0548),squirrel (0.0529),horse (0.0242),True,True
c:\Users\Alan\python\MMIP\week3\data\Dataset\chicken\chicken (2958).jpeg,chicken,0.948,chicken,0.948,chicken (0.9480),squirrel (0.0269),elephant (0.0062),butterfly (0.0042),dog (0.0041),True,True
c:\Users\Alan\python\MMIP\week3\data\Dataset\chicken\chicken (2461).jpeg,chicken,0.9612,chicken,0.9612,chicken (0.9612),dog (0.0107),squirrel (0.0070),cow (0.0051),spider (0.0037),True,True
c:\Users\Alan\python\MMIP\week3\data\Dataset\chicken\chicken (719).jpeg,chicken,0.8748,chicken,0.8748,chicken (0.8748),sheep (0.0368),dog (0.0286),horse (0.0160),cow (0.0096),True,True
c:\Users\Alan\python\MMIP\week3\data\Dataset\chicken\chicken (2122).jpeg,chicken,0.8974,chicken,0.8974,chicken (0.8974),spider (0.0363),butterfly (0.0169),squirrel (0.0141),sheep (0.0096),True,True
c:\Users\Alan\python\MMIP\week3\data\Dataset\chicken\chicken (1259).jpeg,chicken,0.8289,chicken,0.8289,chicken (0.8289),cow (0.0362),horse (0.0319),dog (0.0255),butterfly (0.0176),True,True
c:\Users\Alan\python\MMIP\week3\data\Dataset\chicken\chicken (1850).jpeg,chicken,0.8121,chicken,0.8121,chicken (0.8121),spider (0.0715),dog (0.0246),squirrel (0.0182),cow (0.0162),True,True
c:\Users\Alan\python\MMIP\week3\data\Dataset\chicken\chicken (303).jpeg,chicken,0.9492,chicken,0.9492,chicken (0.9492),butterfly (0.0164),dog (0.0112),cat (0.0063),cow (0.0047),True,True
c:\Users\Alan\python\MMIP\week3\data\Dataset\chicken\chicken (2443).jpeg,chicken,0.9472,chicken,0.9472,chicken (0.9472),horse (0.0158),sheep (0.0106),dog (0.0083),cow (0.0049),True,True
c:\Users\Alan\python\MMIP\week3\data\Dataset\chicken\chicken (2669).jpeg,chicken,0.9651,chicken,0.9651,chicken (0.9651),dog (0.0065),elephant (0.0053),sheep (0.0046),horse (0.0046),True,True
c:\Users\Alan\python\MMIP\week3\data\Dataset\chicken\chicken (2507).jpeg,chicken,0.2082,spider,0.4915,spider (0.4915),chicken (0.2082),squirrel (0.0736),dog (0.0474),cat (0.0415),False,True
c:\Users\Alan\python\MMIP\week3\data\Dataset\chicken\chicken (332).jpeg,chicken,0.936,chicken,0.936,chicken (0.9360),dog (0.0104),horse (0.0098),sheep (0.0093),cow (0.0087),True,True
c:\Users\Alan\python\MMIP\week3\data\Dataset\chicken\chicken (1189).jpeg,chicken,0.955,chicken,0.955,chicken (0.9550),sheep (0.0071),elephant (0.0062),horse (0.0062),spider (0.0062),True,True
c:\Users\Alan\python\MMIP\week3\data\Dataset\chicken\chicken (2663).jpeg,chicken,0.7893,chicken,0.7893,chicken (0.7893),cow (0.0850),dog (0.0359),horse (0.0267),squirrel (0.0229),True,True
c:\Users\Alan\python\MMIP\week3\data\Dataset\chicken\chicken (802).jpeg,chicken,0.7979,chicken,0.7979,chicken (0.7979),sheep (0.0895),dog (0.0387),cat (0.0203),squirrel (0.0135),True,True
c:\Users\Alan\python\MMIP\week3\data\Dataset\chicken\chicken (1578).jpeg,chicken,0.9123,chicken,0.9123,chicken (0.9123),dog (0.0382),cow (0.0167),spider (0.0127),horse (0.0051),True,True
c:\Users\Alan\python\MMIP\week3\data\Dataset\chicken\chicken (1466).jpeg,chicken,0.5151,chicken,0.5151,chicken (0.5151),dog (0.2161),horse (0.0661),sheep (0.0479),cow (0.0443),True,True
c:\Users\Alan\python\MMIP\week3\data\Dataset\chicken\chicken (229).jpeg,chicken,0.9646,chicken,0.9646,chicken (0.9646),squirrel (0.0056),spider (0.0047),butterfly (0.0046),sheep (0.0043),True,True
c:\Users\Alan\python\MMIP\week3\data\Dataset\chicken\chicken (2855).jpeg,chicken,0.9344,chicken,0.9344,chicken (0.9344),spider (0.0125),horse (0.0095),dog (0.0090),butterfly (0.0088),True,True
c:\Users\Alan\python\MMIP\week3\data\Dataset\chicken\chicken (1775).jpeg,chicken,0.8836,chicken,0.8836,chicken (0.8836),squirrel (0.0376),dog (0.0286),horse (0.0141),elephant (0.0129),True,True
c:\Users\Alan\python\MMIP\week3\data\Dataset\chicken\chicken (552).jpeg,chicken,0.9414,chicken,0.9414,chicken (0.9414),elephant (0.0104),cow (0.0101),squirrel (0.0075),butterfly (0.0073),True,True
c:\Users\Alan\python\MMIP\week3\data\Dataset\chicken\chicken (1413).jpeg,chicken,0.9762,chicken,0.9762,chicken (0.9762),sheep (0.0056),squirrel (0.0042),dog (0.0040),butterfly (0.0029),True,True
c:\Users\Alan\python\MMIP\week3\data\Dataset\chicken\chicken (3095).jpeg,chicken,0.5074,chicken,0.5074,chicken (0.5074),dog (0.1434),cow (0.1198),horse (0.0616),cat (0.0350),True,True
c:\Users\Alan\python\MMIP\week3\data\Dataset\chicken\chicken (1599).jpeg,chicken,0.9843,chicken,0.9843,chicken (0.9843),cow (0.0045),dog (0.0036),butterfly (0.0017),sheep (0.0014),True,True
c:\Users\Alan\python\MMIP\week3\data\Dataset\chicken\chicken (598).jpeg,chicken,0.0806,dog,0.6105,dog (0.6105),cat (0.1199),chicken (0.0806),squirrel (0.0480),spider (0.0386),False,True
c:\Users\Alan\python\MMIP\week3\data\Dataset\chicken\chicken (2421).jpeg,chicken,0.9738,chicken,0.9738,chicken (0.9738),spider (0.0049),butterfly (0.0038),horse (0.0037),cow (0.0032),True,True
c:\Users\Alan\python\MMIP\week3\data\Dataset\chicken\chicken (2465).jpeg,chicken,0.5242,chicken,0.5242,chicken (0.5242),squirrel (0.1197),dog (0.1004),butterfly (0.0904),sheep (0.0429),True,True
c:\Users\Alan\python\MMIP\week3\data\Dataset\chicken\chicken (557).jpeg,chicken,0.7633,chicken,0.7633,chicken (0.7633),dog (0.0866),spider (0.0551),cow (0.0278),sheep (0.0201),True,True
c:\Users\Alan\python\MMIP\week3\data\Dataset\chicken\chicken (2280).jpeg,chicken,0.9923,chicken,0.9923,chicken (0.9923),dog (0.0017),butterfly (0.0014),elephant (0.0011),sheep (0.0009),True,True
c:\Users\Alan\python\MMIP\week3\data\Dataset\chicken\chicken (795).jpeg,chicken,0.9187,chicken,0.9187,chicken (0.9187),dog (0.0132),butterfly (0.0131),elephant (0.0119),cow (0.0115),True,True
c:\Users\Alan\python\MMIP\week3\data\Dataset\chicken\chicken (1994).jpeg,chicken,0.9415,chicken,0.9415,chicken (0.9415),dog (0.0129),squirrel (0.0111),cat (0.0096),spider (0.0082),True,True
c:\Users\Alan\python\MMIP\week3\data\Dataset\chicken\chicken (83).jpeg,chicken,0.9497,chicken,0.9497,chicken (0.9497),cow (0.0103),horse (0.0096),spider (0.0059),elephant (0.0052),True,True
c:\Users\Alan\python\MMIP\week3\data\Dataset\chicken\chicken (1296).jpeg,chicken,0.8456,chicken,0.8456,chicken (0.8456),dog (0.0556),cat (0.0237),horse (0.0195),cow (0.0148),True,True
c:\Users\Alan\python\MMIP\week3\data\Dataset\chicken\chicken (1981).jpeg,chicken,0.2092,cow,0.4552,cow (0.4552),chicken (0.2092),spider (0.0950),sheep (0.0942),dog (0.0490),False,True
c:\Users\Alan\python\MMIP\week3\data\Dataset\chicken\chicken (2274).jpeg,chicken,0.9188,chicken,0.9188,chicken (0.9188),butterfly (0.0265),dog (0.0212),cat (0.0068),elephant (0.0067),True,True
c:\Users\Alan\python\MMIP\week3\data\Dataset\chicken\chicken (2908).jpeg,chicken,0.9039,chicken,0.9039,chicken (0.9039),squirrel (0.0192),horse (0.0188),dog (0.0171),cow (0.0137),True,True
c:\Users\Alan\python\MMIP\week3\data\Dataset\chicken\chicken (2738).jpeg,chicken,0.9893,chicken,0.9893,chicken (0.9893),cow (0.0066),elephant (0.0009),sheep (0.0008),butterfly (0.0005),True,True
c:\Users\Alan\python\MMIP\week3\data\Dataset\chicken\chicken (1551).jpeg,chicken,0.8778,chicken,0.8778,chicken (0.8778),horse (0.0312),squirrel (0.0238),dog (0.0161),elephant (0.0139),True,True
c:\Users\Alan\python\MMIP\week3\data\Dataset\chicken\chicken (2030).jpeg,chicken,0.9289,chicken,0.9289,chicken (0.9289),sheep (0.0136),cow (0.0132),elephant (0.0110),spider (0.0100),True,True
c:\Users\Alan\python\MMIP\week3\data\Dataset\chicken\chicken (120).jpeg,chicken,0.9505,chicken,0.9505,chicken (0.9505),butterfly (0.0118),spider (0.0089),dog (0.0066),elephant (0.0054),True,True
c:\Users\Alan\python\MMIP\week3\data\Dataset\chicken\chicken (68).jpeg,chicken,0.936,chicken,0.936,chicken (0.9360),horse (0.0173),spider (0.0104),squirrel (0.0099),dog (0.0061),True,True
c:\Users\Alan\python\MMIP\week3\data\Dataset\chicken\chicken (3088).jpeg,chicken,0.9317,chicken,0.9317,chicken (0.9317),elephant (0.0224),horse (0.0118),squirrel (0.0085),cow (0.0069),True,True
c:\Users\Alan\python\MMIP\week3\data\Dataset\chicken\chicken (1564).jpeg,chicken,0.7065,chicken,0.7065,chicken (0.7065),butterfly (0.0618),elephant (0.0525),dog (0.0494),spider (0.0325),True,True
c:\Users\Alan\python\MMIP\week3\data\Dataset\chicken\chicken (613).jpeg,chicken,0.8804,chicken,0.8804,chicken (0.8804),dog (0.0606),cow (0.0213),sheep (0.0175),spider (0.0071),True,True
c:\Users\Alan\python\MMIP\week3\data\Dataset\chicken\chicken (2165).jpeg,chicken,0.9748,chicken,0.9748,chicken (0.9748),squirrel (0.0051),spider (0.0048),dog (0.0043),horse (0.0034),True,True
c:\Users\Alan\python\MMIP\week3\data\Dataset\chicken\chicken (477).jpeg,chicken,0.0914,squirrel,0.2567,squirrel (0.2567),spider (0.1532),cow (0.1183),horse (0.1118),chicken (0.0914),False,True
c:\Users\Alan\python\MMIP\week3\data\Dataset\chicken\chicken (2370).jpeg,chicken,0.8893,chicken,0.8893,chicken (0.8893),dog (0.0224),cow (0.0189),squirrel (0.0185),spider (0.0156),True,True
c:\Users\Alan\python\MMIP\week3\data\Dataset\chicken\chicken (1614).jpeg,chicken,0.8864,chicken,0.8864,chicken (0.8864),spider (0.0221),sheep (0.0188),dog (0.0149),squirrel (0.0126),True,True
c:\Users\Alan\python\MMIP\week3\data\Dataset\chicken\chicken (2611).jpeg,chicken,0.8534,chicken,0.8534,chicken (0.8534),spider (0.0272),butterfly (0.0192),cow (0.0190),sheep (0.0172),True,True
c:\Users\Alan\python\MMIP\week3\data\Dataset\chicken\chicken (389).jpeg,chicken,0.72,chicken,0.72,chicken (0.7200),horse (0.0776),spider (0.0486),elephant (0.0478),butterfly (0.0256),True,True
c:\Users\Alan\python\MMIP\week3\data\Dataset\chicken\chicken (2431).jpeg,chicken,0.8117,chicken,0.8117,chicken (0.8117),dog (0.0462),butterfly (0.0328),horse (0.0327),elephant (0.0240),True,True
c:\Users\Alan\python\MMIP\week3\data\Dataset\chicken\chicken (2017).jpeg,chicken,0.922,chicken,0.922,chicken (0.9220),butterfly (0.0356),cat (0.0087),spider (0.0075),horse (0.0074),True,True
c:\Users\Alan\python\MMIP\week3\data\Dataset\chicken\chicken (1218).jpeg,chicken,0.7232,chicken,0.7232,chicken (0.7232),butterfly (0.1421),squirrel (0.0450),dog (0.0293),spider (0.0158),True,True
c:\Users\Alan\python\MMIP\week3\data\Dataset\chicken\chicken (233).jpeg,chicken,0.9315,chicken,0.9315,chicken (0.9315),sheep (0.0145),butterfly (0.0119),elephant (0.0115),horse (0.0091),True,True
c:\Users\Alan\python\MMIP\week3\data\Dataset\chicken\chicken (342).jpeg,chicken,0.5473,chicken,0.5473,chicken (0.5473),squirrel (0.1730),cat (0.0941),dog (0.0570),sheep (0.0440),True,True
c:\Users\Alan\python\MMIP\week3\data\Dataset\chicken\chicken (1628).jpeg,chicken,0.6792,chicken,0.6792,chicken (0.6792),dog (0.1001),spider (0.0646),butterfly (0.0479),cat (0.0290),True,True
c:\Users\Alan\python\MMIP\week3\data\Dataset\chicken\chicken (2115).jpeg,chicken,0.8201,chicken,0.8201,chicken (0.8201),dog (0.0497),butterfly (0.0371),cow (0.0253),cat (0.0205),True,True
c:\Users\Alan\python\MMIP\week3\data\Dataset\chicken\chicken (1566).jpeg,chicken,0.7495,chicken,0.7495,chicken (0.7495),sheep (0.1142),dog (0.0629),cat (0.0303),squirrel (0.0139),True,True
c:\Users\Alan\python\MMIP\week3\data\Dataset\chicken\chicken (2159).jpeg,chicken,0.7944,chicken,0.7944,chicken (0.7944),sheep (0.0687),dog (0.0363),elephant (0.0226),cat (0.0212),True,True
c:\Users\Alan\python\MMIP\week3\data\Dataset\chicken\chicken (1433).jpeg,chicken,0.0782,spider,0.3189,spider (0.3189),dog (0.2539),butterfly (0.1455),horse (0.0924),chicken (0.0782),False,True
c:\Users\Alan\python\MMIP\week3\data\Dataset\chicken\chicken (1715).jpeg,chicken,0.946,chicken,0.946,chicken (0.9460),spider (0.0141),squirrel (0.0107),elephant (0.0061),dog (0.0050),True,True
c:\Users\Alan\python\MMIP\week3\data\Dataset\chicken\chicken (1955).jpeg,chicken,0.9427,chicken,0.9427,chicken (0.9427),horse (0.0301),cat (0.0099),spider (0.0059),butterfly (0.0030),True,True
c:\Users\Alan\python\MMIP\week3\data\Dataset\chicken\chicken (2727).jpeg,chicken,0.9865,chicken,0.9865,chicken (0.9865),dog (0.0042),sheep (0.0034),horse (0.0016),cat (0.0010),True,True
c:\Users\Alan\python\MMIP\week3\data\Dataset\chicken\chicken (1555).jpeg,chicken,0.9213,chicken,0.9213,chicken (0.9213),horse (0.0271),cat (0.0147),dog (0.0080),sheep (0.0070),True,True
c:\Users\Alan\python\MMIP\week3\data\Dataset\chicken\chicken (255).jpeg,chicken,0.9795,chicken,0.9795,chicken (0.9795),dog (0.0031),butterfly (0.0030),sheep (0.0026),cow (0.0024),True,True
c:\Users\Alan\python\MMIP\week3\data\Dataset\chicken\chicken (1425).jpeg,chicken,0.9469,chicken,0.9469,chicken (0.9469),cow (0.0135),sheep (0.0110),cat (0.0100),dog (0.0052),True,True
c:\Users\Alan\python\MMIP\week3\data\Dataset\chicken\chicken (1409).jpeg,chicken,0.9482,chicken,0.9482,chicken (0.9482),dog (0.0120),sheep (0.0093),butterfly (0.0066),horse (0.0066),True,True
c:\Users\Alan\python\MMIP\week3\data\Dataset\chicken\chicken (520).jpeg,chicken,0.2461,cow,0.3333,cow (0.3333),chicken (0.2461),dog (0.1725),spider (0.0922),squirrel (0.0562),False,True
c:\Users\Alan\python\MMIP\week3\data\Dataset\chicken\chicken (765).jpeg,chicken,0.9861,chicken,0.9861,chicken (0.9861),spider (0.0032),squirrel (0.0030),dog (0.0015),sheep (0.0013),True,True
c:\Users\Alan\python\MMIP\week3\data\Dataset\chicken\chicken (3090).jpeg,chicken,0.7798,chicken,0.7798,chicken (0.7798),spider (0.1006),cow (0.0218),dog (0.0204),horse (0.0176),True,True
c:\Users\Alan\python\MMIP\week3\data\Dataset\chicken\chicken (1957).jpeg,chicken,0.964,chicken,0.964,chicken (0.9640),cow (0.0091),butterfly (0.0066),sheep (0.0054),horse (0.0038),True,True
c:\Users\Alan\python\MMIP\week3\data\Dataset\chicken\chicken (1274).jpeg,chicken,0.4386,chicken,0.4386,chicken (0.4386),squirrel (0.2890),butterfly (0.0758),sheep (0.0398),dog (0.0384),True,True
c:\Users\Alan\python\MMIP\week3\data\Dataset\chicken\chicken (2661).jpeg,chicken,0.9444,chicken,0.9444,chicken (0.9444),butterfly (0.0113),spider (0.0081),dog (0.0071),squirrel (0.0070),True,True
c:\Users\Alan\python\MMIP\week3\data\Dataset\chicken\chicken (816).jpeg,chicken,0.9249,chicken,0.9249,chicken (0.9249),squirrel (0.0152),cow (0.0125),butterfly (0.0110),elephant (0.0099),True,True
c:\Users\Alan\python\MMIP\week3\data\Dataset\chicken\chicken (2390).jpeg,chicken,0.9662,chicken,0.9662,chicken (0.9662),squirrel (0.0122),elephant (0.0044),dog (0.0034),spider (0.0031),True,True
c:\Users\Alan\python\MMIP\week3\data\Dataset\chicken\chicken (1120).jpeg,chicken,0.9709,chicken,0.9709,chicken (0.9709),spider (0.0050),dog (0.0043),cow (0.0040),horse (0.0039),True,True
c:\Users\Alan\python\MMIP\week3\data\Dataset\chicken\chicken (404).jpeg,chicken,0.9661,chicken,0.9661,chicken (0.9661),butterfly (0.0074),cow (0.0066),sheep (0.0046),cat (0.0043),True,True
c:\Users\Alan\python\MMIP\week3\data\Dataset\chicken\chicken (1207).jpeg,chicken,0.9494,chicken,0.9494,chicken (0.9494),sheep (0.0183),horse (0.0087),cow (0.0057),spider (0.0039),True,True
c:\Users\Alan\python\MMIP\week3\data\Dataset\chicken\chicken (2153).jpeg,chicken,0.53,chicken,0.53,chicken (0.5300),dog (0.1096),spider (0.1032),butterfly (0.0734),cat (0.0508),True,True
c:\Users\Alan\python\MMIP\week3\data\Dataset\chicken\chicken (1101).jpeg,chicken,0.9212,chicken,0.9212,chicken (0.9212),cow (0.0174),spider (0.0144),dog (0.0096),horse (0.0095),True,True
c:\Users\Alan\python\MMIP\week3\data\Dataset\chicken\chicken (733).jpeg,chicken,0.9119,chicken,0.9119,chicken (0.9119),horse (0.0177),spider (0.0162),butterfly (0.0143),cat (0.0090),True,True
c:\Users\Alan\python\MMIP\week3\data\Dataset\chicken\chicken (1273).jpeg,chicken,0.991,chicken,0.991,chicken (0.9910),sheep (0.0019),spider (0.0014),cow (0.0009),dog (0.0009),True,True
c:\Users\Alan\python\MMIP\week3\data\Dataset\chicken\chicken (712).jpeg,chicken,0.9263,chicken,0.9263,chicken (0.9263),butterfly (0.0378),spider (0.0126),horse (0.0047),elephant (0.0042),True,True
c:\Users\Alan\python\MMIP\week3\data\Dataset\chicken\chicken (924).jpeg,chicken,0.2329,dog,0.399,dog (0.3990),chicken (0.2329),cat (0.1019),squirrel (0.0829),sheep (0.0826),False,True
c:\Users\Alan\python\MMIP\week3\data\Dataset\chicken\chicken (1773).jpeg,chicken,0.9224,chicken,0.9224,chicken (0.9224),dog (0.0142),cat (0.0116),elephant (0.0113),butterfly (0.0102),True,True
c:\Users\Alan\python\MMIP\week3\data\Dataset\chicken\chicken (2594).jpeg,chicken,0.9961,chicken,0.9961,chicken (0.9961),sheep (0.0010),dog (0.0008),cow (0.0006),horse (0.0004),True,True
c:\Users\Alan\python\MMIP\week3\data\Dataset\chicken\chicken (1006).jpeg,chicken,0.9736,chicken,0.9736,chicken (0.9736),cow (0.0107),elephant (0.0034),spider (0.0029),horse (0.0022),True,True
c:\Users\Alan\python\MMIP\week3\data\Dataset\chicken\chicken (1140).jpeg,chicken,0.9368,chicken,0.9368,chicken (0.9368),butterfly (0.0309),spider (0.0082),dog (0.0062),sheep (0.0043),True,True
c:\Users\Alan\python\MMIP\week3\data\Dataset\chicken\chicken (709).jpeg,chicken,0.9552,chicken,0.9552,chicken (0.9552),dog (0.0141),cat (0.0069),horse (0.0066),butterfly (0.0038),True,True
c:\Users\Alan\python\MMIP\week3\data\Dataset\chicken\chicken (1343).jpeg,chicken,0.9547,chicken,0.9547,chicken (0.9547),butterfly (0.0098),squirrel (0.0087),cow (0.0064),dog (0.0057),True,True
c:\Users\Alan\python\MMIP\week3\data\Dataset\chicken\chicken (911).jpeg,chicken,0.9845,chicken,0.9845,chicken (0.9845),dog (0.0046),cat (0.0032),sheep (0.0018),cow (0.0018),True,True
c:\Users\Alan\python\MMIP\week3\data\Dataset\chicken\chicken (2816).jpeg,chicken,0.9174,chicken,0.9174,chicken (0.9174),butterfly (0.0306),spider (0.0108),squirrel (0.0094),elephant (0.0076),True,True
c:\Users\Alan\python\MMIP\week3\data\Dataset\chicken\chicken (3064).jpeg,chicken,0.1496,spider,0.2656,spider (0.2656),sheep (0.1753),chicken (0.1496),dog (0.1159),squirrel (0.0711),False,True
c:\Users\Alan\python\MMIP\week3\data\Dataset\chicken\chicken (539).jpeg,chicken,0.9282,chicken,0.9282,chicken (0.9282),spider (0.0242),dog (0.0162),cat (0.0068),squirrel (0.0067),True,True
c:\Users\Alan\python\MMIP\week3\data\Dataset\chicken\chicken (2980).jpeg,chicken,0.9764,chicken,0.9764,chicken (0.9764),dog (0.0082),butterfly (0.0058),cat (0.0031),sheep (0.0024),True,True
c:\Users\Alan\python\MMIP\week3\data\Dataset\chicken\chicken (344).jpeg,chicken,0.6778,chicken,0.6778,chicken (0.6778),squirrel (0.1750),spider (0.0404),butterfly (0.0274),dog (0.0177),True,True
c:\Users\Alan\python\MMIP\week3\data\Dataset\chicken\chicken (1893).jpeg,chicken,0.9972,chicken,0.9972,chicken (0.9972),cow (0.0005),sheep (0.0005),squirrel (0.0004),butterfly (0.0003),True,True
c:\Users\Alan\python\MMIP\week3\data\Dataset\chicken\chicken (1758).jpeg,chicken,0.7855,chicken,0.7855,chicken (0.7855),squirrel (0.0499),horse (0.0475),dog (0.0433),spider (0.0176),True,True
c:\Users\Alan\python\MMIP\week3\data\Dataset\chicken\chicken (959).jpeg,chicken,0.8908,chicken,0.8908,chicken (0.8908),horse (0.0161),butterfly (0.0151),spider (0.0143),dog (0.0141),True,True
c:\Users\Alan\python\MMIP\week3\data\Dataset\chicken\chicken (591).jpeg,chicken,0.9239,chicken,0.9239,chicken (0.9239),cow (0.0167),cat (0.0104),dog (0.0102),butterfly (0.0099),True,True
c:\Users\Alan\python\MMIP\week3\data\Dataset\chicken\chicken (2473).jpeg,chicken,0.9959,chicken,0.9959,chicken (0.9959),cow (0.0015),butterfly (0.0010),sheep (0.0004),dog (0.0003),True,True
c:\Users\Alan\python\MMIP\week3\data\Dataset\chicken\chicken (2833).jpeg,chicken,0.9896,chicken,0.9896,chicken (0.9896),dog (0.0029),horse (0.0013),spider (0.0013),sheep (0.0012),True,True
c:\Users\Alan\python\MMIP\week3\data\Dataset\chicken\chicken (915).jpeg,chicken,0.9665,chicken,0.9665,chicken (0.9665),sheep (0.0118),cow (0.0046),butterfly (0.0043),dog (0.0032),True,True
c:\Users\Alan\python\MMIP\week3\data\Dataset\chicken\chicken (1099).jpeg,chicken,0.8475,chicken,0.8475,chicken (0.8475),dog (0.0314),spider (0.0267),sheep (0.0195),cow (0.0182),True,True
c:\Users\Alan\python\MMIP\week3\data\Dataset\chicken\chicken (270).jpeg,chicken,0.9156,chicken,0.9156,chicken (0.9156),sheep (0.0289),dog (0.0160),spider (0.0114),cow (0.0087),True,True
c:\Users\Alan\python\MMIP\week3\data\Dataset\chicken\chicken (2218).jpeg,chicken,0.9428,chicken,0.9428,chicken (0.9428),spider (0.0154),dog (0.0093),butterfly (0.0077),sheep (0.0072),True,True
c:\Users\Alan\python\MMIP\week3\data\Dataset\chicken\chicken (90).jpeg,chicken,0.916,chicken,0.916,chicken (0.9160),dog (0.0342),sheep (0.0117),butterfly (0.0069),cat (0.0067),True,True
c:\Users\Alan\python\MMIP\week3\data\Dataset\chicken\chicken (1783).jpeg,chicken,0.9889,chicken,0.9889,chicken (0.9889),dog (0.0024),spider (0.0017),horse (0.0016),sheep (0.0013),True,True
c:\Users\Alan\python\MMIP\week3\data\Dataset\chicken\chicken (1443).jpeg,chicken,0.9742,chicken,0.9742,chicken (0.9742),butterfly (0.0063),elephant (0.0054),spider (0.0035),horse (0.0028),True,True
c:\Users\Alan\python\MMIP\week3\data\Dataset\chicken\chicken (442).jpeg,chicken,0.8438,chicken,0.8438,chicken (0.8438),dog (0.0479),sheep (0.0410),squirrel (0.0206),cat (0.0115),True,True
c:\Users\Alan\python\MMIP\week3\data\Dataset\chicken\chicken (560).jpeg,chicken,0.935,chicken,0.935,chicken (0.9350),squirrel (0.0210),cow (0.0157),horse (0.0088),dog (0.0079),True,True
c:\Users\Alan\python\MMIP\week3\data\Dataset\chicken\chicken (1004).jpeg,chicken,0.3489,chicken,0.3489,chicken (0.3489),sheep (0.1842),cow (0.1489),dog (0.1209),horse (0.0648),True,True
c:\Users\Alan\python\MMIP\week3\data\Dataset\chicken\chicken (2763).jpeg,chicken,0.5747,chicken,0.5747,chicken (0.5747),dog (0.1700),squirrel (0.1025),spider (0.0438),cat (0.0425),True,True
c:\Users\Alan\python\MMIP\week3\data\Dataset\chicken\chicken (466).jpeg,chicken,0.1624,dog,0.1988,dog (0.1988),chicken (0.1624),cat (0.1149),horse (0.0996),cow (0.0995),False,True
c:\Users\Alan\python\MMIP\week3\data\Dataset\chicken\chicken (2760).jpeg,chicken,0.3283,chicken,0.3283,chicken (0.3283),dog (0.2367),spider (0.1033),butterfly (0.0863),cat (0.0527),True,True
c:\Users\Alan\python\MMIP\week3\data\Dataset\chicken\chicken (2240).jpeg,chicken,0.6973,chicken,0.6973,chicken (0.6973),butterfly (0.2462),dog (0.0166),cow (0.0092),cat (0.0083),True,True
c:\Users\Alan\python\MMIP\week3\data\Dataset\chicken\chicken (729).jpeg,chicken,0.8989,chicken,0.8989,chicken (0.8989),dog (0.0292),butterfly (0.0170),cow (0.0167),sheep (0.0078),True,True
c:\Users\Alan\python\MMIP\week3\data\Dataset\chicken\chicken (2925).jpeg,chicken,0.6294,chicken,0.6294,chicken (0.6294),spider (0.1349),butterfly (0.0744),horse (0.0533),squirrel (0.0243),True,True
c:\Users\Alan\python\MMIP\week3\data\Dataset\chicken\chicken (2283).jpeg,chicken,0.9325,chicken,0.9325,chicken (0.9325),spider (0.0125),squirrel (0.0116),butterfly (0.0096),dog (0.0079),True,True
c:\Users\Alan\python\MMIP\week3\data\Dataset\chicken\chicken (1197).jpeg,chicken,0.9558,chicken,0.9558,chicken (0.9558),squirrel (0.0107),butterfly (0.0070),dog (0.0055),horse (0.0050),True,True
c:\Users\Alan\python\MMIP\week3\data\Dataset\chicken\chicken (302).jpeg,chicken,0.7686,chicken,0.7686,chicken (0.7686),cow (0.0532),dog (0.0425),elephant (0.0302),butterfly (0.0286),True,True
c:\Users\Alan\python\MMIP\week3\data\Dataset\chicken\chicken (535).jpeg,chicken,0.9915,chicken,0.9915,chicken (0.9915),spider (0.0025),butterfly (0.0013),dog (0.0012),squirrel (0.0009),True,True
c:\Users\Alan\python\MMIP\week3\data\Dataset\chicken\chicken (2471).jpeg,chicken,0.9729,chicken,0.9729,chicken (0.9729),sheep (0.0059),dog (0.0042),cat (0.0036),horse (0.0029),True,True
c:\Users\Alan\python\MMIP\week3\data\Dataset\chicken\chicken (415).jpeg,chicken,0.8918,chicken,0.8918,chicken (0.8917),dog (0.0264),spider (0.0260),cow (0.0111),sheep (0.0101),True,True
c:\Users\Alan\python\MMIP\week3\data\Dataset\chicken\chicken (1351).jpeg,chicken,0.8662,chicken,0.8662,chicken (0.8662),squirrel (0.0473),dog (0.0401),horse (0.0109),spider (0.0104),True,True
c:\Users\Alan\python\MMIP\week3\data\Dataset\chicken\chicken (604).jpeg,chicken,0.9621,chicken,0.9621,chicken (0.9621),spider (0.0090),elephant (0.0062),butterfly (0.0054),sheep (0.0043),True,True
c:\Users\Alan\python\MMIP\week3\data\Dataset\chicken\chicken (601).jpeg,chicken,0.9043,chicken,0.9043,chicken (0.9043),dog (0.0365),sheep (0.0144),spider (0.0102),horse (0.0084),True,True
c:\Users\Alan\python\MMIP\week3\data\Dataset\chicken\chicken (2789).jpeg,chicken,0.4602,chicken,0.4602,chicken (0.4602),cow (0.2040),sheep (0.1204),dog (0.0433),spider (0.0351),True,True
c:\Users\Alan\python\MMIP\week3\data\Dataset\chicken\chicken (1020).jpeg,chicken,0.6874,chicken,0.6874,chicken (0.6874),butterfly (0.1042),spider (0.0627),dog (0.0451),cat (0.0358),True,True
c:\Users\Alan\python\MMIP\week3\data\Dataset\chicken\chicken (1226).jpeg,chicken,0.8565,chicken,0.8565,chicken (0.8565),dog (0.0333),sheep (0.0249),cow (0.0238),squirrel (0.0230),True,True
c:\Users\Alan\python\MMIP\week3\data\Dataset\chicken\chicken (1160).jpeg,chicken,0.9743,chicken,0.9743,chicken (0.9743),spider (0.0064),dog (0.0047),cat (0.0029),sheep (0.0025),True,True
c:\Users\Alan\python\MMIP\week3\data\Dataset\chicken\chicken (1173).jpeg,chicken,0.9813,chicken,0.9813,chicken (0.9813),squirrel (0.0046),elephant (0.0029),spider (0.0024),sheep (0.0022),True,True
c:\Users\Alan\python\MMIP\week3\data\Dataset\chicken\chicken (618).jpeg,chicken,0.336,chicken,0.336,chicken (0.3360),spider (0.2211),squirrel (0.1746),butterfly (0.0574),dog (0.0488),True,True
c:\Users\Alan\python\MMIP\week3\data\Dataset\chicken\chicken (764).jpeg,chicken,0.865,chicken,0.865,chicken (0.8650),squirrel (0.0233),sheep (0.0211),cow (0.0178),dog (0.0158),True,True
c:\Users\Alan\python\MMIP\week3\data\Dataset\chicken\chicken (1319).jpeg,chicken,0.9702,chicken,0.9702,chicken (0.9702),dog (0.0177),cow (0.0037),horse (0.0026),cat (0.0021),True,True
c:\Users\Alan\python\MMIP\week3\data\Dataset\chicken\chicken (881).jpeg,chicken,0.9762,chicken,0.9762,chicken (0.9762),butterfly (0.0066),dog (0.0042),sheep (0.0030),cat (0.0029),True,True
c:\Users\Alan\python\MMIP\week3\data\Dataset\chicken\chicken (1183).jpeg,chicken,0.7104,chicken,0.7104,chicken (0.7104),spider (0.0893),butterfly (0.0674),dog (0.0387),sheep (0.0249),True,True
c:\Users\Alan\python\MMIP\week3\data\Dataset\chicken\chicken (1311).jpeg,chicken,0.9496,chicken,0.9496,chicken (0.9496),cow (0.0205),squirrel (0.0062),spider (0.0056),butterfly (0.0053),True,True
c:\Users\Alan\python\MMIP\week3\data\Dataset\chicken\chicken (2750).jpeg,chicken,0.8772,chicken,0.8772,chicken (0.8772),butterfly (0.0432),spider (0.0194),elephant (0.0158),squirrel (0.0110),True,True
c:\Users\Alan\python\MMIP\week3\data\Dataset\chicken\chicken (1462).jpeg,chicken,0.9587,chicken,0.9587,chicken (0.9587),squirrel (0.0090),dog (0.0077),sheep (0.0057),horse (0.0054),True,True
c:\Users\Alan\python\MMIP\week3\data\Dataset\chicken\chicken (2607).jpeg,chicken,0.983,chicken,0.983,chicken (0.9830),dog (0.0037),cow (0.0025),spider (0.0024),horse (0.0023),True,True
c:\Users\Alan\python\MMIP\week3\data\Dataset\chicken\chicken (665).jpeg,chicken,0.9283,chicken,0.9283,chicken (0.9283),squirrel (0.0259),sheep (0.0160),dog (0.0062),spider (0.0050),True,True
c:\Users\Alan\python\MMIP\week3\data\Dataset\chicken\chicken (1904).jpeg,chicken,0.834,chicken,0.834,chicken (0.8340),horse (0.0432),cat (0.0427),dog (0.0234),butterfly (0.0174),True,True
c:\Users\Alan\python\MMIP\week3\data\Dataset\chicken\chicken (2460).jpeg,chicken,0.773,chicken,0.773,chicken (0.7730),cow (0.0805),butterfly (0.0423),sheep (0.0356),dog (0.0274),True,True
c:\Users\Alan\python\MMIP\week3\data\Dataset\chicken\chicken (2093).jpeg,chicken,0.772,chicken,0.772,chicken (0.7720),squirrel (0.0843),dog (0.0327),elephant (0.0282),sheep (0.0198),True,True
c:\Users\Alan\python\MMIP\week3\data\Dataset\chicken\chicken (483).jpeg,chicken,0.909,chicken,0.909,chicken (0.9090),sheep (0.0255),elephant (0.0190),butterfly (0.0094),dog (0.0092),True,True
c:\Users\Alan\python\MMIP\week3\data\Dataset\chicken\chicken (2804).jpeg,chicken,0.9603,chicken,0.9603,chicken (0.9603),spider (0.0089),squirrel (0.0084),dog (0.0056),sheep (0.0053),True,True
c:\Users\Alan\python\MMIP\week3\data\Dataset\chicken\chicken (1593).jpeg,chicken,0.9272,chicken,0.9272,chicken (0.9272),dog (0.0240),cat (0.0090),spider (0.0090),squirrel (0.0077),True,True
c:\Users\Alan\python\MMIP\week3\data\Dataset\chicken\chicken (1552).jpeg,chicken,0.9322,chicken,0.9322,chicken (0.9322),sheep (0.0188),dog (0.0103),butterfly (0.0095),elephant (0.0072),True,True
c:\Users\Alan\python\MMIP\week3\data\Dataset\chicken\chicken (2520).jpeg,chicken,0.8495,chicken,0.8495,chicken (0.8495),spider (0.0424),horse (0.0338),sheep (0.0282),dog (0.0176),True,True
c:\Users\Alan\python\MMIP\week3\data\Dataset\chicken\chicken (3081).jpeg,chicken,0.8696,chicken,0.8696,chicken (0.8696),squirrel (0.0699),dog (0.0198),cat (0.0100),elephant (0.0099),True,True
c:\Users\Alan\python\MMIP\week3\data\Dataset\chicken\chicken (808).jpeg,chicken,0.9635,chicken,0.9635,chicken (0.9635),dog (0.0071),spider (0.0054),sheep (0.0052),butterfly (0.0048),True,True
c:\Users\Alan\python\MMIP\week3\data\Dataset\chicken\chicken (2852).jpeg,chicken,0.3469,chicken,0.3469,chicken (0.3469),spider (0.2099),butterfly (0.1360),elephant (0.0896),dog (0.0687),True,True
c:\Users\Alan\python\MMIP\week3\data\Dataset\chicken\chicken (715).jpeg,chicken,0.9511,chicken,0.9511,chicken (0.9511),squirrel (0.0244),elephant (0.0061),butterfly (0.0048),dog (0.0041),True,True
c:\Users\Alan\python\MMIP\week3\data\Dataset\chicken\chicken (2541).jpeg,chicken,0.8737,chicken,0.8737,chicken (0.8737),spider (0.0437),butterfly (0.0206),horse (0.0144),cat (0.0135),True,True
c:\Users\Alan\python\MMIP\week3\data\Dataset\chicken\chicken (2801).jpeg,chicken,0.8851,chicken,0.8851,chicken (0.8851),dog (0.0420),cow (0.0187),cat (0.0176),sheep (0.0110),True,True
c:\Users\Alan\python\MMIP\week3\data\Dataset\chicken\chicken (1973).jpeg,chicken,0.9211,chicken,0.9211,chicken (0.9211),dog (0.0275),spider (0.0162),cat (0.0122),horse (0.0085),True,True
c:\Users\Alan\python\MMIP\week3\data\Dataset\chicken\chicken (1848).jpeg,chicken,0.9897,chicken,0.9897,chicken (0.9897),dog (0.0034),cow (0.0020),cat (0.0009),sheep (0.0008),True,True
c:\Users\Alan\python\MMIP\week3\data\Dataset\chicken\chicken (2995).jpeg,chicken,0.9401,chicken,0.9401,chicken (0.9401),butterfly (0.0127),spider (0.0099),cow (0.0076),cat (0.0075),True,True
c:\Users\Alan\python\MMIP\week3\data\Dataset\chicken\chicken (1615).jpeg,chicken,0.9567,chicken,0.9567,chicken (0.9567),dog (0.0098),sheep (0.0084),spider (0.0060),cat (0.0059),True,True
c:\Users\Alan\python\MMIP\week3\data\Dataset\chicken\chicken (1646).jpeg,chicken,0.4325,chicken,0.4325,chicken (0.4325),dog (0.1352),cow (0.1176),sheep (0.0834),squirrel (0.0711),True,True
c:\Users\Alan\python\MMIP\week3\data\Dataset\chicken\chicken (2580).jpeg,chicken,0.9331,chicken,0.9331,chicken (0.9331),squirrel (0.0156),dog (0.0131),cow (0.0071),cat (0.0068),True,True
c:\Users\Alan\python\MMIP\week3\data\Dataset\chicken\chicken (60).jpeg,chicken,0.8392,chicken,0.8392,chicken (0.8392),spider (0.0467),dog (0.0401),sheep (0.0159),cat (0.0138),True,True
c:\Users\Alan\python\MMIP\week3\data\Dataset\chicken\chicken (2429).jpeg,chicken,0.7025,chicken,0.7025,chicken (0.7025),cat (0.0734),elephant (0.0565),butterfly (0.0375),dog (0.0268),True,True
c:\Users\Alan\python\MMIP\week3\data\Dataset\chicken\chicken (1781).jpeg,chicken,0.9522,chicken,0.9522,chicken (0.9522),dog (0.0081),sheep (0.0078),spider (0.0075),butterfly (0.0062),True,True
c:\Users\Alan\python\MMIP\week3\data\Dataset\chicken\chicken (265).jpeg,chicken,0.9088,chicken,0.9088,chicken (0.9088),butterfly (0.0216),elephant (0.0119),cow (0.0117),horse (0.0109),True,True
c:\Users\Alan\python\MMIP\week3\data\Dataset\chicken\chicken (225).jpeg,chicken,0.9734,chicken,0.9734,chicken (0.9734),dog (0.0055),spider (0.0049),cow (0.0048),horse (0.0032),True,True
c:\Users\Alan\python\MMIP\week3\data\Dataset\chicken\chicken (1073).jpeg,chicken,0.8917,chicken,0.8917,chicken (0.8917),horse (0.0261),cow (0.0186),sheep (0.0171),dog (0.0165),True,True
c:\Users\Alan\python\MMIP\week3\data\Dataset\chicken\chicken (371).jpeg,chicken,0.9663,chicken,0.9663,chicken (0.9663),spider (0.0089),squirrel (0.0067),cow (0.0057),horse (0.0026),True,True
c:\Users\Alan\python\MMIP\week3\data\Dataset\chicken\chicken (1438).jpeg,chicken,0.9759,chicken,0.9759,chicken (0.9759),butterfly (0.0080),dog (0.0075),cat (0.0050),horse (0.0010),True,True
c:\Users\Alan\python\MMIP\week3\data\Dataset\chicken\chicken (454).jpeg,chicken,0.1937,spider,0.2982,spider (0.2982),chicken (0.1937),cow (0.1656),squirrel (0.1352),horse (0.0486),False,True
c:\Users\Alan\python\MMIP\week3\data\Dataset\chicken\chicken (2598).jpeg,chicken,0.9775,chicken,0.9775,chicken (0.9775),dog (0.0064),cow (0.0029),sheep (0.0026),spider (0.0025),True,True
c:\Users\Alan\python\MMIP\week3\data\Dataset\chicken\chicken (1305).jpeg,chicken,0.8546,chicken,0.8546,chicken (0.8546),butterfly (0.0412),squirrel (0.0306),spider (0.0161),sheep (0.0158),True,True
c:\Users\Alan\python\MMIP\week3\data\Dataset\chicken\chicken (2954).jpeg,chicken,0.8266,chicken,0.8266,chicken (0.8266),dog (0.0506),cow (0.0260),horse (0.0228),squirrel (0.0225),True,True
c:\Users\Alan\python\MMIP\week3\data\Dataset\chicken\chicken (2582).jpeg,chicken,0.9887,chicken,0.9887,chicken (0.9887),dog (0.0052),cat (0.0015),butterfly (0.0010),spider (0.0010),True,True
c:\Users\Alan\python\MMIP\week3\data\Dataset\chicken\chicken (768).jpeg,chicken,0.9297,chicken,0.9297,chicken (0.9297),spider (0.0293),butterfly (0.0158),dog (0.0053),cow (0.0043),True,True
c:\Users\Alan\python\MMIP\week3\data\Dataset\chicken\chicken (460).jpeg,chicken,0.4513,chicken,0.4513,chicken (0.4513),dog (0.1391),butterfly (0.0978),cow (0.0705),spider (0.0656),True,True
c:\Users\Alan\python\MMIP\week3\data\Dataset\chicken\chicken (1584).jpeg,chicken,0.5514,chicken,0.5514,chicken (0.5514),cow (0.2019),horse (0.0802),squirrel (0.0628),spider (0.0320),True,True
c:\Users\Alan\python\MMIP\week3\data\Dataset\chicken\chicken (1027).jpeg,chicken,0.9049,chicken,0.9049,chicken (0.9049),horse (0.0239),cow (0.0188),dog (0.0092),elephant (0.0085),True,True
c:\Users\Alan\python\MMIP\week3\data\Dataset\chicken\chicken (696).jpeg,chicken,0.9814,chicken,0.9814,chicken (0.9814),horse (0.0036),butterfly (0.0028),dog (0.0025),elephant (0.0024),True,True
c:\Users\Alan\python\MMIP\week3\data\Dataset\chicken\chicken (556).jpeg,chicken,0.966,chicken,0.966,chicken (0.9660),sheep (0.0119),spider (0.0060),elephant (0.0052),dog (0.0024),True,True
c:\Users\Alan\python\MMIP\week3\data\Dataset\chicken\chicken (2029).jpeg,chicken,0.785,chicken,0.785,chicken (0.7850),squirrel (0.0997),cat (0.0232),dog (0.0225),butterfly (0.0204),True,True
c:\Users\Alan\python\MMIP\week3\data\Dataset\chicken\chicken (685).jpeg,chicken,0.9393,chicken,0.9393,chicken (0.9393),sheep (0.0117),cow (0.0105),squirrel (0.0085),horse (0.0075),True,True
c:\Users\Alan\python\MMIP\week3\data\Dataset\chicken\chicken (1520).jpeg,chicken,0.9743,chicken,0.9743,chicken (0.9743),cow (0.0068),sheep (0.0054),butterfly (0.0038),spider (0.0022),True,True
c:\Users\Alan\python\MMIP\week3\data\Dataset\chicken\chicken (78).jpeg,chicken,0.2863,chicken,0.2863,chicken (0.2863),squirrel (0.1720),sheep (0.1696),cat (0.1360),dog (0.0797),True,True
c:\Users\Alan\python\MMIP\week3\data\Dataset\chicken\chicken (1376).jpeg,chicken,0.9911,chicken,0.9911,chicken (0.9911),cow (0.0025),dog (0.0016),horse (0.0015),squirrel (0.0007),True,True
c:\Users\Alan\python\MMIP\week3\data\Dataset\chicken\chicken (2930).jpeg,chicken,0.9771,chicken,0.9771,chicken (0.9771),dog (0.0069),elephant (0.0053),cow (0.0026),butterfly (0.0019),True,True
c:\Users\Alan\python\MMIP\week3\data\Dataset\chicken\chicken (379).jpeg,chicken,0.912,chicken,0.912,chicken (0.9120),dog (0.0267),butterfly (0.0126),spider (0.0121),cat (0.0085),True,True
c:\Users\Alan\python\MMIP\week3\data\Dataset\chicken\chicken (1249).jpeg,chicken,0.6678,chicken,0.6678,chicken (0.6678),elephant (0.0857),cow (0.0791),horse (0.0402),sheep (0.0291),True,True
c:\Users\Alan\python\MMIP\week3\data\Dataset\chicken\chicken (1740).jpeg,chicken,0.8603,chicken,0.8603,chicken (0.8603),butterfly (0.0610),elephant (0.0180),squirrel (0.0136),cat (0.0121),True,True
c:\Users\Alan\python\MMIP\week3\data\Dataset\chicken\chicken (2575).jpeg,chicken,0.4648,chicken,0.4648,chicken (0.4648),butterfly (0.1837),squirrel (0.0918),cat (0.0604),horse (0.0464),True,True
c:\Users\Alan\python\MMIP\week3\data\Dataset\chicken\chicken (1362).jpeg,chicken,0.9525,chicken,0.9525,chicken (0.9525),dog (0.0113),butterfly (0.0090),spider (0.0079),cat (0.0041),True,True
c:\Users\Alan\python\MMIP\week3\data\Dataset\chicken\chicken (3086).jpeg,chicken,0.2893,butterfly,0.5654,butterfly (0.5654),chicken (0.2893),dog (0.0430),squirrel (0.0279),spider (0.0160),False,True
c:\Users\Alan\python\MMIP\week3\data\Dataset\chicken\chicken (458).jpeg,chicken,0.9497,chicken,0.9497,chicken (0.9497),cow (0.0217),butterfly (0.0088),horse (0.0048),spider (0.0038),True,True
c:\Users\Alan\python\MMIP\week3\data\Dataset\chicken\chicken (2386).jpeg,chicken,0.8242,chicken,0.8242,chicken (0.8242),sheep (0.0370),cat (0.0294),spider (0.0237),elephant (0.0221),True,True
c:\Users\Alan\python\MMIP\week3\data\Dataset\chicken\chicken (2212).jpeg,chicken,0.9207,chicken,0.9207,chicken (0.9207),spider (0.0207),butterfly (0.0138),elephant (0.0118),sheep (0.0077),True,True
c:\Users\Alan\python\MMIP\week3\data\Dataset\chicken\chicken (562).jpeg,chicken,0.9815,chicken,0.9815,chicken (0.9815),cow (0.0043),dog (0.0034),squirrel (0.0030),cat (0.0025),True,True
c:\Users\Alan\python\MMIP\week3\data\Dataset\chicken\chicken (2441).jpeg,chicken,0.7255,chicken,0.7255,chicken (0.7255),spider (0.0633),dog (0.0509),butterfly (0.0462),elephant (0.0385),True,True
c:\Users\Alan\python\MMIP\week3\data\Dataset\chicken\chicken (431).jpeg,chicken,0.8139,chicken,0.8139,chicken (0.8139),squirrel (0.1044),sheep (0.0186),dog (0.0130),cow (0.0123),True,True
c:\Users\Alan\python\MMIP\week3\data\Dataset\chicken\chicken (904).jpeg,chicken,0.4352,chicken,0.4352,chicken (0.4352),butterfly (0.1241),cow (0.0846),squirrel (0.0788),dog (0.0750),True,True
c:\Users\Alan\python\MMIP\week3\data\Dataset\chicken\chicken (2887).jpeg,chicken,0.953,chicken,0.953,chicken (0.9530),horse (0.0113),cow (0.0068),sheep (0.0061),cat (0.0056),True,True
c:\Users\Alan\python\MMIP\week3\data\Dataset\chicken\chicken (858).jpeg,chicken,0.504,chicken,0.504,chicken (0.5040),butterfly (0.2761),dog (0.0494),squirrel (0.0372),spider (0.0364),True,True
c:\Users\Alan\python\MMIP\week3\data\Dataset\chicken\chicken (2313).jpeg,chicken,0.9814,chicken,0.9814,chicken (0.9814),dog (0.0046),sheep (0.0035),spider (0.0028),cat (0.0019),True,True
c:\Users\Alan\python\MMIP\week3\data\Dataset\chicken\chicken (347).jpeg,chicken,0.9811,chicken,0.9811,chicken (0.9811),cow (0.0042),sheep (0.0041),dog (0.0022),horse (0.0021),True,True
c:\Users\Alan\python\MMIP\week3\data\Dataset\chicken\chicken (1277).jpeg,chicken,0.9524,chicken,0.9524,chicken (0.9524),horse (0.0127),dog (0.0106),cow (0.0057),spider (0.0044),True,True
c:\Users\Alan\python\MMIP\week3\data\Dataset\chicken\chicken (587).jpeg,chicken,0.7212,chicken,0.7212,chicken (0.7212),butterfly (0.0718),squirrel (0.0514),dog (0.0339),elephant (0.0264),True,True
c:\Users\Alan\python\MMIP\week3\data\Dataset\chicken\chicken (2960).jpeg,chicken,0.9603,chicken,0.9603,chicken (0.9603),sheep (0.0119),cow (0.0067),horse (0.0048),elephant (0.0047),True,True
c:\Users\Alan\python\MMIP\week3\data\Dataset\chicken\chicken (1636).jpeg,chicken,0.9582,chicken,0.9582,chicken (0.9582),dog (0.0121),elephant (0.0056),sheep (0.0050),horse (0.0046),True,True
c:\Users\Alan\python\MMIP\week3\data\Dataset\chicken\chicken (324).jpeg,chicken,0.879,chicken,0.879,chicken (0.8790),dog (0.0572),cow (0.0155),cat (0.0113),horse (0.0112),True,True
c:\Users\Alan\python\MMIP\week3\data\Dataset\chicken\chicken (1292).jpeg,chicken,0.9335,chicken,0.9335,chicken (0.9335),elephant (0.0130),horse (0.0117),squirrel (0.0112),dog (0.0094),True,True
c:\Users\Alan\python\MMIP\week3\data\Dataset\chicken\chicken (463).jpeg,chicken,0.8525,chicken,0.8525,chicken (0.8525),butterfly (0.0724),cow (0.0193),sheep (0.0120),spider (0.0093),True,True
c:\Users\Alan\python\MMIP\week3\data\Dataset\chicken\chicken (1241).jpeg,chicken,0.7467,chicken,0.7467,chicken (0.7467),cow (0.1254),spider (0.0540),butterfly (0.0186),elephant (0.0141),True,True
c:\Users\Alan\python\MMIP\week3\data\Dataset\chicken\chicken (1835).jpeg,chicken,0.9687,chicken,0.9687,chicken (0.9687),spider (0.0137),dog (0.0028),sheep (0.0027),butterfly (0.0027),True,True
c:\Users\Alan\python\MMIP\week3\data\Dataset\chicken\chicken (1444).jpeg,chicken,0.5936,chicken,0.5936,chicken (0.5936),cow (0.1198),butterfly (0.0922),horse (0.0466),dog (0.0403),True,True
c:\Users\Alan\python\MMIP\week3\data\Dataset\chicken\chicken (751).jpeg,chicken,0.2099,spider,0.5541,spider (0.5541),chicken (0.2099),dog (0.0525),horse (0.0343),squirrel (0.0316),False,True
c:\Users\Alan\python\MMIP\week3\data\Dataset\chicken\chicken (2279).jpeg,chicken,0.9349,chicken,0.9349,chicken (0.9349),cow (0.0172),spider (0.0129),butterfly (0.0084),sheep (0.0075),True,True
c:\Users\Alan\python\MMIP\week3\data\Dataset\chicken\chicken (2730).jpeg,chicken,0.9208,chicken,0.9208,chicken (0.9208),dog (0.0220),cat (0.0170),squirrel (0.0081),spider (0.0075),True,True
c:\Users\Alan\python\MMIP\week3\data\Dataset\chicken\chicken (1621).jpeg,chicken,0.7004,chicken,0.7004,chicken (0.7004),dog (0.1209),spider (0.0501),sheep (0.0325),butterfly (0.0241),True,True
c:\Users\Alan\python\MMIP\week3\data\Dataset\chicken\chicken (2504).jpeg,chicken,0.3132,chicken,0.3132,chicken (0.3132),squirrel (0.1784),cat (0.1642),dog (0.1598),spider (0.0882),True,True
c:\Users\Alan\python\MMIP\week3\data\Dataset\chicken\chicken (1597).jpeg,chicken,0.9302,chicken,0.9302,chicken (0.9302),dog (0.0206),butterfly (0.0128),elephant (0.0107),squirrel (0.0067),True,True
c:\Users\Alan\python\MMIP\week3\data\Dataset\chicken\chicken (144).jpeg,chicken,0.9531,chicken,0.9531,chicken (0.9531),butterfly (0.0078),dog (0.0076),cat (0.0057),sheep (0.0056),True,True
c:\Users\Alan\python\MMIP\week3\data\Dataset\chicken\chicken (2044).jpeg,chicken,0.9726,chicken,0.9726,chicken (0.9726),dog (0.0086),squirrel (0.0055),cow (0.0031),butterfly (0.0025),True,True
c:\Users\Alan\python\MMIP\week3\data\Dataset\chicken\chicken (352).jpeg,chicken,0.9869,chicken,0.9869,chicken (0.9869),cow (0.0024),cat (0.0019),dog (0.0018),spider (0.0016),True,True
c:\Users\Alan\python\MMIP\week3\data\Dataset\chicken\chicken (1964).jpeg,chicken,0.7038,chicken,0.7038,chicken (0.7038),dog (0.1457),cow (0.0475),elephant (0.0413),horse (0.0211),True,True
c:\Users\Alan\python\MMIP\week3\data\Dataset\chicken\chicken (1874).jpeg,chicken,0.9278,chicken,0.9278,chicken (0.9278),cow (0.0207),sheep (0.0123),dog (0.0114),squirrel (0.0083),True,True
c:\Users\Alan\python\MMIP\week3\data\Dataset\chicken\chicken (2891).jpeg,chicken,0.375,chicken,0.375,chicken (0.3750),squirrel (0.3728),butterfly (0.1444),spider (0.0424),elephant (0.0194),True,True
c:\Users\Alan\python\MMIP\week3\data\Dataset\chicken\chicken (1092).jpeg,chicken,0.9177,chicken,0.9177,chicken (0.9177),dog (0.0191),squirrel (0.0160),butterfly (0.0117),spider (0.0093),True,True
c:\Users\Alan\python\MMIP\week3\data\Dataset\chicken\chicken (2383).jpeg,chicken,0.9263,chicken,0.9263,chicken (0.9263),spider (0.0161),elephant (0.0113),cat (0.0082),horse (0.0075),True,True
c:\Users\Alan\python\MMIP\week3\data\Dataset\chicken\chicken (2525).jpeg,chicken,0.7635,chicken,0.7635,chicken (0.7635),spider (0.0814),elephant (0.0413),butterfly (0.0259),dog (0.0198),True,True
c:\Users\Alan\python\MMIP\week3\data\Dataset\chicken\chicken (2369).jpeg,chicken,0.6567,chicken,0.6567,chicken (0.6567),dog (0.0899),spider (0.0786),squirrel (0.0408),horse (0.0395),True,True
c:\Users\Alan\python\MMIP\week3\data\Dataset\chicken\chicken (1244).jpeg,chicken,0.4816,chicken,0.4816,chicken (0.4816),dog (0.1350),horse (0.0922),squirrel (0.0788),spider (0.0538),True,True
c:\Users\Alan\python\MMIP\week3\data\Dataset\chicken\chicken (238).jpeg,chicken,0.753,chicken,0.753,chicken (0.7530),cow (0.1671),squirrel (0.0365),horse (0.0151),spider (0.0092),True,True
c:\Users\Alan\python\MMIP\week3\data\Dataset\chicken\chicken (967).jpeg,chicken,0.9764,chicken,0.9764,chicken (0.9764),spider (0.0052),butterfly (0.0050),cat (0.0032),horse (0.0025),True,True
c:\Users\Alan\python\MMIP\week3\data\Dataset\chicken\chicken (792).jpeg,chicken,0.9451,chicken,0.9451,chicken (0.9451),elephant (0.0142),horse (0.0110),dog (0.0068),butterfly (0.0067),True,True
c:\Users\Alan\python\MMIP\week3\data\Dataset\chicken\chicken (1136).jpeg,chicken,0.7557,chicken,0.7557,chicken (0.7557),spider (0.0607),squirrel (0.0385),butterfly (0.0346),cat (0.0285),True,True
c:\Users\Alan\python\MMIP\week3\data\Dataset\chicken\chicken (1281).jpeg,chicken,0.971,chicken,0.971,chicken (0.9710),cow (0.0108),squirrel (0.0039),spider (0.0036),elephant (0.0027),True,True
c:\Users\Alan\python\MMIP\week3\data\Dataset\chicken\chicken (1248).jpeg,chicken,0.8959,chicken,0.8959,chicken (0.8959),spider (0.0436),horse (0.0148),butterfly (0.0125),cow (0.0121),True,True
c:\Users\Alan\python\MMIP\week3\data\Dataset\cow\cow (637).jpeg,cow,0.7014,cow,0.7014,cow (0.7014),horse (0.1970),sheep (0.0386),butterfly (0.0199),cat (0.0111),True,True
c:\Users\Alan\python\MMIP\week3\data\Dataset\cow\cow (964).jpeg,cow,0.5824,cow,0.5824,cow (0.5824),sheep (0.0875),horse (0.0765),dog (0.0721),elephant (0.0612),True,True
c:\Users\Alan\python\MMIP\week3\data\Dataset\cow\cow (1175).jpeg,cow,0.3779,cow,0.3779,cow (0.3779),horse (0.2473),elephant (0.1317),sheep (0.0947),squirrel (0.0382),True,True
c:\Users\Alan\python\MMIP\week3\data\Dataset\cow\cow (1801).jpeg,cow,0.422,cow,0.422,cow (0.4220),dog (0.2342),horse (0.1357),spider (0.0562),squirrel (0.0435),True,True
c:\Users\Alan\python\MMIP\week3\data\Dataset\cow\cow (1834).jpeg,cow,0.9659,cow,0.9659,cow (0.9659),horse (0.0079),elephant (0.0069),dog (0.0048),sheep (0.0032),True,True
c:\Users\Alan\python\MMIP\week3\data\Dataset\cow\cow (1469).jpeg,cow,0.9745,cow,0.9745,cow (0.9745),elephant (0.0116),sheep (0.0062),chicken (0.0025),spider (0.0016),True,True
c:\Users\Alan\python\MMIP\week3\data\Dataset\cow\cow (1206).jpeg,cow,0.955,cow,0.955,cow (0.9550),sheep (0.0219),dog (0.0156),spider (0.0019),cat (0.0013),True,True
c:\Users\Alan\python\MMIP\week3\data\Dataset\cow\cow (872).jpeg,cow,0.7031,cow,0.7031,cow (0.7031),horse (0.1999),squirrel (0.0240),sheep (0.0158),dog (0.0133),True,True
c:\Users\Alan\python\MMIP\week3\data\Dataset\cow\cow (1657).jpeg,cow,0.9276,cow,0.9276,cow (0.9276),sheep (0.0301),horse (0.0167),spider (0.0055),butterfly (0.0054),True,True
c:\Users\Alan\python\MMIP\week3\data\Dataset\cow\cow (1338).jpeg,cow,0.8931,cow,0.8931,cow (0.8931),horse (0.0334),dog (0.0164),sheep (0.0162),spider (0.0124),True,True
c:\Users\Alan\python\MMIP\week3\data\Dataset\cow\cow (1466).jpeg,cow,0.9148,cow,0.9148,cow (0.9148),sheep (0.0240),dog (0.0139),horse (0.0128),spider (0.0094),True,True
c:\Users\Alan\python\MMIP\week3\data\Dataset\cow\cow (1516).jpeg,cow,0.2552,spider,0.2623,spider (0.2623),cow (0.2552),dog (0.1544),sheep (0.1198),horse (0.0761),False,True
c:\Users\Alan\python\MMIP\week3\data\Dataset\cow\cow (1639).jpeg,cow,0.2302,elephant,0.3506,elephant (0.3506),cow (0.2302),horse (0.0933),spider (0.0795),chicken (0.0713),False,True
c:\Users\Alan\python\MMIP\week3\data\Dataset\cow\cow (910).jpeg,cow,0.1969,horse,0.5888,horse (0.5888),cow (0.1969),sheep (0.0904),elephant (0.0378),spider (0.0213),False,True
c:\Users\Alan\python\MMIP\week3\data\Dataset\cow\cow (984).jpeg,cow,0.5249,cow,0.5249,cow (0.5249),horse (0.1845),dog (0.1026),cat (0.0629),spider (0.0352),True,True
c:\Users\Alan\python\MMIP\week3\data\Dataset\cow\cow (1237).jpeg,cow,0.3637,cow,0.3637,cow (0.3637),dog (0.2266),horse (0.1585),cat (0.0631),elephant (0.0549),True,True
c:\Users\Alan\python\MMIP\week3\data\Dataset\cow\cow (286).jpeg,cow,0.9435,cow,0.9435,cow (0.9435),sheep (0.0420),elephant (0.0035),dog (0.0034),horse (0.0023),True,True
c:\Users\Alan\python\MMIP\week3\data\Dataset\cow\cow (1422).jpeg,cow,0.972,cow,0.972,cow (0.9720),horse (0.0069),spider (0.0046),sheep (0.0036),butterfly (0.0028),True,True
c:\Users\Alan\python\MMIP\week3\data\Dataset\cow\cow (1049).jpeg,cow,0.984,cow,0.984,cow (0.9840),horse (0.0050),sheep (0.0048),elephant (0.0014),dog (0.0013),True,True
c:\Users\Alan\python\MMIP\week3\data\Dataset\cow\cow (359).jpeg,cow,0.4426,cow,0.4426,cow (0.4426),chicken (0.1344),dog (0.1120),horse (0.0761),spider (0.0702),True,True
c:\Users\Alan\python\MMIP\week3\data\Dataset\cow\cow (1785).jpeg,cow,0.9068,cow,0.9068,cow (0.9068),horse (0.0346),sheep (0.0324),spider (0.0073),butterfly (0.0054),True,True
c:\Users\Alan\python\MMIP\week3\data\Dataset\cow\cow (1325).jpeg,cow,0.6314,cow,0.6314,cow (0.6314),elephant (0.1870),horse (0.0926),cat (0.0236),dog (0.0203),True,True
c:\Users\Alan\python\MMIP\week3\data\Dataset\cow\cow (1792).jpeg,cow,0.2531,dog,0.3214,dog (0.3214),cow (0.2531),horse (0.1107),sheep (0.0793),elephant (0.0747),False,True
c:\Users\Alan\python\MMIP\week3\data\Dataset\cow\cow (589).jpeg,cow,0.9524,cow,0.9524,cow (0.9524),horse (0.0106),chicken (0.0099),butterfly (0.0066),sheep (0.0053),True,True
c:\Users\Alan\python\MMIP\week3\data\Dataset\cow\cow (1755).jpeg,cow,0.8984,cow,0.8984,cow (0.8984),dog (0.0436),butterfly (0.0183),sheep (0.0128),horse (0.0062),True,True
c:\Users\Alan\python\MMIP\week3\data\Dataset\cow\cow (461).jpeg,cow,0.7368,cow,0.7368,cow (0.7368),elephant (0.1188),sheep (0.0490),chicken (0.0281),horse (0.0246),True,True
c:\Users\Alan\python\MMIP\week3\data\Dataset\cow\cow (1014).jpeg,cow,0.66,cow,0.66,cow (0.6600),sheep (0.2005),dog (0.0481),spider (0.0250),elephant (0.0196),True,True
c:\Users\Alan\python\MMIP\week3\data\Dataset\cow\cow (1258).jpeg,cow,0.951,cow,0.951,cow (0.9510),sheep (0.0138),horse (0.0092),dog (0.0073),spider (0.0041),True,True
c:\Users\Alan\python\MMIP\week3\data\Dataset\cow\cow (1558).jpeg,cow,0.9375,cow,0.9375,cow (0.9375),sheep (0.0188),horse (0.0145),elephant (0.0083),dog (0.0059),True,True
c:\Users\Alan\python\MMIP\week3\data\Dataset\cow\cow (121).jpeg,cow,0.6229,cow,0.6229,cow (0.6229),dog (0.1119),sheep (0.0973),horse (0.0471),chicken (0.0439),True,True
c:\Users\Alan\python\MMIP\week3\data\Dataset\cow\cow (1719).jpeg,cow,0.8146,cow,0.8146,cow (0.8146),horse (0.0621),dog (0.0367),chicken (0.0314),sheep (0.0182),True,True
c:\Users\Alan\python\MMIP\week3\data\Dataset\cow\cow (1407).jpeg,cow,0.7466,cow,0.7466,cow (0.7466),sheep (0.1426),spider (0.0197),horse (0.0188),butterfly (0.0169),True,True
c:\Users\Alan\python\MMIP\week3\data\Dataset\cow\cow (247).jpeg,cow,0.8405,cow,0.8405,cow (0.8405),dog (0.0508),sheep (0.0227),horse (0.0188),squirrel (0.0154),True,True
c:\Users\Alan\python\MMIP\week3\data\Dataset\cow\cow (1378).jpeg,cow,0.6399,cow,0.6399,cow (0.6399),sheep (0.1267),horse (0.0951),elephant (0.0384),chicken (0.0256),True,True
c:\Users\Alan\python\MMIP\week3\data\Dataset\cow\cow (401).jpeg,cow,0.5345,cow,0.5345,cow (0.5345),dog (0.1697),elephant (0.0807),cat (0.0606),sheep (0.0593),True,True
c:\Users\Alan\python\MMIP\week3\data\Dataset\cow\cow (340).jpeg,cow,0.8652,cow,0.8652,cow (0.8652),horse (0.0590),sheep (0.0214),spider (0.0152),dog (0.0134),True,True
c:\Users\Alan\python\MMIP\week3\data\Dataset\cow\cow (1860).jpeg,cow,0.4393,cow,0.4393,cow (0.4393),sheep (0.2859),dog (0.1234),chicken (0.0322),spider (0.0278),True,True
c:\Users\Alan\python\MMIP\week3\data\Dataset\cow\cow (1104).jpeg,cow,0.8532,cow,0.8532,cow (0.8532),horse (0.0409),dog (0.0345),sheep (0.0251),spider (0.0204),True,True
c:\Users\Alan\python\MMIP\week3\data\Dataset\cow\cow (392).jpeg,cow,0.9577,cow,0.9577,cow (0.9577),dog (0.0114),horse (0.0085),butterfly (0.0049),chicken (0.0041),True,True
c:\Users\Alan\python\MMIP\week3\data\Dataset\cow\cow (871).jpeg,cow,0.7318,cow,0.7318,cow (0.7318),sheep (0.0880),horse (0.0862),dog (0.0287),chicken (0.0165),True,True
c:\Users\Alan\python\MMIP\week3\data\Dataset\cow\cow (1093).jpeg,cow,0.6813,cow,0.6813,cow (0.6813),horse (0.0734),sheep (0.0632),spider (0.0601),chicken (0.0335),True,True
c:\Users\Alan\python\MMIP\week3\data\Dataset\cow\cow (1740).jpeg,cow,0.8569,cow,0.8569,cow (0.8569),dog (0.0621),sheep (0.0476),squirrel (0.0103),horse (0.0086),True,True
c:\Users\Alan\python\MMIP\week3\data\Dataset\cow\cow (316).jpeg,cow,0.5543,cow,0.5543,cow (0.5543),horse (0.2431),sheep (0.0665),elephant (0.0429),chicken (0.0235),True,True
c:\Users\Alan\python\MMIP\week3\data\Dataset\cow\cow (102).jpeg,cow,0.868,cow,0.868,cow (0.8680),sheep (0.0376),spider (0.0260),dog (0.0221),squirrel (0.0145),True,True
c:\Users\Alan\python\MMIP\week3\data\Dataset\cow\cow (1754).jpeg,cow,0.8209,cow,0.8209,cow (0.8209),horse (0.0813),elephant (0.0341),sheep (0.0190),dog (0.0139),True,True
c:\Users\Alan\python\MMIP\week3\data\Dataset\cow\cow (1523).jpeg,cow,0.7176,cow,0.7176,cow (0.7176),elephant (0.0737),butterfly (0.0462),horse (0.0310),squirrel (0.0307),True,True
c:\Users\Alan\python\MMIP\week3\data\Dataset\cow\cow (1192).jpeg,cow,0.9656,cow,0.9656,cow (0.9656),spider (0.0075),butterfly (0.0072),chicken (0.0047),dog (0.0045),True,True
c:\Users\Alan\python\MMIP\week3\data\Dataset\cow\cow (713).jpeg,cow,0.8988,cow,0.8988,cow (0.8988),dog (0.0348),squirrel (0.0228),sheep (0.0169),chicken (0.0144),True,True
c:\Users\Alan\python\MMIP\week3\data\Dataset\cow\cow (864).jpeg,cow,0.3986,cow,0.3986,cow (0.3986),horse (0.1241),spider (0.1133),sheep (0.0985),dog (0.0742),True,True
c:\Users\Alan\python\MMIP\week3\data\Dataset\cow\cow (1295).jpeg,cow,0.3725,cow,0.3725,cow (0.3725),dog (0.1831),horse (0.1601),sheep (0.0669),spider (0.0565),True,True
c:\Users\Alan\python\MMIP\week3\data\Dataset\cow\cow (1428).jpeg,cow,0.9354,cow,0.9354,cow (0.9354),sheep (0.0535),squirrel (0.0021),horse (0.0020),chicken (0.0019),True,True
c:\Users\Alan\python\MMIP\week3\data\Dataset\cow\cow (348).jpeg,cow,0.7894,cow,0.7894,cow (0.7894),dog (0.1317),horse (0.0184),elephant (0.0151),sheep (0.0140),True,True
c:\Users\Alan\python\MMIP\week3\data\Dataset\cow\cow (1803).jpeg,cow,0.9134,cow,0.9134,cow (0.9134),sheep (0.0244),elephant (0.0201),dog (0.0169),horse (0.0089),True,True
c:\Users\Alan\python\MMIP\week3\data\Dataset\cow\cow (1367).jpeg,cow,0.6796,cow,0.6796,cow (0.6796),dog (0.2255),cat (0.0500),elephant (0.0122),squirrel (0.0105),True,True
c:\Users\Alan\python\MMIP\week3\data\Dataset\cow\cow (1499).jpeg,cow,0.9849,cow,0.9849,cow (0.9849),horse (0.0049),sheep (0.0046),dog (0.0015),butterfly (0.0010),True,True
c:\Users\Alan\python\MMIP\week3\data\Dataset\cow\cow (349).jpeg,cow,0.9739,cow,0.9739,cow (0.9739),dog (0.0058),butterfly (0.0042),elephant (0.0033),horse (0.0033),True,True
c:\Users\Alan\python\MMIP\week3\data\Dataset\cow\cow (1826).jpeg,cow,0.8481,cow,0.8481,cow (0.8481),sheep (0.0793),elephant (0.0282),dog (0.0124),horse (0.0101),True,True
c:\Users\Alan\python\MMIP\week3\data\Dataset\cow\cow (943).jpeg,cow,0.682,cow,0.682,cow (0.6820),horse (0.1329),sheep (0.0531),spider (0.0399),chicken (0.0237),True,True
c:\Users\Alan\python\MMIP\week3\data\Dataset\cow\cow (1569).jpeg,cow,0.6852,cow,0.6852,cow (0.6852),dog (0.1520),sheep (0.0453),elephant (0.0408),cat (0.0209),True,True
c:\Users\Alan\python\MMIP\week3\data\Dataset\cow\cow (1664).jpeg,cow,0.9305,cow,0.9305,cow (0.9305),sheep (0.0385),horse (0.0076),elephant (0.0063),butterfly (0.0050),True,True
c:\Users\Alan\python\MMIP\week3\data\Dataset\cow\cow (1782).jpeg,cow,0.9168,cow,0.9168,cow (0.9168),horse (0.0340),sheep (0.0213),butterfly (0.0079),chicken (0.0060),True,True
c:\Users\Alan\python\MMIP\week3\data\Dataset\cow\cow (985).jpeg,cow,0.9817,cow,0.9817,cow (0.9817),horse (0.0116),sheep (0.0016),dog (0.0014),cat (0.0011),True,True
c:\Users\Alan\python\MMIP\week3\data\Dataset\cow\cow (1767).jpeg,cow,0.8718,cow,0.8718,cow (0.8718),horse (0.0881),dog (0.0125),sheep (0.0107),cat (0.0056),True,True
c:\Users\Alan\python\MMIP\week3\data\Dataset\cow\cow (256).jpeg,cow,0.539,cow,0.539,cow (0.5390),sheep (0.1563),dog (0.0943),horse (0.0869),elephant (0.0366),True,True
c:\Users\Alan\python\MMIP\week3\data\Dataset\cow\cow (578).jpeg,cow,0.5205,cow,0.5205,cow (0.5205),chicken (0.1491),sheep (0.1229),squirrel (0.0807),dog (0.0480),True,True
c:\Users\Alan\python\MMIP\week3\data\Dataset\cow\cow (827).jpeg,cow,0.1324,dog,0.3651,dog (0.3651),horse (0.1747),cow (0.1324),chicken (0.1020),spider (0.0662),False,True
c:\Users\Alan\python\MMIP\week3\data\Dataset\cow\cow (598).jpeg,cow,0.9158,cow,0.9158,cow (0.9158),horse (0.0200),dog (0.0167),butterfly (0.0148),spider (0.0088),True,True
c:\Users\Alan\python\MMIP\week3\data\Dataset\cow\cow (1609).jpeg,cow,0.8238,cow,0.8238,cow (0.8238),dog (0.0654),chicken (0.0208),horse (0.0172),butterfly (0.0160),True,True
c:\Users\Alan\python\MMIP\week3\data\Dataset\cow\cow (1768).jpeg,cow,0.8166,cow,0.8166,cow (0.8166),dog (0.0510),sheep (0.0447),horse (0.0264),elephant (0.0187),True,True
c:\Users\Alan\python\MMIP\week3\data\Dataset\cow\cow (374).jpeg,cow,0.9453,cow,0.9453,cow (0.9453),horse (0.0225),dog (0.0137),squirrel (0.0061),spider (0.0028),True,True
c:\Users\Alan\python\MMIP\week3\data\Dataset\cow\cow (312).jpeg,cow,0.9197,cow,0.9197,cow (0.9197),sheep (0.0390),horse (0.0188),elephant (0.0040),squirrel (0.0040),True,True
c:\Users\Alan\python\MMIP\week3\data\Dataset\cow\cow (1119).jpeg,cow,0.954,cow,0.954,cow (0.9540),horse (0.0186),dog (0.0103),cat (0.0048),spider (0.0026),True,True
c:\Users\Alan\python\MMIP\week3\data\Dataset\cow\cow (1397).jpeg,cow,0.5374,cow,0.5374,cow (0.5374),dog (0.1694),elephant (0.1006),horse (0.0639),sheep (0.0277),True,True
c:\Users\Alan\python\MMIP\week3\data\Dataset\cow\cow (937).jpeg,cow,0.406,cow,0.406,cow (0.4060),sheep (0.1876),horse (0.1721),spider (0.1313),dog (0.0530),True,True
c:\Users\Alan\python\MMIP\week3\data\Dataset\cow\cow (449).jpeg,cow,0.8678,cow,0.8678,cow (0.8678),horse (0.0724),sheep (0.0223),dog (0.0148),elephant (0.0058),True,True
c:\Users\Alan\python\MMIP\week3\data\Dataset\cow\cow (1616).jpeg,cow,0.9436,cow,0.9436,cow (0.9436),dog (0.0159),horse (0.0117),spider (0.0080),cat (0.0052),True,True
c:\Users\Alan\python\MMIP\week3\data\Dataset\cow\cow (257).jpeg,cow,0.6193,cow,0.6193,cow (0.6193),sheep (0.1758),horse (0.0968),spider (0.0411),dog (0.0242),True,True
c:\Users\Alan\python\MMIP\week3\data\Dataset\cow\cow (62).jpeg,cow,0.6692,cow,0.6692,cow (0.6692),horse (0.1015),dog (0.0728),spider (0.0510),elephant (0.0343),True,True
c:\Users\Alan\python\MMIP\week3\data\Dataset\cow\cow (1695).jpeg,cow,0.6593,cow,0.6593,cow (0.6593),dog (0.1343),horse (0.0639),elephant (0.0390),sheep (0.0341),True,True
c:\Users\Alan\python\MMIP\week3\data\Dataset\cow\cow (171).jpeg,cow,0.993,cow,0.993,cow (0.9930),butterfly (0.0016),spider (0.0012),sheep (0.0011),horse (0.0009),True,True
c:\Users\Alan\python\MMIP\week3\data\Dataset\cow\cow (693).jpeg,cow,0.9847,cow,0.9847,cow (0.9847),dog (0.0037),spider (0.0025),butterfly (0.0023),horse (0.0020),True,True
c:\Users\Alan\python\MMIP\week3\data\Dataset\cow\cow (1757).jpeg,cow,0.9539,cow,0.9539,cow (0.9539),dog (0.0171),horse (0.0109),butterfly (0.0064),squirrel (0.0039),True,True
c:\Users\Alan\python\MMIP\week3\data\Dataset\cow\cow (953).jpeg,cow,0.6227,cow,0.6227,cow (0.6227),horse (0.1272),spider (0.0586),elephant (0.0522),sheep (0.0342),True,True
c:\Users\Alan\python\MMIP\week3\data\Dataset\cow\cow (170).jpeg,cow,0.9897,cow,0.9897,cow (0.9897),horse (0.0023),butterfly (0.0021),spider (0.0021),chicken (0.0010),True,True
c:\Users\Alan\python\MMIP\week3\data\Dataset\cow\cow (258).jpeg,cow,0.7948,cow,0.7948,cow (0.7948),dog (0.1149),sheep (0.0510),horse (0.0146),butterfly (0.0092),True,True
c:\Users\Alan\python\MMIP\week3\data\Dataset\cow\cow (1411).jpeg,cow,0.8763,cow,0.8763,cow (0.8763),dog (0.0399),elephant (0.0207),horse (0.0133),cat (0.0119),True,True
c:\Users\Alan\python\MMIP\week3\data\Dataset\cow\cow (932).jpeg,cow,0.859,cow,0.859,cow (0.8590),horse (0.0909),squirrel (0.0112),butterfly (0.0099),elephant (0.0076),True,True
c:\Users\Alan\python\MMIP\week3\data\Dataset\cow\cow (1126).jpeg,cow,0.246,cow,0.246,cow (0.2460),horse (0.2398),spider (0.1444),chicken (0.1106),sheep (0.0849),True,True
c:\Users\Alan\python\MMIP\week3\data\Dataset\cow\cow (1203).jpeg,cow,0.9059,cow,0.9059,cow (0.9059),horse (0.0443),dog (0.0242),sheep (0.0076),chicken (0.0047),True,True
c:\Users\Alan\python\MMIP\week3\data\Dataset\cow\cow (1842).jpeg,cow,0.8808,cow,0.8808,cow (0.8808),sheep (0.0401),dog (0.0160),horse (0.0125),elephant (0.0123),True,True
c:\Users\Alan\python\MMIP\week3\data\Dataset\cow\cow (1362).jpeg,cow,0.4639,cow,0.4639,cow (0.4639),horse (0.3938),dog (0.0264),butterfly (0.0227),elephant (0.0224),True,True
c:\Users\Alan\python\MMIP\week3\data\Dataset\cow\cow (591).jpeg,cow,0.8927,cow,0.8927,cow (0.8927),spider (0.0613),chicken (0.0134),sheep (0.0093),horse (0.0080),True,True
c:\Users\Alan\python\MMIP\week3\data\Dataset\cow\cow (901).jpeg,cow,0.9842,cow,0.9842,cow (0.9842),dog (0.0033),chicken (0.0030),horse (0.0019),cat (0.0016),True,True
c:\Users\Alan\python\MMIP\week3\data\Dataset\cow\cow (1585).jpeg,cow,0.715,cow,0.715,cow (0.7150),sheep (0.1378),dog (0.0560),chicken (0.0308),elephant (0.0191),True,True
c:\Users\Alan\python\MMIP\week3\data\Dataset\cow\cow (116).jpeg,cow,0.9514,cow,0.9514,cow (0.9514),horse (0.0200),sheep (0.0088),cat (0.0054),dog (0.0050),True,True
c:\Users\Alan\python\MMIP\week3\data\Dataset\cow\cow (1060).jpeg,cow,0.1685,elephant,0.527,elephant (0.5270),cow (0.1685),dog (0.1058),squirrel (0.0647),chicken (0.0537),False,True
c:\Users\Alan\python\MMIP\week3\data\Dataset\cow\cow (831).jpeg,cow,0.9845,cow,0.9845,cow (0.9845),horse (0.0065),sheep (0.0044),spider (0.0013),elephant (0.0012),True,True
c:\Users\Alan\python\MMIP\week3\data\Dataset\cow\cow (728).jpeg,cow,0.821,cow,0.821,cow (0.8210),horse (0.0918),squirrel (0.0220),spider (0.0130),chicken (0.0122),True,True
c:\Users\Alan\python\MMIP\week3\data\Dataset\cow\cow (747).jpeg,cow,0.854,cow,0.854,cow (0.8540),elephant (0.0385),sheep (0.0345),horse (0.0252),spider (0.0114),True,True
c:\Users\Alan\python\MMIP\week3\data\Dataset\cow\cow (1520).jpeg,cow,0.5099,cow,0.5099,cow (0.5099),dog (0.1718),sheep (0.0795),cat (0.0576),chicken (0.0554),True,True
c:\Users\Alan\python\MMIP\week3\data\Dataset\cow\cow (1475).jpeg,cow,0.9657,cow,0.9657,cow (0.9657),horse (0.0217),butterfly (0.0028),spider (0.0021),dog (0.0018),True,True
c:\Users\Alan\python\MMIP\week3\data\Dataset\cow\cow (38).jpeg,cow,0.9463,cow,0.9463,cow (0.9463),horse (0.0159),elephant (0.0081),butterfly (0.0063),spider (0.0055),True,True
c:\Users\Alan\python\MMIP\week3\data\Dataset\cow\cow (641).jpeg,cow,0.7094,cow,0.7094,cow (0.7094),horse (0.1218),elephant (0.0693),dog (0.0225),sheep (0.0206),True,True
c:\Users\Alan\python\MMIP\week3\data\Dataset\cow\cow (1075).jpeg,cow,0.9782,cow,0.9782,cow (0.9782),horse (0.0057),sheep (0.0050),spider (0.0034),dog (0.0032),True,True
c:\Users\Alan\python\MMIP\week3\data\Dataset\cow\cow (480).jpeg,cow,0.6867,cow,0.6867,cow (0.6867),sheep (0.1486),horse (0.0866),cat (0.0146),elephant (0.0137),True,True
c:\Users\Alan\python\MMIP\week3\data\Dataset\cow\cow (356).jpeg,cow,0.4616,cow,0.4616,cow (0.4616),dog (0.1345),horse (0.1094),sheep (0.0689),chicken (0.0613),True,True
c:\Users\Alan\python\MMIP\week3\data\Dataset\cow\cow (1580).jpeg,cow,0.9188,cow,0.9188,cow (0.9188),sheep (0.0331),dog (0.0136),horse (0.0078),cat (0.0068),True,True
c:\Users\Alan\python\MMIP\week3\data\Dataset\cow\cow (744).jpeg,cow,0.9678,cow,0.9678,cow (0.9678),dog (0.0192),butterfly (0.0040),spider (0.0022),cat (0.0019),True,True
c:\Users\Alan\python\MMIP\week3\data\Dataset\cow\cow (139).jpeg,cow,0.8845,cow,0.8845,cow (0.8845),horse (0.0391),dog (0.0279),elephant (0.0149),sheep (0.0105),True,True
c:\Users\Alan\python\MMIP\week3\data\Dataset\cow\cow (1799).jpeg,cow,0.8592,cow,0.8592,cow (0.8592),cat (0.0483),dog (0.0376),elephant (0.0159),sheep (0.0158),True,True
c:\Users\Alan\python\MMIP\week3\data\Dataset\cow\cow (1778).jpeg,cow,0.7,cow,0.7,cow (0.7000),horse (0.1185),dog (0.0727),sheep (0.0324),chicken (0.0223),True,True
c:\Users\Alan\python\MMIP\week3\data\Dataset\cow\cow (1468).jpeg,cow,0.8731,cow,0.8731,cow (0.8731),sheep (0.0578),dog (0.0186),horse (0.0183),butterfly (0.0084),True,True
c:\Users\Alan\python\MMIP\week3\data\Dataset\cow\cow (1566).jpeg,cow,0.8685,cow,0.8685,cow (0.8685),horse (0.0522),elephant (0.0203),dog (0.0169),sheep (0.0098),True,True
c:\Users\Alan\python\MMIP\week3\data\Dataset\cow\cow (639).jpeg,cow,0.8293,cow,0.8293,cow (0.8293),dog (0.0538),spider (0.0213),butterfly (0.0207),horse (0.0192),True,True
c:\Users\Alan\python\MMIP\week3\data\Dataset\cow\cow (1306).jpeg,cow,0.8205,cow,0.8205,cow (0.8205),horse (0.1505),sheep (0.0080),dog (0.0054),butterfly (0.0046),True,True
c:\Users\Alan\python\MMIP\week3\data\Dataset\cow\cow (1763).jpeg,cow,0.4352,cow,0.4352,cow (0.4352),horse (0.1836),sheep (0.1556),spider (0.0958),dog (0.0409),True,True
c:\Users\Alan\python\MMIP\week3\data\Dataset\cow\cow (301).jpeg,cow,0.5713,cow,0.5713,cow (0.5713),horse (0.2656),dog (0.0509),cat (0.0307),elephant (0.0213),True,True
c:\Users\Alan\python\MMIP\week3\data\Dataset\cow\cow (233).jpeg,cow,0.8469,cow,0.8469,cow (0.8469),dog (0.0348),horse (0.0203),chicken (0.0199),squirrel (0.0168),True,True
c:\Users\Alan\python\MMIP\week3\data\Dataset\cow\cow (1534).jpeg,cow,0.8434,cow,0.8434,cow (0.8434),chicken (0.0819),cat (0.0131),spider (0.0129),butterfly (0.0112),True,True
c:\Users\Alan\python\MMIP\week3\data\Dataset\cow\cow (1276).jpeg,cow,0.2923,sheep,0.5826,sheep (0.5826),cow (0.2923),elephant (0.0359),dog (0.0253),cat (0.0178),False,True
c:\Users\Alan\python\MMIP\week3\data\Dataset\cow\cow (1073).jpeg,cow,0.9631,cow,0.9631,cow (0.9631),sheep (0.0102),dog (0.0062),horse (0.0044),spider (0.0043),True,True
c:\Users\Alan\python\MMIP\week3\data\Dataset\cow\cow (454).jpeg,cow,0.501,cow,0.501,cow (0.5010),dog (0.3258),horse (0.0511),sheep (0.0499),elephant (0.0203),True,True
c:\Users\Alan\python\MMIP\week3\data\Dataset\cow\cow (1215).jpeg,cow,0.2023,horse,0.3727,horse (0.3727),cow (0.2023),dog (0.1770),elephant (0.0730),sheep (0.0571),False,True
c:\Users\Alan\python\MMIP\week3\data\Dataset\cow\cow (797).jpeg,cow,0.9465,cow,0.9465,cow (0.9465),butterfly (0.0112),horse (0.0103),dog (0.0101),spider (0.0071),True,True
c:\Users\Alan\python\MMIP\week3\data\Dataset\cow\cow (431).jpeg,cow,0.578,cow,0.578,cow (0.5780),sheep (0.1288),dog (0.0961),chicken (0.0473),cat (0.0407),True,True
c:\Users\Alan\python\MMIP\week3\data\Dataset\cow\cow (1032).jpeg,cow,0.7656,cow,0.7656,cow (0.7656),horse (0.0803),sheep (0.0689),spider (0.0240),elephant (0.0156),True,True
c:\Users\Alan\python\MMIP\week3\data\Dataset\cow\cow (1077).jpeg,cow,0.7374,cow,0.7374,cow (0.7374),sheep (0.1597),dog (0.0321),horse (0.0221),butterfly (0.0166),True,True
c:\Users\Alan\python\MMIP\week3\data\Dataset\cow\cow (1675).jpeg,cow,0.9429,cow,0.9429,cow (0.9429),sheep (0.0197),elephant (0.0096),horse (0.0067),chicken (0.0052),True,True
c:\Users\Alan\python\MMIP\week3\data\Dataset\cow\cow (584).jpeg,cow,0.0343,dog,0.352,dog (0.3520),chicken (0.2198),spider (0.1204),horse (0.0657),squirrel (0.0572),False,False
c:\Users\Alan\python\MMIP\week3\data\Dataset\cow\cow (1319).jpeg,cow,0.3522,cow,0.3522,cow (0.3522),elephant (0.1604),horse (0.0939),spider (0.0903),cat (0.0637),True,True
c:\Users\Alan\python\MMIP\week3\data\Dataset\cow\cow (1274).jpeg,cow,0.9749,cow,0.9749,cow (0.9749),dog (0.0173),sheep (0.0014),horse (0.0012),spider (0.0011),True,True
c:\Users\Alan\python\MMIP\week3\data\Dataset\cow\cow (1732).jpeg,cow,0.8249,cow,0.8249,cow (0.8249),dog (0.0623),horse (0.0461),elephant (0.0190),chicken (0.0113),True,True
c:\Users\Alan\python\MMIP\week3\data\Dataset\cow\cow (835).jpeg,cow,0.2302,elephant,0.2727,elephant (0.2727),spider (0.2344),cow (0.2302),horse (0.0646),dog (0.0619),False,True
c:\Users\Alan\python\MMIP\week3\data\Dataset\cow\cow (1506).jpeg,cow,0.967,cow,0.967,cow (0.9670),sheep (0.0148),horse (0.0102),dog (0.0043),butterfly (0.0010),True,True
c:\Users\Alan\python\MMIP\week3\data\Dataset\cow\cow (768).jpeg,cow,0.855,cow,0.855,cow (0.8550),horse (0.1176),spider (0.0054),cat (0.0052),butterfly (0.0043),True,True
c:\Users\Alan\python\MMIP\week3\data\Dataset\cow\cow (1793).jpeg,cow,0.9569,cow,0.9569,cow (0.9569),horse (0.0103),spider (0.0092),butterfly (0.0079),dog (0.0064),True,True
c:\Users\Alan\python\MMIP\week3\data\Dataset\cow\cow (1252).jpeg,cow,0.8838,cow,0.8838,cow (0.8838),horse (0.0494),sheep (0.0317),elephant (0.0071),spider (0.0070),True,True
c:\Users\Alan\python\MMIP\week3\data\Dataset\cow\cow (1699).jpeg,cow,0.5497,cow,0.5497,cow (0.5497),horse (0.3854),spider (0.0188),sheep (0.0119),butterfly (0.0100),True,True
c:\Users\Alan\python\MMIP\week3\data\Dataset\cow\cow (123).jpeg,cow,0.8229,cow,0.8229,cow (0.8229),horse (0.0752),elephant (0.0352),sheep (0.0195),spider (0.0117),True,True
c:\Users\Alan\python\MMIP\week3\data\Dataset\cow\cow (503).jpeg,cow,0.5997,cow,0.5997,cow (0.5997),horse (0.1903),elephant (0.0894),butterfly (0.0240),dog (0.0237),True,True
c:\Users\Alan\python\MMIP\week3\data\Dataset\cow\cow (250).jpeg,cow,0.8196,cow,0.8196,cow (0.8196),sheep (0.0587),chicken (0.0356),squirrel (0.0270),horse (0.0240),True,True
c:\Users\Alan\python\MMIP\week3\data\Dataset\cow\cow (1679).jpeg,cow,0.9238,cow,0.9238,cow (0.9238),horse (0.0308),dog (0.0163),chicken (0.0075),sheep (0.0054),True,True
c:\Users\Alan\python\MMIP\week3\data\Dataset\cow\cow (1474).jpeg,cow,0.0594,horse,0.4739,horse (0.4739),dog (0.3407),cow (0.0594),spider (0.0419),cat (0.0227),False,True
c:\Users\Alan\python\MMIP\week3\data\Dataset\cow\cow (1427).jpeg,cow,0.6167,cow,0.6167,cow (0.6167),horse (0.2346),sheep (0.0405),butterfly (0.0321),spider (0.0278),True,True
c:\Users\Alan\python\MMIP\week3\data\Dataset\cow\cow (248).jpeg,cow,0.9879,cow,0.9879,cow (0.9879),chicken (0.0035),dog (0.0022),horse (0.0016),sheep (0.0013),True,True
c:\Users\Alan\python\MMIP\week3\data\Dataset\cow\cow (1571).jpeg,cow,0.4857,cow,0.4857,cow (0.4857),sheep (0.1389),elephant (0.1312),horse (0.0671),spider (0.0619),True,True
c:\Users\Alan\python\MMIP\week3\data\Dataset\cow\cow (515).jpeg,cow,0.2858,dog,0.4814,dog (0.4814),cow (0.2858),horse (0.0627),cat (0.0565),squirrel (0.0335),False,True
c:\Users\Alan\python\MMIP\week3\data\Dataset\cow\cow (1555).jpeg,cow,0.6276,cow,0.6276,cow (0.6276),elephant (0.1536),horse (0.1135),dog (0.0459),cat (0.0212),True,True
c:\Users\Alan\python\MMIP\week3\data\Dataset\cow\cow (1462).jpeg,cow,0.6292,cow,0.6292,cow (0.6292),sheep (0.2150),spider (0.0363),butterfly (0.0269),elephant (0.0245),True,True
c:\Users\Alan\python\MMIP\week3\data\Dataset\cow\cow (642).jpeg,cow,0.9813,cow,0.9813,cow (0.9813),sheep (0.0057),chicken (0.0046),dog (0.0027),horse (0.0019),True,True
c:\Users\Alan\python\MMIP\week3\data\Dataset\cow\cow (970).jpeg,cow,0.4821,cow,0.4821,cow (0.4821),sheep (0.3620),dog (0.0673),spider (0.0224),squirrel (0.0184),True,True
c:\Users\Alan\python\MMIP\week3\data\Dataset\cow\cow (71).jpeg,cow,0.4106,cow,0.4106,cow (0.4106),dog (0.3066),elephant (0.0609),spider (0.0458),cat (0.0414),True,True
c:\Users\Alan\python\MMIP\week3\data\Dataset\cow\cow (1314).jpeg,cow,0.7615,cow,0.7615,cow (0.7615),dog (0.0886),sheep (0.0524),elephant (0.0380),horse (0.0264),True,True
c:\Users\Alan\python\MMIP\week3\data\Dataset\cow\cow (1170).jpeg,cow,0.7693,cow,0.7693,cow (0.7693),horse (0.1092),dog (0.0495),cat (0.0191),sheep (0.0106),True,True
c:\Users\Alan\python\MMIP\week3\data\Dataset\cow\cow (1570).jpeg,cow,0.8158,cow,0.8158,cow (0.8158),elephant (0.0939),horse (0.0279),spider (0.0200),dog (0.0107),True,True
c:\Users\Alan\python\MMIP\week3\data\Dataset\cow\cow (1225).jpeg,cow,0.9447,cow,0.9447,cow (0.9447),sheep (0.0200),horse (0.0081),spider (0.0062),dog (0.0057),True,True
c:\Users\Alan\python\MMIP\week3\data\Dataset\cow\cow (1488).jpeg,cow,0.7439,cow,0.7439,cow (0.7439),sheep (0.0673),spider (0.0520),horse (0.0371),dog (0.0286),True,True
c:\Users\Alan\python\MMIP\week3\data\Dataset\cow\cow (1097).jpeg,cow,0.7514,cow,0.7514,cow (0.7514),dog (0.0966),chicken (0.0520),squirrel (0.0258),sheep (0.0257),True,True
c:\Users\Alan\python\MMIP\week3\data\Dataset\cow\cow (463).jpeg,cow,0.976,cow,0.976,cow (0.9760),butterfly (0.0079),horse (0.0067),spider (0.0018),sheep (0.0018),True,True
c:\Users\Alan\python\MMIP\week3\data\Dataset\cow\cow (504).jpeg,cow,0.0962,horse,0.4991,horse (0.4991),dog (0.1257),chicken (0.1098),cow (0.0962),sheep (0.0871),False,True
c:\Users\Alan\python\MMIP\week3\data\Dataset\cow\cow (136).jpeg,cow,0.8796,cow,0.8796,cow (0.8796),chicken (0.0416),sheep (0.0215),horse (0.0200),dog (0.0172),True,True
c:\Users\Alan\python\MMIP\week3\data\Dataset\cow\cow (142).jpeg,cow,0.9777,cow,0.9777,cow (0.9777),butterfly (0.0068),spider (0.0035),chicken (0.0027),sheep (0.0024),True,True
c:\Users\Alan\python\MMIP\week3\data\Dataset\cow\cow (1662).jpeg,cow,0.9213,cow,0.9213,cow (0.9213),butterfly (0.0258),chicken (0.0139),horse (0.0130),spider (0.0076),True,True
c:\Users\Alan\python\MMIP\week3\data\Dataset\cow\cow (634).jpeg,cow,0.8336,cow,0.8336,cow (0.8336),elephant (0.0377),sheep (0.0339),dog (0.0305),horse (0.0188),True,True
c:\Users\Alan\python\MMIP\week3\data\Dataset\cow\cow (1490).jpeg,cow,0.8908,cow,0.8908,cow (0.8908),horse (0.0374),dog (0.0320),spider (0.0098),butterfly (0.0081),True,True
c:\Users\Alan\python\MMIP\week3\data\Dataset\cow\cow (1812).jpeg,cow,0.6959,cow,0.6959,cow (0.6959),horse (0.2325),dog (0.0237),spider (0.0120),elephant (0.0099),True,True
c:\Users\Alan\python\MMIP\week3\data\Dataset\cow\cow (241).jpeg,cow,0.9181,cow,0.9181,cow (0.9181),sheep (0.0189),elephant (0.0160),horse (0.0116),dog (0.0097),True,True
c:\Users\Alan\python\MMIP\week3\data\Dataset\cow\cow (484).jpeg,cow,0.1656,sheep,0.2667,sheep (0.2667),cow (0.1656),dog (0.1374),horse (0.1329),butterfly (0.0664),False,True
c:\Users\Alan\python\MMIP\week3\data\Dataset\cow\cow (1721).jpeg,cow,0.8354,cow,0.8354,cow (0.8354),elephant (0.0669),sheep (0.0276),spider (0.0191),squirrel (0.0137),True,True
c:\Users\Alan\python\MMIP\week3\data\Dataset\cow\cow (1190).jpeg,cow,0.9692,cow,0.9692,cow (0.9692),dog (0.0185),elephant (0.0033),sheep (0.0022),butterfly (0.0019),True,True
c:\Users\Alan\python\MMIP\week3\data\Dataset\cow\cow (443).jpeg,cow,0.575,cow,0.575,cow (0.5750),horse (0.2873),spider (0.0366),elephant (0.0267),dog (0.0233),True,True
c:\Users\Alan\python\MMIP\week3\data\Dataset\cow\cow (508).jpeg,cow,0.9386,cow,0.9386,cow (0.9386),dog (0.0224),horse (0.0179),butterfly (0.0077),sheep (0.0040),True,True
c:\Users\Alan\python\MMIP\week3\data\Dataset\cow\cow (1576).jpeg,cow,0.9667,cow,0.9667,cow (0.9667),horse (0.0109),dog (0.0063),sheep (0.0044),squirrel (0.0029),True,True
c:\Users\Alan\python\MMIP\week3\data\Dataset\cow\cow (518).jpeg,cow,0.7232,cow,0.7232,cow (0.7232),horse (0.1162),elephant (0.0482),spider (0.0236),dog (0.0212),True,True
c:\Users\Alan\python\MMIP\week3\data\Dataset\cow\cow (237).jpeg,cow,0.9062,cow,0.9062,cow (0.9062),horse (0.0367),sheep (0.0180),elephant (0.0110),dog (0.0096),True,True
c:\Users\Alan\python\MMIP\week3\data\Dataset\cow\cow (1350).jpeg,cow,0.3585,dog,0.4015,dog (0.4015),cow (0.3585),sheep (0.0846),horse (0.0389),cat (0.0280),False,True
c:\Users\Alan\python\MMIP\week3\data\Dataset\cow\cow (148).jpeg,cow,0.9894,cow,0.9894,cow (0.9894),dog (0.0041),horse (0.0021),butterfly (0.0010),cat (0.0009),True,True
c:\Users\Alan\python\MMIP\week3\data\Dataset\cow\cow (826).jpeg,cow,0.7899,cow,0.7899,cow (0.7899),dog (0.1165),chicken (0.0326),horse (0.0240),sheep (0.0138),True,True
c:\Users\Alan\python\MMIP\week3\data\Dataset\cow\cow (252).jpeg,cow,0.1598,sheep,0.3334,sheep (0.3334),cat (0.1737),cow (0.1598),horse (0.1062),dog (0.1021),False,True
c:\Users\Alan\python\MMIP\week3\data\Dataset\cow\cow (891).jpeg,cow,0.9412,cow,0.9412,cow (0.9412),horse (0.0271),butterfly (0.0066),sheep (0.0059),chicken (0.0051),True,True
c:\Users\Alan\python\MMIP\week3\data\Dataset\cow\cow (149).jpeg,cow,0.9768,cow,0.9768,cow (0.9768),sheep (0.0078),spider (0.0037),elephant (0.0033),dog (0.0022),True,True
c:\Users\Alan\python\MMIP\week3\data\Dataset\cow\cow (1865).jpeg,cow,0.642,cow,0.642,cow (0.6420),sheep (0.0764),horse (0.0685),dog (0.0619),chicken (0.0388),True,True
c:\Users\Alan\python\MMIP\week3\data\Dataset\cow\cow (1081).jpeg,cow,0.9097,cow,0.9097,cow (0.9097),sheep (0.0321),horse (0.0255),dog (0.0228),butterfly (0.0026),True,True
c:\Users\Alan\python\MMIP\week3\data\Dataset\cow\cow (1189).jpeg,cow,0.9889,cow,0.9889,cow (0.9889),sheep (0.0053),dog (0.0016),chicken (0.0008),butterfly (0.0008),True,True
c:\Users\Alan\python\MMIP\week3\data\Dataset\cow\cow (200).jpeg,cow,0.9909,cow,0.9909,cow (0.9909),spider (0.0022),dog (0.0020),butterfly (0.0012),chicken (0.0011),True,True
c:\Users\Alan\python\MMIP\week3\data\Dataset\cow\cow (740).jpeg,cow,0.8465,cow,0.8465,cow (0.8465),horse (0.0361),dog (0.0336),elephant (0.0170),cat (0.0145),True,True
c:\Users\Alan\python\MMIP\week3\data\Dataset\cow\cow (379).jpeg,cow,0.9609,cow,0.9609,cow (0.9609),horse (0.0078),chicken (0.0075),sheep (0.0067),butterfly (0.0056),True,True
c:\Users\Alan\python\MMIP\week3\data\Dataset\dog\dog (2981).jpeg,dog,0.7078,dog,0.7078,dog (0.7078),cat (0.1786),sheep (0.0289),chicken (0.0283),cow (0.0141),True,True
c:\Users\Alan\python\MMIP\week3\data\Dataset\dog\dog (4586).jpeg,dog,0.7862,dog,0.7862,dog (0.7862),spider (0.1001),horse (0.0454),chicken (0.0213),cow (0.0173),True,True
c:\Users\Alan\python\MMIP\week3\data\Dataset\dog\dog (4010).jpeg,dog,0.8976,dog,0.8976,dog (0.8976),elephant (0.0234),cow (0.0192),horse (0.0118),cat (0.0095),True,True
c:\Users\Alan\python\MMIP\week3\data\Dataset\dog\dog (1917).jpeg,dog,0.7821,dog,0.7821,dog (0.7821),spider (0.0527),chicken (0.0418),sheep (0.0351),elephant (0.0245),True,True
c:\Users\Alan\python\MMIP\week3\data\Dataset\dog\dog (2183).jpeg,dog,0.5134,dog,0.5134,dog (0.5134),horse (0.2936),cow (0.0646),chicken (0.0294),spider (0.0279),True,True
c:\Users\Alan\python\MMIP\week3\data\Dataset\dog\dog (3017).jpeg,dog,0.9177,dog,0.9177,dog (0.9177),cat (0.0157),chicken (0.0146),spider (0.0129),sheep (0.0104),True,True
c:\Users\Alan\python\MMIP\week3\data\Dataset\dog\dog (2425).jpeg,dog,0.907,dog,0.907,dog (0.9070),spider (0.0297),sheep (0.0190),butterfly (0.0143),squirrel (0.0076),True,True
c:\Users\Alan\python\MMIP\week3\data\Dataset\dog\dog (4740).jpeg,dog,0.7812,dog,0.7812,dog (0.7812),horse (0.0773),elephant (0.0468),chicken (0.0391),spider (0.0168),True,True
c:\Users\Alan\python\MMIP\week3\data\Dataset\dog\dog (1350).jpeg,dog,0.9426,dog,0.9426,dog (0.9426),spider (0.0137),horse (0.0090),sheep (0.0078),chicken (0.0072),True,True
c:\Users\Alan\python\MMIP\week3\data\Dataset\dog\dog (2491).jpeg,dog,0.828,dog,0.828,dog (0.8280),cat (0.0767),squirrel (0.0411),butterfly (0.0119),horse (0.0118),True,True
c:\Users\Alan\python\MMIP\week3\data\Dataset\dog\dog (4371).jpeg,dog,0.6943,dog,0.6943,dog (0.6943),chicken (0.1047),cat (0.0660),sheep (0.0430),butterfly (0.0377),True,True
c:\Users\Alan\python\MMIP\week3\data\Dataset\dog\dog (4095).jpeg,dog,0.7016,dog,0.7016,dog (0.7016),sheep (0.1183),cow (0.0664),chicken (0.0384),horse (0.0245),True,True
c:\Users\Alan\python\MMIP\week3\data\Dataset\dog\dog (174).jpeg,dog,0.9762,dog,0.9762,dog (0.9762),chicken (0.0056),sheep (0.0053),squirrel (0.0036),spider (0.0027),True,True
c:\Users\Alan\python\MMIP\week3\data\Dataset\dog\dog (1902).jpeg,dog,0.8237,dog,0.8237,dog (0.8237),cat (0.0511),elephant (0.0329),sheep (0.0308),cow (0.0159),True,True
c:\Users\Alan\python\MMIP\week3\data\Dataset\dog\dog (300).jpeg,dog,0.6572,dog,0.6572,dog (0.6572),cow (0.1268),sheep (0.0646),elephant (0.0354),horse (0.0254),True,True
c:\Users\Alan\python\MMIP\week3\data\Dataset\dog\dog (4367).jpeg,dog,0.9785,dog,0.9785,dog (0.9785),cow (0.0044),elephant (0.0036),spider (0.0033),sheep (0.0025),True,True
c:\Users\Alan\python\MMIP\week3\data\Dataset\dog\dog (4216).jpeg,dog,0.9989,dog,0.9989,dog (0.9989),butterfly (0.0004),spider (0.0004),elephant (0.0001),chicken (0.0001),True,True
c:\Users\Alan\python\MMIP\week3\data\Dataset\dog\dog (590).jpeg,dog,0.9228,dog,0.9228,dog (0.9228),horse (0.0336),cow (0.0105),sheep (0.0077),cat (0.0061),True,True
c:\Users\Alan\python\MMIP\week3\data\Dataset\dog\dog (2587).jpeg,dog,0.744,dog,0.744,dog (0.7440),butterfly (0.1010),sheep (0.0381),horse (0.0356),elephant (0.0262),True,True
c:\Users\Alan\python\MMIP\week3\data\Dataset\dog\dog (647).jpeg,dog,0.8144,dog,0.8144,dog (0.8144),cow (0.0465),chicken (0.0397),elephant (0.0248),sheep (0.0234),True,True
c:\Users\Alan\python\MMIP\week3\data\Dataset\dog\dog (2595).jpeg,dog,0.9471,dog,0.9471,dog (0.9471),cat (0.0219),chicken (0.0120),sheep (0.0053),butterfly (0.0053),True,True
c:\Users\Alan\python\MMIP\week3\data\Dataset\dog\dog (2744).jpeg,dog,0.7559,dog,0.7559,dog (0.7559),squirrel (0.0460),sheep (0.0455),horse (0.0351),cow (0.0331),True,True
c:\Users\Alan\python\MMIP\week3\data\Dataset\dog\dog (3135).jpeg,dog,0.9384,dog,0.9384,dog (0.9384),spider (0.0245),sheep (0.0082),cow (0.0066),chicken (0.0047),True,True
c:\Users\Alan\python\MMIP\week3\data\Dataset\dog\dog (4555).jpeg,dog,0.9477,dog,0.9477,dog (0.9477),spider (0.0093),sheep (0.0089),butterfly (0.0075),cat (0.0063),True,True
c:\Users\Alan\python\MMIP\week3\data\Dataset\dog\dog (3318).jpeg,dog,0.876,dog,0.876,dog (0.8760),spider (0.0325),squirrel (0.0289),chicken (0.0190),butterfly (0.0126),True,True
c:\Users\Alan\python\MMIP\week3\data\Dataset\dog\dog (1894).jpeg,dog,0.803,dog,0.803,dog (0.8030),cat (0.1132),spider (0.0247),squirrel (0.0153),butterfly (0.0088),True,True
c:\Users\Alan\python\MMIP\week3\data\Dataset\dog\dog (1998).jpeg,dog,0.92,dog,0.92,dog (0.9200),elephant (0.0291),spider (0.0107),horse (0.0088),squirrel (0.0069),True,True
c:\Users\Alan\python\MMIP\week3\data\Dataset\dog\dog (1643).jpeg,dog,0.494,dog,0.494,dog (0.4940),spider (0.2369),cat (0.1583),sheep (0.0236),horse (0.0228),True,True
c:\Users\Alan\python\MMIP\week3\data\Dataset\dog\dog (3198).jpeg,dog,0.1878,spider,0.228,spider (0.2280),squirrel (0.2117),dog (0.1878),chicken (0.1860),cat (0.0606),False,True
c:\Users\Alan\python\MMIP\week3\data\Dataset\dog\dog (3945).jpeg,dog,0.9566,dog,0.9566,dog (0.9566),horse (0.0130),cat (0.0057),sheep (0.0049),spider (0.0048),True,True
c:\Users\Alan\python\MMIP\week3\data\Dataset\dog\dog (2689).jpeg,dog,0.8403,dog,0.8403,dog (0.8403),squirrel (0.0524),cat (0.0290),spider (0.0271),chicken (0.0126),True,True
c:\Users\Alan\python\MMIP\week3\data\Dataset\dog\dog (1536).jpeg,dog,0.9896,dog,0.9896,dog (0.9896),sheep (0.0022),spider (0.0021),butterfly (0.0021),chicken (0.0019),True,True
c:\Users\Alan\python\MMIP\week3\data\Dataset\dog\dog (4053).jpeg,dog,0.9808,dog,0.9808,dog (0.9808),cat (0.0113),horse (0.0023),chicken (0.0016),butterfly (0.0010),True,True
c:\Users\Alan\python\MMIP\week3\data\Dataset\dog\dog (3970).jpeg,dog,0.9821,dog,0.9821,dog (0.9821),cat (0.0036),chicken (0.0034),cow (0.0033),horse (0.0016),True,True
c:\Users\Alan\python\MMIP\week3\data\Dataset\dog\dog (1170).jpeg,dog,0.8804,dog,0.8804,dog (0.8804),cat (0.0411),sheep (0.0179),horse (0.0175),elephant (0.0151),True,True
c:\Users\Alan\python\MMIP\week3\data\Dataset\dog\dog (4221).jpeg,dog,0.9193,dog,0.9193,dog (0.9193),cow (0.0285),sheep (0.0177),horse (0.0110),chicken (0.0081),True,True
c:\Users\Alan\python\MMIP\week3\data\Dataset\dog\dog (96).jpeg,dog,0.8271,dog,0.8271,dog (0.8271),elephant (0.0658),chicken (0.0387),spider (0.0209),cow (0.0126),True,True
c:\Users\Alan\python\MMIP\week3\data\Dataset\dog\dog (4844).jpeg,dog,0.9193,dog,0.9193,dog (0.9193),cat (0.0489),chicken (0.0079),butterfly (0.0072),spider (0.0042),True,True
c:\Users\Alan\python\MMIP\week3\data\Dataset\dog\dog (3384).jpeg,dog,0.7973,dog,0.7973,dog (0.7973),chicken (0.0843),spider (0.0285),horse (0.0251),butterfly (0.0163),True,True
c:\Users\Alan\python\MMIP\week3\data\Dataset\dog\dog (407).jpeg,dog,0.8362,dog,0.8362,dog (0.8362),cow (0.0577),spider (0.0212),squirrel (0.0206),horse (0.0140),True,True
c:\Users\Alan\python\MMIP\week3\data\Dataset\dog\dog (875).jpeg,dog,0.8261,dog,0.8261,dog (0.8261),cat (0.0392),horse (0.0376),sheep (0.0366),cow (0.0253),True,True
c:\Users\Alan\python\MMIP\week3\data\Dataset\dog\dog (694).jpeg,dog,0.9248,dog,0.9248,dog (0.9248),cow (0.0125),elephant (0.0109),chicken (0.0108),horse (0.0107),True,True
c:\Users\Alan\python\MMIP\week3\data\Dataset\dog\dog (1466).jpeg,dog,0.708,dog,0.708,dog (0.7080),cat (0.0879),chicken (0.0573),horse (0.0334),butterfly (0.0331),True,True
c:\Users\Alan\python\MMIP\week3\data\Dataset\dog\dog (4850).jpeg,dog,0.9302,dog,0.9302,dog (0.9302),cat (0.0164),sheep (0.0121),spider (0.0080),butterfly (0.0071),True,True
c:\Users\Alan\python\MMIP\week3\data\Dataset\dog\dog (3975).jpeg,dog,0.9171,dog,0.9171,dog (0.9171),elephant (0.0530),chicken (0.0102),cow (0.0068),spider (0.0045),True,True
c:\Users\Alan\python\MMIP\week3\data\Dataset\dog\dog (4858).jpeg,dog,0.8093,dog,0.8093,dog (0.8093),cat (0.0731),sheep (0.0492),cow (0.0291),squirrel (0.0149),True,True
c:\Users\Alan\python\MMIP\week3\data\Dataset\dog\dog (4505).jpeg,dog,0.8686,dog,0.8686,dog (0.8686),cat (0.0403),spider (0.0258),squirrel (0.0155),cow (0.0128),True,True
c:\Users\Alan\python\MMIP\week3\data\Dataset\dog\dog (563).jpeg,dog,0.9344,dog,0.9344,dog (0.9344),butterfly (0.0151),sheep (0.0137),horse (0.0127),cow (0.0077),True,True
c:\Users\Alan\python\MMIP\week3\data\Dataset\dog\dog (3754).jpeg,dog,0.7744,dog,0.7744,dog (0.7744),cat (0.0777),elephant (0.0736),chicken (0.0240),horse (0.0162),True,True
c:\Users\Alan\python\MMIP\week3\data\Dataset\dog\dog (3550).jpeg,dog,0.9751,dog,0.9751,dog (0.9751),squirrel (0.0088),horse (0.0039),elephant (0.0038),butterfly (0.0018),True,True
c:\Users\Alan\python\MMIP\week3\data\Dataset\dog\dog (2294).jpeg,dog,0.5365,dog,0.5365,dog (0.5365),spider (0.1792),horse (0.0789),chicken (0.0535),squirrel (0.0393),True,True
c:\Users\Alan\python\MMIP\week3\data\Dataset\dog\dog (2485).jpeg,dog,0.972,dog,0.972,dog (0.9720),sheep (0.0070),butterfly (0.0057),cat (0.0040),spider (0.0031),True,True
c:\Users\Alan\python\MMIP\week3\data\Dataset\dog\dog (1481).jpeg,dog,0.78,dog,0.78,dog (0.7800),butterfly (0.0489),sheep (0.0447),cow (0.0447),cat (0.0196),True,True
c:\Users\Alan\python\MMIP\week3\data\Dataset\dog\dog (4539).jpeg,dog,0.7968,dog,0.7968,dog (0.7968),elephant (0.0484),cow (0.0381),chicken (0.0258),horse (0.0193),True,True
c:\Users\Alan\python\MMIP\week3\data\Dataset\dog\dog (4145).jpeg,dog,0.888,dog,0.888,dog (0.8880),squirrel (0.0312),sheep (0.0251),spider (0.0197),chicken (0.0117),True,True
c:\Users\Alan\python\MMIP\week3\data\Dataset\dog\dog (3561).jpeg,dog,0.8002,dog,0.8002,dog (0.8002),squirrel (0.0460),chicken (0.0446),cow (0.0186),elephant (0.0173),True,True
c:\Users\Alan\python\MMIP\week3\data\Dataset\dog\dog (403).jpeg,dog,0.8826,dog,0.8826,dog (0.8826),chicken (0.0285),cow (0.0187),spider (0.0168),horse (0.0153),True,True
c:\Users\Alan\python\MMIP\week3\data\Dataset\dog\dog (3866).jpeg,dog,0.8557,dog,0.8557,dog (0.8557),horse (0.0519),chicken (0.0337),sheep (0.0236),cat (0.0110),True,True
c:\Users\Alan\python\MMIP\week3\data\Dataset\dog\dog (2594).jpeg,dog,0.8852,dog,0.8852,dog (0.8852),spider (0.0257),cat (0.0230),sheep (0.0137),butterfly (0.0129),True,True
c:\Users\Alan\python\MMIP\week3\data\Dataset\dog\dog (1727).jpeg,dog,0.712,dog,0.712,dog (0.7120),squirrel (0.1657),chicken (0.0381),cat (0.0334),sheep (0.0111),True,True
c:\Users\Alan\python\MMIP\week3\data\Dataset\dog\dog (1948).jpeg,dog,0.7955,dog,0.7955,dog (0.7955),horse (0.0810),cat (0.0367),spider (0.0153),butterfly (0.0149),True,True
c:\Users\Alan\python\MMIP\week3\data\Dataset\dog\dog (3624).jpeg,dog,0.2323,dog,0.2323,dog (0.2323),chicken (0.2162),horse (0.1649),cow (0.1170),elephant (0.1127),True,True
c:\Users\Alan\python\MMIP\week3\data\Dataset\dog\dog (1541).jpeg,dog,0.6481,dog,0.6481,dog (0.6481),horse (0.2232),cow (0.0334),sheep (0.0249),squirrel (0.0182),True,True
c:\Users\Alan\python\MMIP\week3\data\Dataset\dog\dog (4827).jpeg,dog,0.8293,dog,0.8293,dog (0.8293),squirrel (0.0463),spider (0.0408),cat (0.0347),butterfly (0.0155),True,True
c:\Users\Alan\python\MMIP\week3\data\Dataset\dog\dog (3701).jpeg,dog,0.3873,dog,0.3873,dog (0.3873),cat (0.3457),squirrel (0.0898),spider (0.0655),sheep (0.0343),True,True
c:\Users\Alan\python\MMIP\week3\data\Dataset\dog\dog (1087).jpeg,dog,0.9232,dog,0.9232,dog (0.9232),spider (0.0186),cow (0.0092),chicken (0.0087),elephant (0.0084),True,True
c:\Users\Alan\python\MMIP\week3\data\Dataset\dog\dog (2579).jpeg,dog,0.7547,dog,0.7547,dog (0.7547),cow (0.0682),cat (0.0436),butterfly (0.0407),chicken (0.0360),True,True
c:\Users\Alan\python\MMIP\week3\data\Dataset\dog\dog (241).jpeg,dog,0.9622,dog,0.9622,dog (0.9622),sheep (0.0198),spider (0.0054),chicken (0.0034),butterfly (0.0019),True,True
c:\Users\Alan\python\MMIP\week3\data\Dataset\dog\dog (599).jpeg,dog,0.5545,dog,0.5545,dog (0.5545),horse (0.1602),elephant (0.0979),sheep (0.0766),cow (0.0305),True,True
c:\Users\Alan\python\MMIP\week3\data\Dataset\dog\dog (2043).jpeg,dog,0.9682,dog,0.9682,dog (0.9682),cat (0.0078),cow (0.0049),butterfly (0.0048),horse (0.0042),True,True
c:\Users\Alan\python\MMIP\week3\data\Dataset\dog\dog (4365).jpeg,dog,0.9055,dog,0.9055,dog (0.9055),cat (0.0295),elephant (0.0151),sheep (0.0107),horse (0.0097),True,True
c:\Users\Alan\python\MMIP\week3\data\Dataset\dog\dog (569).jpeg,dog,0.9603,dog,0.9603,dog (0.9603),spider (0.0095),cat (0.0071),butterfly (0.0069),elephant (0.0033),True,True
c:\Users\Alan\python\MMIP\week3\data\Dataset\dog\dog (3931).jpeg,dog,0.2658,dog,0.2658,dog (0.2658),cow (0.2285),squirrel (0.1194),elephant (0.0964),butterfly (0.0932),True,True
c:\Users\Alan\python\MMIP\week3\data\Dataset\dog\dog (4426).jpeg,dog,0.9619,dog,0.9619,dog (0.9619),squirrel (0.0078),spider (0.0061),butterfly (0.0049),sheep (0.0048),True,True
c:\Users\Alan\python\MMIP\week3\data\Dataset\dog\dog (3460).jpeg,dog,0.839,dog,0.839,dog (0.8390),spider (0.0340),cow (0.0292),sheep (0.0270),chicken (0.0244),True,True
c:\Users\Alan\python\MMIP\week3\data\Dataset\dog\dog (832).jpeg,dog,0.6032,dog,0.6032,dog (0.6032),horse (0.1723),chicken (0.0529),elephant (0.0401),cow (0.0353),True,True
c:\Users\Alan\python\MMIP\week3\data\Dataset\dog\dog (3386).jpeg,dog,0.9745,dog,0.9745,dog (0.9745),butterfly (0.0078),elephant (0.0048),spider (0.0045),sheep (0.0034),True,True
c:\Users\Alan\python\MMIP\week3\data\Dataset\dog\dog (2463).jpeg,dog,0.9785,dog,0.9785,dog (0.9785),horse (0.0064),squirrel (0.0037),chicken (0.0037),cat (0.0032),True,True
c:\Users\Alan\python\MMIP\week3\data\Dataset\dog\dog (3888).jpeg,dog,0.9197,dog,0.9197,dog (0.9197),cat (0.0386),cow (0.0116),chicken (0.0109),sheep (0.0063),True,True
c:\Users\Alan\python\MMIP\week3\data\Dataset\dog\dog (4031).jpeg,dog,0.9425,dog,0.9425,dog (0.9425),sheep (0.0133),elephant (0.0110),butterfly (0.0104),spider (0.0073),True,True
c:\Users\Alan\python\MMIP\week3\data\Dataset\dog\dog (1785).jpeg,dog,0.9178,dog,0.9178,dog (0.9178),cat (0.0315),chicken (0.0193),sheep (0.0102),cow (0.0070),True,True
c:\Users\Alan\python\MMIP\week3\data\Dataset\dog\dog (364).jpeg,dog,0.5823,dog,0.5823,dog (0.5823),sheep (0.2132),cow (0.0976),elephant (0.0287),spider (0.0244),True,True
c:\Users\Alan\python\MMIP\week3\data\Dataset\dog\dog (2841).jpeg,dog,0.9885,dog,0.9885,dog (0.9885),cat (0.0052),spider (0.0012),horse (0.0011),butterfly (0.0009),True,True
c:\Users\Alan\python\MMIP\week3\data\Dataset\dog\dog (479).jpeg,dog,0.9785,dog,0.9785,dog (0.9785),cat (0.0038),cow (0.0036),sheep (0.0035),squirrel (0.0029),True,True
c:\Users\Alan\python\MMIP\week3\data\Dataset\dog\dog (3978).jpeg,dog,0.9308,dog,0.9308,dog (0.9308),cow (0.0269),sheep (0.0105),spider (0.0087),chicken (0.0072),True,True
c:\Users\Alan\python\MMIP\week3\data\Dataset\dog\dog (1597).jpeg,dog,0.9777,dog,0.9777,dog (0.9777),sheep (0.0076),spider (0.0039),horse (0.0024),chicken (0.0022),True,True
c:\Users\Alan\python\MMIP\week3\data\Dataset\dog\dog (2349).jpeg,dog,0.4092,dog,0.4092,dog (0.4092),cat (0.2583),horse (0.1134),elephant (0.0628),chicken (0.0569),True,True
c:\Users\Alan\python\MMIP\week3\data\Dataset\dog\dog (852).jpeg,dog,0.867,dog,0.867,dog (0.8670),squirrel (0.0293),sheep (0.0247),elephant (0.0224),cow (0.0170),True,True
c:\Users\Alan\python\MMIP\week3\data\Dataset\dog\dog (851).jpeg,dog,0.9613,dog,0.9613,dog (0.9613),cat (0.0128),spider (0.0065),butterfly (0.0056),sheep (0.0036),True,True
c:\Users\Alan\python\MMIP\week3\data\Dataset\dog\dog (1616).jpeg,dog,0.8258,dog,0.8258,dog (0.8258),spider (0.0623),squirrel (0.0256),elephant (0.0204),butterfly (0.0170),True,True
c:\Users\Alan\python\MMIP\week3\data\Dataset\dog\dog (4318).jpeg,dog,0.9784,dog,0.9784,dog (0.9784),cat (0.0055),horse (0.0045),cow (0.0026),chicken (0.0025),True,True
c:\Users\Alan\python\MMIP\week3\data\Dataset\dog\dog (4632).jpeg,dog,0.9519,dog,0.9519,dog (0.9519),horse (0.0129),spider (0.0066),elephant (0.0062),cow (0.0061),True,True
c:\Users\Alan\python\MMIP\week3\data\Dataset\dog\dog (2586).jpeg,dog,0.8794,dog,0.8794,dog (0.8794),chicken (0.0440),sheep (0.0251),elephant (0.0163),spider (0.0083),True,True
c:\Users\Alan\python\MMIP\week3\data\Dataset\dog\dog (1202).jpeg,dog,0.9292,dog,0.9292,dog (0.9292),elephant (0.0400),horse (0.0077),spider (0.0059),cow (0.0052),True,True
c:\Users\Alan\python\MMIP\week3\data\Dataset\dog\dog (1542).jpeg,dog,0.9194,dog,0.9194,dog (0.9194),cat (0.0275),squirrel (0.0243),spider (0.0103),sheep (0.0046),True,True
c:\Users\Alan\python\MMIP\week3\data\Dataset\dog\dog (3059).jpeg,dog,0.8259,dog,0.8259,dog (0.8259),spider (0.0597),cat (0.0388),squirrel (0.0195),horse (0.0165),True,True
c:\Users\Alan\python\MMIP\week3\data\Dataset\dog\dog (15).jpeg,dog,0.9824,dog,0.9824,dog (0.9824),sheep (0.0068),chicken (0.0028),elephant (0.0018),cat (0.0014),True,True
c:\Users\Alan\python\MMIP\week3\data\Dataset\dog\dog (3456).jpeg,dog,0.9865,dog,0.9865,dog (0.9865),cow (0.0042),cat (0.0026),elephant (0.0013),sheep (0.0012),True,True
c:\Users\Alan\python\MMIP\week3\data\Dataset\dog\dog (4598).jpeg,dog,0.7954,dog,0.7954,dog (0.7954),cat (0.0841),squirrel (0.0300),butterfly (0.0231),spider (0.0209),True,True
c:\Users\Alan\python\MMIP\week3\data\Dataset\dog\dog (265).jpeg,dog,0.9526,dog,0.9526,dog (0.9526),squirrel (0.0107),spider (0.0105),butterfly (0.0068),elephant (0.0052),True,True
c:\Users\Alan\python\MMIP\week3\data\Dataset\dog\dog (1275).jpeg,dog,0.7624,dog,0.7624,dog (0.7624),cat (0.1096),cow (0.0301),sheep (0.0244),horse (0.0185),True,True
c:\Users\Alan\python\MMIP\week3\data\Dataset\dog\dog (924).jpeg,dog,0.8682,dog,0.8682,dog (0.8682),sheep (0.0274),cow (0.0258),cat (0.0234),chicken (0.0173),True,True
c:\Users\Alan\python\MMIP\week3\data\Dataset\dog\dog (2888).jpeg,dog,0.3037,dog,0.3037,dog (0.3037),chicken (0.2158),cat (0.1114),elephant (0.1026),spider (0.0948),True,True
c:\Users\Alan\python\MMIP\week3\data\Dataset\dog\dog (3033).jpeg,dog,0.9444,dog,0.9444,dog (0.9444),cow (0.0122),elephant (0.0114),spider (0.0084),horse (0.0074),True,True
c:\Users\Alan\python\MMIP\week3\data\Dataset\dog\dog (4189).jpeg,dog,0.2708,cat,0.4993,cat (0.4993),dog (0.2708),cow (0.0602),sheep (0.0528),horse (0.0493),False,True
c:\Users\Alan\python\MMIP\week3\data\Dataset\dog\dog (4363).jpeg,dog,0.9722,dog,0.9722,dog (0.9722),spider (0.0086),butterfly (0.0059),sheep (0.0037),horse (0.0032),True,True
c:\Users\Alan\python\MMIP\week3\data\Dataset\dog\dog (702).jpeg,dog,0.4828,dog,0.4828,dog (0.4828),butterfly (0.1068),elephant (0.0926),cow (0.0865),chicken (0.0653),True,True
c:\Users\Alan\python\MMIP\week3\data\Dataset\dog\dog (3961).jpeg,dog,0.8623,dog,0.8623,dog (0.8623),horse (0.0488),cat (0.0425),elephant (0.0158),cow (0.0080),True,True
c:\Users\Alan\python\MMIP\week3\data\Dataset\dog\dog (1352).jpeg,dog,0.2695,dog,0.2695,dog (0.2695),squirrel (0.2165),horse (0.1831),cow (0.1408),cat (0.0803),True,True
c:\Users\Alan\python\MMIP\week3\data\Dataset\dog\dog (1225).jpeg,dog,0.994,dog,0.994,dog (0.9940),cow (0.0019),horse (0.0012),elephant (0.0011),chicken (0.0004),True,True
c:\Users\Alan\python\MMIP\week3\data\Dataset\dog\dog (2185).jpeg,dog,0.9617,dog,0.9617,dog (0.9617),horse (0.0102),cat (0.0091),sheep (0.0057),cow (0.0035),True,True
c:\Users\Alan\python\MMIP\week3\data\Dataset\dog\dog (2976).jpeg,dog,0.9933,dog,0.9933,dog (0.9933),elephant (0.0015),butterfly (0.0014),spider (0.0013),sheep (0.0006),True,True
c:\Users\Alan\python\MMIP\week3\data\Dataset\dog\dog (447).jpeg,dog,0.9945,dog,0.9945,dog (0.9945),cat (0.0017),horse (0.0014),squirrel (0.0008),chicken (0.0006),True,True
c:\Users\Alan\python\MMIP\week3\data\Dataset\dog\dog (1538).jpeg,dog,0.928,dog,0.928,dog (0.9280),cow (0.0231),chicken (0.0199),sheep (0.0068),cat (0.0058),True,True
c:\Users\Alan\python\MMIP\week3\data\Dataset\dog\dog (1742).jpeg,dog,0.687,dog,0.687,dog (0.6870),horse (0.0706),sheep (0.0479),cat (0.0461),cow (0.0434),True,True
c:\Users\Alan\python\MMIP\week3\data\Dataset\dog\dog (1171).jpeg,dog,0.6022,dog,0.6022,dog (0.6022),horse (0.2364),cow (0.0548),sheep (0.0388),butterfly (0.0186),True,True
c:\Users\Alan\python\MMIP\week3\data\Dataset\dog\dog (2679).jpeg,dog,0.9118,dog,0.9118,dog (0.9118),elephant (0.0263),cow (0.0182),cat (0.0119),chicken (0.0071),True,True
c:\Users\Alan\python\MMIP\week3\data\Dataset\dog\dog (230).jpeg,dog,0.3293,butterfly,0.4476,butterfly (0.4476),dog (0.3293),cow (0.0631),horse (0.0350),cat (0.0253),False,True
c:\Users\Alan\python\MMIP\week3\data\Dataset\dog\dog (1049).jpeg,dog,0.8252,dog,0.8252,dog (0.8252),sheep (0.0572),elephant (0.0350),horse (0.0221),butterfly (0.0136),True,True
c:\Users\Alan\python\MMIP\week3\data\Dataset\dog\dog (2987).jpeg,dog,0.1082,cow,0.7206,cow (0.7206),dog (0.1082),sheep (0.0748),spider (0.0205),horse (0.0174),False,True
c:\Users\Alan\python\MMIP\week3\data\Dataset\dog\dog (1319).jpeg,dog,0.8792,dog,0.8792,dog (0.8792),cat (0.0414),chicken (0.0288),butterfly (0.0151),horse (0.0090),True,True
c:\Users\Alan\python\MMIP\week3\data\Dataset\dog\dog (2276).jpeg,dog,0.9046,dog,0.9046,dog (0.9046),chicken (0.0401),cat (0.0170),elephant (0.0093),horse (0.0071),True,True
c:\Users\Alan\python\MMIP\week3\data\Dataset\dog\dog (3192).jpeg,dog,0.863,dog,0.863,dog (0.8630),cat (0.0331),cow (0.0265),chicken (0.0239),sheep (0.0183),True,True
c:\Users\Alan\python\MMIP\week3\data\Dataset\dog\dog (2780).jpeg,dog,0.7429,dog,0.7429,dog (0.7429),chicken (0.0658),cow (0.0531),spider (0.0455),sheep (0.0201),True,True
c:\Users\Alan\python\MMIP\week3\data\Dataset\dog\dog (2751).jpeg,dog,0.3902,dog,0.3902,dog (0.3902),cow (0.2993),chicken (0.0880),horse (0.0568),cat (0.0453),True,True
c:\Users\Alan\python\MMIP\week3\data\Dataset\dog\dog (158).jpeg,dog,0.9405,dog,0.9405,dog (0.9405),cat (0.0268),cow (0.0089),horse (0.0061),chicken (0.0046),True,True
c:\Users\Alan\python\MMIP\week3\data\Dataset\dog\dog (387).jpeg,dog,0.862,dog,0.862,dog (0.8620),cow (0.0326),horse (0.0316),sheep (0.0287),elephant (0.0136),True,True
c:\Users\Alan\python\MMIP\week3\data\Dataset\dog\dog (227).jpeg,dog,0.8252,dog,0.8252,dog (0.8252),cat (0.0423),cow (0.0328),sheep (0.0282),spider (0.0242),True,True
c:\Users\Alan\python\MMIP\week3\data\Dataset\dog\dog (66).jpeg,dog,0.7115,dog,0.7115,dog (0.7115),cat (0.0696),spider (0.0364),chicken (0.0351),horse (0.0344),True,True
c:\Users\Alan\python\MMIP\week3\data\Dataset\dog\dog (2552).jpeg,dog,0.8715,dog,0.8715,dog (0.8715),sheep (0.0382),spider (0.0310),chicken (0.0173),butterfly (0.0117),True,True
c:\Users\Alan\python\MMIP\week3\data\Dataset\dog\dog (136).jpeg,dog,0.9801,dog,0.9801,dog (0.9801),cat (0.0086),spider (0.0029),butterfly (0.0023),horse (0.0015),True,True
c:\Users\Alan\python\MMIP\week3\data\Dataset\dog\dog (289).jpeg,dog,0.8057,dog,0.8057,dog (0.8057),cat (0.0891),squirrel (0.0427),cow (0.0140),chicken (0.0113),True,True
c:\Users\Alan\python\MMIP\week3\data\Dataset\dog\dog (501).jpeg,dog,0.9303,dog,0.9303,dog (0.9303),cow (0.0272),chicken (0.0101),sheep (0.0069),cat (0.0066),True,True
c:\Users\Alan\python\MMIP\week3\data\Dataset\dog\dog (774).jpeg,dog,0.8056,dog,0.8056,dog (0.8056),chicken (0.0625),sheep (0.0416),elephant (0.0198),spider (0.0189),True,True
c:\Users\Alan\python\MMIP\week3\data\Dataset\dog\dog (4045).jpeg,dog,0.3666,chicken,0.4469,chicken (0.4469),dog (0.3666),cow (0.0423),horse (0.0368),spider (0.0323),False,True
c:\Users\Alan\python\MMIP\week3\data\Dataset\dog\dog (3521).jpeg,dog,0.8385,dog,0.8385,dog (0.8385),sheep (0.0606),horse (0.0306),elephant (0.0159),spider (0.0114),True,True
c:\Users\Alan\python\MMIP\week3\data\Dataset\dog\dog (2465).jpeg,dog,0.4485,dog,0.4485,dog (0.4485),cow (0.2185),horse (0.1197),chicken (0.0607),sheep (0.0521),True,True
c:\Users\Alan\python\MMIP\week3\data\Dataset\dog\dog (2176).jpeg,dog,0.5355,dog,0.5355,dog (0.5355),chicken (0.2694),cow (0.0348),sheep (0.0317),squirrel (0.0273),True,True
c:\Users\Alan\python\MMIP\week3\data\Dataset\dog\dog (3913).jpeg,dog,0.9907,dog,0.9907,dog (0.9907),elephant (0.0020),horse (0.0019),cow (0.0011),squirrel (0.0009),True,True
c:\Users\Alan\python\MMIP\week3\data\Dataset\dog\dog (1979).jpeg,dog,0.8836,dog,0.8836,dog (0.8836),cat (0.0475),chicken (0.0177),spider (0.0136),elephant (0.0099),True,True
c:\Users\Alan\python\MMIP\week3\data\Dataset\dog\dog (748).jpeg,dog,0.8263,dog,0.8263,dog (0.8263),squirrel (0.0480),spider (0.0455),elephant (0.0203),sheep (0.0148),True,True
c:\Users\Alan\python\MMIP\week3\data\Dataset\dog\dog (1093).jpeg,dog,0.8792,dog,0.8792,dog (0.8792),horse (0.0397),cow (0.0206),spider (0.0188),elephant (0.0137),True,True
c:\Users\Alan\python\MMIP\week3\data\Dataset\dog\dog (3581).jpeg,dog,0.7821,dog,0.7821,dog (0.7821),cow (0.0636),cat (0.0603),horse (0.0232),spider (0.0148),True,True
c:\Users\Alan\python\MMIP\week3\data\Dataset\dog\dog (3991).jpeg,dog,0.8044,dog,0.8044,dog (0.8044),cat (0.0611),chicken (0.0432),spider (0.0236),butterfly (0.0184),True,True
c:\Users\Alan\python\MMIP\week3\data\Dataset\dog\dog (2957).jpeg,dog,0.7553,dog,0.7553,dog (0.7553),squirrel (0.0622),horse (0.0604),sheep (0.0286),cow (0.0246),True,True
c:\Users\Alan\python\MMIP\week3\data\Dataset\dog\dog (1460).jpeg,dog,0.5987,dog,0.5987,dog (0.5987),cat (0.1480),spider (0.0747),squirrel (0.0732),chicken (0.0333),True,True
c:\Users\Alan\python\MMIP\week3\data\Dataset\dog\dog (3315).jpeg,dog,0.7736,dog,0.7736,dog (0.7736),squirrel (0.1005),spider (0.0609),chicken (0.0152),elephant (0.0108),True,True
c:\Users\Alan\python\MMIP\week3\data\Dataset\dog\dog (3759).jpeg,dog,0.6054,dog,0.6054,dog (0.6054),squirrel (0.1359),sheep (0.0900),chicken (0.0573),cow (0.0411),True,True
c:\Users\Alan\python\MMIP\week3\data\Dataset\dog\dog (2702).jpeg,dog,0.9174,dog,0.9174,dog (0.9174),chicken (0.0329),sheep (0.0107),cow (0.0076),cat (0.0070),True,True
c:\Users\Alan\python\MMIP\week3\data\Dataset\dog\dog (4836).jpeg,dog,0.6776,dog,0.6776,dog (0.6776),horse (0.1766),cow (0.0435),elephant (0.0305),sheep (0.0199),True,True
c:\Users\Alan\python\MMIP\week3\data\Dataset\dog\dog (68).jpeg,dog,0.7483,dog,0.7483,dog (0.7483),sheep (0.0459),chicken (0.0413),spider (0.0408),cat (0.0351),True,True
c:\Users\Alan\python\MMIP\week3\data\Dataset\dog\dog (4284).jpeg,dog,0.1599,cat,0.1791,cat (0.1791),dog (0.1599),horse (0.1543),spider (0.1457),sheep (0.0795),False,True
c:\Users\Alan\python\MMIP\week3\data\Dataset\dog\dog (16).jpeg,dog,0.8599,dog,0.8599,dog (0.8599),horse (0.0388),butterfly (0.0334),spider (0.0167),squirrel (0.0137),True,True
c:\Users\Alan\python\MMIP\week3\data\Dataset\dog\dog (1757).jpeg,dog,0.0268,cow,0.5556,cow (0.5556),chicken (0.2048),sheep (0.1226),horse (0.0423),dog (0.0268),False,True
c:\Users\Alan\python\MMIP\week3\data\Dataset\dog\dog (3189).jpeg,dog,0.2455,dog,0.2455,dog (0.2455),chicken (0.2358),elephant (0.1784),cow (0.1049),horse (0.0749),True,True
c:\Users\Alan\python\MMIP\week3\data\Dataset\dog\dog (4170).jpeg,dog,0.901,dog,0.901,dog (0.9010),cat (0.0281),spider (0.0199),chicken (0.0169),cow (0.0142),True,True
c:\Users\Alan\python\MMIP\week3\data\Dataset\dog\dog (3259).jpeg,dog,0.8293,dog,0.8293,dog (0.8293),cow (0.0668),horse (0.0346),elephant (0.0340),sheep (0.0107),True,True
c:\Users\Alan\python\MMIP\week3\data\Dataset\dog\dog (3405).jpeg,dog,0.7765,dog,0.7765,dog (0.7765),spider (0.0831),horse (0.0536),butterfly (0.0182),elephant (0.0176),True,True
c:\Users\Alan\python\MMIP\week3\data\Dataset\dog\dog (2630).jpeg,dog,0.0106,chicken,0.8114,chicken (0.8114),spider (0.0939),cow (0.0251),horse (0.0135),sheep (0.0108),False,False
c:\Users\Alan\python\MMIP\week3\data\Dataset\dog\dog (186).jpeg,dog,0.0931,horse,0.384,horse (0.3840),cow (0.3265),chicken (0.1098),dog (0.0931),sheep (0.0480),False,True
c:\Users\Alan\python\MMIP\week3\data\Dataset\dog\dog (3113).jpeg,dog,0.7424,dog,0.7424,dog (0.7424),horse (0.1252),spider (0.0336),cow (0.0288),elephant (0.0162),True,True
c:\Users\Alan\python\MMIP\week3\data\Dataset\dog\dog (4644).jpeg,dog,0.5987,dog,0.5987,dog (0.5987),horse (0.2637),elephant (0.0452),sheep (0.0311),cow (0.0161),True,True
c:\Users\Alan\python\MMIP\week3\data\Dataset\dog\dog (405).jpeg,dog,0.4671,dog,0.4671,dog (0.4671),horse (0.1868),sheep (0.0852),cow (0.0628),elephant (0.0454),True,True
c:\Users\Alan\python\MMIP\week3\data\Dataset\dog\dog (4643).jpeg,dog,0.3645,dog,0.3645,dog (0.3645),cow (0.2304),horse (0.1122),chicken (0.0723),cat (0.0722),True,True
c:\Users\Alan\python\MMIP\week3\data\Dataset\dog\dog (3597).jpeg,dog,0.9727,dog,0.9727,dog (0.9727),butterfly (0.0060),chicken (0.0058),cow (0.0048),spider (0.0025),True,True
c:\Users\Alan\python\MMIP\week3\data\Dataset\dog\dog (4834).jpeg,dog,0.6272,dog,0.6272,dog (0.6272),elephant (0.1637),sheep (0.0505),horse (0.0453),cat (0.0433),True,True
c:\Users\Alan\python\MMIP\week3\data\Dataset\dog\dog (196).jpeg,dog,0.975,dog,0.975,dog (0.9750),butterfly (0.0085),spider (0.0042),cow (0.0027),elephant (0.0024),True,True
c:\Users\Alan\python\MMIP\week3\data\Dataset\dog\dog (3132).jpeg,dog,0.1228,sheep,0.3156,sheep (0.3156),spider (0.2143),dog (0.1228),butterfly (0.0899),chicken (0.0619),False,True
c:\Users\Alan\python\MMIP\week3\data\Dataset\dog\dog (3582).jpeg,dog,0.9257,dog,0.9257,dog (0.9257),cat (0.0301),spider (0.0099),chicken (0.0085),squirrel (0.0057),True,True
c:\Users\Alan\python\MMIP\week3\data\Dataset\dog\dog (1827).jpeg,dog,0.8074,dog,0.8074,dog (0.8074),cat (0.1620),chicken (0.0086),horse (0.0059),squirrel (0.0042),True,True
c:\Users\Alan\python\MMIP\week3\data\Dataset\dog\dog (1758).jpeg,dog,0.8641,dog,0.8641,dog (0.8641),cat (0.0403),cow (0.0243),squirrel (0.0195),sheep (0.0178),True,True
c:\Users\Alan\python\MMIP\week3\data\Dataset\dog\dog (922).jpeg,dog,0.976,dog,0.976,dog (0.9760),spider (0.0059),horse (0.0046),elephant (0.0045),cat (0.0022),True,True
c:\Users\Alan\python\MMIP\week3\data\Dataset\dog\dog (3464).jpeg,dog,0.9576,dog,0.9576,dog (0.9576),chicken (0.0190),cat (0.0060),sheep (0.0052),horse (0.0033),True,True
c:\Users\Alan\python\MMIP\week3\data\Dataset\dog\dog (995).jpeg,dog,0.9871,dog,0.9871,dog (0.9871),cat (0.0034),sheep (0.0018),chicken (0.0016),spider (0.0014),True,True
c:\Users\Alan\python\MMIP\week3\data\Dataset\dog\dog (4677).jpeg,dog,0.922,dog,0.922,dog (0.9220),cat (0.0502),squirrel (0.0053),cow (0.0052),butterfly (0.0047),True,True
c:\Users\Alan\python\MMIP\week3\data\Dataset\dog\dog (3856).jpeg,dog,0.9729,dog,0.9729,dog (0.9729),cat (0.0099),chicken (0.0045),sheep (0.0033),cow (0.0032),True,True
c:\Users\Alan\python\MMIP\week3\data\Dataset\dog\dog (664).jpeg,dog,0.7714,dog,0.7714,dog (0.7714),cat (0.1654),chicken (0.0126),butterfly (0.0108),sheep (0.0101),True,True
c:\Users\Alan\python\MMIP\week3\data\Dataset\dog\dog (1238).jpeg,dog,0.7927,dog,0.7927,dog (0.7927),cat (0.0947),elephant (0.0277),sheep (0.0255),chicken (0.0196),True,True
c:\Users\Alan\python\MMIP\week3\data\Dataset\dog\dog (617).jpeg,dog,0.9321,dog,0.9321,dog (0.9321),spider (0.0153),elephant (0.0119),cow (0.0093),horse (0.0085),True,True
c:\Users\Alan\python\MMIP\week3\data\Dataset\dog\dog (2414).jpeg,dog,0.6046,dog,0.6046,dog (0.6046),sheep (0.1265),spider (0.0838),cat (0.0490),butterfly (0.0367),True,True
c:\Users\Alan\python\MMIP\week3\data\Dataset\dog\dog (3687).jpeg,dog,0.7677,dog,0.7677,dog (0.7677),cat (0.0654),sheep (0.0446),spider (0.0393),butterfly (0.0180),True,True
c:\Users\Alan\python\MMIP\week3\data\Dataset\dog\dog (4116).jpeg,dog,0.9069,dog,0.9069,dog (0.9069),cat (0.0304),squirrel (0.0129),horse (0.0112),butterfly (0.0108),True,True
c:\Users\Alan\python\MMIP\week3\data\Dataset\dog\dog (318).jpeg,dog,0.7927,dog,0.7927,dog (0.7927),elephant (0.0643),sheep (0.0514),horse (0.0304),spider (0.0177),True,True
c:\Users\Alan\python\MMIP\week3\data\Dataset\dog\dog (1097).jpeg,dog,0.6663,dog,0.6663,dog (0.6663),chicken (0.1177),squirrel (0.1047),horse (0.0302),sheep (0.0215),True,True
c:\Users\Alan\python\MMIP\week3\data\Dataset\dog\dog (2969).jpeg,dog,0.7943,dog,0.7943,dog (0.7943),sheep (0.0860),cow (0.0347),cat (0.0234),horse (0.0168),True,True
c:\Users\Alan\python\MMIP\week3\data\Dataset\dog\dog (1709).jpeg,dog,0.6481,dog,0.6481,dog (0.6481),elephant (0.0966),spider (0.0888),butterfly (0.0504),chicken (0.0422),True,True
c:\Users\Alan\python\MMIP\week3\data\Dataset\dog\dog (3860).jpeg,dog,0.6327,dog,0.6327,dog (0.6327),horse (0.1813),cat (0.0530),butterfly (0.0318),cow (0.0313),True,True
c:\Users\Alan\python\MMIP\week3\data\Dataset\dog\dog (3811).jpeg,dog,0.3079,dog,0.3079,dog (0.3079),cow (0.2668),spider (0.1637),squirrel (0.1021),sheep (0.0585),True,True
c:\Users\Alan\python\MMIP\week3\data\Dataset\dog\dog (4268).jpeg,dog,0.5394,dog,0.5394,dog (0.5394),butterfly (0.1366),chicken (0.0782),cat (0.0655),sheep (0.0433),True,True
c:\Users\Alan\python\MMIP\week3\data\Dataset\dog\dog (911).jpeg,dog,0.9958,dog,0.9958,dog (0.9958),elephant (0.0010),sheep (0.0008),chicken (0.0008),spider (0.0006),True,True
c:\Users\Alan\python\MMIP\week3\data\Dataset\dog\dog (2370).jpeg,dog,0.9276,dog,0.9276,dog (0.9276),horse (0.0277),cow (0.0199),sheep (0.0074),chicken (0.0037),True,True
c:\Users\Alan\python\MMIP\week3\data\Dataset\dog\dog (1048).jpeg,dog,0.8839,dog,0.8839,dog (0.8839),spider (0.0285),butterfly (0.0248),cow (0.0117),elephant (0.0112),True,True
c:\Users\Alan\python\MMIP\week3\data\Dataset\dog\dog (834).jpeg,dog,0.8462,dog,0.8462,dog (0.8462),cow (0.0693),horse (0.0338),sheep (0.0123),elephant (0.0115),True,True
c:\Users\Alan\python\MMIP\week3\data\Dataset\dog\dog (4265).jpeg,dog,0.9504,dog,0.9504,dog (0.9504),horse (0.0120),cat (0.0106),cow (0.0086),chicken (0.0051),True,True
c:\Users\Alan\python\MMIP\week3\data\Dataset\dog\dog (4147).jpeg,dog,0.7741,dog,0.7741,dog (0.7741),horse (0.1470),elephant (0.0280),butterfly (0.0101),sheep (0.0092),True,True
c:\Users\Alan\python\MMIP\week3\data\Dataset\dog\dog (3601).jpeg,dog,0.8448,dog,0.8448,dog (0.8448),cat (0.0460),chicken (0.0326),squirrel (0.0251),sheep (0.0238),True,True
c:\Users\Alan\python\MMIP\week3\data\Dataset\dog\dog (391).jpeg,dog,0.9652,dog,0.9652,dog (0.9652),spider (0.0101),sheep (0.0076),chicken (0.0055),butterfly (0.0036),True,True
c:\Users\Alan\python\MMIP\week3\data\Dataset\dog\dog (2012).jpeg,dog,0.7353,dog,0.7353,dog (0.7353),horse (0.1703),cow (0.0317),spider (0.0115),squirrel (0.0109),True,True
c:\Users\Alan\python\MMIP\week3\data\Dataset\dog\dog (588).jpeg,dog,0.1097,cow,0.3346,cow (0.3346),horse (0.2235),dog (0.1097),elephant (0.1024),butterfly (0.0734),False,True
c:\Users\Alan\python\MMIP\week3\data\Dataset\dog\dog (3569).jpeg,dog,0.9201,dog,0.9201,dog (0.9201),cat (0.0293),cow (0.0211),squirrel (0.0075),horse (0.0064),True,True
c:\Users\Alan\python\MMIP\week3\data\Dataset\dog\dog (2804).jpeg,dog,0.8296,dog,0.8296,dog (0.8296),squirrel (0.0557),cow (0.0291),sheep (0.0243),spider (0.0178),True,True
c:\Users\Alan\python\MMIP\week3\data\Dataset\dog\dog (1991).jpeg,dog,0.6542,dog,0.6542,dog (0.6542),horse (0.1414),sheep (0.0617),cow (0.0367),elephant (0.0269),True,True
c:\Users\Alan\python\MMIP\week3\data\Dataset\dog\dog (4863).jpeg,dog,0.8745,dog,0.8745,dog (0.8745),cat (0.0332),spider (0.0244),sheep (0.0161),cow (0.0128),True,True
c:\Users\Alan\python\MMIP\week3\data\Dataset\dog\dog (3429).jpeg,dog,0.8249,dog,0.8249,dog (0.8249),cat (0.0975),cow (0.0243),squirrel (0.0116),chicken (0.0086),True,True
c:\Users\Alan\python\MMIP\week3\data\Dataset\dog\dog (476).jpeg,dog,0.3262,cat,0.542,cat (0.5420),dog (0.3262),squirrel (0.0641),chicken (0.0179),sheep (0.0125),False,True
c:\Users\Alan\python\MMIP\week3\data\Dataset\dog\dog (388).jpeg,dog,0.7385,dog,0.7385,dog (0.7385),horse (0.1194),cow (0.0431),elephant (0.0355),squirrel (0.0171),True,True
c:\Users\Alan\python\MMIP\week3\data\Dataset\dog\dog (3623).jpeg,dog,0.6506,dog,0.6506,dog (0.6506),elephant (0.1626),horse (0.1104),cow (0.0400),cat (0.0091),True,True
c:\Users\Alan\python\MMIP\week3\data\Dataset\dog\dog (97).jpeg,dog,0.5176,dog,0.5176,dog (0.5176),cow (0.1927),horse (0.1128),cat (0.0697),butterfly (0.0261),True,True
c:\Users\Alan\python\MMIP\week3\data\Dataset\dog\dog (1911).jpeg,dog,0.9972,dog,0.9972,dog (0.9972),butterfly (0.0006),elephant (0.0005),squirrel (0.0005),chicken (0.0003),True,True
c:\Users\Alan\python\MMIP\week3\data\Dataset\dog\dog (3936).jpeg,dog,0.7518,dog,0.7518,dog (0.7518),horse (0.1209),squirrel (0.0229),cat (0.0227),spider (0.0196),True,True
c:\Users\Alan\python\MMIP\week3\data\Dataset\dog\dog (863).jpeg,dog,0.8728,dog,0.8728,dog (0.8728),horse (0.0684),cow (0.0139),spider (0.0135),sheep (0.0092),True,True
c:\Users\Alan\python\MMIP\week3\data\Dataset\dog\dog (613).jpeg,dog,0.8735,dog,0.8735,dog (0.8735),cow (0.0368),horse (0.0266),elephant (0.0220),spider (0.0149),True,True
c:\Users\Alan\python\MMIP\week3\data\Dataset\dog\dog (4574).jpeg,dog,0.8133,dog,0.8133,dog (0.8133),cow (0.0769),horse (0.0369),sheep (0.0174),butterfly (0.0157),True,True
c:\Users\Alan\python\MMIP\week3\data\Dataset\dog\dog (634).jpeg,dog,0.8875,dog,0.8875,dog (0.8875),cow (0.0249),horse (0.0228),elephant (0.0118),spider (0.0117),True,True
c:\Users\Alan\python\MMIP\week3\data\Dataset\dog\dog (2852).jpeg,dog,0.6006,dog,0.6006,dog (0.6006),horse (0.1055),cow (0.0707),spider (0.0491),butterfly (0.0448),True,True
c:\Users\Alan\python\MMIP\week3\data\Dataset\dog\dog (3250).jpeg,dog,0.9666,dog,0.9666,dog (0.9666),sheep (0.0066),spider (0.0046),chicken (0.0045),horse (0.0040),True,True
c:\Users\Alan\python\MMIP\week3\data\Dataset\dog\dog (4534).jpeg,dog,0.969,dog,0.969,dog (0.9690),spider (0.0069),elephant (0.0051),butterfly (0.0049),chicken (0.0031),True,True
c:\Users\Alan\python\MMIP\week3\data\Dataset\dog\dog (1992).jpeg,dog,0.0221,spider,0.8651,spider (0.8651),horse (0.0426),dog (0.0221),squirrel (0.0177),chicken (0.0163),False,True
c:\Users\Alan\python\MMIP\week3\data\Dataset\dog\dog (1528).jpeg,dog,0.9312,dog,0.9312,dog (0.9312),spider (0.0235),sheep (0.0158),horse (0.0056),squirrel (0.0056),True,True
c:\Users\Alan\python\MMIP\week3\data\Dataset\dog\dog (3680).jpeg,dog,0.8892,dog,0.8892,dog (0.8892),chicken (0.0347),horse (0.0176),cow (0.0144),spider (0.0137),True,True
c:\Users\Alan\python\MMIP\week3\data\Dataset\dog\dog (2832).jpeg,dog,0.286,cow,0.3407,cow (0.3407),dog (0.2860),sheep (0.1066),chicken (0.1059),spider (0.0377),False,True
c:\Users\Alan\python\MMIP\week3\data\Dataset\dog\dog (1092).jpeg,dog,0.8905,dog,0.8905,dog (0.8905),horse (0.0702),elephant (0.0081),cat (0.0071),squirrel (0.0052),True,True
c:\Users\Alan\python\MMIP\week3\data\Dataset\dog\dog (1199).jpeg,dog,0.9086,dog,0.9086,dog (0.9086),cat (0.0341),squirrel (0.0201),butterfly (0.0074),chicken (0.0072),True,True
c:\Users\Alan\python\MMIP\week3\data\Dataset\dog\dog (818).jpeg,dog,0.4206,dog,0.4206,dog (0.4206),elephant (0.2174),cat (0.1372),spider (0.0573),cow (0.0518),True,True
c:\Users\Alan\python\MMIP\week3\data\Dataset\dog\dog (4832).jpeg,dog,0.989,dog,0.989,dog (0.9890),horse (0.0033),cat (0.0020),spider (0.0013),butterfly (0.0010),True,True
c:\Users\Alan\python\MMIP\week3\data\Dataset\dog\dog (2548).jpeg,dog,0.8193,dog,0.8193,dog (0.8193),cat (0.0495),elephant (0.0255),spider (0.0234),squirrel (0.0214),True,True
c:\Users\Alan\python\MMIP\week3\data\Dataset\dog\dog (1876).jpeg,dog,0.8574,dog,0.8574,dog (0.8574),cat (0.0368),squirrel (0.0363),sheep (0.0237),chicken (0.0104),True,True
c:\Users\Alan\python\MMIP\week3\data\Dataset\dog\dog (4050).jpeg,dog,0.9105,dog,0.9105,dog (0.9105),chicken (0.0190),sheep (0.0171),squirrel (0.0114),cow (0.0102),True,True
c:\Users\Alan\python\MMIP\week3\data\Dataset\dog\dog (1354).jpeg,dog,0.9493,dog,0.9493,dog (0.9493),cat (0.0184),spider (0.0074),butterfly (0.0054),elephant (0.0051),True,True
c:\Users\Alan\python\MMIP\week3\data\Dataset\dog\dog (2106).jpeg,dog,0.9297,dog,0.9297,dog (0.9297),chicken (0.0229),horse (0.0106),cat (0.0095),cow (0.0069),True,True
c:\Users\Alan\python\MMIP\week3\data\Dataset\dog\dog (4664).jpeg,dog,0.9627,dog,0.9627,dog (0.9627),chicken (0.0123),horse (0.0060),sheep (0.0051),spider (0.0046),True,True
c:\Users\Alan\python\MMIP\week3\data\Dataset\dog\dog (4087).jpeg,dog,0.5395,dog,0.5395,dog (0.5395),elephant (0.0908),chicken (0.0598),spider (0.0586),butterfly (0.0553),True,True
c:\Users\Alan\python\MMIP\week3\data\Dataset\dog\dog (2687).jpeg,dog,0.9388,dog,0.9388,dog (0.9388),horse (0.0177),sheep (0.0128),cow (0.0079),spider (0.0073),True,True
c:\Users\Alan\python\MMIP\week3\data\Dataset\dog\dog (1777).jpeg,dog,0.1742,spider,0.582,spider (0.5820),dog (0.1742),chicken (0.0906),squirrel (0.0378),butterfly (0.0365),False,True
c:\Users\Alan\python\MMIP\week3\data\Dataset\dog\dog (2242).jpeg,dog,0.5143,dog,0.5143,dog (0.5143),elephant (0.1095),cat (0.0951),horse (0.0760),chicken (0.0690),True,True
c:\Users\Alan\python\MMIP\week3\data\Dataset\dog\dog (2216).jpeg,dog,0.4364,dog,0.4364,dog (0.4364),horse (0.1733),elephant (0.1283),cow (0.1191),sheep (0.0383),True,True
c:\Users\Alan\python\MMIP\week3\data\Dataset\dog\dog (1389).jpeg,dog,0.8665,dog,0.8665,dog (0.8665),chicken (0.0440),cat (0.0332),spider (0.0163),sheep (0.0155),True,True
c:\Users\Alan\python\MMIP\week3\data\Dataset\dog\dog (3880).jpeg,dog,0.9557,dog,0.9557,dog (0.9557),cat (0.0158),horse (0.0073),squirrel (0.0054),chicken (0.0046),True,True
c:\Users\Alan\python\MMIP\week3\data\Dataset\dog\dog (1703).jpeg,dog,0.5783,dog,0.5783,dog (0.5783),elephant (0.1248),cow (0.1064),horse (0.0695),squirrel (0.0336),True,True
c:\Users\Alan\python\MMIP\week3\data\Dataset\dog\dog (2775).jpeg,dog,0.9481,dog,0.9481,dog (0.9481),cow (0.0183),sheep (0.0175),spider (0.0056),cat (0.0029),True,True
c:\Users\Alan\python\MMIP\week3\data\Dataset\dog\dog (340).jpeg,dog,0.6833,dog,0.6833,dog (0.6833),elephant (0.2779),cat (0.0153),spider (0.0092),butterfly (0.0061),True,True
c:\Users\Alan\python\MMIP\week3\data\Dataset\dog\dog (2378).jpeg,dog,0.9686,dog,0.9686,dog (0.9686),horse (0.0209),cow (0.0055),cat (0.0015),spider (0.0009),True,True
c:\Users\Alan\python\MMIP\week3\data\Dataset\dog\dog (3260).jpeg,dog,0.7895,dog,0.7895,dog (0.7895),chicken (0.1070),cat (0.0228),sheep (0.0222),spider (0.0186),True,True
c:\Users\Alan\python\MMIP\week3\data\Dataset\dog\dog (1018).jpeg,dog,0.9828,dog,0.9828,dog (0.9828),sheep (0.0037),butterfly (0.0030),spider (0.0021),squirrel (0.0019),True,True
c:\Users\Alan\python\MMIP\week3\data\Dataset\dog\dog (3089).jpeg,dog,0.9364,dog,0.9364,dog (0.9364),cow (0.0160),chicken (0.0106),horse (0.0096),squirrel (0.0067),True,True
c:\Users\Alan\python\MMIP\week3\data\Dataset\dog\dog (164).jpeg,dog,0.8688,dog,0.8688,dog (0.8688),horse (0.0261),elephant (0.0202),cow (0.0183),spider (0.0179),True,True
c:\Users\Alan\python\MMIP\week3\data\Dataset\dog\dog (4571).jpeg,dog,0.7211,dog,0.7211,dog (0.7211),sheep (0.0880),cow (0.0700),horse (0.0399),cat (0.0306),True,True
c:\Users\Alan\python\MMIP\week3\data\Dataset\dog\dog (304).jpeg,dog,0.7961,dog,0.7961,dog (0.7961),cat (0.1122),elephant (0.0216),cow (0.0194),horse (0.0174),True,True
c:\Users\Alan\python\MMIP\week3\data\Dataset\dog\dog (1079).jpeg,dog,0.6776,dog,0.6776,dog (0.6776),cow (0.0676),cat (0.0578),horse (0.0546),spider (0.0509),True,True
c:\Users\Alan\python\MMIP\week3\data\Dataset\dog\dog (2461).jpeg,dog,0.3875,cow,0.4582,cow (0.4582),dog (0.3875),chicken (0.0404),spider (0.0399),butterfly (0.0203),False,True
c:\Users\Alan\python\MMIP\week3\data\Dataset\dog\dog (4192).jpeg,dog,0.7882,dog,0.7882,dog (0.7882),cat (0.0542),sheep (0.0344),horse (0.0317),squirrel (0.0281),True,True
c:\Users\Alan\python\MMIP\week3\data\Dataset\dog\dog (1267).jpeg,dog,0.9335,dog,0.9335,dog (0.9335),sheep (0.0208),spider (0.0119),horse (0.0091),squirrel (0.0084),True,True
c:\Users\Alan\python\MMIP\week3\data\Dataset\dog\dog (1970).jpeg,dog,0.892,dog,0.892,dog (0.8920),elephant (0.0452),chicken (0.0185),sheep (0.0171),butterfly (0.0071),True,True
c:\Users\Alan\python\MMIP\week3\data\Dataset\dog\dog (4297).jpeg,dog,0.9681,dog,0.9681,dog (0.9681),horse (0.0154),butterfly (0.0061),elephant (0.0023),squirrel (0.0021),True,True
c:\Users\Alan\python\MMIP\week3\data\Dataset\dog\dog (804).jpeg,dog,0.9391,dog,0.9391,dog (0.9391),elephant (0.0102),chicken (0.0080),squirrel (0.0074),spider (0.0073),True,True
c:\Users\Alan\python\MMIP\week3\data\Dataset\dog\dog (2041).jpeg,dog,0.8381,dog,0.8381,dog (0.8381),squirrel (0.0246),chicken (0.0223),sheep (0.0216),butterfly (0.0210),True,True
c:\Users\Alan\python\MMIP\week3\data\Dataset\dog\dog (543).jpeg,dog,0.3039,dog,0.3039,dog (0.3039),cat (0.2329),cow (0.1120),squirrel (0.1052),elephant (0.0898),True,True
c:\Users\Alan\python\MMIP\week3\data\Dataset\dog\dog (2087).jpeg,dog,0.9719,dog,0.9719,dog (0.9719),cat (0.0107),butterfly (0.0047),spider (0.0033),elephant (0.0030),True,True
c:\Users\Alan\python\MMIP\week3\data\Dataset\dog\dog (2882).jpeg,dog,0.8343,dog,0.8343,dog (0.8343),cow (0.0646),elephant (0.0202),chicken (0.0181),sheep (0.0176),True,True
c:\Users\Alan\python\MMIP\week3\data\Dataset\dog\dog (1716).jpeg,dog,0.88,dog,0.88,dog (0.8800),cow (0.0229),spider (0.0209),cat (0.0206),butterfly (0.0130),True,True
c:\Users\Alan\python\MMIP\week3\data\Dataset\dog\dog (3876).jpeg,dog,0.5098,dog,0.5098,dog (0.5098),cow (0.1045),spider (0.0866),sheep (0.0767),squirrel (0.0705),True,True
c:\Users\Alan\python\MMIP\week3\data\Dataset\dog\dog (4432).jpeg,dog,0.739,dog,0.739,dog (0.7390),horse (0.1307),squirrel (0.0385),elephant (0.0165),sheep (0.0160),True,True
c:\Users\Alan\python\MMIP\week3\data\Dataset\dog\dog (2761).jpeg,dog,0.8935,dog,0.8935,dog (0.8935),horse (0.0361),squirrel (0.0323),chicken (0.0104),cow (0.0095),True,True
c:\Users\Alan\python\MMIP\week3\data\Dataset\dog\dog (2628).jpeg,dog,0.9844,dog,0.9844,dog (0.9844),cow (0.0034),sheep (0.0027),elephant (0.0023),spider (0.0022),True,True
c:\Users\Alan\python\MMIP\week3\data\Dataset\dog\dog (170).jpeg,dog,0.7018,dog,0.7018,dog (0.7018),cat (0.1541),chicken (0.0650),butterfly (0.0174),sheep (0.0152),True,True
c:\Users\Alan\python\MMIP\week3\data\Dataset\dog\dog (523).jpeg,dog,0.8848,dog,0.8848,dog (0.8848),sheep (0.0419),cow (0.0328),cat (0.0116),butterfly (0.0091),True,True
c:\Users\Alan\python\MMIP\week3\data\Dataset\dog\dog (945).jpeg,dog,0.5383,dog,0.5383,dog (0.5383),butterfly (0.2273),horse (0.0649),spider (0.0615),chicken (0.0279),True,True
c:\Users\Alan\python\MMIP\week3\data\Dataset\dog\dog (2002).jpeg,dog,0.1152,chicken,0.6029,chicken (0.6029),dog (0.1152),butterfly (0.0885),cat (0.0525),cow (0.0468),False,True
c:\Users\Alan\python\MMIP\week3\data\Dataset\dog\dog (4764).jpeg,dog,0.4644,dog,0.4644,dog (0.4644),squirrel (0.1451),sheep (0.0915),cat (0.0838),spider (0.0630),True,True
c:\Users\Alan\python\MMIP\week3\data\Dataset\dog\dog (4594).jpeg,dog,0.7856,dog,0.7856,dog (0.7856),cow (0.0672),horse (0.0312),sheep (0.0224),squirrel (0.0201),True,True
c:\Users\Alan\python\MMIP\week3\data\Dataset\dog\dog (3895).jpeg,dog,0.8991,dog,0.8991,dog (0.8991),chicken (0.0378),squirrel (0.0136),butterfly (0.0121),sheep (0.0113),True,True
c:\Users\Alan\python\MMIP\week3\data\Dataset\dog\dog (2329).jpeg,dog,0.5892,dog,0.5892,dog (0.5892),sheep (0.1051),chicken (0.0716),cat (0.0572),cow (0.0538),True,True
c:\Users\Alan\python\MMIP\week3\data\Dataset\dog\dog (1241).jpeg,dog,0.953,dog,0.953,dog (0.9530),spider (0.0160),butterfly (0.0115),sheep (0.0043),elephant (0.0036),True,True
c:\Users\Alan\python\MMIP\week3\data\Dataset\dog\dog (3551).jpeg,dog,0.6786,dog,0.6786,dog (0.6786),cat (0.0838),cow (0.0776),horse (0.0479),chicken (0.0387),True,True
c:\Users\Alan\python\MMIP\week3\data\Dataset\dog\dog (4604).jpeg,dog,0.9696,dog,0.9696,dog (0.9696),sheep (0.0131),spider (0.0043),chicken (0.0030),butterfly (0.0025),True,True
c:\Users\Alan\python\MMIP\week3\data\Dataset\dog\dog (2528).jpeg,dog,0.7379,dog,0.7379,dog (0.7379),horse (0.1900),spider (0.0212),butterfly (0.0175),cow (0.0165),True,True
c:\Users\Alan\python\MMIP\week3\data\Dataset\dog\dog (3168).jpeg,dog,0.897,dog,0.897,dog (0.8970),cat (0.0214),horse (0.0185),chicken (0.0166),squirrel (0.0113),True,True
c:\Users\Alan\python\MMIP\week3\data\Dataset\dog\dog (4302).jpeg,dog,0.8952,dog,0.8952,dog (0.8952),elephant (0.0492),cat (0.0124),horse (0.0115),cow (0.0113),True,True
c:\Users\Alan\python\MMIP\week3\data\Dataset\dog\dog (1340).jpeg,dog,0.919,dog,0.919,dog (0.9190),cat (0.0189),horse (0.0145),spider (0.0140),squirrel (0.0109),True,True
c:\Users\Alan\python\MMIP\week3\data\Dataset\dog\dog (366).jpeg,dog,0.9032,dog,0.9032,dog (0.9032),squirrel (0.0192),sheep (0.0165),chicken (0.0132),cow (0.0106),True,True
c:\Users\Alan\python\MMIP\week3\data\Dataset\dog\dog (946).jpeg,dog,0.975,dog,0.975,dog (0.9750),spider (0.0065),butterfly (0.0045),squirrel (0.0044),chicken (0.0025),True,True
c:\Users\Alan\python\MMIP\week3\data\Dataset\dog\dog (1291).jpeg,dog,0.8618,dog,0.8618,dog (0.8618),horse (0.0387),cow (0.0288),sheep (0.0244),spider (0.0118),True,True
c:\Users\Alan\python\MMIP\week3\data\Dataset\dog\dog (18).jpeg,dog,0.3794,dog,0.3794,dog (0.3794),sheep (0.1943),squirrel (0.1522),elephant (0.0650),cat (0.0581),True,True
c:\Users\Alan\python\MMIP\week3\data\Dataset\dog\dog (1850).jpeg,dog,0.2236,sheep,0.5607,sheep (0.5607),dog (0.2236),horse (0.0604),squirrel (0.0411),cow (0.0371),False,True
c:\Users\Alan\python\MMIP\week3\data\Dataset\dog\dog (3261).jpeg,dog,0.9622,dog,0.9622,dog (0.9621),horse (0.0080),elephant (0.0068),chicken (0.0063),spider (0.0049),True,True
c:\Users\Alan\python\MMIP\week3\data\Dataset\dog\dog (4553).jpeg,dog,0.9702,dog,0.9702,dog (0.9702),sheep (0.0130),horse (0.0035),spider (0.0028),cow (0.0028),True,True
c:\Users\Alan\python\MMIP\week3\data\Dataset\dog\dog (2779).jpeg,dog,0.898,dog,0.898,dog (0.8980),spider (0.0192),sheep (0.0183),chicken (0.0150),horse (0.0138),True,True
c:\Users\Alan\python\MMIP\week3\data\Dataset\dog\dog (490).jpeg,dog,0.9372,dog,0.9372,dog (0.9372),horse (0.0236),cow (0.0131),chicken (0.0046),sheep (0.0044),True,True
c:\Users\Alan\python\MMIP\week3\data\Dataset\dog\dog (3065).jpeg,dog,0.7122,dog,0.7122,dog (0.7122),sheep (0.1116),horse (0.0576),cow (0.0362),elephant (0.0323),True,True
c:\Users\Alan\python\MMIP\week3\data\Dataset\dog\dog (1129).jpeg,dog,0.2567,cat,0.3087,cat (0.3087),dog (0.2567),chicken (0.1205),sheep (0.0676),elephant (0.0637),False,True
c:\Users\Alan\python\MMIP\week3\data\Dataset\dog\dog (769).jpeg,dog,0.9182,dog,0.9182,dog (0.9182),sheep (0.0263),horse (0.0168),cat (0.0095),elephant (0.0074),True,True
c:\Users\Alan\python\MMIP\week3\data\Dataset\dog\dog (12).jpeg,dog,0.9286,dog,0.9286,dog (0.9286),chicken (0.0213),butterfly (0.0160),sheep (0.0114),cat (0.0070),True,True
c:\Users\Alan\python\MMIP\week3\data\Dataset\dog\dog (2212).jpeg,dog,0.8531,dog,0.8531,dog (0.8531),butterfly (0.0728),cat (0.0214),chicken (0.0106),horse (0.0098),True,True
c:\Users\Alan\python\MMIP\week3\data\Dataset\dog\dog (480).jpeg,dog,0.8248,dog,0.8248,dog (0.8248),chicken (0.0856),sheep (0.0239),cat (0.0186),butterfly (0.0122),True,True
c:\Users\Alan\python\MMIP\week3\data\Dataset\dog\dog (2388).jpeg,dog,0.716,dog,0.716,dog (0.7160),spider (0.1780),horse (0.0290),cow (0.0180),chicken (0.0144),True,True
c:\Users\Alan\python\MMIP\week3\data\Dataset\dog\dog (3416).jpeg,dog,0.786,dog,0.786,dog (0.7860),spider (0.0665),chicken (0.0488),sheep (0.0272),squirrel (0.0177),True,True
c:\Users\Alan\python\MMIP\week3\data\Dataset\dog\dog (4406).jpeg,dog,0.7999,dog,0.7999,dog (0.7999),cat (0.0919),cow (0.0362),horse (0.0147),squirrel (0.0128),True,True
c:\Users\Alan\python\MMIP\week3\data\Dataset\dog\dog (3037).jpeg,dog,0.8781,dog,0.8781,dog (0.8781),chicken (0.0472),squirrel (0.0236),cow (0.0186),sheep (0.0085),True,True
c:\Users\Alan\python\MMIP\week3\data\Dataset\dog\dog (4463).jpeg,dog,0.7995,dog,0.7995,dog (0.7995),chicken (0.0796),sheep (0.0329),cow (0.0279),squirrel (0.0192),True,True
c:\Users\Alan\python\MMIP\week3\data\Dataset\dog\dog (4025).jpeg,dog,0.8507,dog,0.8507,dog (0.8507),cat (0.0497),chicken (0.0391),spider (0.0237),squirrel (0.0115),True,True
c:\Users\Alan\python\MMIP\week3\data\Dataset\dog\dog (969).jpeg,dog,0.6828,dog,0.6828,dog (0.6828),elephant (0.2039),butterfly (0.0207),horse (0.0193),cow (0.0180),True,True
c:\Users\Alan\python\MMIP\week3\data\Dataset\dog\dog (790).jpeg,dog,0.9602,dog,0.9602,dog (0.9602),horse (0.0140),squirrel (0.0063),butterfly (0.0038),sheep (0.0033),True,True
c:\Users\Alan\python\MMIP\week3\data\Dataset\dog\dog (515).jpeg,dog,0.8461,dog,0.8461,dog (0.8461),horse (0.0279),sheep (0.0261),elephant (0.0252),cow (0.0234),True,True
c:\Users\Alan\python\MMIP\week3\data\Dataset\dog\dog (2320).jpeg,dog,0.9875,dog,0.9875,dog (0.9875),elephant (0.0033),squirrel (0.0021),chicken (0.0020),cow (0.0011),True,True
c:\Users\Alan\python\MMIP\week3\data\Dataset\dog\dog (4315).jpeg,dog,0.9714,dog,0.9714,dog (0.9714),cat (0.0082),horse (0.0051),butterfly (0.0044),cow (0.0028),True,True
c:\Users\Alan\python\MMIP\week3\data\Dataset\dog\dog (1618).jpeg,dog,0.9466,dog,0.9466,dog (0.9466),horse (0.0284),spider (0.0045),elephant (0.0041),chicken (0.0040),True,True
c:\Users\Alan\python\MMIP\week3\data\Dataset\dog\dog (1029).jpeg,dog,0.578,dog,0.578,dog (0.5780),chicken (0.2035),cat (0.1020),butterfly (0.0349),sheep (0.0265),True,True
c:\Users\Alan\python\MMIP\week3\data\Dataset\dog\dog (1359).jpeg,dog,0.9179,dog,0.9179,dog (0.9179),cat (0.0284),butterfly (0.0119),squirrel (0.0088),sheep (0.0073),True,True
c:\Users\Alan\python\MMIP\week3\data\Dataset\dog\dog (2253).jpeg,dog,0.1915,squirrel,0.3471,squirrel (0.3471),dog (0.1915),cat (0.1501),elephant (0.1017),spider (0.0682),False,True
c:\Users\Alan\python\MMIP\week3\data\Dataset\dog\dog (3439).jpeg,dog,0.7544,dog,0.7544,dog (0.7544),elephant (0.0624),squirrel (0.0428),horse (0.0393),sheep (0.0326),True,True
c:\Users\Alan\python\MMIP\week3\data\Dataset\dog\dog (4634).jpeg,dog,0.9188,dog,0.9188,dog (0.9188),cat (0.0232),chicken (0.0116),horse (0.0103),cow (0.0089),True,True
c:\Users\Alan\python\MMIP\week3\data\Dataset\dog\dog (2822).jpeg,dog,0.7729,dog,0.7729,dog (0.7729),cat (0.0580),spider (0.0459),sheep (0.0271),chicken (0.0241),True,True
c:\Users\Alan\python\MMIP\week3\data\Dataset\dog\dog (451).jpeg,dog,0.9794,dog,0.9794,dog (0.9794),horse (0.0070),elephant (0.0035),spider (0.0024),cat (0.0018),True,True
c:\Users\Alan\python\MMIP\week3\data\Dataset\dog\dog (121).jpeg,dog,0.9202,dog,0.9202,dog (0.9202),sheep (0.0181),cat (0.0137),spider (0.0114),chicken (0.0100),True,True
c:\Users\Alan\python\MMIP\week3\data\Dataset\dog\dog (1131).jpeg,dog,0.6957,dog,0.6957,dog (0.6957),chicken (0.0701),spider (0.0619),butterfly (0.0460),cat (0.0449),True,True
c:\Users\Alan\python\MMIP\week3\data\Dataset\dog\dog (1226).jpeg,dog,0.8305,dog,0.8305,dog (0.8305),chicken (0.0619),spider (0.0340),squirrel (0.0232),cow (0.0160),True,True
c:\Users\Alan\python\MMIP\week3\data\Dataset\dog\dog (1017).jpeg,dog,0.9504,dog,0.9504,dog (0.9504),sheep (0.0116),cow (0.0089),cat (0.0062),horse (0.0060),True,True
c:\Users\Alan\python\MMIP\week3\data\Dataset\dog\dog (4399).jpeg,dog,0.7609,dog,0.7609,dog (0.7609),cat (0.1172),spider (0.0414),chicken (0.0236),squirrel (0.0218),True,True
c:\Users\Alan\python\MMIP\week3\data\Dataset\dog\dog (1208).jpeg,dog,0.9385,dog,0.9385,dog (0.9385),chicken (0.0173),cow (0.0139),cat (0.0081),spider (0.0055),True,True
c:\Users\Alan\python\MMIP\week3\data\Dataset\dog\dog (1436).jpeg,dog,0.6145,dog,0.6145,dog (0.6145),horse (0.2314),spider (0.0381),elephant (0.0332),sheep (0.0269),True,True
c:\Users\Alan\python\MMIP\week3\data\Dataset\dog\dog (1551).jpeg,dog,0.7812,dog,0.7812,dog (0.7812),horse (0.0749),cat (0.0640),chicken (0.0210),squirrel (0.0177),True,True
c:\Users\Alan\python\MMIP\week3\data\Dataset\dog\dog (3564).jpeg,dog,0.6406,dog,0.6406,dog (0.6406),cat (0.2447),spider (0.0321),sheep (0.0220),cow (0.0165),True,True
c:\Users\Alan\python\MMIP\week3\data\Dataset\dog\dog (597).jpeg,dog,0.7245,dog,0.7245,dog (0.7245),chicken (0.1230),sheep (0.0531),horse (0.0458),cow (0.0169),True,True
c:\Users\Alan\python\MMIP\week3\data\Dataset\dog\dog (4023).jpeg,dog,0.434,dog,0.434,dog (0.4340),spider (0.3437),cat (0.0388),sheep (0.0386),chicken (0.0330),True,True
c:\Users\Alan\python\MMIP\week3\data\Dataset\dog\dog (4476).jpeg,dog,0.8363,dog,0.8363,dog (0.8363),butterfly (0.0456),chicken (0.0292),cat (0.0282),spider (0.0163),True,True
c:\Users\Alan\python\MMIP\week3\data\Dataset\dog\dog (1925).jpeg,dog,0.957,dog,0.957,dog (0.9570),spider (0.0101),butterfly (0.0087),cat (0.0085),elephant (0.0043),True,True
c:\Users\Alan\python\MMIP\week3\data\Dataset\dog\dog (3937).jpeg,dog,0.1697,cow,0.5385,cow (0.5385),dog (0.1697),sheep (0.1321),spider (0.0518),horse (0.0266),False,True
c:\Users\Alan\python\MMIP\week3\data\Dataset\dog\dog (1722).jpeg,dog,0.1373,spider,0.1692,spider (0.1692),cow (0.1615),dog (0.1373),chicken (0.1283),butterfly (0.1102),False,True
c:\Users\Alan\python\MMIP\week3\data\Dataset\dog\dog (222).jpeg,dog,0.4294,dog,0.4294,dog (0.4294),horse (0.3261),elephant (0.0853),sheep (0.0308),spider (0.0300),True,True
c:\Users\Alan\python\MMIP\week3\data\Dataset\dog\dog (3144).jpeg,dog,0.5732,dog,0.5732,dog (0.5732),elephant (0.1738),cat (0.0686),sheep (0.0537),horse (0.0361),True,True
c:\Users\Alan\python\MMIP\week3\data\Dataset\dog\dog (4521).jpeg,dog,0.9799,dog,0.9799,dog (0.9799),horse (0.0056),squirrel (0.0034),cat (0.0026),spider (0.0023),True,True
c:\Users\Alan\python\MMIP\week3\data\Dataset\dog\dog (1346).jpeg,dog,0.9087,dog,0.9087,dog (0.9087),sheep (0.0257),squirrel (0.0147),chicken (0.0110),cow (0.0105),True,True
c:\Users\Alan\python\MMIP\week3\data\Dataset\dog\dog (3047).jpeg,dog,0.8533,dog,0.8533,dog (0.8533),cat (0.0242),sheep (0.0227),chicken (0.0219),squirrel (0.0187),True,True
c:\Users\Alan\python\MMIP\week3\data\Dataset\dog\dog (1789).jpeg,dog,0.7841,dog,0.7841,dog (0.7841),cat (0.0866),squirrel (0.0414),sheep (0.0376),elephant (0.0181),True,True
c:\Users\Alan\python\MMIP\week3\data\Dataset\dog\dog (4735).jpeg,dog,0.8054,dog,0.8054,dog (0.8054),sheep (0.0653),chicken (0.0340),horse (0.0244),spider (0.0205),True,True
c:\Users\Alan\python\MMIP\week3\data\Dataset\dog\dog (958).jpeg,dog,0.6851,dog,0.6851,dog (0.6851),horse (0.2614),squirrel (0.0139),spider (0.0117),cow (0.0073),True,True
c:\Users\Alan\python\MMIP\week3\data\Dataset\dog\dog (4259).jpeg,dog,0.994,dog,0.994,dog (0.9940),spider (0.0016),sheep (0.0011),horse (0.0008),elephant (0.0006),True,True
c:\Users\Alan\python\MMIP\week3\data\Dataset\dog\dog (3750).jpeg,dog,0.7712,dog,0.7712,dog (0.7712),elephant (0.0652),cat (0.0454),sheep (0.0343),horse (0.0226),True,True
c:\Users\Alan\python\MMIP\week3\data\Dataset\dog\dog (2377).jpeg,dog,0.9533,dog,0.9533,dog (0.9533),sheep (0.0088),spider (0.0081),butterfly (0.0080),horse (0.0064),True,True
c:\Users\Alan\python\MMIP\week3\data\Dataset\dog\dog (363).jpeg,dog,0.8998,dog,0.8998,dog (0.8998),sheep (0.0259),cow (0.0200),chicken (0.0135),cat (0.0121),True,True
c:\Users\Alan\python\MMIP\week3\data\Dataset\dog\dog (715).jpeg,dog,0.9432,dog,0.9432,dog (0.9432),sheep (0.0165),spider (0.0111),butterfly (0.0056),cat (0.0052),True,True
c:\Users\Alan\python\MMIP\week3\data\Dataset\dog\dog (838).jpeg,dog,0.5988,dog,0.5988,dog (0.5988),cow (0.1011),cat (0.0829),sheep (0.0512),chicken (0.0384),True,True
c:\Users\Alan\python\MMIP\week3\data\Dataset\dog\dog (305).jpeg,dog,0.988,dog,0.988,dog (0.9880),spider (0.0030),horse (0.0020),elephant (0.0020),sheep (0.0015),True,True
c:\Users\Alan\python\MMIP\week3\data\Dataset\dog\dog (4603).jpeg,dog,0.7646,dog,0.7646,dog (0.7646),elephant (0.0675),cat (0.0464),horse (0.0374),squirrel (0.0248),True,True
c:\Users\Alan\python\MMIP\week3\data\Dataset\dog\dog (793).jpeg,dog,0.8497,dog,0.8497,dog (0.8497),elephant (0.0326),butterfly (0.0297),spider (0.0193),horse (0.0189),True,True
c:\Users\Alan\python\MMIP\week3\data\Dataset\dog\dog (481).jpeg,dog,0.8718,dog,0.8718,dog (0.8718),squirrel (0.0346),sheep (0.0309),chicken (0.0170),spider (0.0124),True,True
c:\Users\Alan\python\MMIP\week3\data\Dataset\dog\dog (71).jpeg,dog,0.2035,spider,0.2699,spider (0.2699),dog (0.2035),cat (0.1241),chicken (0.1239),elephant (0.1122),False,True
c:\Users\Alan\python\MMIP\week3\data\Dataset\dog\dog (726).jpeg,dog,0.668,dog,0.668,dog (0.6680),sheep (0.1312),chicken (0.0800),squirrel (0.0651),cow (0.0278),True,True
c:\Users\Alan\python\MMIP\week3\data\Dataset\dog\dog (1869).jpeg,dog,0.0225,horse,0.4444,horse (0.4444),cow (0.3610),elephant (0.0648),spider (0.0296),sheep (0.0243),False,False
c:\Users\Alan\python\MMIP\week3\data\Dataset\dog\dog (4849).jpeg,dog,0.8547,dog,0.8547,dog (0.8547),cow (0.0365),horse (0.0271),squirrel (0.0149),elephant (0.0140),True,True
c:\Users\Alan\python\MMIP\week3\data\Dataset\dog\dog (662).jpeg,dog,0.8932,dog,0.8932,dog (0.8932),cat (0.0527),butterfly (0.0136),squirrel (0.0104),spider (0.0090),True,True
c:\Users\Alan\python\MMIP\week3\data\Dataset\dog\dog (2265).jpeg,dog,0.8717,dog,0.8717,dog (0.8717),cat (0.0365),elephant (0.0353),cow (0.0192),squirrel (0.0144),True,True
c:\Users\Alan\python\MMIP\week3\data\Dataset\dog\dog (3472).jpeg,dog,0.0634,squirrel,0.3643,squirrel (0.3643),chicken (0.2052),spider (0.1269),sheep (0.1097),dog (0.0634),False,True
c:\Users\Alan\python\MMIP\week3\data\Dataset\dog\dog (930).jpeg,dog,0.24,horse,0.3095,horse (0.3095),dog (0.2400),spider (0.0958),elephant (0.0924),chicken (0.0625),False,True
c:\Users\Alan\python\MMIP\week3\data\Dataset\dog\dog (2530).jpeg,dog,0.936,dog,0.936,dog (0.9360),horse (0.0252),butterfly (0.0089),spider (0.0084),chicken (0.0061),True,True
c:\Users\Alan\python\MMIP\week3\data\Dataset\dog\dog (706).jpeg,dog,0.9157,dog,0.9157,dog (0.9157),cat (0.0429),butterfly (0.0113),chicken (0.0066),spider (0.0061),True,True
c:\Users\Alan\python\MMIP\week3\data\Dataset\dog\dog (760).jpeg,dog,0.8231,dog,0.8231,dog (0.8231),cat (0.0719),chicken (0.0192),squirrel (0.0190),spider (0.0166),True,True
c:\Users\Alan\python\MMIP\week3\data\Dataset\dog\dog (4390).jpeg,dog,0.926,dog,0.926,dog (0.9260),sheep (0.0161),horse (0.0118),cow (0.0109),chicken (0.0096),True,True
c:\Users\Alan\python\MMIP\week3\data\Dataset\dog\dog (2177).jpeg,dog,0.4861,dog,0.4861,dog (0.4861),cow (0.1501),horse (0.0817),sheep (0.0802),squirrel (0.0536),True,True
c:\Users\Alan\python\MMIP\week3\data\Dataset\dog\dog (3916).jpeg,dog,0.377,dog,0.377,dog (0.3770),horse (0.2087),sheep (0.0818),elephant (0.0805),cow (0.0736),True,True
c:\Users\Alan\python\MMIP\week3\data\Dataset\dog\dog (2766).jpeg,dog,0.9703,dog,0.9703,dog (0.9703),spider (0.0064),elephant (0.0051),cat (0.0042),sheep (0.0033),True,True
c:\Users\Alan\python\MMIP\week3\data\Dataset\dog\dog (4240).jpeg,dog,0.6558,dog,0.6558,dog (0.6558),sheep (0.0886),cow (0.0829),horse (0.0600),elephant (0.0354),True,True
c:\Users\Alan\python\MMIP\week3\data\Dataset\dog\dog (4361).jpeg,dog,0.5779,dog,0.5779,dog (0.5779),horse (0.3291),sheep (0.0207),cat (0.0188),cow (0.0174),True,True
c:\Users\Alan\python\MMIP\week3\data\Dataset\dog\dog (2296).jpeg,dog,0.2401,dog,0.2401,dog (0.2401),squirrel (0.1830),horse (0.1433),sheep (0.1409),cat (0.0900),True,True
c:\Users\Alan\python\MMIP\week3\data\Dataset\dog\dog (4408).jpeg,dog,0.907,dog,0.907,dog (0.9070),elephant (0.0392),butterfly (0.0146),cat (0.0120),spider (0.0096),True,True
c:\Users\Alan\python\MMIP\week3\data\Dataset\dog\dog (1080).jpeg,dog,0.4165,dog,0.4165,dog (0.4165),squirrel (0.2548),horse (0.1954),cat (0.0368),butterfly (0.0257),True,True
c:\Users\Alan\python\MMIP\week3\data\Dataset\dog\dog (1117).jpeg,dog,0.8579,dog,0.8579,dog (0.8579),cat (0.0689),cow (0.0161),horse (0.0130),squirrel (0.0109),True,True
c:\Users\Alan\python\MMIP\week3\data\Dataset\dog\dog (3616).jpeg,dog,0.9087,dog,0.9087,dog (0.9087),cat (0.0585),chicken (0.0066),spider (0.0065),sheep (0.0061),True,True
c:\Users\Alan\python\MMIP\week3\data\Dataset\dog\dog (2923).jpeg,dog,0.4247,dog,0.4247,dog (0.4247),cow (0.2069),chicken (0.0960),butterfly (0.0751),squirrel (0.0656),True,True
c:\Users\Alan\python\MMIP\week3\data\Dataset\dog\dog (4345).jpeg,dog,0.8942,dog,0.8942,dog (0.8942),cow (0.0428),horse (0.0171),cat (0.0155),chicken (0.0062),True,True
c:\Users\Alan\python\MMIP\week3\data\Dataset\dog\dog (2427).jpeg,dog,0.9435,dog,0.9435,dog (0.9435),chicken (0.0145),cow (0.0088),sheep (0.0085),cat (0.0063),True,True
c:\Users\Alan\python\MMIP\week3\data\Dataset\dog\dog (1200).jpeg,dog,0.7946,dog,0.7946,dog (0.7946),sheep (0.0973),spider (0.0301),cow (0.0179),butterfly (0.0153),True,True
c:\Users\Alan\python\MMIP\week3\data\Dataset\dog\dog (4059).jpeg,dog,0.223,horse,0.7189,horse (0.7189),dog (0.2230),cat (0.0109),elephant (0.0101),squirrel (0.0083),False,True
c:\Users\Alan\python\MMIP\week3\data\Dataset\dog\dog (3610).jpeg,dog,0.8741,dog,0.8741,dog (0.8741),chicken (0.0333),cat (0.0217),butterfly (0.0154),elephant (0.0148),True,True
c:\Users\Alan\python\MMIP\week3\data\Dataset\dog\dog (4257).jpeg,dog,0.3778,cow,0.3925,cow (0.3925),dog (0.3778),spider (0.0697),horse (0.0675),elephant (0.0289),False,True
c:\Users\Alan\python\MMIP\week3\data\Dataset\dog\dog (3870).jpeg,dog,0.9234,dog,0.9234,dog (0.9234),chicken (0.0150),cat (0.0137),butterfly (0.0126),elephant (0.0095),True,True
c:\Users\Alan\python\MMIP\week3\data\Dataset\dog\dog (1633).jpeg,dog,0.9759,dog,0.9759,dog (0.9759),spider (0.0047),sheep (0.0036),cow (0.0033),horse (0.0029),True,True
c:\Users\Alan\python\MMIP\week3\data\Dataset\dog\dog (3343).jpeg,dog,0.2785,dog,0.2785,dog (0.2785),cow (0.1643),cat (0.1254),horse (0.1223),elephant (0.0717),True,True
c:\Users\Alan\python\MMIP\week3\data\Dataset\dog\dog (1717).jpeg,dog,0.9451,dog,0.9451,dog (0.9451),horse (0.0133),cat (0.0086),sheep (0.0078),spider (0.0077),True,True
c:\Users\Alan\python\MMIP\week3\data\Dataset\dog\dog (359).jpeg,dog,0.9068,dog,0.9068,dog (0.9068),squirrel (0.0461),sheep (0.0098),spider (0.0091),elephant (0.0089),True,True
c:\Users\Alan\python\MMIP\week3\data\Dataset\dog\dog (1967).jpeg,dog,0.6015,dog,0.6015,dog (0.6015),sheep (0.1077),cow (0.0594),chicken (0.0577),elephant (0.0367),True,True
c:\Users\Alan\python\MMIP\week3\data\Dataset\dog\dog (1877).jpeg,dog,0.9496,dog,0.9496,dog (0.9496),spider (0.0149),horse (0.0118),sheep (0.0055),cat (0.0045),True,True
c:\Users\Alan\python\MMIP\week3\data\Dataset\dog\dog (2639).jpeg,dog,0.9438,dog,0.9438,dog (0.9438),cow (0.0121),sheep (0.0092),chicken (0.0068),squirrel (0.0060),True,True
c:\Users\Alan\python\MMIP\week3\data\Dataset\dog\dog (2509).jpeg,dog,0.9742,dog,0.9742,dog (0.9742),chicken (0.0055),elephant (0.0036),spider (0.0035),cat (0.0027),True,True
c:\Users\Alan\python\MMIP\week3\data\Dataset\dog\dog (3486).jpeg,dog,0.8582,dog,0.8582,dog (0.8582),cat (0.0456),elephant (0.0249),spider (0.0238),sheep (0.0101),True,True
c:\Users\Alan\python\MMIP\week3\data\Dataset\dog\dog (2017).jpeg,dog,0.7869,dog,0.7869,dog (0.7869),chicken (0.1048),butterfly (0.0340),cat (0.0154),spider (0.0122),True,True
c:\Users\Alan\python\MMIP\week3\data\Dataset\dog\dog (4631).jpeg,dog,0.9028,dog,0.9028,dog (0.9028),chicken (0.0225),cat (0.0213),sheep (0.0144),butterfly (0.0116),True,True
c:\Users\Alan\python\MMIP\week3\data\Dataset\dog\dog (2499).jpeg,dog,0.7187,dog,0.7187,dog (0.7187),chicken (0.0723),spider (0.0507),butterfly (0.0391),sheep (0.0297),True,True
c:\Users\Alan\python\MMIP\week3\data\Dataset\dog\dog (472).jpeg,dog,0.7026,dog,0.7026,dog (0.7026),sheep (0.1139),chicken (0.0459),cow (0.0433),horse (0.0292),True,True
c:\Users\Alan\python\MMIP\week3\data\Dataset\dog\dog (4458).jpeg,dog,0.9276,dog,0.9276,dog (0.9276),elephant (0.0496),spider (0.0069),butterfly (0.0028),sheep (0.0026),True,True
c:\Users\Alan\python\MMIP\week3\data\Dataset\dog\dog (2066).jpeg,dog,0.2541,horse,0.3667,horse (0.3667),dog (0.2541),cow (0.1053),spider (0.0882),chicken (0.0555),False,True
c:\Users\Alan\python\MMIP\week3\data\Dataset\dog\dog (4662).jpeg,dog,0.6423,dog,0.6423,dog (0.6423),squirrel (0.1387),sheep (0.0628),spider (0.0390),cat (0.0364),True,True
c:\Users\Alan\python\MMIP\week3\data\Dataset\dog\dog (3688).jpeg,dog,0.8827,dog,0.8827,dog (0.8827),horse (0.0777),spider (0.0076),cow (0.0069),squirrel (0.0068),True,True
c:\Users\Alan\python\MMIP\week3\data\Dataset\dog\dog (2410).jpeg,dog,0.8698,dog,0.8698,dog (0.8698),horse (0.0580),cat (0.0234),chicken (0.0179),cow (0.0071),True,True
c:\Users\Alan\python\MMIP\week3\data\Dataset\dog\dog (2222).jpeg,dog,0.9808,dog,0.9808,dog (0.9808),chicken (0.0066),cat (0.0054),cow (0.0012),spider (0.0012),True,True
c:\Users\Alan\python\MMIP\week3\data\Dataset\dog\dog (127).jpeg,dog,0.6622,dog,0.6622,dog (0.6622),cat (0.1571),chicken (0.0444),cow (0.0269),squirrel (0.0231),True,True
c:\Users\Alan\python\MMIP\week3\data\Dataset\dog\dog (2435).jpeg,dog,0.9376,dog,0.9376,dog (0.9376),sheep (0.0244),butterfly (0.0068),horse (0.0062),chicken (0.0061),True,True
c:\Users\Alan\python\MMIP\week3\data\Dataset\dog\dog (626).jpeg,dog,0.9665,dog,0.9665,dog (0.9665),chicken (0.0092),horse (0.0061),cow (0.0048),butterfly (0.0038),True,True
c:\Users\Alan\python\MMIP\week3\data\Dataset\dog\dog (4126).jpeg,dog,0.4324,dog,0.4324,dog (0.4324),cow (0.1101),horse (0.1026),squirrel (0.0827),elephant (0.0804),True,True
c:\Users\Alan\python\MMIP\week3\data\Dataset\dog\dog (3387).jpeg,dog,0.9112,dog,0.9112,dog (0.9112),horse (0.0246),spider (0.0147),butterfly (0.0109),cow (0.0095),True,True
c:\Users\Alan\python\MMIP\week3\data\Dataset\dog\dog (4791).jpeg,dog,0.9015,dog,0.9015,dog (0.9015),cat (0.0481),spider (0.0116),chicken (0.0092),butterfly (0.0075),True,True
c:\Users\Alan\python\MMIP\week3\data\Dataset\dog\dog (3003).jpeg,dog,0.6537,dog,0.6537,dog (0.6537),squirrel (0.0811),horse (0.0811),cat (0.0397),cow (0.0367),True,True
c:\Users\Alan\python\MMIP\week3\data\Dataset\dog\dog (4679).jpeg,dog,0.5117,dog,0.5117,dog (0.5117),cow (0.1153),elephant (0.0846),horse (0.0708),squirrel (0.0589),True,True
c:\Users\Alan\python\MMIP\week3\data\Dataset\dog\dog (2380).jpeg,dog,0.8804,dog,0.8804,dog (0.8804),cow (0.0277),horse (0.0261),elephant (0.0138),cat (0.0117),True,True
c:\Users\Alan\python\MMIP\week3\data\Dataset\dog\dog (1308).jpeg,dog,0.9839,dog,0.9839,dog (0.9839),spider (0.0038),horse (0.0035),butterfly (0.0027),sheep (0.0013),True,True
c:\Users\Alan\python\MMIP\week3\data\Dataset\dog\dog (2219).jpeg,dog,0.9263,dog,0.9263,dog (0.9263),horse (0.0227),sheep (0.0147),cow (0.0131),chicken (0.0095),True,True
c:\Users\Alan\python\MMIP\week3\data\Dataset\dog\dog (1212).jpeg,dog,0.3449,dog,0.3449,dog (0.3449),cat (0.2102),butterfly (0.2082),spider (0.1067),sheep (0.0307),True,True
c:\Users\Alan\python\MMIP\week3\data\Dataset\dog\dog (3124).jpeg,dog,0.2456,chicken,0.3152,chicken (0.3152),dog (0.2456),cow (0.1265),sheep (0.1139),horse (0.0378),False,True
c:\Users\Alan\python\MMIP\week3\data\Dataset\dog\dog (4729).jpeg,dog,0.8281,dog,0.8281,dog (0.8281),cat (0.0856),spider (0.0172),sheep (0.0168),butterfly (0.0156),True,True
c:\Users\Alan\python\MMIP\week3\data\Dataset\dog\dog (1783).jpeg,dog,0.8664,dog,0.8664,dog (0.8664),elephant (0.0408),sheep (0.0318),chicken (0.0157),cat (0.0108),True,True
c:\Users\Alan\python\MMIP\week3\data\Dataset\dog\dog (2613).jpeg,dog,0.7501,dog,0.7501,dog (0.7501),elephant (0.1591),horse (0.0197),cow (0.0194),chicken (0.0158),True,True
c:\Users\Alan\python\MMIP\week3\data\Dataset\dog\dog (4392).jpeg,dog,0.8124,dog,0.8124,dog (0.8124),horse (0.0466),elephant (0.0331),cow (0.0251),chicken (0.0208),True,True
c:\Users\Alan\python\MMIP\week3\data\Dataset\dog\dog (4409).jpeg,dog,0.8923,dog,0.8923,dog (0.8923),cat (0.0304),sheep (0.0186),spider (0.0124),chicken (0.0116),True,True
c:\Users\Alan\python\MMIP\week3\data\Dataset\dog\dog (2918).jpeg,dog,0.5022,dog,0.5022,dog (0.5022),cow (0.3241),chicken (0.0696),sheep (0.0252),squirrel (0.0185),True,True
c:\Users\Alan\python\MMIP\week3\data\Dataset\dog\dog (4494).jpeg,dog,0.8421,dog,0.8421,dog (0.8421),cow (0.0361),chicken (0.0265),spider (0.0252),cat (0.0192),True,True
c:\Users\Alan\python\MMIP\week3\data\Dataset\dog\dog (1598).jpeg,dog,0.3158,dog,0.3158,dog (0.3158),chicken (0.2666),horse (0.1737),cow (0.0681),sheep (0.0630),True,True
c:\Users\Alan\python\MMIP\week3\data\Dataset\dog\dog (3048).jpeg,dog,0.904,dog,0.904,dog (0.9040),cat (0.0433),chicken (0.0169),squirrel (0.0092),spider (0.0069),True,True
c:\Users\Alan\python\MMIP\week3\data\Dataset\dog\dog (1414).jpeg,dog,0.808,dog,0.808,dog (0.8080),butterfly (0.0838),spider (0.0337),horse (0.0155),elephant (0.0146),True,True
c:\Users\Alan\python\MMIP\week3\data\Dataset\dog\dog (4482).jpeg,dog,0.8275,dog,0.8275,dog (0.8275),cat (0.0372),spider (0.0311),elephant (0.0205),butterfly (0.0196),True,True
c:\Users\Alan\python\MMIP\week3\data\Dataset\dog\dog (2561).jpeg,dog,0.5174,dog,0.5174,dog (0.5174),chicken (0.0955),squirrel (0.0763),cat (0.0731),elephant (0.0651),True,True
c:\Users\Alan\python\MMIP\week3\data\Dataset\dog\dog (1513).jpeg,dog,0.9726,dog,0.9726,dog (0.9726),chicken (0.0062),butterfly (0.0047),cat (0.0043),sheep (0.0040),True,True
c:\Users\Alan\python\MMIP\week3\data\Dataset\dog\dog (49).jpeg,dog,0.9876,dog,0.9876,dog (0.9876),spider (0.0024),horse (0.0023),sheep (0.0020),elephant (0.0013),True,True
c:\Users\Alan\python\MMIP\week3\data\Dataset\dog\dog (2722).jpeg,dog,0.3569,dog,0.3569,dog (0.3569),spider (0.1968),cow (0.1352),horse (0.0614),chicken (0.0600),True,True
c:\Users\Alan\python\MMIP\week3\data\Dataset\dog\dog (3955).jpeg,dog,0.476,dog,0.476,dog (0.4760),sheep (0.1169),cat (0.0997),cow (0.0844),horse (0.0810),True,True
c:\Users\Alan\python\MMIP\week3\data\Dataset\dog\dog (4162).jpeg,dog,0.6819,dog,0.6819,dog (0.6819),cat (0.1033),chicken (0.0589),squirrel (0.0371),horse (0.0329),True,True
c:\Users\Alan\python\MMIP\week3\data\Dataset\dog\dog (1378).jpeg,dog,0.9288,dog,0.9288,dog (0.9288),cat (0.0153),elephant (0.0104),butterfly (0.0104),horse (0.0085),True,True
c:\Users\Alan\python\MMIP\week3\data\Dataset\dog\dog (3463).jpeg,dog,0.9864,dog,0.9864,dog (0.9864),spider (0.0034),cow (0.0023),butterfly (0.0019),squirrel (0.0016),True,True
c:\Users\Alan\python\MMIP\week3\data\Dataset\dog\dog (3485).jpeg,dog,0.8376,dog,0.8376,dog (0.8376),spider (0.0580),cow (0.0324),sheep (0.0201),horse (0.0126),True,True
c:\Users\Alan\python\MMIP\week3\data\Dataset\dog\dog (791).jpeg,dog,0.8851,dog,0.8851,dog (0.8851),elephant (0.0433),horse (0.0291),cow (0.0122),sheep (0.0107),True,True
c:\Users\Alan\python\MMIP\week3\data\Dataset\dog\dog (1600).jpeg,dog,0.9145,dog,0.9145,dog (0.9145),chicken (0.0207),cat (0.0139),squirrel (0.0129),spider (0.0106),True,True
c:\Users\Alan\python\MMIP\week3\data\Dataset\dog\dog (1430).jpeg,dog,0.8763,dog,0.8763,dog (0.8763),cow (0.0444),sheep (0.0300),elephant (0.0129),spider (0.0097),True,True
c:\Users\Alan\python\MMIP\week3\data\Dataset\dog\dog (4276).jpeg,dog,0.9623,dog,0.9623,dog (0.9623),cat (0.0079),spider (0.0066),squirrel (0.0066),horse (0.0060),True,True
c:\Users\Alan\python\MMIP\week3\data\Dataset\dog\dog (1278).jpeg,dog,0.5074,dog,0.5074,dog (0.5074),cat (0.3335),chicken (0.0385),spider (0.0345),squirrel (0.0268),True,True
c:\Users\Alan\python\MMIP\week3\data\Dataset\dog\dog (1261).jpeg,dog,0.9471,dog,0.9471,dog (0.9471),chicken (0.0096),squirrel (0.0085),butterfly (0.0084),elephant (0.0068),True,True
c:\Users\Alan\python\MMIP\week3\data\Dataset\dog\dog (1667).jpeg,dog,0.8781,dog,0.8781,dog (0.8781),sheep (0.0247),spider (0.0246),cow (0.0233),horse (0.0170),True,True
c:\Users\Alan\python\MMIP\week3\data\Dataset\dog\dog (3837).jpeg,dog,0.7595,dog,0.7595,dog (0.7595),cat (0.0816),chicken (0.0624),squirrel (0.0217),spider (0.0189),True,True
c:\Users\Alan\python\MMIP\week3\data\Dataset\dog\dog (446).jpeg,dog,0.8503,dog,0.8503,dog (0.8503),spider (0.0619),butterfly (0.0231),sheep (0.0206),cow (0.0129),True,True
c:\Users\Alan\python\MMIP\week3\data\Dataset\dog\dog (1959).jpeg,dog,0.592,dog,0.592,dog (0.5920),spider (0.0792),sheep (0.0760),horse (0.0750),cat (0.0506),True,True
c:\Users\Alan\python\MMIP\week3\data\Dataset\dog\dog (421).jpeg,dog,0.7233,dog,0.7233,dog (0.7233),cat (0.1028),sheep (0.0543),chicken (0.0357),butterfly (0.0212),True,True
c:\Users\Alan\python\MMIP\week3\data\Dataset\dog\dog (1752).jpeg,dog,0.7186,dog,0.7186,dog (0.7186),horse (0.1156),elephant (0.0406),cat (0.0344),cow (0.0285),True,True
c:\Users\Alan\python\MMIP\week3\data\Dataset\dog\dog (4044).jpeg,dog,0.9597,dog,0.9597,dog (0.9597),horse (0.0148),elephant (0.0052),squirrel (0.0037),sheep (0.0034),True,True
c:\Users\Alan\python\MMIP\week3\data\Dataset\dog\dog (4283).jpeg,dog,0.2509,squirrel,0.288,squirrel (0.2880),dog (0.2509),elephant (0.1591),horse (0.0712),sheep (0.0615),False,True
c:\Users\Alan\python\MMIP\week3\data\Dataset\dog\dog (2406).jpeg,dog,0.9201,dog,0.9201,dog (0.9201),cat (0.0227),spider (0.0103),squirrel (0.0091),butterfly (0.0079),True,True
c:\Users\Alan\python\MMIP\week3\data\Dataset\dog\dog (1023).jpeg,dog,0.9579,dog,0.9579,dog (0.9579),cat (0.0218),butterfly (0.0043),elephant (0.0035),sheep (0.0034),True,True
c:\Users\Alan\python\MMIP\week3\data\Dataset\dog\dog (2583).jpeg,dog,0.6171,dog,0.6171,dog (0.6171),cow (0.1411),sheep (0.1187),elephant (0.0312),horse (0.0293),True,True
c:\Users\Alan\python\MMIP\week3\data\Dataset\dog\dog (4833).jpeg,dog,0.9413,dog,0.9413,dog (0.9413),cow (0.0198),sheep (0.0081),squirrel (0.0071),spider (0.0055),True,True
c:\Users\Alan\python\MMIP\week3\data\Dataset\dog\dog (1409).jpeg,dog,0.8307,dog,0.8307,dog (0.8307),cat (0.1165),chicken (0.0090),spider (0.0084),butterfly (0.0081),True,True
c:\Users\Alan\python\MMIP\week3\data\Dataset\dog\dog (1668).jpeg,dog,0.9588,dog,0.9588,dog (0.9588),butterfly (0.0120),sheep (0.0077),spider (0.0068),horse (0.0047),True,True
c:\Users\Alan\python\MMIP\week3\data\Dataset\dog\dog (1187).jpeg,dog,0.448,dog,0.448,dog (0.4480),squirrel (0.1217),spider (0.0960),cow (0.0833),horse (0.0793),True,True
c:\Users\Alan\python\MMIP\week3\data\Dataset\dog\dog (3214).jpeg,dog,0.5655,dog,0.5655,dog (0.5655),sheep (0.1587),cow (0.1285),spider (0.0304),butterfly (0.0254),True,True
c:\Users\Alan\python\MMIP\week3\data\Dataset\dog\dog (1961).jpeg,dog,0.9509,dog,0.9509,dog (0.9509),cow (0.0136),horse (0.0122),sheep (0.0090),butterfly (0.0034),True,True
c:\Users\Alan\python\MMIP\week3\data\Dataset\dog\dog (2254).jpeg,dog,0.8834,dog,0.8834,dog (0.8834),sheep (0.0213),cow (0.0200),spider (0.0174),horse (0.0157),True,True
c:\Users\Alan\python\MMIP\week3\data\Dataset\dog\dog (4097).jpeg,dog,0.5794,dog,0.5794,dog (0.5794),squirrel (0.1065),spider (0.0889),horse (0.0730),cow (0.0402),True,True
c:\Users\Alan\python\MMIP\week3\data\Dataset\dog\dog (2400).jpeg,dog,0.8953,dog,0.8953,dog (0.8953),cow (0.0204),cat (0.0179),elephant (0.0171),sheep (0.0139),True,True
c:\Users\Alan\python\MMIP\week3\data\Dataset\dog\dog (2014).jpeg,dog,0.9717,dog,0.9717,dog (0.9717),elephant (0.0058),cat (0.0051),sheep (0.0049),butterfly (0.0035),True,True
c:\Users\Alan\python\MMIP\week3\data\Dataset\dog\dog (3358).jpeg,dog,0.9601,dog,0.9601,dog (0.9601),sheep (0.0092),horse (0.0065),cow (0.0063),spider (0.0051),True,True
c:\Users\Alan\python\MMIP\week3\data\Dataset\dog\dog (2497).jpeg,dog,0.3384,chicken,0.4843,chicken (0.4843),dog (0.3384),cat (0.0646),squirrel (0.0401),cow (0.0166),False,True
c:\Users\Alan\python\MMIP\week3\data\Dataset\dog\dog (2703).jpeg,dog,0.9872,dog,0.9872,dog (0.9872),squirrel (0.0054),elephant (0.0039),cat (0.0009),chicken (0.0007),True,True
c:\Users\Alan\python\MMIP\week3\data\Dataset\dog\dog (4353).jpeg,dog,0.9963,dog,0.9963,dog (0.9963),elephant (0.0014),spider (0.0009),butterfly (0.0004),horse (0.0003),True,True
c:\Users\Alan\python\MMIP\week3\data\Dataset\dog\dog (4325).jpeg,dog,0.9105,dog,0.9105,dog (0.9105),horse (0.0167),spider (0.0155),chicken (0.0134),elephant (0.0122),True,True
c:\Users\Alan\python\MMIP\week3\data\Dataset\dog\dog (1331).jpeg,dog,0.8598,dog,0.8598,dog (0.8598),cat (0.0632),spider (0.0173),chicken (0.0137),sheep (0.0112),True,True
c:\Users\Alan\python\MMIP\week3\data\Dataset\dog\dog (2856).jpeg,dog,0.7754,dog,0.7754,dog (0.7754),squirrel (0.0546),cow (0.0286),cat (0.0284),chicken (0.0244),True,True
c:\Users\Alan\python\MMIP\week3\data\Dataset\dog\dog (724).jpeg,dog,0.9792,dog,0.9792,dog (0.9792),spider (0.0055),cat (0.0040),butterfly (0.0030),elephant (0.0019),True,True
c:\Users\Alan\python\MMIP\week3\data\Dataset\dog\dog (3050).jpeg,dog,0.9853,dog,0.9853,dog (0.9853),spider (0.0035),chicken (0.0021),elephant (0.0021),cow (0.0017),True,True
c:\Users\Alan\python\MMIP\week3\data\Dataset\dog\dog (1019).jpeg,dog,0.9513,dog,0.9513,dog (0.9513),sheep (0.0105),cow (0.0076),chicken (0.0068),elephant (0.0065),True,True
c:\Users\Alan\python\MMIP\week3\data\Dataset\dog\dog (4607).jpeg,dog,0.6567,dog,0.6567,dog (0.6567),elephant (0.0694),horse (0.0674),cow (0.0553),chicken (0.0484),True,True
c:\Users\Alan\python\MMIP\week3\data\Dataset\dog\dog (417).jpeg,dog,0.9445,dog,0.9445,dog (0.9445),chicken (0.0121),butterfly (0.0107),spider (0.0106),squirrel (0.0059),True,True
c:\Users\Alan\python\MMIP\week3\data\Dataset\dog\dog (1118).jpeg,dog,0.6316,dog,0.6316,dog (0.6316),horse (0.0970),cat (0.0785),elephant (0.0601),chicken (0.0381),True,True
c:\Users\Alan\python\MMIP\week3\data\Dataset\dog\dog (3412).jpeg,dog,0.8284,dog,0.8284,dog (0.8284),cow (0.1186),chicken (0.0113),cat (0.0082),horse (0.0078),True,True
c:\Users\Alan\python\MMIP\week3\data\Dataset\dog\dog (2205).jpeg,dog,0.8833,dog,0.8833,dog (0.8833),cat (0.0516),squirrel (0.0153),sheep (0.0109),spider (0.0108),True,True
c:\Users\Alan\python\MMIP\week3\data\Dataset\dog\dog (3238).jpeg,dog,0.8653,dog,0.8653,dog (0.8653),squirrel (0.0385),sheep (0.0223),chicken (0.0161),horse (0.0152),True,True
c:\Users\Alan\python\MMIP\week3\data\Dataset\dog\dog (3043).jpeg,dog,0.6671,dog,0.6671,dog (0.6671),horse (0.1402),cow (0.1195),chicken (0.0185),spider (0.0134),True,True
c:\Users\Alan\python\MMIP\week3\data\Dataset\dog\dog (1672).jpeg,dog,0.3367,sheep,0.5117,sheep (0.5117),dog (0.3367),butterfly (0.0333),cat (0.0299),cow (0.0261),False,True
c:\Users\Alan\python\MMIP\week3\data\Dataset\dog\dog (1494).jpeg,dog,0.9354,dog,0.9354,dog (0.9354),sheep (0.0170),cow (0.0125),spider (0.0104),chicken (0.0057),True,True
c:\Users\Alan\python\MMIP\week3\data\Dataset\dog\dog (3553).jpeg,dog,0.8864,dog,0.8864,dog (0.8864),cat (0.0304),chicken (0.0217),sheep (0.0140),spider (0.0135),True,True
c:\Users\Alan\python\MMIP\week3\data\Dataset\dog\dog (3376).jpeg,dog,0.5866,dog,0.5866,dog (0.5866),cow (0.1560),cat (0.0921),chicken (0.0407),spider (0.0340),True,True
c:\Users\Alan\python\MMIP\week3\data\Dataset\dog\dog (9).jpeg,dog,0.9277,dog,0.9277,dog (0.9277),cow (0.0195),spider (0.0153),butterfly (0.0086),sheep (0.0068),True,True
c:\Users\Alan\python\MMIP\week3\data\Dataset\dog\dog (2717).jpeg,dog,0.3294,dog,0.3294,dog (0.3294),spider (0.3044),chicken (0.1790),squirrel (0.0458),butterfly (0.0378),True,True
c:\Users\Alan\python\MMIP\week3\data\Dataset\dog\dog (4061).jpeg,dog,0.9961,dog,0.9961,dog (0.9961),spider (0.0008),chicken (0.0008),sheep (0.0006),cow (0.0003),True,True
c:\Users\Alan\python\MMIP\week3\data\Dataset\dog\dog (2225).jpeg,dog,0.7523,dog,0.7523,dog (0.7523),cow (0.1812),cat (0.0301),horse (0.0134),chicken (0.0061),True,True
c:\Users\Alan\python\MMIP\week3\data\Dataset\dog\dog (1143).jpeg,dog,0.9613,dog,0.9613,dog (0.9613),cow (0.0118),sheep (0.0055),horse (0.0051),chicken (0.0045),True,True
c:\Users\Alan\python\MMIP\week3\data\Dataset\dog\dog (3340).jpeg,dog,0.8655,dog,0.8655,dog (0.8655),spider (0.0369),cat (0.0253),sheep (0.0163),squirrel (0.0159),True,True
c:\Users\Alan\python\MMIP\week3\data\Dataset\dog\dog (1561).jpeg,dog,0.913,dog,0.913,dog (0.9130),sheep (0.0268),cow (0.0125),spider (0.0117),elephant (0.0108),True,True
c:\Users\Alan\python\MMIP\week3\data\Dataset\dog\dog (1320).jpeg,dog,0.9477,dog,0.9477,dog (0.9477),cow (0.0128),horse (0.0122),sheep (0.0077),spider (0.0062),True,True
c:\Users\Alan\python\MMIP\week3\data\Dataset\dog\dog (377).jpeg,dog,0.7458,dog,0.7458,dog (0.7458),chicken (0.1006),sheep (0.0382),squirrel (0.0329),horse (0.0243),True,True
c:\Users\Alan\python\MMIP\week3\data\Dataset\dog\dog (1521).jpeg,dog,0.8925,dog,0.8925,dog (0.8925),horse (0.0359),cow (0.0186),butterfly (0.0153),spider (0.0126),True,True
c:\Users\Alan\python\MMIP\week3\data\Dataset\elephant\elephant (979).jpeg,elephant,0.4296,elephant,0.4296,elephant (0.4296),horse (0.2702),dog (0.0881),spider (0.0757),butterfly (0.0338),True,True
c:\Users\Alan\python\MMIP\week3\data\Dataset\elephant\elephant (882).jpeg,elephant,0.145,horse,0.3061,horse (0.3061),dog (0.1548),elephant (0.1450),spider (0.1138),butterfly (0.1000),False,True
c:\Users\Alan\python\MMIP\week3\data\Dataset\elephant\elephant (959).jpeg,elephant,0.1712,chicken,0.3069,chicken (0.3069),elephant (0.1712),squirrel (0.1484),sheep (0.0941),dog (0.0835),False,True
c:\Users\Alan\python\MMIP\week3\data\Dataset\elephant\elephant (389).jpeg,elephant,0.7251,elephant,0.7251,elephant (0.7251),dog (0.0793),spider (0.0521),cow (0.0380),sheep (0.0318),True,True
c:\Users\Alan\python\MMIP\week3\data\Dataset\elephant\elephant (27).jpg,elephant,0.9862,elephant,0.9862,elephant (0.9862),sheep (0.0056),cat (0.0020),spider (0.0017),horse (0.0014),True,True
c:\Users\Alan\python\MMIP\week3\data\Dataset\elephant\elephant (34).jpeg,elephant,0.717,elephant,0.717,elephant (0.7170),dog (0.1552),spider (0.0230),chicken (0.0229),squirrel (0.0208),True,True
c:\Users\Alan\python\MMIP\week3\data\Dataset\elephant\elephant (136).jpg,elephant,0.9198,elephant,0.9198,elephant (0.9198),spider (0.0308),cat (0.0151),chicken (0.0108),dog (0.0089),True,True
c:\Users\Alan\python\MMIP\week3\data\Dataset\elephant\elephant (216).jpg,elephant,0.9294,elephant,0.9294,elephant (0.9294),chicken (0.0180),sheep (0.0135),horse (0.0080),butterfly (0.0078),True,True
c:\Users\Alan\python\MMIP\week3\data\Dataset\elephant\elephant (117).jpeg,elephant,0.8852,elephant,0.8852,elephant (0.8852),squirrel (0.0187),horse (0.0186),sheep (0.0178),butterfly (0.0130),True,True
c:\Users\Alan\python\MMIP\week3\data\Dataset\elephant\elephant (958).jpeg,elephant,0.0958,chicken,0.3032,chicken (0.3032),dog (0.1558),horse (0.1370),elephant (0.0958),sheep (0.0934),False,True
c:\Users\Alan\python\MMIP\week3\data\Dataset\elephant\elephant (993).jpeg,elephant,0.9763,elephant,0.9763,elephant (0.9763),dog (0.0055),spider (0.0036),cow (0.0028),chicken (0.0028),True,True
c:\Users\Alan\python\MMIP\week3\data\Dataset\elephant\elephant (372).jpeg,elephant,0.9118,elephant,0.9118,elephant (0.9118),squirrel (0.0198),dog (0.0177),cat (0.0146),horse (0.0107),True,True
c:\Users\Alan\python\MMIP\week3\data\Dataset\elephant\elephant (533).jpeg,elephant,0.5882,elephant,0.5882,elephant (0.5882),horse (0.1090),dog (0.0758),squirrel (0.0528),spider (0.0516),True,True
c:\Users\Alan\python\MMIP\week3\data\Dataset\elephant\elephant (1059).jpeg,elephant,0.7824,elephant,0.7824,elephant (0.7824),sheep (0.0485),cow (0.0463),dog (0.0341),horse (0.0326),True,True
c:\Users\Alan\python\MMIP\week3\data\Dataset\elephant\elephant (629).jpeg,elephant,0.4378,elephant,0.4378,elephant (0.4378),horse (0.1425),dog (0.1266),cat (0.0640),squirrel (0.0608),True,True
c:\Users\Alan\python\MMIP\week3\data\Dataset\elephant\elephant (715).jpeg,elephant,0.992,elephant,0.992,elephant (0.9920),dog (0.0029),butterfly (0.0013),spider (0.0009),cow (0.0009),True,True
c:\Users\Alan\python\MMIP\week3\data\Dataset\elephant\elephant (271).jpeg,elephant,0.9459,elephant,0.9459,elephant (0.9459),dog (0.0089),cow (0.0082),spider (0.0079),horse (0.0073),True,True
c:\Users\Alan\python\MMIP\week3\data\Dataset\elephant\elephant (1020).jpeg,elephant,0.972,elephant,0.972,elephant (0.9720),dog (0.0085),spider (0.0043),cow (0.0036),butterfly (0.0033),True,True
c:\Users\Alan\python\MMIP\week3\data\Dataset\elephant\elephant (580).jpeg,elephant,0.6953,elephant,0.6953,elephant (0.6953),spider (0.0939),chicken (0.0740),horse (0.0310),squirrel (0.0246),True,True
c:\Users\Alan\python\MMIP\week3\data\Dataset\elephant\elephant (530).jpeg,elephant,0.9523,elephant,0.9523,elephant (0.9523),cow (0.0164),sheep (0.0083),dog (0.0051),chicken (0.0051),True,True
c:\Users\Alan\python\MMIP\week3\data\Dataset\elephant\elephant (68).jpeg,elephant,0.2478,cow,0.3879,cow (0.3879),elephant (0.2478),sheep (0.1409),horse (0.0762),spider (0.0458),False,True
c:\Users\Alan\python\MMIP\week3\data\Dataset\elephant\elephant (701).jpeg,elephant,0.9581,elephant,0.9581,elephant (0.9581),dog (0.0265),chicken (0.0029),butterfly (0.0022),spider (0.0022),True,True
c:\Users\Alan\python\MMIP\week3\data\Dataset\elephant\elephant (872).jpeg,elephant,0.9403,elephant,0.9403,elephant (0.9403),butterfly (0.0152),dog (0.0146),cow (0.0076),chicken (0.0049),True,True
c:\Users\Alan\python\MMIP\week3\data\Dataset\elephant\elephant (416).jpeg,elephant,0.9352,elephant,0.9352,elephant (0.9352),spider (0.0131),dog (0.0114),butterfly (0.0098),squirrel (0.0072),True,True
c:\Users\Alan\python\MMIP\week3\data\Dataset\elephant\elephant (497).jpeg,elephant,0.6127,elephant,0.6127,elephant (0.6127),dog (0.1356),cow (0.0958),squirrel (0.0374),sheep (0.0293),True,True
c:\Users\Alan\python\MMIP\week3\data\Dataset\elephant\elephant (1047).jpeg,elephant,0.9308,elephant,0.9308,elephant (0.9308),spider (0.0308),cow (0.0094),dog (0.0080),cat (0.0060),True,True
c:\Users\Alan\python\MMIP\week3\data\Dataset\elephant\elephant (109).jpeg,elephant,0.937,elephant,0.937,elephant (0.9370),dog (0.0098),butterfly (0.0098),sheep (0.0094),spider (0.0073),True,True
c:\Users\Alan\python\MMIP\week3\data\Dataset\elephant\elephant (684).jpeg,elephant,0.9404,elephant,0.9404,elephant (0.9404),butterfly (0.0137),spider (0.0135),dog (0.0072),cow (0.0057),True,True
c:\Users\Alan\python\MMIP\week3\data\Dataset\elephant\elephant (660).jpeg,elephant,0.6339,elephant,0.6339,elephant (0.6339),sheep (0.1896),cow (0.0579),horse (0.0303),cat (0.0282),True,True
c:\Users\Alan\python\MMIP\week3\data\Dataset\elephant\elephant (301).jpeg,elephant,0.9388,elephant,0.9388,elephant (0.9388),horse (0.0324),cow (0.0084),dog (0.0059),chicken (0.0029),True,True
c:\Users\Alan\python\MMIP\week3\data\Dataset\elephant\elephant (653).jpeg,elephant,0.8431,elephant,0.8431,elephant (0.8431),cow (0.0410),butterfly (0.0278),chicken (0.0226),spider (0.0224),True,True
c:\Users\Alan\python\MMIP\week3\data\Dataset\elephant\elephant (24).jpg,elephant,0.9098,elephant,0.9098,elephant (0.9098),sheep (0.0195),cow (0.0132),dog (0.0118),chicken (0.0087),True,True
c:\Users\Alan\python\MMIP\week3\data\Dataset\elephant\elephant (527).jpeg,elephant,0.2697,elephant,0.2697,elephant (0.2697),sheep (0.1905),horse (0.1571),chicken (0.0836),spider (0.0613),True,True
c:\Users\Alan\python\MMIP\week3\data\Dataset\elephant\elephant (641).jpeg,elephant,0.6071,elephant,0.6071,elephant (0.6071),chicken (0.1127),dog (0.1007),horse (0.0438),sheep (0.0287),True,True
c:\Users\Alan\python\MMIP\week3\data\Dataset\elephant\elephant (76).jpeg,elephant,0.9723,elephant,0.9723,elephant (0.9723),cow (0.0044),horse (0.0039),butterfly (0.0031),spider (0.0031),True,True
c:\Users\Alan\python\MMIP\week3\data\Dataset\elephant\elephant (627).jpeg,elephant,0.979,elephant,0.979,elephant (0.9790),butterfly (0.0039),squirrel (0.0036),spider (0.0030),chicken (0.0026),True,True
c:\Users\Alan\python\MMIP\week3\data\Dataset\elephant\elephant (577).jpeg,elephant,0.6241,elephant,0.6241,elephant (0.6241),cat (0.1310),squirrel (0.1082),butterfly (0.0594),spider (0.0339),True,True
c:\Users\Alan\python\MMIP\week3\data\Dataset\elephant\elephant (291).jpeg,elephant,0.9229,elephant,0.9229,elephant (0.9229),sheep (0.0190),horse (0.0110),dog (0.0101),chicken (0.0086),True,True
c:\Users\Alan\python\MMIP\week3\data\Dataset\elephant\elephant (335).jpeg,elephant,0.781,elephant,0.781,elephant (0.7810),horse (0.0453),sheep (0.0430),dog (0.0372),chicken (0.0211),True,True
c:\Users\Alan\python\MMIP\week3\data\Dataset\elephant\elephant (192).jpeg,elephant,0.9884,elephant,0.9884,elephant (0.9884),sheep (0.0023),dog (0.0020),chicken (0.0019),cow (0.0015),True,True
c:\Users\Alan\python\MMIP\week3\data\Dataset\elephant\elephant (1066).jpeg,elephant,0.9295,elephant,0.9295,elephant (0.9295),spider (0.0226),sheep (0.0134),cow (0.0129),horse (0.0058),True,True
c:\Users\Alan\python\MMIP\week3\data\Dataset\elephant\elephant (794).jpeg,elephant,0.9613,elephant,0.9613,elephant (0.9613),sheep (0.0107),spider (0.0084),butterfly (0.0037),horse (0.0036),True,True
c:\Users\Alan\python\MMIP\week3\data\Dataset\elephant\elephant (133).jpeg,elephant,0.9911,elephant,0.9911,elephant (0.9911),squirrel (0.0017),dog (0.0015),horse (0.0014),spider (0.0011),True,True
c:\Users\Alan\python\MMIP\week3\data\Dataset\elephant\elephant (282).jpeg,elephant,0.8503,elephant,0.8503,elephant (0.8503),dog (0.0312),horse (0.0260),sheep (0.0238),butterfly (0.0152),True,True
c:\Users\Alan\python\MMIP\week3\data\Dataset\elephant\elephant (140).jpeg,elephant,0.9139,elephant,0.9139,elephant (0.9139),dog (0.0198),cow (0.0176),horse (0.0173),spider (0.0076),True,True
c:\Users\Alan\python\MMIP\week3\data\Dataset\elephant\elephant (54).jpeg,elephant,0.3943,elephant,0.3943,elephant (0.3943),dog (0.2785),squirrel (0.1750),cow (0.0440),horse (0.0304),True,True
c:\Users\Alan\python\MMIP\week3\data\Dataset\elephant\elephant (608).jpeg,elephant,0.9983,elephant,0.9983,elephant (0.9983),butterfly (0.0006),spider (0.0003),dog (0.0002),chicken (0.0001),True,True
c:\Users\Alan\python\MMIP\week3\data\Dataset\elephant\elephant (211).jpg,elephant,0.8679,elephant,0.8679,elephant (0.8679),sheep (0.0473),cow (0.0276),horse (0.0180),cat (0.0113),True,True
c:\Users\Alan\python\MMIP\week3\data\Dataset\elephant\elephant (349).jpg,elephant,0.8229,elephant,0.8229,elephant (0.8229),chicken (0.0353),cat (0.0289),dog (0.0288),squirrel (0.0242),True,True
c:\Users\Alan\python\MMIP\week3\data\Dataset\elephant\elephant (203).jpg,elephant,0.7823,elephant,0.7823,elephant (0.7823),butterfly (0.0543),cat (0.0518),dog (0.0417),chicken (0.0201),True,True
c:\Users\Alan\python\MMIP\week3\data\Dataset\elephant\elephant (129).jpg,elephant,0.9305,elephant,0.9305,elephant (0.9305),sheep (0.0182),horse (0.0109),squirrel (0.0100),cat (0.0074),True,True
c:\Users\Alan\python\MMIP\week3\data\Dataset\elephant\elephant (110).jpeg,elephant,0.1474,dog,0.2561,dog (0.2561),sheep (0.1492),elephant (0.1474),cow (0.1033),horse (0.0970),False,True
c:\Users\Alan\python\MMIP\week3\data\Dataset\elephant\elephant (88).jpg,elephant,0.9357,elephant,0.9357,elephant (0.9357),horse (0.0174),sheep (0.0115),cat (0.0078),cow (0.0072),True,True
c:\Users\Alan\python\MMIP\week3\data\Dataset\elephant\elephant (337).jpeg,elephant,0.5377,elephant,0.5377,elephant (0.5377),horse (0.1802),dog (0.0728),cow (0.0447),chicken (0.0443),True,True
c:\Users\Alan\python\MMIP\week3\data\Dataset\elephant\elephant (366).jpeg,elephant,0.1501,spider,0.4588,spider (0.4588),elephant (0.1501),chicken (0.1103),squirrel (0.0714),butterfly (0.0554),False,True
c:\Users\Alan\python\MMIP\week3\data\Dataset\elephant\elephant (205).jpg,elephant,0.9772,elephant,0.9772,elephant (0.9772),butterfly (0.0046),spider (0.0038),cat (0.0036),horse (0.0028),True,True
c:\Users\Alan\python\MMIP\week3\data\Dataset\elephant\elephant (173).jpeg,elephant,0.3164,elephant,0.3164,elephant (0.3164),dog (0.2097),sheep (0.1280),cow (0.1228),horse (0.0663),True,True
c:\Users\Alan\python\MMIP\week3\data\Dataset\elephant\elephant (43).jpg,elephant,0.9825,elephant,0.9825,elephant (0.9825),cow (0.0031),cat (0.0029),sheep (0.0024),spider (0.0021),True,True
c:\Users\Alan\python\MMIP\week3\data\Dataset\elephant\elephant (978).jpeg,elephant,0.6313,elephant,0.6313,elephant (0.6313),spider (0.1145),chicken (0.0457),squirrel (0.0429),dog (0.0361),True,True
c:\Users\Alan\python\MMIP\week3\data\Dataset\elephant\elephant (185).jpeg,elephant,0.9127,elephant,0.9127,elephant (0.9127),dog (0.0199),butterfly (0.0108),spider (0.0104),chicken (0.0102),True,True
c:\Users\Alan\python\MMIP\week3\data\Dataset\elephant\elephant (924).jpeg,elephant,0.9622,elephant,0.9622,elephant (0.9622),spider (0.0082),butterfly (0.0059),dog (0.0054),cow (0.0054),True,True
c:\Users\Alan\python\MMIP\week3\data\Dataset\elephant\elephant (2).jpeg,elephant,0.6503,elephant,0.6503,elephant (0.6503),dog (0.1223),horse (0.1197),cow (0.0456),sheep (0.0256),True,True
c:\Users\Alan\python\MMIP\week3\data\Dataset\elephant\elephant (196).jpeg,elephant,0.8507,elephant,0.8507,elephant (0.8507),horse (0.0594),spider (0.0169),cow (0.0156),squirrel (0.0150),True,True
c:\Users\Alan\python\MMIP\week3\data\Dataset\elephant\elephant (96).jpeg,elephant,0.7074,elephant,0.7074,elephant (0.7074),horse (0.1099),sheep (0.0373),cat (0.0294),spider (0.0238),True,True
c:\Users\Alan\python\MMIP\week3\data\Dataset\elephant\elephant (876).jpeg,elephant,0.3357,elephant,0.3357,elephant (0.3357),squirrel (0.1349),spider (0.0936),dog (0.0858),cow (0.0793),True,True
c:\Users\Alan\python\MMIP\week3\data\Dataset\elephant\elephant (692).jpeg,elephant,0.5466,elephant,0.5466,elephant (0.5466),horse (0.1478),cow (0.1146),dog (0.0691),chicken (0.0645),True,True
c:\Users\Alan\python\MMIP\week3\data\Dataset\elephant\elephant (631).jpeg,elephant,0.866,elephant,0.866,elephant (0.8660),dog (0.0838),cow (0.0112),cat (0.0094),spider (0.0068),True,True
c:\Users\Alan\python\MMIP\week3\data\Dataset\elephant\elephant (98).jpeg,elephant,0.4714,elephant,0.4714,elephant (0.4714),dog (0.2365),squirrel (0.0726),horse (0.0558),sheep (0.0481),True,True
c:\Users\Alan\python\MMIP\week3\data\Dataset\elephant\elephant (106).jpeg,elephant,0.8799,elephant,0.8799,elephant (0.8799),dog (0.0625),cow (0.0288),horse (0.0071),squirrel (0.0071),True,True
c:\Users\Alan\python\MMIP\week3\data\Dataset\elephant\elephant (362).jpeg,elephant,0.1207,cow,0.2909,cow (0.2909),sheep (0.2874),elephant (0.1207),dog (0.0984),horse (0.0840),False,True
c:\Users\Alan\python\MMIP\week3\data\Dataset\elephant\elephant (247).jpeg,elephant,0.8985,elephant,0.8985,elephant (0.8985),horse (0.0563),dog (0.0178),chicken (0.0067),cat (0.0057),True,True
c:\Users\Alan\python\MMIP\week3\data\Dataset\elephant\elephant (11).jpg,elephant,0.2328,dog,0.4601,dog (0.4601),elephant (0.2328),horse (0.1271),chicken (0.0432),cow (0.0371),False,True
c:\Users\Alan\python\MMIP\week3\data\Dataset\elephant\elephant (267).jpg,elephant,0.938,elephant,0.938,elephant (0.9380),sheep (0.0131),dog (0.0106),cat (0.0081),spider (0.0073),True,True
c:\Users\Alan\python\MMIP\week3\data\Dataset\elephant\elephant (159).jpg,elephant,0.8467,elephant,0.8467,elephant (0.8467),sheep (0.0398),cow (0.0241),cat (0.0212),dog (0.0175),True,True
c:\Users\Alan\python\MMIP\week3\data\Dataset\elephant\elephant (125).jpg,elephant,0.8832,elephant,0.8832,elephant (0.8832),sheep (0.0375),dog (0.0341),horse (0.0114),cow (0.0090),True,True
c:\Users\Alan\python\MMIP\week3\data\Dataset\elephant\elephant (550).jpeg,elephant,0.9946,elephant,0.9946,elephant (0.9946),cow (0.0012),butterfly (0.0007),dog (0.0007),sheep (0.0006),True,True
c:\Users\Alan\python\MMIP\week3\data\Dataset\elephant\elephant (270).jpg,elephant,0.3127,elephant,0.3127,elephant (0.3127),sheep (0.2641),cow (0.2369),dog (0.0582),horse (0.0322),True,True
c:\Users\Alan\python\MMIP\week3\data\Dataset\elephant\elephant (233).jpg,elephant,0.9617,elephant,0.9617,elephant (0.9617),sheep (0.0121),butterfly (0.0050),cat (0.0048),dog (0.0037),True,True
c:\Users\Alan\python\MMIP\week3\data\Dataset\elephant\elephant (788).jpeg,elephant,0.9485,elephant,0.9485,elephant (0.9485),dog (0.0135),spider (0.0096),cat (0.0079),chicken (0.0056),True,True
c:\Users\Alan\python\MMIP\week3\data\Dataset\elephant\elephant (241).jpg,elephant,0.9689,elephant,0.9689,elephant (0.9689),spider (0.0071),sheep (0.0053),butterfly (0.0041),dog (0.0034),True,True
c:\Users\Alan\python\MMIP\week3\data\Dataset\elephant\elephant (52).jpeg,elephant,0.8768,elephant,0.8768,elephant (0.8768),horse (0.0486),dog (0.0247),cow (0.0152),spider (0.0097),True,True
c:\Users\Alan\python\MMIP\week3\data\Dataset\elephant\elephant (99).jpeg,elephant,0.665,elephant,0.665,elephant (0.6650),spider (0.1783),dog (0.0336),chicken (0.0330),squirrel (0.0244),True,True
c:\Users\Alan\python\MMIP\week3\data\Dataset\elephant\elephant (44).jpg,elephant,0.7281,elephant,0.7281,elephant (0.7281),sheep (0.1088),horse (0.0579),cow (0.0385),cat (0.0184),True,True
c:\Users\Alan\python\MMIP\week3\data\Dataset\elephant\elephant (240).jpeg,elephant,0.7364,elephant,0.7364,elephant (0.7364),cow (0.1541),horse (0.0554),spider (0.0186),dog (0.0167),True,True
c:\Users\Alan\python\MMIP\week3\data\Dataset\elephant\elephant (328).jpeg,elephant,0.22,squirrel,0.3465,squirrel (0.3465),elephant (0.2200),chicken (0.1106),spider (0.1056),dog (0.0829),False,True
c:\Users\Alan\python\MMIP\week3\data\Dataset\elephant\elephant (219).jpeg,elephant,0.8776,elephant,0.8776,elephant (0.8776),dog (0.0190),horse (0.0190),sheep (0.0173),squirrel (0.0163),True,True
c:\Users\Alan\python\MMIP\week3\data\Dataset\elephant\elephant (1060).jpeg,elephant,0.9752,elephant,0.9752,elephant (0.9752),horse (0.0061),dog (0.0036),squirrel (0.0032),chicken (0.0030),True,True
c:\Users\Alan\python\MMIP\week3\data\Dataset\elephant\elephant (172).jpg,elephant,0.9851,elephant,0.9851,elephant (0.9851),chicken (0.0027),butterfly (0.0026),spider (0.0022),horse (0.0022),True,True
c:\Users\Alan\python\MMIP\week3\data\Dataset\elephant\elephant (77).jpeg,elephant,0.938,elephant,0.938,elephant (0.9380),horse (0.0167),dog (0.0128),cat (0.0095),spider (0.0075),True,True
c:\Users\Alan\python\MMIP\week3\data\Dataset\elephant\elephant (464).jpeg,elephant,0.6809,elephant,0.6809,elephant (0.6809),dog (0.1034),horse (0.0505),cow (0.0375),chicken (0.0314),True,True
c:\Users\Alan\python\MMIP\week3\data\Dataset\elephant\elephant (45).jpg,elephant,0.9163,elephant,0.9163,elephant (0.9163),sheep (0.0374),dog (0.0137),cat (0.0079),spider (0.0061),True,True
c:\Users\Alan\python\MMIP\week3\data\Dataset\elephant\elephant (941).jpeg,elephant,0.789,elephant,0.789,elephant (0.7890),dog (0.0943),cat (0.0258),chicken (0.0167),squirrel (0.0144),True,True
c:\Users\Alan\python\MMIP\week3\data\Dataset\elephant\elephant (992).jpeg,elephant,0.9748,elephant,0.9748,elephant (0.9748),dog (0.0083),sheep (0.0031),cow (0.0027),horse (0.0024),True,True
c:\Users\Alan\python\MMIP\week3\data\Dataset\elephant\elephant (797).jpeg,elephant,0.8875,elephant,0.8875,elephant (0.8875),horse (0.0424),dog (0.0139),chicken (0.0135),squirrel (0.0113),True,True
c:\Users\Alan\python\MMIP\week3\data\Dataset\elephant\elephant (1022).jpeg,elephant,0.9223,elephant,0.9223,elephant (0.9223),cow (0.0240),dog (0.0163),chicken (0.0092),spider (0.0067),True,True
c:\Users\Alan\python\MMIP\week3\data\Dataset\elephant\elephant (72).jpg,elephant,0.9697,elephant,0.9697,elephant (0.9697),butterfly (0.0059),sheep (0.0055),spider (0.0043),cat (0.0035),True,True
c:\Users\Alan\python\MMIP\week3\data\Dataset\elephant\elephant (172).jpeg,elephant,0.9882,elephant,0.9882,elephant (0.9882),dog (0.0043),cow (0.0016),chicken (0.0013),butterfly (0.0011),True,True
c:\Users\Alan\python\MMIP\week3\data\Dataset\elephant\elephant (514).jpeg,elephant,0.9344,elephant,0.9344,elephant (0.9344),dog (0.0159),cow (0.0120),sheep (0.0086),squirrel (0.0073),True,True
c:\Users\Alan\python\MMIP\week3\data\Dataset\elephant\elephant (190).jpeg,elephant,0.9155,elephant,0.9155,elephant (0.9155),cow (0.0282),horse (0.0211),spider (0.0111),butterfly (0.0061),True,True
c:\Users\Alan\python\MMIP\week3\data\Dataset\elephant\elephant (295).jpeg,elephant,0.522,elephant,0.522,elephant (0.5220),sheep (0.2757),horse (0.0640),cat (0.0343),cow (0.0331),True,True
c:\Users\Alan\python\MMIP\week3\data\Dataset\elephant\elephant (415).jpeg,elephant,0.519,elephant,0.519,elephant (0.5190),chicken (0.1133),butterfly (0.0909),sheep (0.0633),horse (0.0599),True,True
c:\Users\Alan\python\MMIP\week3\data\Dataset\elephant\elephant (723).jpeg,elephant,0.6029,elephant,0.6029,elephant (0.6029),dog (0.1353),horse (0.0613),spider (0.0482),butterfly (0.0388),True,True
c:\Users\Alan\python\MMIP\week3\data\Dataset\elephant\elephant (275).jpg,elephant,0.9929,elephant,0.9929,elephant (0.9929),sheep (0.0016),butterfly (0.0016),spider (0.0011),squirrel (0.0008),True,True
c:\Users\Alan\python\MMIP\week3\data\Dataset\elephant\elephant (396).jpeg,elephant,0.9247,elephant,0.9247,elephant (0.9247),butterfly (0.0153),spider (0.0113),cow (0.0089),sheep (0.0084),True,True
c:\Users\Alan\python\MMIP\week3\data\Dataset\elephant\elephant (737).jpeg,elephant,0.9678,elephant,0.9678,elephant (0.9678),horse (0.0129),cow (0.0055),dog (0.0036),spider (0.0029),True,True
c:\Users\Alan\python\MMIP\week3\data\Dataset\elephant\elephant (600).jpeg,elephant,0.9829,elephant,0.9829,elephant (0.9829),dog (0.0043),cow (0.0024),sheep (0.0023),horse (0.0021),True,True
c:\Users\Alan\python\MMIP\week3\data\Dataset\elephant\elephant (107).jpeg,elephant,0.7251,elephant,0.7251,elephant (0.7251),sheep (0.0893),dog (0.0576),horse (0.0338),cow (0.0321),True,True
c:\Users\Alan\python\MMIP\week3\data\Dataset\elephant\elephant (560).jpeg,elephant,0.9835,elephant,0.9835,elephant (0.9835),chicken (0.0035),cow (0.0030),dog (0.0030),spider (0.0016),True,True
c:\Users\Alan\python\MMIP\week3\data\Dataset\elephant\elephant (839).jpeg,elephant,0.6135,elephant,0.6135,elephant (0.6135),butterfly (0.0987),sheep (0.0790),spider (0.0532),squirrel (0.0438),True,True
c:\Users\Alan\python\MMIP\week3\data\Dataset\elephant\elephant (145).jpg,elephant,0.9878,elephant,0.9878,elephant (0.9878),horse (0.0023),cat (0.0020),sheep (0.0017),spider (0.0015),True,True
c:\Users\Alan\python\MMIP\week3\data\Dataset\elephant\elephant (68).jpg,elephant,0.9325,elephant,0.9325,elephant (0.9325),cat (0.0137),dog (0.0124),horse (0.0091),chicken (0.0088),True,True
c:\Users\Alan\python\MMIP\week3\data\Dataset\elephant\elephant (459).jpeg,elephant,0.7852,elephant,0.7852,elephant (0.7852),squirrel (0.0640),horse (0.0322),cow (0.0303),spider (0.0217),True,True
c:\Users\Alan\python\MMIP\week3\data\Dataset\elephant\elephant (46).jpg,elephant,0.6366,elephant,0.6366,elephant (0.6366),cat (0.0986),dog (0.0784),horse (0.0533),sheep (0.0356),True,True
c:\Users\Alan\python\MMIP\week3\data\Dataset\elephant\elephant (667).jpeg,elephant,0.8769,elephant,0.8769,elephant (0.8769),dog (0.0236),spider (0.0215),squirrel (0.0214),butterfly (0.0188),True,True
c:\Users\Alan\python\MMIP\week3\data\Dataset\elephant\elephant (39).jpeg,elephant,0.5575,elephant,0.5575,elephant (0.5575),dog (0.1445),horse (0.0629),cow (0.0511),butterfly (0.0378),True,True
c:\Users\Alan\python\MMIP\week3\data\Dataset\elephant\elephant (11).jpeg,elephant,0.8743,elephant,0.8743,elephant (0.8743),horse (0.0367),sheep (0.0193),cow (0.0175),spider (0.0174),True,True
c:\Users\Alan\python\MMIP\week3\data\Dataset\elephant\elephant (7).jpg,elephant,0.9807,elephant,0.9807,elephant (0.9807),butterfly (0.0048),spider (0.0035),sheep (0.0031),cat (0.0022),True,True
c:\Users\Alan\python\MMIP\week3\data\Dataset\elephant\elephant (605).jpeg,elephant,0.6932,elephant,0.6932,elephant (0.6932),dog (0.1451),cat (0.0395),horse (0.0208),cow (0.0198),True,True
c:\Users\Alan\python\MMIP\week3\data\Dataset\elephant\elephant (212).jpg,elephant,0.8466,elephant,0.8466,elephant (0.8466),sheep (0.0522),spider (0.0407),cat (0.0220),squirrel (0.0149),True,True
c:\Users\Alan\python\MMIP\week3\data\Dataset\elephant\elephant (208).jpeg,elephant,0.4144,elephant,0.4144,elephant (0.4144),dog (0.1669),horse (0.1175),sheep (0.0918),cow (0.0796),True,True
c:\Users\Alan\python\MMIP\week3\data\Dataset\elephant\elephant (30).jpeg,elephant,0.7775,elephant,0.7775,elephant (0.7775),dog (0.1200),squirrel (0.0298),cat (0.0239),horse (0.0137),True,True
c:\Users\Alan\python\MMIP\week3\data\Dataset\elephant\elephant (355).jpeg,elephant,0.7563,elephant,0.7563,elephant (0.7563),dog (0.0893),horse (0.0670),chicken (0.0232),cow (0.0210),True,True
c:\Users\Alan\python\MMIP\week3\data\Dataset\elephant\elephant (243).jpeg,elephant,0.8161,elephant,0.8161,elephant (0.8161),spider (0.0476),sheep (0.0376),horse (0.0352),cow (0.0253),True,True
c:\Users\Alan\python\MMIP\week3\data\Dataset\elephant\elephant (719).jpeg,elephant,0.7247,elephant,0.7247,elephant (0.7247),dog (0.1289),horse (0.0438),cat (0.0389),cow (0.0253),True,True
c:\Users\Alan\python\MMIP\week3\data\Dataset\elephant\elephant (1032).jpeg,elephant,0.9907,elephant,0.9907,elephant (0.9907),dog (0.0031),spider (0.0011),cat (0.0011),chicken (0.0009),True,True
c:\Users\Alan\python\MMIP\week3\data\Dataset\elephant\elephant (717).jpeg,elephant,0.8903,elephant,0.8903,elephant (0.8903),cow (0.0369),horse (0.0168),sheep (0.0130),dog (0.0118),True,True
c:\Users\Alan\python\MMIP\week3\data\Dataset\elephant\elephant (271).jpg,elephant,0.9211,elephant,0.9211,elephant (0.9211),cat (0.0145),dog (0.0131),spider (0.0127),butterfly (0.0113),True,True
c:\Users\Alan\python\MMIP\week3\data\Dataset\elephant\elephant (288).jpeg,elephant,0.9734,elephant,0.9734,elephant (0.9734),horse (0.0062),sheep (0.0058),dog (0.0044),butterfly (0.0024),True,True
c:\Users\Alan\python\MMIP\week3\data\Dataset\elephant\elephant (1037).jpeg,elephant,0.9887,elephant,0.9887,elephant (0.9887),cat (0.0033),dog (0.0022),squirrel (0.0015),butterfly (0.0013),True,True
c:\Users\Alan\python\MMIP\week3\data\Dataset\elephant\elephant (856).jpeg,elephant,0.9826,elephant,0.9826,elephant (0.9826),dog (0.0073),chicken (0.0025),horse (0.0021),butterfly (0.0012),True,True
c:\Users\Alan\python\MMIP\week3\data\Dataset\elephant\elephant (71).jpg,elephant,0.9564,elephant,0.9564,elephant (0.9564),spider (0.0155),sheep (0.0070),butterfly (0.0049),cat (0.0039),True,True
c:\Users\Alan\python\MMIP\week3\data\Dataset\elephant\elephant (1058).jpeg,elephant,0.1227,dog,0.4449,dog (0.4449),elephant (0.1227),sheep (0.0986),cow (0.0800),chicken (0.0585),False,True
c:\Users\Alan\python\MMIP\week3\data\Dataset\elephant\elephant (317).jpg,elephant,0.9568,elephant,0.9568,elephant (0.9568),sheep (0.0137),squirrel (0.0068),cow (0.0059),butterfly (0.0053),True,True
c:\Users\Alan\python\MMIP\week3\data\Dataset\elephant\elephant (548).jpeg,elephant,0.6142,elephant,0.6142,elephant (0.6142),dog (0.1232),cow (0.0860),horse (0.0512),spider (0.0471),True,True
c:\Users\Alan\python\MMIP\week3\data\Dataset\elephant\elephant (407).jpeg,elephant,0.7256,elephant,0.7256,elephant (0.7256),dog (0.1364),butterfly (0.0347),spider (0.0258),cat (0.0231),True,True
c:\Users\Alan\python\MMIP\week3\data\Dataset\elephant\elephant (383).jpeg,elephant,0.4184,elephant,0.4184,elephant (0.4184),sheep (0.1764),squirrel (0.1080),dog (0.0753),chicken (0.0547),True,True
c:\Users\Alan\python\MMIP\week3\data\Dataset\elephant\elephant (634).jpeg,elephant,0.9636,elephant,0.9636,elephant (0.9636),dog (0.0121),spider (0.0069),butterfly (0.0049),horse (0.0031),True,True
c:\Users\Alan\python\MMIP\week3\data\Dataset\elephant\elephant (200).jpg,elephant,0.9939,elephant,0.9939,elephant (0.9939),spider (0.0013),dog (0.0012),butterfly (0.0011),cat (0.0008),True,True
c:\Users\Alan\python\MMIP\week3\data\Dataset\elephant\elephant (15).jpeg,elephant,0.9917,elephant,0.9917,elephant (0.9917),cow (0.0014),dog (0.0013),sheep (0.0012),butterfly (0.0010),True,True
c:\Users\Alan\python\MMIP\week3\data\Dataset\elephant\elephant (598).jpeg,elephant,0.983,elephant,0.983,elephant (0.9830),dog (0.0062),cow (0.0025),spider (0.0021),sheep (0.0018),True,True
c:\Users\Alan\python\MMIP\week3\data\Dataset\elephant\elephant (616).jpeg,elephant,0.9774,elephant,0.9774,elephant (0.9774),cow (0.0092),dog (0.0039),horse (0.0022),spider (0.0015),True,True
c:\Users\Alan\python\MMIP\week3\data\Dataset\elephant\elephant (736).jpeg,elephant,0.6629,elephant,0.6629,elephant (0.6629),cow (0.1330),sheep (0.0838),dog (0.0340),spider (0.0195),True,True
c:\Users\Alan\python\MMIP\week3\data\Dataset\elephant\elephant (748).jpeg,elephant,0.9751,elephant,0.9751,elephant (0.9751),butterfly (0.0059),dog (0.0052),spider (0.0043),cow (0.0030),True,True
c:\Users\Alan\python\MMIP\week3\data\Dataset\elephant\elephant (7).png,elephant,0.532,elephant,0.532,elephant (0.5320),spider (0.2036),butterfly (0.1052),sheep (0.0354),cat (0.0352),True,True
c:\Users\Alan\python\MMIP\week3\data\Dataset\elephant\elephant (35).jpeg,elephant,0.9487,elephant,0.9487,elephant (0.9487),sheep (0.0236),spider (0.0054),butterfly (0.0047),squirrel (0.0040),True,True
c:\Users\Alan\python\MMIP\week3\data\Dataset\horse\horse (1172).jpeg,horse,0.9059,horse,0.9059,horse (0.9059),dog (0.0233),cow (0.0155),butterfly (0.0131),spider (0.0112),True,True
c:\Users\Alan\python\MMIP\week3\data\Dataset\horse\horse (1310).jpeg,horse,0.9248,horse,0.9248,horse (0.9248),cow (0.0380),spider (0.0122),dog (0.0086),butterfly (0.0045),True,True
c:\Users\Alan\python\MMIP\week3\data\Dataset\horse\horse (1332).jpeg,horse,0.6978,horse,0.6978,horse (0.6978),cow (0.0681),elephant (0.0573),dog (0.0518),butterfly (0.0257),True,True
c:\Users\Alan\python\MMIP\week3\data\Dataset\horse\horse (410).jpeg,horse,0.8492,horse,0.8492,horse (0.8492),dog (0.0611),elephant (0.0359),squirrel (0.0135),cow (0.0074),True,True
c:\Users\Alan\python\MMIP\week3\data\Dataset\horse\horse (13).jpeg,horse,0.6211,horse,0.6211,horse (0.6211),dog (0.2400),cat (0.0370),spider (0.0221),elephant (0.0154),True,True
c:\Users\Alan\python\MMIP\week3\data\Dataset\horse\horse (2485).jpeg,horse,0.9861,horse,0.9861,horse (0.9861),cow (0.0040),dog (0.0037),squirrel (0.0025),spider (0.0013),True,True
c:\Users\Alan\python\MMIP\week3\data\Dataset\horse\horse (1662).jpeg,horse,0.9161,horse,0.9161,horse (0.9161),chicken (0.0231),dog (0.0198),butterfly (0.0121),sheep (0.0099),True,True
c:\Users\Alan\python\MMIP\week3\data\Dataset\horse\horse (2298).jpeg,horse,0.8846,horse,0.8846,horse (0.8846),cow (0.0264),dog (0.0212),cat (0.0142),butterfly (0.0136),True,True
c:\Users\Alan\python\MMIP\week3\data\Dataset\horse\horse (707).jpeg,horse,0.3251,cow,0.4863,cow (0.4863),horse (0.3251),elephant (0.0582),sheep (0.0441),spider (0.0228),False,True
c:\Users\Alan\python\MMIP\week3\data\Dataset\horse\horse (1163).jpeg,horse,0.5793,horse,0.5793,horse (0.5793),cow (0.1420),dog (0.1319),sheep (0.0653),elephant (0.0276),True,True
c:\Users\Alan\python\MMIP\week3\data\Dataset\horse\horse (2366).jpeg,horse,0.1976,horse,0.1976,horse (0.1976),dog (0.1859),elephant (0.1429),cow (0.1339),chicken (0.1243),True,True
c:\Users\Alan\python\MMIP\week3\data\Dataset\horse\horse (1857).jpeg,horse,0.8031,horse,0.8031,horse (0.8031),cow (0.0777),dog (0.0369),spider (0.0231),butterfly (0.0196),True,True
c:\Users\Alan\python\MMIP\week3\data\Dataset\horse\horse (2117).jpeg,horse,0.8673,horse,0.8673,horse (0.8673),dog (0.0515),spider (0.0381),cow (0.0084),squirrel (0.0081),True,True
c:\Users\Alan\python\MMIP\week3\data\Dataset\horse\horse (1592).jpeg,horse,0.8639,horse,0.8639,horse (0.8639),chicken (0.0322),spider (0.0245),elephant (0.0178),dog (0.0163),True,True
c:\Users\Alan\python\MMIP\week3\data\Dataset\horse\horse (263).jpeg,horse,0.7461,horse,0.7461,horse (0.7461),cow (0.0939),dog (0.0541),sheep (0.0328),chicken (0.0304),True,True
c:\Users\Alan\python\MMIP\week3\data\Dataset\horse\horse (27).jpeg,horse,0.8131,horse,0.8131,horse (0.8131),cow (0.1240),dog (0.0238),sheep (0.0110),elephant (0.0060),True,True
c:\Users\Alan\python\MMIP\week3\data\Dataset\horse\horse (1259).jpeg,horse,0.9872,horse,0.9872,horse (0.9872),elephant (0.0031),dog (0.0026),spider (0.0017),butterfly (0.0012),True,True
c:\Users\Alan\python\MMIP\week3\data\Dataset\horse\horse (1490).jpeg,horse,0.9766,horse,0.9766,horse (0.9766),dog (0.0056),squirrel (0.0034),chicken (0.0028),elephant (0.0027),True,True
c:\Users\Alan\python\MMIP\week3\data\Dataset\horse\horse (1420).jpeg,horse,0.8241,horse,0.8241,horse (0.8241),dog (0.0519),spider (0.0252),chicken (0.0226),butterfly (0.0214),True,True
c:\Users\Alan\python\MMIP\week3\data\Dataset\horse\horse (1476).jpeg,horse,0.6801,horse,0.6801,horse (0.6801),dog (0.1552),butterfly (0.0388),spider (0.0291),cat (0.0216),True,True
c:\Users\Alan\python\MMIP\week3\data\Dataset\horse\horse (1999).jpeg,horse,0.5228,horse,0.5228,horse (0.5228),cow (0.2330),dog (0.1327),cat (0.0479),spider (0.0147),True,True
c:\Users\Alan\python\MMIP\week3\data\Dataset\horse\horse (1080).jpeg,horse,0.8831,horse,0.8831,horse (0.8831),cow (0.0651),sheep (0.0265),dog (0.0064),squirrel (0.0052),True,True
c:\Users\Alan\python\MMIP\week3\data\Dataset\horse\horse (404).jpeg,horse,0.5863,horse,0.5863,horse (0.5863),elephant (0.1600),dog (0.0634),cow (0.0453),cat (0.0421),True,True
c:\Users\Alan\python\MMIP\week3\data\Dataset\horse\horse (988).jpeg,horse,0.8512,horse,0.8512,horse (0.8512),dog (0.0453),cat (0.0223),spider (0.0216),butterfly (0.0199),True,True
c:\Users\Alan\python\MMIP\week3\data\Dataset\horse\horse (1168).jpeg,horse,0.9697,horse,0.9697,horse (0.9697),butterfly (0.0122),squirrel (0.0071),spider (0.0036),elephant (0.0018),True,True
c:\Users\Alan\python\MMIP\week3\data\Dataset\horse\horse (1851).jpeg,horse,0.7016,horse,0.7016,horse (0.7016),dog (0.1004),chicken (0.0688),elephant (0.0339),cow (0.0281),True,True
c:\Users\Alan\python\MMIP\week3\data\Dataset\horse\horse (2357).jpeg,horse,0.9481,horse,0.9481,horse (0.9481),cow (0.0180),butterfly (0.0097),squirrel (0.0073),dog (0.0057),True,True
c:\Users\Alan\python\MMIP\week3\data\Dataset\horse\horse (618).jpeg,horse,0.8597,horse,0.8597,horse (0.8597),dog (0.0332),squirrel (0.0233),butterfly (0.0176),spider (0.0172),True,True
c:\Users\Alan\python\MMIP\week3\data\Dataset\horse\horse (936).jpeg,horse,0.9339,horse,0.9339,horse (0.9339),spider (0.0105),dog (0.0087),chicken (0.0078),sheep (0.0076),True,True
c:\Users\Alan\python\MMIP\week3\data\Dataset\horse\horse (1573).jpeg,horse,0.9414,horse,0.9414,horse (0.9414),dog (0.0217),spider (0.0134),butterfly (0.0075),sheep (0.0052),True,True
c:\Users\Alan\python\MMIP\week3\data\Dataset\horse\horse (2498).jpeg,horse,0.9509,horse,0.9509,horse (0.9509),cow (0.0124),dog (0.0085),elephant (0.0083),chicken (0.0056),True,True
c:\Users\Alan\python\MMIP\week3\data\Dataset\horse\horse (81).jpeg,horse,0.922,horse,0.922,horse (0.9220),dog (0.0375),elephant (0.0143),spider (0.0068),butterfly (0.0049),True,True
c:\Users\Alan\python\MMIP\week3\data\Dataset\horse\horse (326).jpeg,horse,0.6306,horse,0.6306,horse (0.6306),spider (0.1005),elephant (0.0593),dog (0.0509),cow (0.0385),True,True
c:\Users\Alan\python\MMIP\week3\data\Dataset\horse\horse (1302).jpeg,horse,0.9084,horse,0.9084,horse (0.9084),elephant (0.0355),dog (0.0289),squirrel (0.0080),cow (0.0061),True,True
c:\Users\Alan\python\MMIP\week3\data\Dataset\horse\horse (479).jpeg,horse,0.9391,horse,0.9391,horse (0.9391),butterfly (0.0104),spider (0.0090),cat (0.0085),dog (0.0080),True,True
c:\Users\Alan\python\MMIP\week3\data\Dataset\horse\horse (509).jpeg,horse,0.9885,horse,0.9885,horse (0.9885),spider (0.0026),dog (0.0019),squirrel (0.0019),butterfly (0.0012),True,True
c:\Users\Alan\python\MMIP\week3\data\Dataset\horse\horse (2340).jpeg,horse,0.9146,horse,0.9146,horse (0.9146),spider (0.0196),chicken (0.0146),butterfly (0.0144),cow (0.0085),True,True
c:\Users\Alan\python\MMIP\week3\data\Dataset\horse\horse (804).jpeg,horse,0.9029,horse,0.9029,horse (0.9029),elephant (0.0238),dog (0.0159),cat (0.0111),squirrel (0.0096),True,True
c:\Users\Alan\python\MMIP\week3\data\Dataset\horse\horse (2050).jpeg,horse,0.3748,horse,0.3748,horse (0.3748),dog (0.2743),cat (0.1944),cow (0.0381),chicken (0.0376),True,True
c:\Users\Alan\python\MMIP\week3\data\Dataset\horse\horse (1618).jpeg,horse,0.5179,horse,0.5179,horse (0.5179),cow (0.2368),dog (0.0869),chicken (0.0466),spider (0.0398),True,True
c:\Users\Alan\python\MMIP\week3\data\Dataset\horse\horse (209).jpeg,horse,0.8681,horse,0.8681,horse (0.8681),cow (0.0433),dog (0.0394),squirrel (0.0146),cat (0.0093),True,True
c:\Users\Alan\python\MMIP\week3\data\Dataset\horse\horse (1984).jpeg,horse,0.3065,horse,0.3065,horse (0.3065),dog (0.2715),chicken (0.1560),elephant (0.0813),cow (0.0438),True,True
c:\Users\Alan\python\MMIP\week3\data\Dataset\horse\horse (2437).jpeg,horse,0.1212,cow,0.6025,cow (0.6025),dog (0.1365),horse (0.1212),chicken (0.0310),sheep (0.0294),False,True
c:\Users\Alan\python\MMIP\week3\data\Dataset\horse\horse (1295).jpeg,horse,0.9222,horse,0.9222,horse (0.9222),dog (0.0166),cow (0.0122),chicken (0.0096),elephant (0.0096),True,True
c:\Users\Alan\python\MMIP\week3\data\Dataset\horse\horse (2607).jpeg,horse,0.9904,horse,0.9904,horse (0.9904),spider (0.0022),dog (0.0015),squirrel (0.0015),butterfly (0.0010),True,True
c:\Users\Alan\python\MMIP\week3\data\Dataset\horse\horse (1177).jpeg,horse,0.9628,horse,0.9628,horse (0.9628),dog (0.0161),spider (0.0047),cow (0.0046),elephant (0.0027),True,True
c:\Users\Alan\python\MMIP\week3\data\Dataset\horse\horse (398).jpeg,horse,0.9368,horse,0.9368,horse (0.9368),dog (0.0122),spider (0.0105),squirrel (0.0082),cow (0.0076),True,True
c:\Users\Alan\python\MMIP\week3\data\Dataset\horse\horse (1296).jpeg,horse,0.8085,horse,0.8085,horse (0.8085),spider (0.0463),squirrel (0.0427),sheep (0.0302),butterfly (0.0254),True,True
c:\Users\Alan\python\MMIP\week3\data\Dataset\horse\horse (492).jpeg,horse,0.6956,horse,0.6956,horse (0.6956),cow (0.2263),dog (0.0152),butterfly (0.0139),chicken (0.0124),True,True
c:\Users\Alan\python\MMIP\week3\data\Dataset\horse\horse (1331).jpeg,horse,0.9425,horse,0.9425,horse (0.9425),elephant (0.0205),dog (0.0073),cow (0.0066),spider (0.0064),True,True
c:\Users\Alan\python\MMIP\week3\data\Dataset\horse\horse (267).jpeg,horse,0.8892,horse,0.8892,horse (0.8892),dog (0.0281),elephant (0.0209),chicken (0.0156),cow (0.0147),True,True
c:\Users\Alan\python\MMIP\week3\data\Dataset\horse\horse (1131).jpeg,horse,0.9873,horse,0.9873,horse (0.9873),cow (0.0022),butterfly (0.0020),spider (0.0015),squirrel (0.0015),True,True
c:\Users\Alan\python\MMIP\week3\data\Dataset\horse\horse (688).jpeg,horse,0.7914,horse,0.7914,horse (0.7914),chicken (0.0872),dog (0.0390),butterfly (0.0226),spider (0.0202),True,True
c:\Users\Alan\python\MMIP\week3\data\Dataset\horse\horse (111).jpeg,horse,0.9395,horse,0.9395,horse (0.9395),dog (0.0340),chicken (0.0059),butterfly (0.0042),cow (0.0040),True,True
c:\Users\Alan\python\MMIP\week3\data\Dataset\horse\horse (2397).jpeg,horse,0.9328,horse,0.9328,horse (0.9328),cow (0.0153),sheep (0.0128),elephant (0.0124),dog (0.0076),True,True
c:\Users\Alan\python\MMIP\week3\data\Dataset\horse\horse (781).jpeg,horse,0.8252,horse,0.8252,horse (0.8252),dog (0.0747),cow (0.0277),spider (0.0169),chicken (0.0144),True,True
c:\Users\Alan\python\MMIP\week3\data\Dataset\horse\horse (2112).jpeg,horse,0.95,horse,0.95,horse (0.9500),spider (0.0139),sheep (0.0059),squirrel (0.0057),cow (0.0052),True,True
c:\Users\Alan\python\MMIP\week3\data\Dataset\horse\horse (488).jpeg,horse,0.9626,horse,0.9626,horse (0.9626),chicken (0.0094),cat (0.0049),spider (0.0045),sheep (0.0043),True,True
c:\Users\Alan\python\MMIP\week3\data\Dataset\horse\horse (1195).jpeg,horse,0.927,horse,0.927,horse (0.9270),cow (0.0455),spider (0.0079),butterfly (0.0060),sheep (0.0040),True,True
c:\Users\Alan\python\MMIP\week3\data\Dataset\horse\horse (2503).jpeg,horse,0.9556,horse,0.9556,horse (0.9556),chicken (0.0200),butterfly (0.0113),cat (0.0031),dog (0.0028),True,True
c:\Users\Alan\python\MMIP\week3\data\Dataset\horse\horse (2324).jpeg,horse,0.9888,horse,0.9888,horse (0.9888),cow (0.0030),spider (0.0017),butterfly (0.0016),elephant (0.0014),True,True
c:\Users\Alan\python\MMIP\week3\data\Dataset\horse\horse (607).jpeg,horse,0.905,horse,0.905,horse (0.9050),sheep (0.0306),spider (0.0125),squirrel (0.0120),chicken (0.0100),True,True
c:\Users\Alan\python\MMIP\week3\data\Dataset\horse\horse (1519).jpeg,horse,0.5427,horse,0.5427,horse (0.5427),dog (0.1500),cow (0.0842),chicken (0.0553),elephant (0.0503),True,True
c:\Users\Alan\python\MMIP\week3\data\Dataset\horse\horse (403).jpeg,horse,0.9438,horse,0.9438,horse (0.9438),dog (0.0343),spider (0.0063),butterfly (0.0032),squirrel (0.0027),True,True
c:\Users\Alan\python\MMIP\week3\data\Dataset\horse\horse (2172).jpeg,horse,0.6059,horse,0.6059,horse (0.6059),cow (0.2206),dog (0.0738),sheep (0.0547),spider (0.0183),True,True
c:\Users\Alan\python\MMIP\week3\data\Dataset\horse\horse (718).jpeg,horse,0.9057,horse,0.9057,horse (0.9057),sheep (0.0311),spider (0.0124),squirrel (0.0122),chicken (0.0088),True,True
c:\Users\Alan\python\MMIP\week3\data\Dataset\horse\horse (1045).jpeg,horse,0.7095,horse,0.7095,horse (0.7095),dog (0.1320),cat (0.0403),elephant (0.0303),cow (0.0209),True,True
c:\Users\Alan\python\MMIP\week3\data\Dataset\horse\horse (2222).jpeg,horse,0.7665,horse,0.7665,horse (0.7665),cow (0.0940),spider (0.0369),sheep (0.0299),cat (0.0162),True,True
c:\Users\Alan\python\MMIP\week3\data\Dataset\horse\horse (2508).jpeg,horse,0.9781,horse,0.9781,horse (0.9781),cow (0.0046),butterfly (0.0037),dog (0.0031),chicken (0.0026),True,True
c:\Users\Alan\python\MMIP\week3\data\Dataset\horse\horse (782).jpeg,horse,0.3872,horse,0.3872,horse (0.3872),dog (0.3398),sheep (0.1376),cow (0.0427),spider (0.0204),True,True
c:\Users\Alan\python\MMIP\week3\data\Dataset\horse\horse (1298).jpeg,horse,0.9468,horse,0.9468,horse (0.9468),dog (0.0224),elephant (0.0056),cat (0.0049),butterfly (0.0049),True,True
c:\Users\Alan\python\MMIP\week3\data\Dataset\horse\horse (196).jpeg,horse,0.7364,horse,0.7364,horse (0.7364),cow (0.1485),dog (0.0261),spider (0.0256),elephant (0.0172),True,True
c:\Users\Alan\python\MMIP\week3\data\Dataset\horse\horse (1133).jpeg,horse,0.8763,horse,0.8763,horse (0.8763),dog (0.0426),cow (0.0257),cat (0.0168),elephant (0.0110),True,True
c:\Users\Alan\python\MMIP\week3\data\Dataset\horse\horse (705).jpeg,horse,0.987,horse,0.987,horse (0.9870),spider (0.0031),squirrel (0.0023),butterfly (0.0016),cow (0.0014),True,True
c:\Users\Alan\python\MMIP\week3\data\Dataset\horse\horse (1171).jpeg,horse,0.7379,horse,0.7379,horse (0.7379),dog (0.1068),chicken (0.0461),cat (0.0315),butterfly (0.0193),True,True
c:\Users\Alan\python\MMIP\week3\data\Dataset\horse\horse (2014).jpeg,horse,0.3915,dog,0.4487,dog (0.4487),horse (0.3915),squirrel (0.0440),spider (0.0420),butterfly (0.0228),False,True
c:\Users\Alan\python\MMIP\week3\data\Dataset\horse\horse (2158).jpeg,horse,0.979,horse,0.979,horse (0.9790),spider (0.0042),dog (0.0042),cat (0.0032),cow (0.0024),True,True
c:\Users\Alan\python\MMIP\week3\data\Dataset\horse\horse (1890).jpeg,horse,0.9876,horse,0.9876,horse (0.9876),spider (0.0029),dog (0.0029),sheep (0.0012),cat (0.0011),True,True
c:\Users\Alan\python\MMIP\week3\data\Dataset\horse\horse (1176).jpeg,horse,0.9883,horse,0.9883,horse (0.9883),spider (0.0030),squirrel (0.0021),butterfly (0.0017),elephant (0.0011),True,True
c:\Users\Alan\python\MMIP\week3\data\Dataset\horse\horse (1702).jpeg,horse,0.8285,horse,0.8285,horse (0.8285),elephant (0.0365),spider (0.0257),cow (0.0246),butterfly (0.0212),True,True
c:\Users\Alan\python\MMIP\week3\data\Dataset\horse\horse (2604).jpeg,horse,0.8113,horse,0.8113,horse (0.8113),dog (0.0571),cow (0.0476),sheep (0.0301),spider (0.0134),True,True
c:\Users\Alan\python\MMIP\week3\data\Dataset\horse\horse (2389).jpeg,horse,0.9245,horse,0.9245,horse (0.9245),dog (0.0230),elephant (0.0152),sheep (0.0087),spider (0.0086),True,True
c:\Users\Alan\python\MMIP\week3\data\Dataset\horse\horse (2120).jpeg,horse,0.596,horse,0.596,horse (0.5960),cow (0.1698),spider (0.0662),elephant (0.0438),dog (0.0372),True,True
c:\Users\Alan\python\MMIP\week3\data\Dataset\horse\horse (232).jpeg,horse,0.9538,horse,0.9538,horse (0.9538),dog (0.0138),cow (0.0049),butterfly (0.0047),spider (0.0045),True,True
c:\Users\Alan\python\MMIP\week3\data\Dataset\horse\horse (1904).jpeg,horse,0.9175,horse,0.9175,horse (0.9175),dog (0.0490),cat (0.0133),elephant (0.0057),chicken (0.0040),True,True
c:\Users\Alan\python\MMIP\week3\data\Dataset\horse\horse (510).jpeg,horse,0.9547,horse,0.9547,horse (0.9547),dog (0.0144),spider (0.0062),cow (0.0049),butterfly (0.0043),True,True
c:\Users\Alan\python\MMIP\week3\data\Dataset\horse\horse (1219).jpeg,horse,0.748,horse,0.748,horse (0.7480),spider (0.0857),cow (0.0523),sheep (0.0331),squirrel (0.0201),True,True
c:\Users\Alan\python\MMIP\week3\data\Dataset\horse\horse (2027).jpeg,horse,0.4217,horse,0.4217,horse (0.4217),sheep (0.1348),elephant (0.1225),chicken (0.0953),cow (0.0904),True,True
c:\Users\Alan\python\MMIP\week3\data\Dataset\horse\horse (1684).jpeg,horse,0.887,horse,0.887,horse (0.8870),dog (0.0549),cow (0.0109),spider (0.0107),chicken (0.0081),True,True
c:\Users\Alan\python\MMIP\week3\data\Dataset\horse\horse (1885).jpeg,horse,0.8028,horse,0.8028,horse (0.8028),sheep (0.0372),dog (0.0360),elephant (0.0356),cow (0.0319),True,True
c:\Users\Alan\python\MMIP\week3\data\Dataset\horse\horse (1287).jpeg,horse,0.8648,horse,0.8648,horse (0.8648),sheep (0.0525),spider (0.0224),cow (0.0172),butterfly (0.0132),True,True
c:\Users\Alan\python\MMIP\week3\data\Dataset\horse\horse (1025).jpeg,horse,0.1033,cow,0.323,cow (0.3230),sheep (0.3159),horse (0.1033),elephant (0.0854),dog (0.0478),False,True
c:\Users\Alan\python\MMIP\week3\data\Dataset\horse\horse (2497).jpeg,horse,0.9351,horse,0.9351,horse (0.9351),dog (0.0165),cow (0.0147),spider (0.0103),squirrel (0.0101),True,True
c:\Users\Alan\python\MMIP\week3\data\Dataset\horse\horse (241).jpeg,horse,0.7168,horse,0.7168,horse (0.7168),cow (0.0926),spider (0.0427),elephant (0.0340),sheep (0.0287),True,True
c:\Users\Alan\python\MMIP\week3\data\Dataset\horse\horse (1758).jpeg,horse,0.9883,horse,0.9883,horse (0.9883),spider (0.0028),squirrel (0.0022),chicken (0.0018),butterfly (0.0017),True,True
c:\Users\Alan\python\MMIP\week3\data\Dataset\horse\horse (1858).jpeg,horse,0.9157,horse,0.9157,horse (0.9157),dog (0.0213),butterfly (0.0139),cat (0.0111),cow (0.0097),True,True
c:\Users\Alan\python\MMIP\week3\data\Dataset\horse\horse (2477).jpeg,horse,0.9793,horse,0.9793,horse (0.9793),sheep (0.0056),cow (0.0044),butterfly (0.0024),chicken (0.0020),True,True
c:\Users\Alan\python\MMIP\week3\data\Dataset\horse\horse (1542).jpeg,horse,0.8065,horse,0.8065,horse (0.8065),elephant (0.0811),dog (0.0389),cow (0.0365),spider (0.0131),True,True
c:\Users\Alan\python\MMIP\week3\data\Dataset\horse\horse (211).jpeg,horse,0.9029,horse,0.9029,horse (0.9029),cow (0.0535),dog (0.0121),spider (0.0081),chicken (0.0076),True,True
c:\Users\Alan\python\MMIP\week3\data\Dataset\horse\horse (1913).jpeg,horse,0.9065,horse,0.9065,horse (0.9065),dog (0.0286),chicken (0.0122),spider (0.0115),elephant (0.0098),True,True
c:\Users\Alan\python\MMIP\week3\data\Dataset\horse\horse (2582).jpeg,horse,0.2116,cow,0.3225,cow (0.3225),horse (0.2116),dog (0.1863),sheep (0.1069),elephant (0.0531),False,True
c:\Users\Alan\python\MMIP\week3\data\Dataset\horse\horse (780).jpeg,horse,0.5174,horse,0.5174,horse (0.5174),spider (0.1780),chicken (0.0934),dog (0.0879),elephant (0.0326),True,True
c:\Users\Alan\python\MMIP\week3\data\Dataset\horse\horse (2153).jpeg,horse,0.9078,horse,0.9078,horse (0.9078),dog (0.0469),butterfly (0.0093),spider (0.0087),cat (0.0060),True,True
c:\Users\Alan\python\MMIP\week3\data\Dataset\horse\horse (813).jpeg,horse,0.6563,horse,0.6563,horse (0.6563),dog (0.1505),cow (0.1044),elephant (0.0340),sheep (0.0099),True,True
c:\Users\Alan\python\MMIP\week3\data\Dataset\horse\horse (1426).jpeg,horse,0.5505,horse,0.5505,horse (0.5505),dog (0.1177),spider (0.0853),chicken (0.0821),cat (0.0577),True,True
c:\Users\Alan\python\MMIP\week3\data\Dataset\horse\horse (2263).jpeg,horse,0.8684,horse,0.8684,horse (0.8684),dog (0.0451),butterfly (0.0155),cow (0.0154),cat (0.0151),True,True
c:\Users\Alan\python\MMIP\week3\data\Dataset\horse\horse (882).jpeg,horse,0.5074,horse,0.5074,horse (0.5074),cow (0.2076),dog (0.0979),butterfly (0.0674),chicken (0.0386),True,True
c:\Users\Alan\python\MMIP\week3\data\Dataset\horse\horse (635).jpeg,horse,0.9593,horse,0.9593,horse (0.9593),sheep (0.0105),cow (0.0066),butterfly (0.0053),spider (0.0043),True,True
c:\Users\Alan\python\MMIP\week3\data\Dataset\horse\horse (1763).jpeg,horse,0.8809,horse,0.8809,horse (0.8809),chicken (0.0337),cat (0.0165),cow (0.0143),dog (0.0120),True,True
c:\Users\Alan\python\MMIP\week3\data\Dataset\horse\horse (1887).jpeg,horse,0.9938,horse,0.9938,horse (0.9938),spider (0.0018),cow (0.0017),butterfly (0.0009),squirrel (0.0004),True,True
c:\Users\Alan\python\MMIP\week3\data\Dataset\horse\horse (2057).jpeg,horse,0.5233,horse,0.5233,horse (0.5233),dog (0.1088),spider (0.0741),cow (0.0717),chicken (0.0555),True,True
c:\Users\Alan\python\MMIP\week3\data\Dataset\horse\horse (858).jpeg,horse,0.9473,horse,0.9473,horse (0.9473),dog (0.0257),chicken (0.0057),butterfly (0.0054),squirrel (0.0036),True,True
c:\Users\Alan\python\MMIP\week3\data\Dataset\horse\horse (2036).jpeg,horse,0.5089,horse,0.5089,horse (0.5089),cow (0.2823),dog (0.0479),elephant (0.0447),sheep (0.0323),True,True
c:\Users\Alan\python\MMIP\week3\data\Dataset\horse\horse (2151).jpeg,horse,0.9427,horse,0.9427,horse (0.9427),cow (0.0127),chicken (0.0114),spider (0.0058),elephant (0.0057),True,True
c:\Users\Alan\python\MMIP\week3\data\Dataset\horse\horse (1372).jpeg,horse,0.7459,horse,0.7459,horse (0.7459),cow (0.1775),sheep (0.0283),elephant (0.0159),dog (0.0135),True,True
c:\Users\Alan\python\MMIP\week3\data\Dataset\horse\horse (2408).jpeg,horse,0.8837,horse,0.8837,horse (0.8837),dog (0.0359),spider (0.0302),cat (0.0120),cow (0.0095),True,True
c:\Users\Alan\python\MMIP\week3\data\Dataset\horse\horse (490).jpeg,horse,0.056,sheep,0.2105,sheep (0.2105),cow (0.2059),elephant (0.1428),spider (0.1262),dog (0.1090),False,False
c:\Users\Alan\python\MMIP\week3\data\Dataset\horse\horse (2282).jpeg,horse,0.7921,horse,0.7921,horse (0.7921),dog (0.1128),elephant (0.0268),spider (0.0224),cow (0.0120),True,True
c:\Users\Alan\python\MMIP\week3\data\Dataset\horse\horse (2138).jpeg,horse,0.9631,horse,0.9631,horse (0.9631),dog (0.0095),cat (0.0049),chicken (0.0047),butterfly (0.0039),True,True
c:\Users\Alan\python\MMIP\week3\data\Dataset\horse\horse (2034).jpeg,horse,0.0584,dog,0.8841,dog (0.8841),horse (0.0584),spider (0.0109),cow (0.0109),chicken (0.0104),False,True
c:\Users\Alan\python\MMIP\week3\data\Dataset\horse\horse (2412).jpeg,horse,0.7587,horse,0.7587,horse (0.7587),dog (0.1435),sheep (0.0323),cow (0.0174),chicken (0.0143),True,True
c:\Users\Alan\python\MMIP\week3\data\Dataset\horse\horse (64).jpeg,horse,0.9895,horse,0.9895,horse (0.9895),dog (0.0019),elephant (0.0018),cow (0.0011),cat (0.0011),True,True
c:\Users\Alan\python\MMIP\week3\data\Dataset\horse\horse (648).jpeg,horse,0.985,horse,0.985,horse (0.9850),cow (0.0030),butterfly (0.0025),spider (0.0021),sheep (0.0016),True,True
c:\Users\Alan\python\MMIP\week3\data\Dataset\horse\horse (748).jpeg,horse,0.7006,horse,0.7006,horse (0.7006),sheep (0.0818),dog (0.0636),elephant (0.0379),cow (0.0334),True,True
c:\Users\Alan\python\MMIP\week3\data\Dataset\horse\horse (1724).jpeg,horse,0.3735,horse,0.3735,horse (0.3735),dog (0.1938),chicken (0.1583),cow (0.1258),sheep (0.0559),True,True
c:\Users\Alan\python\MMIP\week3\data\Dataset\horse\horse (1757).jpeg,horse,0.4709,horse,0.4709,horse (0.4709),chicken (0.1307),cow (0.1184),dog (0.0787),sheep (0.0496),True,True
c:\Users\Alan\python\MMIP\week3\data\Dataset\horse\horse (1995).jpeg,horse,0.9191,horse,0.9191,horse (0.9191),elephant (0.0229),cow (0.0131),squirrel (0.0101),spider (0.0082),True,True
c:\Users\Alan\python\MMIP\week3\data\Dataset\horse\horse (1446).jpeg,horse,0.858,horse,0.858,horse (0.8580),butterfly (0.0579),dog (0.0250),squirrel (0.0182),spider (0.0120),True,True
c:\Users\Alan\python\MMIP\week3\data\Dataset\horse\horse (93).jpeg,horse,0.9549,horse,0.9549,horse (0.9549),dog (0.0193),cow (0.0052),spider (0.0045),elephant (0.0037),True,True
c:\Users\Alan\python\MMIP\week3\data\Dataset\horse\horse (238).jpeg,horse,0.9365,horse,0.9365,horse (0.9365),dog (0.0135),cow (0.0118),sheep (0.0107),elephant (0.0084),True,True
c:\Users\Alan\python\MMIP\week3\data\Dataset\horse\horse (1799).jpeg,horse,0.8789,horse,0.8789,horse (0.8789),dog (0.0688),spider (0.0136),cow (0.0111),elephant (0.0099),True,True
c:\Users\Alan\python\MMIP\week3\data\Dataset\horse\horse (1957).jpeg,horse,0.932,horse,0.932,horse (0.9320),cow (0.0379),sheep (0.0124),chicken (0.0042),elephant (0.0039),True,True
c:\Users\Alan\python\MMIP\week3\data\Dataset\horse\horse (912).jpeg,horse,0.9147,horse,0.9147,horse (0.9147),butterfly (0.0256),dog (0.0174),spider (0.0102),elephant (0.0096),True,True
c:\Users\Alan\python\MMIP\week3\data\Dataset\horse\horse (1187).jpeg,horse,0.7693,horse,0.7693,horse (0.7693),chicken (0.0538),dog (0.0370),spider (0.0314),butterfly (0.0278),True,True
c:\Users\Alan\python\MMIP\week3\data\Dataset\horse\horse (794).jpeg,horse,0.926,horse,0.926,horse (0.9260),spider (0.0155),butterfly (0.0144),dog (0.0086),cat (0.0082),True,True
c:\Users\Alan\python\MMIP\week3\data\Dataset\horse\horse (1152).jpeg,horse,0.3741,horse,0.3741,horse (0.3741),spider (0.1698),cat (0.1413),butterfly (0.0897),chicken (0.0706),True,True
c:\Users\Alan\python\MMIP\week3\data\Dataset\horse\horse (640).jpeg,horse,0.9701,horse,0.9701,horse (0.9701),dog (0.0062),elephant (0.0048),sheep (0.0043),squirrel (0.0035),True,True
c:\Users\Alan\python\MMIP\week3\data\Dataset\horse\horse (314).jpeg,horse,0.8035,horse,0.8035,horse (0.8035),dog (0.1184),sheep (0.0168),cat (0.0130),cow (0.0110),True,True
c:\Users\Alan\python\MMIP\week3\data\Dataset\horse\horse (1556).jpeg,horse,0.9932,horse,0.9932,horse (0.9932),dog (0.0022),spider (0.0016),squirrel (0.0010),butterfly (0.0009),True,True
c:\Users\Alan\python\MMIP\week3\data\Dataset\horse\horse (1375).jpeg,horse,0.9436,horse,0.9436,horse (0.9436),dog (0.0154),cat (0.0063),sheep (0.0062),spider (0.0059),True,True
c:\Users\Alan\python\MMIP\week3\data\Dataset\horse\horse (2227).jpeg,horse,0.8277,horse,0.8277,horse (0.8277),cow (0.0293),dog (0.0284),spider (0.0282),sheep (0.0243),True,True
c:\Users\Alan\python\MMIP\week3\data\Dataset\horse\horse (528).jpeg,horse,0.964,horse,0.964,horse (0.9640),cow (0.0061),spider (0.0060),dog (0.0052),butterfly (0.0050),True,True
c:\Users\Alan\python\MMIP\week3\data\Dataset\horse\horse (1555).jpeg,horse,0.908,horse,0.908,horse (0.9080),dog (0.0558),cow (0.0118),elephant (0.0085),spider (0.0038),True,True
c:\Users\Alan\python\MMIP\week3\data\Dataset\horse\horse (1441).jpeg,horse,0.8003,horse,0.8003,horse (0.8003),dog (0.0467),spider (0.0331),butterfly (0.0266),cat (0.0253),True,True
c:\Users\Alan\python\MMIP\week3\data\Dataset\horse\horse (532).jpeg,horse,0.8564,horse,0.8564,horse (0.8564),cow (0.0973),sheep (0.0095),elephant (0.0082),spider (0.0073),True,True
c:\Users\Alan\python\MMIP\week3\data\Dataset\horse\horse (1562).jpeg,horse,0.8481,horse,0.8481,horse (0.8481),squirrel (0.0636),cow (0.0258),spider (0.0237),dog (0.0144),True,True
c:\Users\Alan\python\MMIP\week3\data\Dataset\horse\horse (2522).jpeg,horse,0.9266,horse,0.9266,horse (0.9266),cow (0.0364),spider (0.0117),dog (0.0090),butterfly (0.0045),True,True
c:\Users\Alan\python\MMIP\week3\data\Dataset\horse\horse (400).jpeg,horse,0.9054,horse,0.9054,horse (0.9054),elephant (0.0265),cow (0.0258),sheep (0.0164),spider (0.0060),True,True
c:\Users\Alan\python\MMIP\week3\data\Dataset\horse\horse (1135).jpeg,horse,0.8881,horse,0.8881,horse (0.8881),spider (0.0360),dog (0.0274),chicken (0.0121),cat (0.0100),True,True
c:\Users\Alan\python\MMIP\week3\data\Dataset\horse\horse (53).jpeg,horse,0.9773,horse,0.9773,horse (0.9773),spider (0.0051),dog (0.0042),sheep (0.0027),squirrel (0.0027),True,True
c:\Users\Alan\python\MMIP\week3\data\Dataset\horse\horse (551).jpeg,horse,0.5218,horse,0.5218,horse (0.5218),elephant (0.1552),cow (0.1341),sheep (0.0500),chicken (0.0368),True,True
c:\Users\Alan\python\MMIP\week3\data\Dataset\horse\horse (74).jpeg,horse,0.5599,horse,0.5599,horse (0.5599),elephant (0.1201),dog (0.0791),sheep (0.0570),chicken (0.0458),True,True
c:\Users\Alan\python\MMIP\week3\data\Dataset\horse\horse (1807).jpeg,horse,0.433,horse,0.433,horse (0.4330),cow (0.3685),dog (0.0705),chicken (0.0526),butterfly (0.0257),True,True
c:\Users\Alan\python\MMIP\week3\data\Dataset\horse\horse (1818).jpeg,horse,0.9486,horse,0.9486,horse (0.9486),dog (0.0317),cat (0.0044),elephant (0.0044),chicken (0.0036),True,True
c:\Users\Alan\python\MMIP\week3\data\Dataset\horse\horse (764).jpeg,horse,0.9865,horse,0.9865,horse (0.9865),spider (0.0036),dog (0.0028),squirrel (0.0013),butterfly (0.0012),True,True
c:\Users\Alan\python\MMIP\week3\data\Dataset\horse\horse (253).jpeg,horse,0.941,horse,0.941,horse (0.9410),dog (0.0215),squirrel (0.0127),sheep (0.0072),elephant (0.0038),True,True
c:\Users\Alan\python\MMIP\week3\data\Dataset\horse\horse (1626).jpeg,horse,0.324,dog,0.4061,dog (0.4061),horse (0.3240),butterfly (0.0596),squirrel (0.0468),cat (0.0462),False,True
c:\Users\Alan\python\MMIP\week3\data\Dataset\horse\horse (2352).jpeg,horse,0.9547,horse,0.9547,horse (0.9547),elephant (0.0103),chicken (0.0067),dog (0.0062),spider (0.0045),True,True
c:\Users\Alan\python\MMIP\week3\data\Dataset\horse\horse (2169).jpeg,horse,0.963,horse,0.963,horse (0.9630),spider (0.0076),butterfly (0.0075),squirrel (0.0065),elephant (0.0039),True,True
c:\Users\Alan\python\MMIP\week3\data\Dataset\horse\horse (2355).jpeg,horse,0.9512,horse,0.9512,horse (0.9512),spider (0.0169),butterfly (0.0101),sheep (0.0045),dog (0.0043),True,True
c:\Users\Alan\python\MMIP\week3\data\Dataset\horse\horse (1450).jpeg,horse,0.879,horse,0.879,horse (0.8790),dog (0.0470),squirrel (0.0177),chicken (0.0156),elephant (0.0084),True,True
c:\Users\Alan\python\MMIP\week3\data\Dataset\horse\horse (2217).jpeg,horse,0.9013,horse,0.9013,horse (0.9013),cow (0.0463),dog (0.0129),cat (0.0098),butterfly (0.0095),True,True
c:\Users\Alan\python\MMIP\week3\data\Dataset\horse\horse (1485).jpeg,horse,0.3596,horse,0.3596,horse (0.3596),dog (0.2082),cat (0.1767),elephant (0.0687),sheep (0.0687),True,True
c:\Users\Alan\python\MMIP\week3\data\Dataset\horse\horse (1053).jpeg,horse,0.9652,horse,0.9652,horse (0.9652),cow (0.0079),chicken (0.0054),butterfly (0.0054),squirrel (0.0042),True,True
c:\Users\Alan\python\MMIP\week3\data\Dataset\horse\horse (415).jpeg,horse,0.9695,horse,0.9695,horse (0.9695),spider (0.0079),butterfly (0.0071),squirrel (0.0037),cat (0.0032),True,True
c:\Users\Alan\python\MMIP\week3\data\Dataset\horse\horse (114).jpeg,horse,0.8822,horse,0.8822,horse (0.8822),dog (0.0465),chicken (0.0176),spider (0.0157),elephant (0.0108),True,True
c:\Users\Alan\python\MMIP\week3\data\Dataset\horse\horse (862).jpeg,horse,0.8554,horse,0.8554,horse (0.8554),cow (0.0323),sheep (0.0305),dog (0.0207),squirrel (0.0190),True,True
c:\Users\Alan\python\MMIP\week3\data\Dataset\horse\horse (2615).jpeg,horse,0.9858,horse,0.9858,horse (0.9858),dog (0.0068),squirrel (0.0033),spider (0.0009),butterfly (0.0008),True,True
c:\Users\Alan\python\MMIP\week3\data\Dataset\horse\horse (714).jpeg,horse,0.6932,horse,0.6932,horse (0.6932),spider (0.0826),cow (0.0571),dog (0.0468),squirrel (0.0325),True,True
c:\Users\Alan\python\MMIP\week3\data\Dataset\horse\horse (612).jpeg,horse,0.9924,horse,0.9924,horse (0.9924),spider (0.0018),elephant (0.0014),dog (0.0013),squirrel (0.0009),True,True
c:\Users\Alan\python\MMIP\week3\data\Dataset\horse\horse (2614).jpeg,horse,0.781,horse,0.781,horse (0.7810),spider (0.0647),dog (0.0492),chicken (0.0253),squirrel (0.0253),True,True
c:\Users\Alan\python\MMIP\week3\data\Dataset\horse\horse (950).jpeg,horse,0.9889,horse,0.9889,horse (0.9889),butterfly (0.0022),spider (0.0022),dog (0.0017),cat (0.0013),True,True
c:\Users\Alan\python\MMIP\week3\data\Dataset\horse\horse (252).jpeg,horse,0.8083,horse,0.8083,horse (0.8083),dog (0.0771),chicken (0.0442),elephant (0.0180),squirrel (0.0139),True,True
c:\Users\Alan\python\MMIP\week3\data\Dataset\horse\horse (447).jpeg,horse,0.8598,horse,0.8598,horse (0.8598),dog (0.0396),elephant (0.0284),chicken (0.0215),cow (0.0209),True,True
c:\Users\Alan\python\MMIP\week3\data\Dataset\horse\horse (2047).jpeg,horse,0.8934,horse,0.8934,horse (0.8934),cow (0.0282),sheep (0.0206),dog (0.0138),spider (0.0123),True,True
c:\Users\Alan\python\MMIP\week3\data\Dataset\horse\horse (779).jpeg,horse,0.8481,horse,0.8481,horse (0.8481),dog (0.0775),cow (0.0226),elephant (0.0138),cat (0.0102),True,True
c:\Users\Alan\python\MMIP\week3\data\Dataset\horse\horse (454).jpeg,horse,0.8576,horse,0.8576,horse (0.8576),chicken (0.0316),dog (0.0304),sheep (0.0260),cow (0.0166),True,True
c:\Users\Alan\python\MMIP\week3\data\Dataset\horse\horse (54).jpeg,horse,0.8834,horse,0.8834,horse (0.8834),spider (0.0260),cow (0.0242),dog (0.0235),sheep (0.0142),True,True
c:\Users\Alan\python\MMIP\week3\data\Dataset\horse\horse (2354).jpeg,horse,0.9472,horse,0.9472,horse (0.9472),spider (0.0109),butterfly (0.0078),chicken (0.0073),cow (0.0068),True,True
c:\Users\Alan\python\MMIP\week3\data\Dataset\horse\horse (2583).jpeg,horse,0.8954,horse,0.8954,horse (0.8954),elephant (0.0568),dog (0.0105),cat (0.0083),cow (0.0079),True,True
c:\Users\Alan\python\MMIP\week3\data\Dataset\horse\horse (205).jpeg,horse,0.9917,horse,0.9917,horse (0.9917),spider (0.0026),butterfly (0.0024),squirrel (0.0010),cat (0.0007),True,True
c:\Users\Alan\python\MMIP\week3\data\Dataset\horse\horse (2588).jpeg,horse,0.6349,horse,0.6349,horse (0.6349),cow (0.2566),chicken (0.0338),sheep (0.0282),dog (0.0124),True,True
c:\Users\Alan\python\MMIP\week3\data\Dataset\horse\horse (2436).jpeg,horse,0.9943,horse,0.9943,horse (0.9943),dog (0.0015),butterfly (0.0008),chicken (0.0008),spider (0.0008),True,True
c:\Users\Alan\python\MMIP\week3\data\Dataset\horse\horse (364).jpeg,horse,0.7058,horse,0.7058,horse (0.7058),dog (0.1966),cat (0.0356),cow (0.0219),sheep (0.0105),True,True
c:\Users\Alan\python\MMIP\week3\data\Dataset\horse\horse (778).jpeg,horse,0.83,horse,0.83,horse (0.8300),cow (0.0356),butterfly (0.0298),dog (0.0251),sheep (0.0221),True,True
c:\Users\Alan\python\MMIP\week3\data\Dataset\horse\horse (1861).jpeg,horse,0.9872,horse,0.9872,horse (0.9872),dog (0.0026),spider (0.0023),squirrel (0.0019),cow (0.0016),True,True
c:\Users\Alan\python\MMIP\week3\data\Dataset\horse\horse (2020).jpeg,horse,0.9238,horse,0.9238,horse (0.9238),butterfly (0.0128),cow (0.0123),spider (0.0121),sheep (0.0102),True,True
c:\Users\Alan\python\MMIP\week3\data\Dataset\horse\horse (2426).jpeg,horse,0.3157,dog,0.4636,dog (0.4636),horse (0.3157),elephant (0.1247),chicken (0.0244),cow (0.0193),False,True
c:\Users\Alan\python\MMIP\week3\data\Dataset\horse\horse (859).jpeg,horse,0.9445,horse,0.9445,horse (0.9445),spider (0.0175),dog (0.0169),chicken (0.0063),cow (0.0041),True,True
c:\Users\Alan\python\MMIP\week3\data\Dataset\horse\horse (1475).jpeg,horse,0.9701,horse,0.9701,horse (0.9701),sheep (0.0096),cow (0.0053),squirrel (0.0038),spider (0.0032),True,True
c:\Users\Alan\python\MMIP\week3\data\Dataset\horse\horse (2278).jpeg,horse,0.8883,horse,0.8883,horse (0.8883),butterfly (0.0380),chicken (0.0194),spider (0.0171),cow (0.0147),True,True
c:\Users\Alan\python\MMIP\week3\data\Dataset\horse\horse (2448).jpeg,horse,0.9478,horse,0.9478,horse (0.9478),chicken (0.0159),cow (0.0155),dog (0.0053),squirrel (0.0045),True,True
c:\Users\Alan\python\MMIP\week3\data\Dataset\horse\horse (1092).jpeg,horse,0.6007,horse,0.6007,horse (0.6007),dog (0.2080),elephant (0.0721),squirrel (0.0369),cow (0.0336),True,True
c:\Users\Alan\python\MMIP\week3\data\Dataset\horse\horse (920).jpeg,horse,0.9257,horse,0.9257,horse (0.9257),cow (0.0161),dog (0.0155),sheep (0.0120),spider (0.0077),True,True
c:\Users\Alan\python\MMIP\week3\data\Dataset\horse\horse (1384).jpeg,horse,0.7193,horse,0.7193,horse (0.7193),elephant (0.0837),chicken (0.0552),cow (0.0449),sheep (0.0379),True,True
c:\Users\Alan\python\MMIP\week3\data\Dataset\horse\horse (1439).jpeg,horse,0.9797,horse,0.9797,horse (0.9797),cow (0.0060),squirrel (0.0036),dog (0.0034),spider (0.0016),True,True
c:\Users\Alan\python\MMIP\week3\data\Dataset\horse\horse (1607).jpeg,horse,0.8307,horse,0.8307,horse (0.8307),spider (0.0494),butterfly (0.0480),cow (0.0289),sheep (0.0128),True,True
c:\Users\Alan\python\MMIP\week3\data\Dataset\horse\horse (2089).jpeg,horse,0.9762,horse,0.9762,horse (0.9762),squirrel (0.0051),dog (0.0045),elephant (0.0042),butterfly (0.0023),True,True
c:\Users\Alan\python\MMIP\week3\data\Dataset\horse\horse (318).jpeg,horse,0.3294,horse,0.3294,horse (0.3294),dog (0.2582),chicken (0.1792),butterfly (0.0664),cow (0.0527),True,True
c:\Users\Alan\python\MMIP\week3\data\Dataset\horse\horse (1001).jpeg,horse,0.9538,horse,0.9538,horse (0.9538),dog (0.0151),squirrel (0.0073),butterfly (0.0066),cow (0.0049),True,True
c:\Users\Alan\python\MMIP\week3\data\Dataset\horse\horse (1696).jpeg,horse,0.5806,horse,0.5806,horse (0.5806),dog (0.1745),squirrel (0.0819),cat (0.0531),elephant (0.0359),True,True
c:\Users\Alan\python\MMIP\week3\data\Dataset\horse\horse (758).jpeg,horse,0.843,horse,0.843,horse (0.8430),dog (0.0542),elephant (0.0380),cow (0.0200),squirrel (0.0098),True,True
c:\Users\Alan\python\MMIP\week3\data\Dataset\horse\horse (1369).jpeg,horse,0.8238,horse,0.8238,horse (0.8238),spider (0.0289),elephant (0.0252),cow (0.0231),butterfly (0.0202),True,True
c:\Users\Alan\python\MMIP\week3\data\Dataset\horse\horse (370).jpeg,horse,0.9212,horse,0.9212,horse (0.9212),dog (0.0264),chicken (0.0126),cow (0.0105),cat (0.0097),True,True
c:\Users\Alan\python\MMIP\week3\data\Dataset\horse\horse (957).jpeg,horse,0.4035,horse,0.4035,horse (0.4035),spider (0.1704),dog (0.1622),butterfly (0.1383),chicken (0.0505),True,True
c:\Users\Alan\python\MMIP\week3\data\Dataset\horse\horse (1747).jpeg,horse,0.9746,horse,0.9746,horse (0.9746),butterfly (0.0073),dog (0.0044),spider (0.0034),squirrel (0.0031),True,True
c:\Users\Alan\python\MMIP\week3\data\Dataset\horse\horse (180).jpeg,horse,0.797,horse,0.797,horse (0.7970),spider (0.0647),cow (0.0510),dog (0.0285),elephant (0.0200),True,True
c:\Users\Alan\python\MMIP\week3\data\Dataset\horse\horse (2339).jpeg,horse,0.2635,dog,0.3079,dog (0.3079),horse (0.2635),cow (0.1537),elephant (0.0763),sheep (0.0623),False,True
c:\Users\Alan\python\MMIP\week3\data\Dataset\horse\horse (2052).jpeg,horse,0.9806,horse,0.9806,horse (0.9806),cow (0.0088),elephant (0.0021),dog (0.0021),chicken (0.0015),True,True
c:\Users\Alan\python\MMIP\week3\data\Dataset\horse\horse (1346).jpeg,horse,0.6577,horse,0.6577,horse (0.6577),spider (0.1281),dog (0.0685),elephant (0.0382),cow (0.0316),True,True
c:\Users\Alan\python\MMIP\week3\data\Dataset\horse\horse (319).jpeg,horse,0.7389,horse,0.7389,horse (0.7389),cow (0.1610),spider (0.0241),cat (0.0174),dog (0.0171),True,True
c:\Users\Alan\python\MMIP\week3\data\Dataset\horse\horse (941).jpeg,horse,0.9809,horse,0.9809,horse (0.9809),butterfly (0.0039),squirrel (0.0030),spider (0.0029),sheep (0.0024),True,True
c:\Users\Alan\python\MMIP\week3\data\Dataset\horse\horse (2439).jpeg,horse,0.7,horse,0.7,horse (0.7000),cow (0.2035),dog (0.0386),squirrel (0.0208),spider (0.0088),True,True
c:\Users\Alan\python\MMIP\week3\data\Dataset\horse\horse (2513).jpeg,horse,0.9733,horse,0.9733,horse (0.9733),butterfly (0.0058),squirrel (0.0049),dog (0.0036),cat (0.0033),True,True
c:\Users\Alan\python\MMIP\week3\data\Dataset\horse\horse (2186).jpeg,horse,0.9104,horse,0.9104,horse (0.9104),spider (0.0189),cow (0.0160),dog (0.0151),butterfly (0.0123),True,True
c:\Users\Alan\python\MMIP\week3\data\Dataset\horse\horse (970).jpeg,horse,0.4511,horse,0.4511,horse (0.4511),dog (0.4238),cow (0.0276),cat (0.0272),sheep (0.0182),True,True
c:\Users\Alan\python\MMIP\week3\data\Dataset\horse\horse (1613).jpeg,horse,0.6699,horse,0.6699,horse (0.6699),dog (0.1594),spider (0.0827),elephant (0.0301),butterfly (0.0218),True,True
c:\Users\Alan\python\MMIP\week3\data\Dataset\horse\horse (2124).jpeg,horse,0.8462,horse,0.8462,horse (0.8462),elephant (0.0843),cow (0.0162),squirrel (0.0103),sheep (0.0098),True,True
c:\Users\Alan\python\MMIP\week3\data\Dataset\horse\horse (2349).jpeg,horse,0.7603,horse,0.7603,horse (0.7603),dog (0.0669),cow (0.0599),elephant (0.0299),chicken (0.0243),True,True
c:\Users\Alan\python\MMIP\week3\data\Dataset\horse\horse (2223).jpeg,horse,0.9631,horse,0.9631,horse (0.9631),dog (0.0135),elephant (0.0061),cow (0.0038),spider (0.0028),True,True
c:\Users\Alan\python\MMIP\week3\data\Dataset\horse\horse (568).jpeg,horse,0.937,horse,0.937,horse (0.9370),dog (0.0299),spider (0.0078),cat (0.0057),sheep (0.0051),True,True
c:\Users\Alan\python\MMIP\week3\data\Dataset\horse\horse (2382).jpeg,horse,0.869,horse,0.869,horse (0.8690),cow (0.0739),spider (0.0130),sheep (0.0115),butterfly (0.0090),True,True
c:\Users\Alan\python\MMIP\week3\data\Dataset\horse\horse (2200).jpeg,horse,0.3681,horse,0.3681,horse (0.3681),cow (0.2593),spider (0.1303),sheep (0.0804),elephant (0.0602),True,True
c:\Users\Alan\python\MMIP\week3\data\Dataset\horse\horse (2380).jpeg,horse,0.4762,horse,0.4762,horse (0.4762),dog (0.3826),cow (0.0329),spider (0.0261),chicken (0.0229),True,True
c:\Users\Alan\python\MMIP\week3\data\Dataset\horse\horse (2463).jpeg,horse,0.9585,horse,0.9585,horse (0.9585),spider (0.0137),cow (0.0079),butterfly (0.0047),squirrel (0.0038),True,True
c:\Users\Alan\python\MMIP\week3\data\Dataset\horse\horse (555).jpeg,horse,0.8322,horse,0.8322,horse (0.8322),dog (0.0633),cow (0.0219),sheep (0.0154),cat (0.0152),True,True
c:\Users\Alan\python\MMIP\week3\data\Dataset\horse\horse (2376).jpeg,horse,0.9699,horse,0.9699,horse (0.9699),cow (0.0126),dog (0.0046),spider (0.0033),sheep (0.0030),True,True
c:\Users\Alan\python\MMIP\week3\data\Dataset\horse\horse (1081).jpeg,horse,0.9014,horse,0.9014,horse (0.9014),cow (0.0339),dog (0.0301),butterfly (0.0092),cat (0.0064),True,True
c:\Users\Alan\python\MMIP\week3\data\Dataset\horse\horse (1484).jpeg,horse,0.7633,horse,0.7633,horse (0.7633),dog (0.1347),cow (0.0626),elephant (0.0111),cat (0.0084),True,True
c:\Users\Alan\python\MMIP\week3\data\Dataset\horse\horse (926).jpeg,horse,0.8523,horse,0.8523,horse (0.8523),cow (0.0431),dog (0.0270),sheep (0.0175),spider (0.0156),True,True
c:\Users\Alan\python\MMIP\week3\data\Dataset\horse\horse (115).jpeg,horse,0.7342,horse,0.7342,horse (0.7342),cow (0.1027),dog (0.0374),spider (0.0313),sheep (0.0228),True,True
c:\Users\Alan\python\MMIP\week3\data\Dataset\horse\horse (1319).jpeg,horse,0.9693,horse,0.9693,horse (0.9693),butterfly (0.0073),spider (0.0058),cow (0.0040),cat (0.0028),True,True
c:\Users\Alan\python\MMIP\week3\data\Dataset\horse\horse (1188).jpeg,horse,0.9001,horse,0.9001,horse (0.9001),dog (0.0448),chicken (0.0178),elephant (0.0100),cow (0.0082),True,True
c:\Users\Alan\python\MMIP\week3\data\Dataset\horse\horse (2593).jpeg,horse,0.8402,horse,0.8402,horse (0.8402),dog (0.1185),spider (0.0122),elephant (0.0052),chicken (0.0048),True,True
c:\Users\Alan\python\MMIP\week3\data\Dataset\horse\horse (2105).jpeg,horse,0.9006,horse,0.9006,horse (0.9006),dog (0.0495),squirrel (0.0164),spider (0.0077),sheep (0.0075),True,True
c:\Users\Alan\python\MMIP\week3\data\Dataset\horse\horse (876).jpeg,horse,0.97,horse,0.97,horse (0.9700),cow (0.0061),squirrel (0.0060),sheep (0.0058),elephant (0.0042),True,True
c:\Users\Alan\python\MMIP\week3\data\Dataset\horse\horse (2009).jpeg,horse,0.916,horse,0.916,horse (0.9160),chicken (0.0201),elephant (0.0136),cat (0.0113),dog (0.0079),True,True
c:\Users\Alan\python\MMIP\week3\data\Dataset\horse\horse (1262).jpeg,horse,0.9465,horse,0.9465,horse (0.9465),squirrel (0.0098),spider (0.0088),dog (0.0084),butterfly (0.0056),True,True
c:\Users\Alan\python\MMIP\week3\data\Dataset\horse\horse (2029).jpeg,horse,0.7839,horse,0.7839,horse (0.7839),cow (0.0771),spider (0.0454),dog (0.0256),elephant (0.0195),True,True
c:\Users\Alan\python\MMIP\week3\data\Dataset\horse\horse (2288).jpeg,horse,0.8994,horse,0.8994,horse (0.8994),chicken (0.0259),dog (0.0173),cow (0.0126),squirrel (0.0090),True,True
c:\Users\Alan\python\MMIP\week3\data\Dataset\horse\horse (25).jpeg,horse,0.9335,horse,0.9335,horse (0.9335),cow (0.0224),sheep (0.0150),dog (0.0076),spider (0.0059),True,True
c:\Users\Alan\python\MMIP\week3\data\Dataset\horse\horse (2148).jpeg,horse,0.6762,horse,0.6762,horse (0.6762),dog (0.1324),chicken (0.1013),cow (0.0324),cat (0.0159),True,True
c:\Users\Alan\python\MMIP\week3\data\Dataset\horse\horse (277).jpeg,horse,0.7604,horse,0.7604,horse (0.7604),dog (0.1091),chicken (0.0259),cow (0.0220),spider (0.0214),True,True
c:\Users\Alan\python\MMIP\week3\data\Dataset\horse\horse (1012).jpeg,horse,0.9781,horse,0.9781,horse (0.9781),cow (0.0064),spider (0.0050),butterfly (0.0036),sheep (0.0019),True,True
c:\Users\Alan\python\MMIP\week3\data\Dataset\horse\horse (327).jpeg,horse,0.8913,horse,0.8913,horse (0.8913),spider (0.0514),chicken (0.0153),dog (0.0111),squirrel (0.0085),True,True
c:\Users\Alan\python\MMIP\week3\data\Dataset\horse\horse (1479).jpeg,horse,0.897,horse,0.897,horse (0.8970),cow (0.0254),dog (0.0220),sheep (0.0107),elephant (0.0100),True,True
c:\Users\Alan\python\MMIP\week3\data\Dataset\horse\horse (685).jpeg,horse,0.9838,horse,0.9838,horse (0.9838),spider (0.0040),dog (0.0030),cat (0.0025),butterfly (0.0020),True,True
c:\Users\Alan\python\MMIP\week3\data\Dataset\horse\horse (285).jpeg,horse,0.9918,horse,0.9918,horse (0.9918),cow (0.0023),butterfly (0.0016),spider (0.0011),dog (0.0008),True,True
c:\Users\Alan\python\MMIP\week3\data\Dataset\horse\horse (1781).jpeg,horse,0.571,horse,0.571,horse (0.5710),cow (0.1611),dog (0.1603),elephant (0.0255),sheep (0.0241),True,True
c:\Users\Alan\python\MMIP\week3\data\Dataset\horse\horse (1965).jpeg,horse,0.1067,dog,0.3823,dog (0.3823),spider (0.1983),chicken (0.1668),horse (0.1067),butterfly (0.0553),False,True
c:\Users\Alan\python\MMIP\week3\data\Dataset\horse\horse (117).jpeg,horse,0.9861,horse,0.9861,horse (0.9861),chicken (0.0024),butterfly (0.0024),dog (0.0020),cat (0.0019),True,True
c:\Users\Alan\python\MMIP\week3\data\Dataset\horse\horse (1903).jpeg,horse,0.9387,horse,0.9387,horse (0.9387),chicken (0.0126),sheep (0.0090),butterfly (0.0084),elephant (0.0083),True,True
c:\Users\Alan\python\MMIP\week3\data\Dataset\horse\horse (310).jpeg,horse,0.9112,horse,0.9112,horse (0.9112),dog (0.0561),cow (0.0071),elephant (0.0062),squirrel (0.0049),True,True
c:\Users\Alan\python\MMIP\week3\data\Dataset\horse\horse (2195).jpeg,horse,0.8963,horse,0.8963,horse (0.8963),dog (0.0573),chicken (0.0094),sheep (0.0086),spider (0.0069),True,True
c:\Users\Alan\python\MMIP\week3\data\Dataset\horse\horse (642).jpeg,horse,0.6437,horse,0.6437,horse (0.6437),cow (0.1706),dog (0.1187),cat (0.0154),elephant (0.0094),True,True
c:\Users\Alan\python\MMIP\week3\data\Dataset\horse\horse (1447).jpeg,horse,0.5718,horse,0.5718,horse (0.5718),elephant (0.3046),cow (0.0425),dog (0.0260),chicken (0.0194),True,True
c:\Users\Alan\python\MMIP\week3\data\Dataset\horse\horse (1436).jpeg,horse,0.8849,horse,0.8849,horse (0.8849),dog (0.0205),sheep (0.0162),chicken (0.0144),squirrel (0.0126),True,True
c:\Users\Alan\python\MMIP\week3\data\Dataset\horse\horse (1418).jpeg,horse,0.8791,horse,0.8791,horse (0.8791),elephant (0.0213),sheep (0.0203),spider (0.0194),cow (0.0175),True,True
c:\Users\Alan\python\MMIP\week3\data\Dataset\horse\horse (1971).jpeg,horse,0.966,horse,0.966,horse (0.9660),spider (0.0112),dog (0.0066),chicken (0.0036),elephant (0.0033),True,True
c:\Users\Alan\python\MMIP\week3\data\Dataset\horse\horse (316).jpeg,horse,0.9906,horse,0.9906,horse (0.9906),cow (0.0028),squirrel (0.0020),elephant (0.0010),dog (0.0009),True,True
c:\Users\Alan\python\MMIP\week3\data\Dataset\horse\horse (586).jpeg,horse,0.9912,horse,0.9912,horse (0.9912),cow (0.0016),butterfly (0.0012),cat (0.0011),dog (0.0011),True,True
c:\Users\Alan\python\MMIP\week3\data\Dataset\horse\horse (2106).jpeg,horse,0.7444,horse,0.7444,horse (0.7444),spider (0.1745),squirrel (0.0166),cow (0.0154),butterfly (0.0121),True,True
c:\Users\Alan\python\MMIP\week3\data\Dataset\sheep\sheep (790).jpeg,sheep,0.7882,sheep,0.7882,sheep (0.7882),spider (0.0504),horse (0.0441),elephant (0.0371),dog (0.0185),True,True
c:\Users\Alan\python\MMIP\week3\data\Dataset\sheep\sheep (403).jpeg,sheep,0.5167,sheep,0.5167,sheep (0.5167),horse (0.1728),chicken (0.0862),cow (0.0593),spider (0.0534),True,True
c:\Users\Alan\python\MMIP\week3\data\Dataset\sheep\sheep (487).jpeg,sheep,0.4755,sheep,0.4755,sheep (0.4755),chicken (0.1509),dog (0.0853),squirrel (0.0775),spider (0.0642),True,True
c:\Users\Alan\python\MMIP\week3\data\Dataset\sheep\sheep (814).jpeg,sheep,0.9503,sheep,0.9503,sheep (0.9503),cow (0.0411),chicken (0.0032),butterfly (0.0015),cat (0.0013),True,True
c:\Users\Alan\python\MMIP\week3\data\Dataset\sheep\sheep (118).jpg,sheep,0.8548,sheep,0.8548,sheep (0.8548),horse (0.0378),dog (0.0289),elephant (0.0277),cat (0.0124),True,True
c:\Users\Alan\python\MMIP\week3\data\Dataset\sheep\sheep (1200).jpeg,sheep,0.8026,sheep,0.8026,sheep (0.8026),cow (0.0592),elephant (0.0303),butterfly (0.0216),horse (0.0200),True,True
c:\Users\Alan\python\MMIP\week3\data\Dataset\sheep\sheep (1235).jpeg,sheep,0.107,butterfly,0.1561,butterfly (0.1561),dog (0.1522),elephant (0.1496),sheep (0.1070),chicken (0.0959),False,True
c:\Users\Alan\python\MMIP\week3\data\Dataset\sheep\sheep (567).jpeg,sheep,0.9852,sheep,0.9852,sheep (0.9852),cow (0.0035),dog (0.0021),elephant (0.0021),butterfly (0.0017),True,True
c:\Users\Alan\python\MMIP\week3\data\Dataset\sheep\sheep (78).jpeg,sheep,0.9592,sheep,0.9592,sheep (0.9591),cow (0.0071),spider (0.0058),chicken (0.0058),dog (0.0049),True,True
c:\Users\Alan\python\MMIP\week3\data\Dataset\sheep\sheep (194).jpg,sheep,0.7111,sheep,0.7111,sheep (0.7111),butterfly (0.0731),spider (0.0648),cat (0.0380),squirrel (0.0278),True,True
c:\Users\Alan\python\MMIP\week3\data\Dataset\sheep\sheep (108).jpg,sheep,0.9661,sheep,0.9661,sheep (0.9661),dog (0.0083),elephant (0.0064),butterfly (0.0039),spider (0.0038),True,True
c:\Users\Alan\python\MMIP\week3\data\Dataset\sheep\sheep (212).jpeg,sheep,0.9698,sheep,0.9698,sheep (0.9698),cow (0.0066),spider (0.0052),elephant (0.0039),cat (0.0037),True,True
c:\Users\Alan\python\MMIP\week3\data\Dataset\sheep\sheep (176).jpeg,sheep,0.782,sheep,0.782,sheep (0.7820),cow (0.1181),dog (0.0242),elephant (0.0214),squirrel (0.0130),True,True
c:\Users\Alan\python\MMIP\week3\data\Dataset\sheep\sheep (301).jpg,sheep,0.9708,sheep,0.9708,sheep (0.9708),cow (0.0059),dog (0.0056),cat (0.0054),elephant (0.0030),True,True
c:\Users\Alan\python\MMIP\week3\data\Dataset\sheep\sheep (473).jpeg,sheep,0.7773,sheep,0.7773,sheep (0.7773),spider (0.0697),squirrel (0.0302),elephant (0.0265),chicken (0.0232),True,True
c:\Users\Alan\python\MMIP\week3\data\Dataset\sheep\sheep (147).jpg,sheep,0.3857,sheep,0.3857,sheep (0.3857),dog (0.3359),cat (0.0691),elephant (0.0469),chicken (0.0372),True,True
c:\Users\Alan\python\MMIP\week3\data\Dataset\sheep\sheep (728).jpeg,sheep,0.5607,sheep,0.5607,sheep (0.5607),cow (0.1691),horse (0.1130),dog (0.0630),spider (0.0278),True,True
c:\Users\Alan\python\MMIP\week3\data\Dataset\sheep\sheep (1320).jpeg,sheep,0.9442,sheep,0.9442,sheep (0.9442),dog (0.0236),cow (0.0112),squirrel (0.0071),chicken (0.0035),True,True
c:\Users\Alan\python\MMIP\week3\data\Dataset\sheep\sheep (1107).jpeg,sheep,0.9694,sheep,0.9694,sheep (0.9694),dog (0.0119),spider (0.0064),chicken (0.0027),squirrel (0.0023),True,True
c:\Users\Alan\python\MMIP\week3\data\Dataset\sheep\sheep (247).jpg,sheep,0.132,elephant,0.3511,elephant (0.3511),horse (0.1774),cow (0.1373),sheep (0.1320),dog (0.0491),False,True
c:\Users\Alan\python\MMIP\week3\data\Dataset\sheep\sheep (311).jpeg,sheep,0.7695,sheep,0.7695,sheep (0.7695),cow (0.0942),chicken (0.0482),horse (0.0367),dog (0.0179),True,True
c:\Users\Alan\python\MMIP\week3\data\Dataset\sheep\sheep (1172).jpeg,sheep,0.9811,sheep,0.9811,sheep (0.9811),dog (0.0057),spider (0.0032),cow (0.0023),butterfly (0.0023),True,True
c:\Users\Alan\python\MMIP\week3\data\Dataset\sheep\sheep (1189).jpeg,sheep,0.755,sheep,0.755,sheep (0.7550),horse (0.0739),butterfly (0.0427),elephant (0.0359),cow (0.0320),True,True
c:\Users\Alan\python\MMIP\week3\data\Dataset\sheep\sheep (197).jpg,sheep,0.9628,sheep,0.9628,sheep (0.9628),cow (0.0106),squirrel (0.0060),dog (0.0056),spider (0.0036),True,True
c:\Users\Alan\python\MMIP\week3\data\Dataset\sheep\sheep (47).jpeg,sheep,0.1911,chicken,0.2539,chicken (0.2539),sheep (0.1911),squirrel (0.1843),cat (0.0945),dog (0.0677),False,True
c:\Users\Alan\python\MMIP\week3\data\Dataset\sheep\sheep (362).jpeg,sheep,0.7157,sheep,0.7157,sheep (0.7157),spider (0.1266),dog (0.0674),cat (0.0310),squirrel (0.0218),True,True
c:\Users\Alan\python\MMIP\week3\data\Dataset\sheep\sheep (966).jpeg,sheep,0.907,sheep,0.907,sheep (0.9070),dog (0.0427),butterfly (0.0144),cat (0.0094),chicken (0.0078),True,True
c:\Users\Alan\python\MMIP\week3\data\Dataset\sheep\sheep (224).jpg,sheep,0.3432,sheep,0.3432,sheep (0.3432),horse (0.1465),dog (0.1303),cow (0.1175),elephant (0.0865),True,True
c:\Users\Alan\python\MMIP\week3\data\Dataset\sheep\sheep (352).jpeg,sheep,0.0182,dog,0.3413,dog (0.3413),chicken (0.2659),elephant (0.1321),cow (0.0640),squirrel (0.0558),False,False
c:\Users\Alan\python\MMIP\week3\data\Dataset\sheep\sheep (1077).jpeg,sheep,0.1181,cow,0.5525,cow (0.5525),elephant (0.1189),sheep (0.1181),horse (0.0933),squirrel (0.0409),False,True
c:\Users\Alan\python\MMIP\week3\data\Dataset\sheep\sheep (737).jpeg,sheep,0.9762,sheep,0.9762,sheep (0.9762),squirrel (0.0133),elephant (0.0026),butterfly (0.0023),cat (0.0019),True,True
c:\Users\Alan\python\MMIP\week3\data\Dataset\sheep\sheep (639).jpeg,sheep,0.995,sheep,0.995,sheep (0.9950),cat (0.0012),spider (0.0012),cow (0.0009),elephant (0.0005),True,True
c:\Users\Alan\python\MMIP\week3\data\Dataset\sheep\sheep (508).jpeg,sheep,0.9639,sheep,0.9639,sheep (0.9639),cow (0.0092),cat (0.0072),elephant (0.0055),dog (0.0032),True,True
c:\Users\Alan\python\MMIP\week3\data\Dataset\sheep\sheep (1230).jpeg,sheep,0.987,sheep,0.987,sheep (0.9870),dog (0.0045),squirrel (0.0025),cat (0.0022),cow (0.0009),True,True
c:\Users\Alan\python\MMIP\week3\data\Dataset\sheep\sheep (882).jpeg,sheep,0.4823,sheep,0.4823,sheep (0.4823),spider (0.2156),dog (0.1061),squirrel (0.0771),cat (0.0372),True,True
c:\Users\Alan\python\MMIP\week3\data\Dataset\sheep\sheep (1386).jpeg,sheep,0.9231,sheep,0.9231,sheep (0.9231),squirrel (0.0218),dog (0.0146),horse (0.0125),spider (0.0083),True,True
c:\Users\Alan\python\MMIP\week3\data\Dataset\sheep\sheep (590).jpeg,sheep,0.3927,dog,0.4318,dog (0.4318),sheep (0.3927),elephant (0.0556),spider (0.0213),butterfly (0.0206),False,True
c:\Users\Alan\python\MMIP\week3\data\Dataset\sheep\sheep (1324).jpeg,sheep,0.9751,sheep,0.9751,sheep (0.9751),dog (0.0114),cat (0.0045),squirrel (0.0028),cow (0.0016),True,True
c:\Users\Alan\python\MMIP\week3\data\Dataset\sheep\sheep (1346).jpeg,sheep,0.9809,sheep,0.9809,sheep (0.9809),horse (0.0038),spider (0.0029),elephant (0.0026),cow (0.0023),True,True
c:\Users\Alan\python\MMIP\week3\data\Dataset\sheep\sheep (1297).jpeg,sheep,0.8717,sheep,0.8717,sheep (0.8717),squirrel (0.0262),dog (0.0254),spider (0.0207),chicken (0.0184),True,True
c:\Users\Alan\python\MMIP\week3\data\Dataset\sheep\sheep (65).jpg,sheep,0.9645,sheep,0.9645,sheep (0.9645),dog (0.0161),squirrel (0.0057),spider (0.0038),cow (0.0026),True,True
c:\Users\Alan\python\MMIP\week3\data\Dataset\sheep\sheep (202).jpeg,sheep,0.3361,sheep,0.3361,sheep (0.3361),squirrel (0.2371),elephant (0.1665),cat (0.0842),cow (0.0595),True,True
c:\Users\Alan\python\MMIP\week3\data\Dataset\sheep\sheep (371).jpg,sheep,0.754,sheep,0.754,sheep (0.7540),elephant (0.0756),dog (0.0325),cat (0.0308),cow (0.0297),True,True
c:\Users\Alan\python\MMIP\week3\data\Dataset\sheep\sheep (813).jpeg,sheep,0.9417,sheep,0.9417,sheep (0.9417),dog (0.0320),cow (0.0053),butterfly (0.0046),horse (0.0039),True,True
c:\Users\Alan\python\MMIP\week3\data\Dataset\sheep\sheep (1208).jpeg,sheep,0.554,sheep,0.554,sheep (0.5540),dog (0.1278),elephant (0.1243),butterfly (0.0717),cow (0.0351),True,True
c:\Users\Alan\python\MMIP\week3\data\Dataset\sheep\sheep (152).jpeg,sheep,0.9703,sheep,0.9703,sheep (0.9703),cow (0.0132),spider (0.0035),chicken (0.0033),dog (0.0028),True,True
c:\Users\Alan\python\MMIP\week3\data\Dataset\sheep\sheep (285).jpg,sheep,0.9026,sheep,0.9026,sheep (0.9026),dog (0.0302),elephant (0.0266),butterfly (0.0110),chicken (0.0091),True,True
c:\Users\Alan\python\MMIP\week3\data\Dataset\sheep\sheep (895).jpeg,sheep,0.1051,dog,0.2889,dog (0.2889),cow (0.2831),horse (0.1136),sheep (0.1051),chicken (0.0564),False,True
c:\Users\Alan\python\MMIP\week3\data\Dataset\sheep\sheep (1012).jpeg,sheep,0.7696,sheep,0.7696,sheep (0.7696),cow (0.0641),horse (0.0607),elephant (0.0295),chicken (0.0217),True,True
c:\Users\Alan\python\MMIP\week3\data\Dataset\sheep\sheep (842).jpeg,sheep,0.7574,sheep,0.7574,sheep (0.7574),cow (0.0982),horse (0.0505),elephant (0.0252),cat (0.0186),True,True
c:\Users\Alan\python\MMIP\week3\data\Dataset\sheep\sheep (1019).jpeg,sheep,0.9878,sheep,0.9878,sheep (0.9878),dog (0.0040),spider (0.0022),chicken (0.0016),butterfly (0.0014),True,True
c:\Users\Alan\python\MMIP\week3\data\Dataset\sheep\sheep (89).jpeg,sheep,0.2234,dog,0.3076,dog (0.3076),sheep (0.2234),horse (0.1574),cow (0.1179),elephant (0.0685),False,True
c:\Users\Alan\python\MMIP\week3\data\Dataset\sheep\sheep (900).jpeg,sheep,0.9851,sheep,0.9851,sheep (0.9851),cow (0.0050),butterfly (0.0023),dog (0.0016),squirrel (0.0014),True,True
c:\Users\Alan\python\MMIP\week3\data\Dataset\sheep\sheep (344).jpg,sheep,0.9131,sheep,0.9131,sheep (0.9131),dog (0.0303),elephant (0.0155),cat (0.0091),spider (0.0087),True,True
c:\Users\Alan\python\MMIP\week3\data\Dataset\sheep\sheep (1018).jpeg,sheep,0.7542,sheep,0.7542,sheep (0.7542),dog (0.0737),horse (0.0396),cow (0.0325),spider (0.0283),True,True
c:\Users\Alan\python\MMIP\week3\data\Dataset\sheep\sheep (109).jpg,sheep,0.7872,sheep,0.7872,sheep (0.7872),cat (0.1061),spider (0.0533),elephant (0.0156),squirrel (0.0144),True,True
c:\Users\Alan\python\MMIP\week3\data\Dataset\sheep\sheep (1403).jpeg,sheep,0.6613,sheep,0.6613,sheep (0.6613),dog (0.1282),chicken (0.1223),cat (0.0323),spider (0.0236),True,True
c:\Users\Alan\python\MMIP\week3\data\Dataset\sheep\sheep (375).jpeg,sheep,0.9682,sheep,0.9682,sheep (0.9682),cow (0.0069),spider (0.0058),dog (0.0041),cat (0.0036),True,True
c:\Users\Alan\python\MMIP\week3\data\Dataset\sheep\sheep (849).jpeg,sheep,0.9331,sheep,0.9331,sheep (0.9331),cow (0.0203),dog (0.0139),squirrel (0.0117),spider (0.0053),True,True
c:\Users\Alan\python\MMIP\week3\data\Dataset\sheep\sheep (178).jpg,sheep,0.1558,dog,0.7495,dog (0.7495),sheep (0.1558),cat (0.0626),chicken (0.0091),butterfly (0.0069),False,True
c:\Users\Alan\python\MMIP\week3\data\Dataset\sheep\sheep (547).jpeg,sheep,0.8822,sheep,0.8822,sheep (0.8822),cow (0.0508),dog (0.0174),horse (0.0174),elephant (0.0086),True,True
c:\Users\Alan\python\MMIP\week3\data\Dataset\sheep\sheep (385).jpeg,sheep,0.9464,sheep,0.9464,sheep (0.9464),dog (0.0180),cow (0.0175),chicken (0.0048),cat (0.0039),True,True
c:\Users\Alan\python\MMIP\week3\data\Dataset\sheep\sheep (213).jpg,sheep,0.9917,sheep,0.9917,sheep (0.9917),butterfly (0.0017),dog (0.0016),cat (0.0014),spider (0.0010),True,True
c:\Users\Alan\python\MMIP\week3\data\Dataset\sheep\sheep (77).jpg,sheep,0.9893,sheep,0.9893,sheep (0.9893),butterfly (0.0028),spider (0.0021),elephant (0.0011),dog (0.0011),True,True
c:\Users\Alan\python\MMIP\week3\data\Dataset\sheep\sheep (1206).jpeg,sheep,0.5055,sheep,0.5055,sheep (0.5055),dog (0.2570),squirrel (0.0546),horse (0.0456),elephant (0.0339),True,True
c:\Users\Alan\python\MMIP\week3\data\Dataset\sheep\sheep (1087).jpeg,sheep,0.3069,sheep,0.3069,sheep (0.3069),chicken (0.2704),cow (0.1061),elephant (0.0918),horse (0.0841),True,True
c:\Users\Alan\python\MMIP\week3\data\Dataset\sheep\sheep (217).jpeg,sheep,0.9829,sheep,0.9829,sheep (0.9829),cow (0.0068),dog (0.0040),spider (0.0017),butterfly (0.0010),True,True
c:\Users\Alan\python\MMIP\week3\data\Dataset\sheep\sheep (1126).jpeg,sheep,0.6998,sheep,0.6998,sheep (0.6998),horse (0.0600),dog (0.0586),cow (0.0510),squirrel (0.0268),True,True
c:\Users\Alan\python\MMIP\week3\data\Dataset\sheep\sheep (200).jpg,sheep,0.9593,sheep,0.9593,sheep (0.9593),cow (0.0133),cat (0.0065),elephant (0.0056),horse (0.0052),True,True
c:\Users\Alan\python\MMIP\week3\data\Dataset\sheep\sheep (782).jpeg,sheep,0.995,sheep,0.995,sheep (0.9950),butterfly (0.0025),spider (0.0012),elephant (0.0005),cat (0.0003),True,True
c:\Users\Alan\python\MMIP\week3\data\Dataset\sheep\sheep (1084).jpeg,sheep,0.9837,sheep,0.9837,sheep (0.9837),elephant (0.0044),butterfly (0.0021),spider (0.0019),chicken (0.0017),True,True
c:\Users\Alan\python\MMIP\week3\data\Dataset\sheep\sheep (407).jpeg,sheep,0.9557,sheep,0.9557,sheep (0.9557),dog (0.0070),chicken (0.0066),spider (0.0062),cow (0.0059),True,True
c:\Users\Alan\python\MMIP\week3\data\Dataset\sheep\sheep (338).jpg,sheep,0.0605,dog,0.3799,dog (0.3799),horse (0.1545),elephant (0.1004),butterfly (0.0707),cat (0.0702),False,False
c:\Users\Alan\python\MMIP\week3\data\Dataset\sheep\sheep (629).jpeg,sheep,0.9884,sheep,0.9884,sheep (0.9884),spider (0.0032),horse (0.0017),elephant (0.0015),butterfly (0.0012),True,True
c:\Users\Alan\python\MMIP\week3\data\Dataset\sheep\sheep (102).jpeg,sheep,0.9913,sheep,0.9913,sheep (0.9913),dog (0.0021),horse (0.0016),spider (0.0015),cat (0.0010),True,True
c:\Users\Alan\python\MMIP\week3\data\Dataset\sheep\sheep (977).jpeg,sheep,0.8563,sheep,0.8563,sheep (0.8563),dog (0.0450),horse (0.0448),cow (0.0144),chicken (0.0142),True,True
c:\Users\Alan\python\MMIP\week3\data\Dataset\sheep\sheep (274).jpg,sheep,0.1479,dog,0.6904,dog (0.6904),sheep (0.1479),elephant (0.0393),spider (0.0389),squirrel (0.0231),False,True
c:\Users\Alan\python\MMIP\week3\data\Dataset\sheep\sheep (925).jpeg,sheep,0.9569,sheep,0.9569,sheep (0.9569),dog (0.0085),spider (0.0069),squirrel (0.0067),cow (0.0049),True,True
c:\Users\Alan\python\MMIP\week3\data\Dataset\sheep\sheep (441).jpeg,sheep,0.4946,sheep,0.4946,sheep (0.4946),cow (0.1491),dog (0.0919),squirrel (0.0548),spider (0.0430),True,True
c:\Users\Alan\python\MMIP\week3\data\Dataset\sheep\sheep (1306).jpeg,sheep,0.4096,sheep,0.4096,sheep (0.4096),horse (0.2868),dog (0.0815),cow (0.0703),elephant (0.0415),True,True
c:\Users\Alan\python\MMIP\week3\data\Dataset\sheep\sheep (336).jpg,sheep,0.7367,sheep,0.7367,sheep (0.7367),dog (0.0603),elephant (0.0546),spider (0.0408),cat (0.0322),True,True
c:\Users\Alan\python\MMIP\week3\data\Dataset\sheep\sheep (56).jpg,sheep,0.1654,elephant,0.3818,elephant (0.3818),sheep (0.1654),horse (0.1390),cow (0.1203),dog (0.0500),False,True
c:\Users\Alan\python\MMIP\week3\data\Dataset\sheep\sheep (1362).jpeg,sheep,0.2114,squirrel,0.3396,squirrel (0.3396),sheep (0.2114),spider (0.1731),chicken (0.1221),elephant (0.0358),False,True
c:\Users\Alan\python\MMIP\week3\data\Dataset\sheep\sheep (224).jpeg,sheep,0.9954,sheep,0.9954,sheep (0.9954),spider (0.0010),cat (0.0009),cow (0.0007),horse (0.0006),True,True
c:\Users\Alan\python\MMIP\week3\data\Dataset\sheep\sheep (219).jpg,sheep,0.4391,sheep,0.4391,sheep (0.4391),elephant (0.1938),cow (0.0696),dog (0.0693),horse (0.0560),True,True
c:\Users\Alan\python\MMIP\week3\data\Dataset\sheep\sheep (1222).jpeg,sheep,0.6286,sheep,0.6286,sheep (0.6286),cow (0.1880),horse (0.0466),dog (0.0395),elephant (0.0313),True,True
c:\Users\Alan\python\MMIP\week3\data\Dataset\sheep\sheep (712).jpeg,sheep,0.9583,sheep,0.9583,sheep (0.9583),spider (0.0108),chicken (0.0089),dog (0.0061),horse (0.0036),True,True
c:\Users\Alan\python\MMIP\week3\data\Dataset\sheep\sheep (1020).jpeg,sheep,0.9372,sheep,0.9372,sheep (0.9372),horse (0.0294),cow (0.0088),chicken (0.0079),dog (0.0051),True,True
c:\Users\Alan\python\MMIP\week3\data\Dataset\sheep\sheep (121).jpeg,sheep,0.8347,sheep,0.8347,sheep (0.8347),cow (0.0518),horse (0.0301),dog (0.0197),squirrel (0.0192),True,True
c:\Users\Alan\python\MMIP\week3\data\Dataset\sheep\sheep (665).jpeg,sheep,0.8725,sheep,0.8725,sheep (0.8725),cow (0.0404),chicken (0.0334),horse (0.0173),dog (0.0161),True,True
c:\Users\Alan\python\MMIP\week3\data\Dataset\sheep\sheep (787).jpeg,sheep,0.0662,horse,0.4908,horse (0.4908),dog (0.1369),cow (0.1351),sheep (0.0662),spider (0.0403),False,True
c:\Users\Alan\python\MMIP\week3\data\Dataset\sheep\sheep (591).jpeg,sheep,0.2741,sheep,0.2741,sheep (0.2741),chicken (0.2734),cow (0.2257),spider (0.0775),dog (0.0692),True,True
c:\Users\Alan\python\MMIP\week3\data\Dataset\sheep\sheep (283).jpg,sheep,0.7653,sheep,0.7653,sheep (0.7653),dog (0.0560),cow (0.0535),spider (0.0337),cat (0.0176),True,True
c:\Users\Alan\python\MMIP\week3\data\Dataset\sheep\sheep (578).jpeg,sheep,0.6145,sheep,0.6145,sheep (0.6145),cow (0.2159),horse (0.0965),chicken (0.0245),spider (0.0205),True,True
c:\Users\Alan\python\MMIP\week3\data\Dataset\sheep\sheep (1149).jpeg,sheep,0.482,sheep,0.482,sheep (0.4820),dog (0.1895),cow (0.0815),spider (0.0784),cat (0.0572),True,True
c:\Users\Alan\python\MMIP\week3\data\Dataset\sheep\sheep (910).jpeg,sheep,0.829,sheep,0.829,sheep (0.8290),squirrel (0.0438),cow (0.0307),dog (0.0299),chicken (0.0189),True,True
c:\Users\Alan\python\MMIP\week3\data\Dataset\sheep\sheep (206).jpg,sheep,0.7894,sheep,0.7894,sheep (0.7894),cow (0.0564),horse (0.0382),spider (0.0230),chicken (0.0225),True,True
c:\Users\Alan\python\MMIP\week3\data\Dataset\sheep\sheep (252).jpeg,sheep,0.9899,sheep,0.9899,sheep (0.9899),dog (0.0037),horse (0.0017),butterfly (0.0011),squirrel (0.0009),True,True
c:\Users\Alan\python\MMIP\week3\data\Dataset\sheep\sheep (227).jpeg,sheep,0.1295,dog,0.498,dog (0.4980),sheep (0.1295),horse (0.1021),chicken (0.0574),cow (0.0542),False,True
c:\Users\Alan\python\MMIP\week3\data\Dataset\sheep\sheep (770).jpeg,sheep,0.9588,sheep,0.9588,sheep (0.9588),elephant (0.0126),spider (0.0072),chicken (0.0062),horse (0.0038),True,True
c:\Users\Alan\python\MMIP\week3\data\Dataset\sheep\sheep (268).jpg,sheep,0.504,sheep,0.504,sheep (0.5040),dog (0.2173),cat (0.1243),squirrel (0.0498),elephant (0.0274),True,True
c:\Users\Alan\python\MMIP\week3\data\Dataset\sheep\sheep (104).jpg,sheep,0.1213,cat,0.4246,cat (0.4246),cow (0.1482),sheep (0.1213),dog (0.1049),squirrel (0.0953),False,True
c:\Users\Alan\python\MMIP\week3\data\Dataset\sheep\sheep (182).jpeg,sheep,0.5723,sheep,0.5723,sheep (0.5723),cow (0.2411),horse (0.0552),elephant (0.0359),dog (0.0289),True,True
c:\Users\Alan\python\MMIP\week3\data\Dataset\sheep\sheep (443).jpeg,sheep,0.8589,sheep,0.8589,sheep (0.8589),horse (0.0385),dog (0.0235),spider (0.0212),butterfly (0.0140),True,True
c:\Users\Alan\python\MMIP\week3\data\Dataset\sheep\sheep (310).jpg,sheep,0.5398,sheep,0.5398,sheep (0.5398),cat (0.1492),spider (0.0878),dog (0.0592),elephant (0.0531),True,True
c:\Users\Alan\python\MMIP\week3\data\Dataset\sheep\sheep (225).jpeg,sheep,0.9715,sheep,0.9715,sheep (0.9715),dog (0.0074),squirrel (0.0043),cat (0.0037),chicken (0.0030),True,True
c:\Users\Alan\python\MMIP\week3\data\Dataset\sheep\sheep (42).jpg,sheep,0.9236,sheep,0.9236,sheep (0.9236),cat (0.0233),dog (0.0160),elephant (0.0110),chicken (0.0077),True,True
c:\Users\Alan\python\MMIP\week3\data\Dataset\sheep\sheep (92).jpg,sheep,0.3458,sheep,0.3458,sheep (0.3458),cat (0.2098),dog (0.1509),elephant (0.0807),chicken (0.0612),True,True
c:\Users\Alan\python\MMIP\week3\data\Dataset\sheep\sheep (149).jpeg,sheep,0.1997,squirrel,0.4134,squirrel (0.4134),sheep (0.1997),dog (0.1574),horse (0.0911),cow (0.0836),False,True
c:\Users\Alan\python\MMIP\week3\data\Dataset\sheep\sheep (239).jpg,sheep,0.8877,sheep,0.8877,sheep (0.8877),dog (0.0537),butterfly (0.0120),spider (0.0111),squirrel (0.0088),True,True
c:\Users\Alan\python\MMIP\week3\data\Dataset\sheep\sheep (1332).jpeg,sheep,0.8974,sheep,0.8974,sheep (0.8974),squirrel (0.0283),cat (0.0247),cow (0.0134),spider (0.0134),True,True
c:\Users\Alan\python\MMIP\week3\data\Dataset\sheep\sheep (424).jpeg,sheep,0.4186,sheep,0.4186,sheep (0.4186),spider (0.2183),horse (0.1028),cow (0.1015),dog (0.0523),True,True
c:\Users\Alan\python\MMIP\week3\data\Dataset\sheep\sheep (117).jpg,sheep,0.2152,dog,0.4173,dog (0.4173),sheep (0.2152),cow (0.1318),cat (0.0914),spider (0.0395),False,True
c:\Users\Alan\python\MMIP\week3\data\Dataset\sheep\sheep (1322).jpeg,sheep,0.1072,dog,0.5223,dog (0.5223),sheep (0.1072),cat (0.0973),horse (0.0690),elephant (0.0639),False,True
c:\Users\Alan\python\MMIP\week3\data\Dataset\sheep\sheep (1279).jpeg,sheep,0.9955,sheep,0.9955,sheep (0.9955),cat (0.0008),spider (0.0007),cow (0.0007),dog (0.0006),True,True
c:\Users\Alan\python\MMIP\week3\data\Dataset\sheep\sheep (860).jpeg,sheep,0.0599,spider,0.228,spider (0.2280),squirrel (0.2057),chicken (0.1371),butterfly (0.1179),horse (0.0834),False,False
c:\Users\Alan\python\MMIP\week3\data\Dataset\sheep\sheep (166).jpg,sheep,0.9168,sheep,0.9168,sheep (0.9168),horse (0.0267),cow (0.0172),elephant (0.0081),dog (0.0080),True,True
c:\Users\Alan\python\MMIP\week3\data\Dataset\sheep\sheep (758).jpeg,sheep,0.9466,sheep,0.9466,sheep (0.9466),horse (0.0147),dog (0.0084),cow (0.0080),cat (0.0075),True,True
c:\Users\Alan\python\MMIP\week3\data\Dataset\sheep\sheep (613).jpeg,sheep,0.4305,sheep,0.4305,sheep (0.4305),horse (0.1303),cow (0.0906),butterfly (0.0766),chicken (0.0754),True,True
c:\Users\Alan\python\MMIP\week3\data\Dataset\sheep\sheep (275).jpg,sheep,0.0786,cat,0.5577,cat (0.5577),dog (0.2507),sheep (0.0786),chicken (0.0284),squirrel (0.0187),False,True
c:\Users\Alan\python\MMIP\week3\data\Dataset\sheep\sheep (1376).jpeg,sheep,0.2476,dog,0.2776,dog (0.2776),sheep (0.2476),horse (0.1382),cow (0.1153),elephant (0.0823),False,True
c:\Users\Alan\python\MMIP\week3\data\Dataset\sheep\sheep (504).jpeg,sheep,0.9974,sheep,0.9974,sheep (0.9974),cat (0.0008),spider (0.0006),squirrel (0.0003),butterfly (0.0003),True,True
c:\Users\Alan\python\MMIP\week3\data\Dataset\sheep\sheep (697).jpeg,sheep,0.9132,sheep,0.9132,sheep (0.9132),cat (0.0309),dog (0.0134),cow (0.0122),spider (0.0104),True,True
c:\Users\Alan\python\MMIP\week3\data\Dataset\sheep\sheep (373).jpeg,sheep,0.462,sheep,0.462,sheep (0.4620),dog (0.2885),cow (0.0657),cat (0.0514),chicken (0.0435),True,True
c:\Users\Alan\python\MMIP\week3\data\Dataset\sheep\sheep (161).jpg,sheep,0.4895,sheep,0.4895,sheep (0.4895),cow (0.1226),horse (0.1011),chicken (0.0937),spider (0.0524),True,True
c:\Users\Alan\python\MMIP\week3\data\Dataset\sheep\sheep (550).jpeg,sheep,0.8803,sheep,0.8803,sheep (0.8803),elephant (0.0446),butterfly (0.0151),dog (0.0136),spider (0.0134),True,True
c:\Users\Alan\python\MMIP\week3\data\Dataset\sheep\sheep (351).jpeg,sheep,0.9656,sheep,0.9656,sheep (0.9656),dog (0.0144),horse (0.0060),spider (0.0053),cow (0.0027),True,True
c:\Users\Alan\python\MMIP\week3\data\Dataset\sheep\sheep (1328).jpeg,sheep,0.9192,sheep,0.9192,sheep (0.9192),cow (0.0482),dog (0.0065),chicken (0.0060),cat (0.0050),True,True
c:\Users\Alan\python\MMIP\week3\data\Dataset\sheep\sheep (514).jpeg,sheep,0.997,sheep,0.997,sheep (0.9970),cow (0.0007),cat (0.0005),horse (0.0004),spider (0.0004),True,True
c:\Users\Alan\python\MMIP\week3\data\Dataset\sheep\sheep (37).jpg,sheep,0.9931,sheep,0.9931,sheep (0.9931),cow (0.0022),dog (0.0011),spider (0.0009),butterfly (0.0007),True,True
c:\Users\Alan\python\MMIP\week3\data\Dataset\sheep\sheep (205).jpg,sheep,0.6553,sheep,0.6553,sheep (0.6553),cow (0.1618),elephant (0.0570),cat (0.0312),horse (0.0262),True,True
c:\Users\Alan\python\MMIP\week3\data\Dataset\sheep\sheep (157).jpg,sheep,0.8923,sheep,0.8923,sheep (0.8923),cat (0.0496),dog (0.0238),cow (0.0155),butterfly (0.0055),True,True
c:\Users\Alan\python\MMIP\week3\data\Dataset\sheep\sheep (6).jpeg,sheep,0.9362,sheep,0.9362,sheep (0.9362),cow (0.0469),elephant (0.0045),chicken (0.0031),squirrel (0.0022),True,True
c:\Users\Alan\python\MMIP\week3\data\Dataset\sheep\sheep (716).jpeg,sheep,0.9686,sheep,0.9686,sheep (0.9686),spider (0.0110),horse (0.0041),elephant (0.0041),dog (0.0030),True,True
c:\Users\Alan\python\MMIP\week3\data\Dataset\sheep\sheep (386).jpeg,sheep,0.9935,sheep,0.9935,sheep (0.9935),spider (0.0019),dog (0.0012),butterfly (0.0009),cat (0.0007),True,True
c:\Users\Alan\python\MMIP\week3\data\Dataset\sheep\sheep (762).jpeg,sheep,0.9506,sheep,0.9506,sheep (0.9506),spider (0.0126),dog (0.0088),elephant (0.0082),squirrel (0.0055),True,True
c:\Users\Alan\python\MMIP\week3\data\Dataset\sheep\sheep (149).jpg,sheep,0.2403,dog,0.5355,dog (0.5355),sheep (0.2403),squirrel (0.0577),chicken (0.0490),cat (0.0487),False,True
c:\Users\Alan\python\MMIP\week3\data\Dataset\sheep\sheep (1050).jpeg,sheep,0.2092,cow,0.3179,cow (0.3179),sheep (0.2092),horse (0.1671),elephant (0.1118),chicken (0.0696),False,True
c:\Users\Alan\python\MMIP\week3\data\Dataset\sheep\sheep (12).jpeg,sheep,0.5758,sheep,0.5758,sheep (0.5758),horse (0.2490),dog (0.0424),cat (0.0401),cow (0.0298),True,True
c:\Users\Alan\python\MMIP\week3\data\Dataset\sheep\sheep (1244).jpeg,sheep,0.9682,sheep,0.9682,sheep (0.9682),cow (0.0111),chicken (0.0079),spider (0.0042),elephant (0.0033),True,True
c:\Users\Alan\python\MMIP\week3\data\Dataset\sheep\sheep (1036).jpeg,sheep,0.8926,sheep,0.8926,sheep (0.8926),cow (0.0688),chicken (0.0098),dog (0.0061),horse (0.0045),True,True
c:\Users\Alan\python\MMIP\week3\data\Dataset\sheep\sheep (293).jpg,sheep,0.7104,sheep,0.7104,sheep (0.7104),spider (0.1338),elephant (0.0434),dog (0.0338),squirrel (0.0225),True,True
c:\Users\Alan\python\MMIP\week3\data\Dataset\sheep\sheep (250).jpg,sheep,0.0618,squirrel,0.5214,squirrel (0.5214),cow (0.1875),spider (0.0773),sheep (0.0618),horse (0.0515),False,True
c:\Users\Alan\python\MMIP\week3\data\Dataset\sheep\sheep (185).jpeg,sheep,0.8318,sheep,0.8318,sheep (0.8318),horse (0.0638),dog (0.0395),spider (0.0172),butterfly (0.0138),True,True
c:\Users\Alan\python\MMIP\week3\data\Dataset\sheep\sheep (661).jpeg,sheep,0.4979,sheep,0.4979,sheep (0.4979),chicken (0.2441),dog (0.0857),spider (0.0519),cow (0.0410),True,True
c:\Users\Alan\python\MMIP\week3\data\Dataset\sheep\sheep (174).jpg,sheep,0.6624,sheep,0.6624,sheep (0.6624),cat (0.0731),elephant (0.0505),dog (0.0456),spider (0.0405),True,True
c:\Users\Alan\python\MMIP\week3\data\Dataset\sheep\sheep (99).jpeg,sheep,0.2513,sheep,0.2513,sheep (0.2513),horse (0.1893),squirrel (0.1459),cow (0.1393),cat (0.0962),True,True
c:\Users\Alan\python\MMIP\week3\data\Dataset\sheep\sheep (1098).jpeg,sheep,0.8447,sheep,0.8447,sheep (0.8447),chicken (0.0593),squirrel (0.0243),dog (0.0154),cow (0.0148),True,True
c:\Users\Alan\python\MMIP\week3\data\Dataset\sheep\sheep (267).jpeg,sheep,0.62,sheep,0.62,sheep (0.6200),horse (0.0985),cow (0.0897),spider (0.0556),squirrel (0.0323),True,True
c:\Users\Alan\python\MMIP\week3\data\Dataset\sheep\sheep (807).jpeg,sheep,0.1774,cow,0.5785,cow (0.5785),sheep (0.1774),chicken (0.0466),horse (0.0452),spider (0.0334),False,True
c:\Users\Alan\python\MMIP\week3\data\Dataset\sheep\sheep (1247).jpeg,sheep,0.9602,sheep,0.9602,sheep (0.9602),horse (0.0088),elephant (0.0070),spider (0.0065),dog (0.0063),True,True
c:\Users\Alan\python\MMIP\week3\data\Dataset\sheep\sheep (180).jpg,sheep,0.8362,sheep,0.8362,sheep (0.8361),dog (0.0367),cat (0.0233),chicken (0.0229),cow (0.0172),True,True
c:\Users\Alan\python\MMIP\week3\data\Dataset\sheep\sheep (1056).jpeg,sheep,0.9968,sheep,0.9968,sheep (0.9968),butterfly (0.0008),elephant (0.0007),cat (0.0007),spider (0.0005),True,True
c:\Users\Alan\python\MMIP\week3\data\Dataset\sheep\sheep (1122).jpeg,sheep,0.7859,sheep,0.7859,sheep (0.7859),elephant (0.0739),dog (0.0566),cat (0.0356),chicken (0.0155),True,True
c:\Users\Alan\python\MMIP\week3\data\Dataset\sheep\sheep (1142).jpeg,sheep,0.9034,sheep,0.9034,sheep (0.9034),dog (0.0490),cow (0.0128),chicken (0.0096),butterfly (0.0069),True,True
c:\Users\Alan\python\MMIP\week3\data\Dataset\sheep\sheep (769).jpeg,sheep,0.995,sheep,0.995,sheep (0.9950),spider (0.0011),cow (0.0009),cat (0.0008),horse (0.0007),True,True
c:\Users\Alan\python\MMIP\week3\data\Dataset\sheep\sheep (669).jpeg,sheep,0.9839,sheep,0.9839,sheep (0.9839),cow (0.0062),spider (0.0030),dog (0.0015),butterfly (0.0014),True,True
c:\Users\Alan\python\MMIP\week3\data\Dataset\sheep\sheep (143).jpeg,sheep,0.965,sheep,0.965,sheep (0.9650),dog (0.0083),elephant (0.0064),cat (0.0062),cow (0.0034),True,True
c:\Users\Alan\python\MMIP\week3\data\Dataset\sheep\sheep (644).jpeg,sheep,0.5777,sheep,0.5777,sheep (0.5777),elephant (0.0929),cow (0.0840),dog (0.0626),spider (0.0605),True,True
c:\Users\Alan\python\MMIP\week3\data\Dataset\sheep\sheep (672).jpeg,sheep,0.0645,horse,0.6139,horse (0.6139),cow (0.1545),dog (0.0744),sheep (0.0645),squirrel (0.0208),False,True
c:\Users\Alan\python\MMIP\week3\data\Dataset\sheep\sheep (147).jpeg,sheep,0.6151,sheep,0.6151,sheep (0.6151),cow (0.1302),dog (0.0532),horse (0.0505),elephant (0.0411),True,True
c:\Users\Alan\python\MMIP\week3\data\Dataset\sheep\sheep (328).jpeg,sheep,0.9755,sheep,0.9755,sheep (0.9755),dog (0.0067),squirrel (0.0050),spider (0.0042),butterfly (0.0018),True,True
c:\Users\Alan\python\MMIP\week3\data\Dataset\sheep\sheep (1387).jpeg,sheep,0.8314,sheep,0.8314,sheep (0.8314),cow (0.0481),dog (0.0442),chicken (0.0288),cat (0.0171),True,True
c:\Users\Alan\python\MMIP\week3\data\Dataset\sheep\sheep (218).jpg,sheep,0.8449,sheep,0.8449,sheep (0.8449),dog (0.0765),cow (0.0215),spider (0.0154),horse (0.0127),True,True
c:\Users\Alan\python\MMIP\week3\data\Dataset\sheep\sheep (405).jpeg,sheep,0.0931,elephant,0.5552,elephant (0.5552),dog (0.1024),sheep (0.0931),chicken (0.0719),cow (0.0656),False,True
c:\Users\Alan\python\MMIP\week3\data\Dataset\sheep\sheep (586).jpeg,sheep,0.9423,sheep,0.9423,sheep (0.9423),spider (0.0133),cow (0.0115),squirrel (0.0087),dog (0.0079),True,True
c:\Users\Alan\python\MMIP\week3\data\Dataset\sheep\sheep (1303).jpeg,sheep,0.9745,sheep,0.9745,sheep (0.9745),elephant (0.0079),butterfly (0.0049),cow (0.0031),horse (0.0022),True,True
c:\Users\Alan\python\MMIP\week3\data\Dataset\sheep\sheep (211).jpeg,sheep,0.9497,sheep,0.9497,sheep (0.9497),cow (0.0173),elephant (0.0095),horse (0.0084),chicken (0.0034),True,True
c:\Users\Alan\python\MMIP\week3\data\Dataset\sheep\sheep (109).jpeg,sheep,0.8198,sheep,0.8198,sheep (0.8198),horse (0.0337),dog (0.0335),spider (0.0237),elephant (0.0209),True,True
c:\Users\Alan\python\MMIP\week3\data\Dataset\sheep\sheep (821).jpeg,sheep,0.9906,sheep,0.9906,sheep (0.9906),cat (0.0032),dog (0.0022),spider (0.0011),squirrel (0.0009),True,True
c:\Users\Alan\python\MMIP\week3\data\Dataset\sheep\sheep (181).jpeg,sheep,0.9025,sheep,0.9025,sheep (0.9025),squirrel (0.0265),cat (0.0251),cow (0.0132),spider (0.0109),True,True
c:\Users\Alan\python\MMIP\week3\data\Dataset\sheep\sheep (897).jpeg,sheep,0.0417,chicken,0.4727,chicken (0.4727),cow (0.2620),dog (0.0835),sheep (0.0417),elephant (0.0374),False,True
c:\Users\Alan\python\MMIP\week3\data\Dataset\sheep\sheep (1173).jpeg,sheep,0.9828,sheep,0.9828,sheep (0.9828),cow (0.0091),dog (0.0021),horse (0.0014),cat (0.0011),True,True
c:\Users\Alan\python\MMIP\week3\data\Dataset\sheep\sheep (1165).jpeg,sheep,0.9731,sheep,0.9731,sheep (0.9731),dog (0.0090),cat (0.0035),elephant (0.0033),chicken (0.0025),True,True
c:\Users\Alan\python\MMIP\week3\data\Dataset\sheep\sheep (440).jpeg,sheep,0.6041,sheep,0.6041,sheep (0.6041),squirrel (0.1704),cat (0.0863),cow (0.0643),dog (0.0252),True,True
c:\Users\Alan\python\MMIP\week3\data\Dataset\sheep\sheep (193).jpg,sheep,0.9768,sheep,0.9768,sheep (0.9768),elephant (0.0060),spider (0.0058),cow (0.0026),dog (0.0025),True,True
c:\Users\Alan\python\MMIP\week3\data\Dataset\sheep\sheep (270).jpg,sheep,0.9825,sheep,0.9825,sheep (0.9825),dog (0.0041),cat (0.0033),elephant (0.0023),squirrel (0.0021),True,True
c:\Users\Alan\python\MMIP\week3\data\Dataset\sheep\sheep (870).jpeg,sheep,0.4608,sheep,0.4608,sheep (0.4608),dog (0.2099),chicken (0.0855),cow (0.0685),horse (0.0430),True,True
c:\Users\Alan\python\MMIP\week3\data\Dataset\sheep\sheep (33).jpg,sheep,0.9802,sheep,0.9802,sheep (0.9802),cat (0.0060),dog (0.0046),cow (0.0030),horse (0.0015),True,True
c:\Users\Alan\python\MMIP\week3\data\Dataset\sheep\sheep (1038).jpeg,sheep,0.9862,sheep,0.9862,sheep (0.9862),dog (0.0031),spider (0.0020),cat (0.0018),squirrel (0.0015),True,True
c:\Users\Alan\python\MMIP\week3\data\Dataset\sheep\sheep (280).jpeg,sheep,0.9813,sheep,0.9813,sheep (0.9813),dog (0.0047),spider (0.0036),squirrel (0.0030),horse (0.0016),True,True
c:\Users\Alan\python\MMIP\week3\data\Dataset\sheep\sheep (912).jpeg,sheep,0.7842,sheep,0.7842,sheep (0.7842),cow (0.0894),spider (0.0513),dog (0.0196),chicken (0.0194),True,True
c:\Users\Alan\python\MMIP\week3\data\Dataset\spider\spider (4039).jpeg,spider,0.9856,spider,0.9856,spider (0.9856),butterfly (0.0029),chicken (0.0020),dog (0.0017),horse (0.0017),True,True
c:\Users\Alan\python\MMIP\week3\data\Dataset\spider\spider (2420).jpeg,spider,0.7585,spider,0.7585,spider (0.7585),squirrel (0.1363),cat (0.0300),butterfly (0.0205),sheep (0.0180),True,True
c:\Users\Alan\python\MMIP\week3\data\Dataset\spider\spider (224).jpg,spider,0.76,spider,0.76,spider (0.7600),butterfly (0.0697),dog (0.0332),cat (0.0307),squirrel (0.0227),True,True
c:\Users\Alan\python\MMIP\week3\data\Dataset\spider\spider (4441).jpeg,spider,0.2536,butterfly,0.5398,butterfly (0.5398),spider (0.2536),cat (0.0565),chicken (0.0394),horse (0.0319),False,True
c:\Users\Alan\python\MMIP\week3\data\Dataset\spider\spider (1356).jpeg,spider,0.9547,spider,0.9547,spider (0.9547),butterfly (0.0122),horse (0.0071),elephant (0.0046),cow (0.0045),True,True
c:\Users\Alan\python\MMIP\week3\data\Dataset\spider\spider (511).jpeg,spider,0.8358,spider,0.8358,spider (0.8358),dog (0.0461),butterfly (0.0422),horse (0.0233),chicken (0.0144),True,True
c:\Users\Alan\python\MMIP\week3\data\Dataset\spider\spider (3651).jpeg,spider,0.7993,spider,0.7993,spider (0.7993),butterfly (0.0519),chicken (0.0374),squirrel (0.0335),sheep (0.0196),True,True
c:\Users\Alan\python\MMIP\week3\data\Dataset\spider\spider (515).jpeg,spider,0.9759,spider,0.9759,spider (0.9759),squirrel (0.0063),dog (0.0042),chicken (0.0027),elephant (0.0022),True,True
c:\Users\Alan\python\MMIP\week3\data\Dataset\spider\spider (2097).jpeg,spider,0.9408,spider,0.9408,spider (0.9408),chicken (0.0107),squirrel (0.0091),dog (0.0077),horse (0.0069),True,True
c:\Users\Alan\python\MMIP\week3\data\Dataset\spider\spider (728).jpeg,spider,0.9584,spider,0.9584,spider (0.9584),squirrel (0.0097),horse (0.0073),cow (0.0071),butterfly (0.0040),True,True
c:\Users\Alan\python\MMIP\week3\data\Dataset\spider\spider (3862).jpeg,spider,0.5978,spider,0.5978,spider (0.5978),dog (0.1557),butterfly (0.0495),chicken (0.0483),horse (0.0412),True,True
c:\Users\Alan\python\MMIP\week3\data\Dataset\spider\spider (3898).jpeg,spider,0.9492,spider,0.9492,spider (0.9492),elephant (0.0103),cat (0.0102),horse (0.0054),cow (0.0053),True,True
c:\Users\Alan\python\MMIP\week3\data\Dataset\spider\spider (1762).jpeg,spider,0.8343,spider,0.8343,spider (0.8343),butterfly (0.0514),chicken (0.0446),elephant (0.0169),dog (0.0111),True,True
c:\Users\Alan\python\MMIP\week3\data\Dataset\spider\spider (11).jpeg,spider,0.8128,spider,0.8128,spider (0.8128),sheep (0.0767),elephant (0.0221),chicken (0.0171),cat (0.0146),True,True
c:\Users\Alan\python\MMIP\week3\data\Dataset\spider\spider (906).jpeg,spider,0.7529,spider,0.7529,spider (0.7529),butterfly (0.0972),squirrel (0.0475),dog (0.0227),elephant (0.0196),True,True
c:\Users\Alan\python\MMIP\week3\data\Dataset\spider\spider (2611).jpeg,spider,0.9355,spider,0.9355,spider (0.9355),horse (0.0160),squirrel (0.0077),chicken (0.0067),dog (0.0065),True,True
c:\Users\Alan\python\MMIP\week3\data\Dataset\spider\spider (2598).jpeg,spider,0.9602,spider,0.9602,spider (0.9602),horse (0.0099),dog (0.0069),chicken (0.0048),elephant (0.0038),True,True
c:\Users\Alan\python\MMIP\week3\data\Dataset\spider\spider (548).jpeg,spider,0.8154,spider,0.8154,spider (0.8154),dog (0.0359),butterfly (0.0337),horse (0.0280),sheep (0.0194),True,True
c:\Users\Alan\python\MMIP\week3\data\Dataset\spider\spider (3780).jpeg,spider,0.9661,spider,0.9661,spider (0.9661),squirrel (0.0074),horse (0.0048),dog (0.0043),chicken (0.0038),True,True
c:\Users\Alan\python\MMIP\week3\data\Dataset\spider\spider (2314).jpeg,spider,0.6615,spider,0.6615,spider (0.6615),elephant (0.0752),chicken (0.0695),dog (0.0585),sheep (0.0356),True,True
c:\Users\Alan\python\MMIP\week3\data\Dataset\spider\spider (3961).jpeg,spider,0.8293,spider,0.8293,spider (0.8293),chicken (0.0339),cow (0.0206),dog (0.0201),elephant (0.0180),True,True
c:\Users\Alan\python\MMIP\week3\data\Dataset\spider\spider (187).jpg,spider,0.8656,spider,0.8656,spider (0.8656),chicken (0.0285),cat (0.0239),dog (0.0215),butterfly (0.0212),True,True
c:\Users\Alan\python\MMIP\week3\data\Dataset\spider\spider (677).jpeg,spider,0.8871,spider,0.8871,spider (0.8871),squirrel (0.0223),elephant (0.0152),butterfly (0.0136),cat (0.0120),True,True
c:\Users\Alan\python\MMIP\week3\data\Dataset\spider\spider (2122).jpeg,spider,0.7427,spider,0.7427,spider (0.7427),chicken (0.0851),squirrel (0.0576),butterfly (0.0317),dog (0.0265),True,True
c:\Users\Alan\python\MMIP\week3\data\Dataset\spider\spider (1270).jpeg,spider,0.8806,spider,0.8806,spider (0.8806),squirrel (0.0303),butterfly (0.0251),dog (0.0133),cow (0.0127),True,True
c:\Users\Alan\python\MMIP\week3\data\Dataset\spider\spider (830).jpeg,spider,0.9435,spider,0.9435,spider (0.9435),sheep (0.0091),cow (0.0087),horse (0.0072),chicken (0.0072),True,True
c:\Users\Alan\python\MMIP\week3\data\Dataset\spider\spider (267).jpg,spider,0.8459,spider,0.8459,spider (0.8459),cat (0.0557),dog (0.0207),butterfly (0.0168),sheep (0.0132),True,True
c:\Users\Alan\python\MMIP\week3\data\Dataset\spider\spider (1612).jpeg,spider,0.8677,spider,0.8677,spider (0.8677),squirrel (0.0397),butterfly (0.0225),elephant (0.0200),cat (0.0138),True,True
c:\Users\Alan\python\MMIP\week3\data\Dataset\spider\spider (4069).jpeg,spider,0.8975,spider,0.8975,spider (0.8975),butterfly (0.0345),cow (0.0280),horse (0.0141),dog (0.0060),True,True
c:\Users\Alan\python\MMIP\week3\data\Dataset\spider\spider (1074).jpeg,spider,0.9405,spider,0.9405,spider (0.9405),dog (0.0203),chicken (0.0100),butterfly (0.0093),cow (0.0046),True,True
c:\Users\Alan\python\MMIP\week3\data\Dataset\spider\spider (1315).jpeg,spider,0.8741,spider,0.8741,spider (0.8741),elephant (0.0204),cow (0.0186),squirrel (0.0174),dog (0.0171),True,True
c:\Users\Alan\python\MMIP\week3\data\Dataset\spider\spider (2327).jpeg,spider,0.92,spider,0.92,spider (0.9200),squirrel (0.0201),horse (0.0143),dog (0.0129),elephant (0.0075),True,True
c:\Users\Alan\python\MMIP\week3\data\Dataset\spider\spider (2159).jpeg,spider,0.9503,spider,0.9503,spider (0.9503),dog (0.0204),butterfly (0.0073),squirrel (0.0060),chicken (0.0055),True,True
c:\Users\Alan\python\MMIP\week3\data\Dataset\spider\spider (2574).jpeg,spider,0.6746,spider,0.6746,spider (0.6746),squirrel (0.1832),butterfly (0.0506),chicken (0.0208),cat (0.0188),True,True
c:\Users\Alan\python\MMIP\week3\data\Dataset\spider\spider (2228).jpeg,spider,0.9522,spider,0.9522,spider (0.9522),horse (0.0080),butterfly (0.0076),elephant (0.0056),squirrel (0.0054),True,True
c:\Users\Alan\python\MMIP\week3\data\Dataset\spider\spider (2410).jpeg,spider,0.8665,spider,0.8665,spider (0.8665),horse (0.0482),chicken (0.0157),squirrel (0.0133),dog (0.0126),True,True
c:\Users\Alan\python\MMIP\week3\data\Dataset\spider\spider (198).jpeg,spider,0.958,spider,0.958,spider (0.9580),butterfly (0.0133),dog (0.0066),squirrel (0.0062),horse (0.0035),True,True
c:\Users\Alan\python\MMIP\week3\data\Dataset\spider\spider (2276).jpeg,spider,0.8516,spider,0.8516,spider (0.8516),dog (0.0617),chicken (0.0180),elephant (0.0138),squirrel (0.0121),True,True
c:\Users\Alan\python\MMIP\week3\data\Dataset\spider\spider (4418).jpeg,spider,0.9172,spider,0.9172,spider (0.9172),butterfly (0.0141),squirrel (0.0132),chicken (0.0109),cow (0.0103),True,True
c:\Users\Alan\python\MMIP\week3\data\Dataset\spider\spider (1794).jpeg,spider,0.9401,spider,0.9401,spider (0.9401),butterfly (0.0136),sheep (0.0082),cat (0.0079),horse (0.0069),True,True
c:\Users\Alan\python\MMIP\week3\data\Dataset\spider\spider (3485).jpeg,spider,0.548,spider,0.548,spider (0.5480),butterfly (0.0909),chicken (0.0861),cat (0.0705),sheep (0.0668),True,True
c:\Users\Alan\python\MMIP\week3\data\Dataset\spider\spider (4346).jpeg,spider,0.9662,spider,0.9662,spider (0.9662),elephant (0.0080),chicken (0.0048),cat (0.0039),sheep (0.0035),True,True
c:\Users\Alan\python\MMIP\week3\data\Dataset\spider\spider (424).jpeg,spider,0.6301,spider,0.6301,spider (0.6301),cow (0.0956),elephant (0.0489),dog (0.0459),sheep (0.0406),True,True
c:\Users\Alan\python\MMIP\week3\data\Dataset\spider\spider (3194).jpeg,spider,0.7733,spider,0.7733,spider (0.7733),chicken (0.1597),butterfly (0.0179),dog (0.0147),elephant (0.0077),True,True
c:\Users\Alan\python\MMIP\week3\data\Dataset\spider\spider (2821).jpeg,spider,0.9352,spider,0.9352,spider (0.9352),chicken (0.0134),elephant (0.0079),squirrel (0.0073),dog (0.0071),True,True
c:\Users\Alan\python\MMIP\week3\data\Dataset\spider\spider (4442).jpeg,spider,0.94,spider,0.94,spider (0.9400),butterfly (0.0199),squirrel (0.0126),cow (0.0054),elephant (0.0046),True,True
c:\Users\Alan\python\MMIP\week3\data\Dataset\spider\spider (3100).jpeg,spider,0.6476,spider,0.6476,spider (0.6476),dog (0.0850),horse (0.0480),chicken (0.0460),squirrel (0.0376),True,True
c:\Users\Alan\python\MMIP\week3\data\Dataset\spider\spider (23).jpg,spider,0.5035,spider,0.5035,spider (0.5035),sheep (0.2823),dog (0.0696),cow (0.0431),horse (0.0320),True,True
c:\Users\Alan\python\MMIP\week3\data\Dataset\spider\spider (3472).jpeg,spider,0.8527,spider,0.8527,spider (0.8527),butterfly (0.0274),dog (0.0238),squirrel (0.0227),chicken (0.0196),True,True
c:\Users\Alan\python\MMIP\week3\data\Dataset\spider\spider (937).jpeg,spider,0.8814,spider,0.8814,spider (0.8814),butterfly (0.0346),cow (0.0188),dog (0.0145),chicken (0.0120),True,True
c:\Users\Alan\python\MMIP\week3\data\Dataset\spider\spider (2605).jpeg,spider,0.9076,spider,0.9076,spider (0.9076),chicken (0.0247),butterfly (0.0136),dog (0.0119),cat (0.0102),True,True
c:\Users\Alan\python\MMIP\week3\data\Dataset\spider\spider (280).jpeg,spider,0.8992,spider,0.8992,spider (0.8992),horse (0.0170),dog (0.0142),elephant (0.0134),sheep (0.0134),True,True
c:\Users\Alan\python\MMIP\week3\data\Dataset\spider\spider (135).jpg,spider,0.84,spider,0.84,spider (0.8400),butterfly (0.0519),squirrel (0.0235),dog (0.0191),cat (0.0169),True,True
c:\Users\Alan\python\MMIP\week3\data\Dataset\spider\spider (202).jpg,spider,0.8849,spider,0.8849,spider (0.8849),horse (0.0209),squirrel (0.0163),elephant (0.0159),cat (0.0154),True,True
c:\Users\Alan\python\MMIP\week3\data\Dataset\spider\spider (444).jpeg,spider,0.9191,spider,0.9191,spider (0.9191),dog (0.0123),squirrel (0.0107),sheep (0.0101),horse (0.0094),True,True
c:\Users\Alan\python\MMIP\week3\data\Dataset\spider\spider (3999).jpeg,spider,0.0468,dog,0.4794,dog (0.4794),chicken (0.1976),butterfly (0.1151),cat (0.0830),spider (0.0468),False,True
c:\Users\Alan\python\MMIP\week3\data\Dataset\spider\spider (4142).jpeg,spider,0.9416,spider,0.9416,spider (0.9416),cow (0.0097),dog (0.0079),elephant (0.0071),chicken (0.0069),True,True
c:\Users\Alan\python\MMIP\week3\data\Dataset\spider\spider (4065).jpeg,spider,0.8513,spider,0.8513,spider (0.8513),horse (0.0311),dog (0.0247),squirrel (0.0214),elephant (0.0163),True,True
c:\Users\Alan\python\MMIP\week3\data\Dataset\spider\spider (4080).jpeg,spider,0.59,spider,0.59,spider (0.5900),squirrel (0.1087),chicken (0.1050),butterfly (0.0576),dog (0.0396),True,True
c:\Users\Alan\python\MMIP\week3\data\Dataset\spider\spider (2901).jpeg,spider,0.9604,spider,0.9604,spider (0.9604),cow (0.0067),dog (0.0059),sheep (0.0058),elephant (0.0048),True,True
c:\Users\Alan\python\MMIP\week3\data\Dataset\spider\spider (2426).jpeg,spider,0.9495,spider,0.9495,spider (0.9495),horse (0.0072),chicken (0.0069),dog (0.0068),cat (0.0066),True,True
c:\Users\Alan\python\MMIP\week3\data\Dataset\spider\spider (1576).jpeg,spider,0.9455,spider,0.9455,spider (0.9455),butterfly (0.0194),cat (0.0095),dog (0.0073),cow (0.0043),True,True
c:\Users\Alan\python\MMIP\week3\data\Dataset\spider\spider (113).jpeg,spider,0.8501,spider,0.8501,spider (0.8501),dog (0.0428),butterfly (0.0167),chicken (0.0160),sheep (0.0154),True,True
c:\Users\Alan\python\MMIP\week3\data\Dataset\spider\spider (3775).jpeg,spider,0.9453,spider,0.9453,spider (0.9453),sheep (0.0109),squirrel (0.0091),elephant (0.0077),butterfly (0.0055),True,True
c:\Users\Alan\python\MMIP\week3\data\Dataset\spider\spider (3605).jpeg,spider,0.9072,spider,0.9072,spider (0.9072),butterfly (0.0269),squirrel (0.0167),chicken (0.0135),horse (0.0094),True,True
c:\Users\Alan\python\MMIP\week3\data\Dataset\spider\spider (3341).jpeg,spider,0.962,spider,0.962,spider (0.9620),squirrel (0.0060),butterfly (0.0058),cow (0.0057),cat (0.0042),True,True
c:\Users\Alan\python\MMIP\week3\data\Dataset\spider\spider (1589).jpeg,spider,0.411,spider,0.411,spider (0.4110),chicken (0.1879),butterfly (0.0978),elephant (0.0973),dog (0.0655),True,True
c:\Users\Alan\python\MMIP\week3\data\Dataset\spider\spider (239).jpeg,spider,0.9105,spider,0.9105,spider (0.9105),cow (0.0150),sheep (0.0125),cat (0.0117),butterfly (0.0113),True,True
c:\Users\Alan\python\MMIP\week3\data\Dataset\spider\spider (3197).jpeg,spider,0.9173,spider,0.9173,spider (0.9173),cow (0.0122),chicken (0.0122),dog (0.0120),sheep (0.0118),True,True
c:\Users\Alan\python\MMIP\week3\data\Dataset\spider\spider (1392).jpeg,spider,0.9616,spider,0.9616,spider (0.9616),dog (0.0085),chicken (0.0073),elephant (0.0047),horse (0.0041),True,True
c:\Users\Alan\python\MMIP\week3\data\Dataset\spider\spider (2084).jpeg,spider,0.9421,spider,0.9421,spider (0.9421),butterfly (0.0147),cow (0.0102),elephant (0.0082),squirrel (0.0072),True,True
c:\Users\Alan\python\MMIP\week3\data\Dataset\spider\spider (3121).jpeg,spider,0.7632,spider,0.7632,spider (0.7632),horse (0.0719),dog (0.0517),squirrel (0.0397),sheep (0.0206),True,True
c:\Users\Alan\python\MMIP\week3\data\Dataset\spider\spider (3698).jpeg,spider,0.8173,spider,0.8173,spider (0.8173),dog (0.0483),cow (0.0312),chicken (0.0284),butterfly (0.0191),True,True
c:\Users\Alan\python\MMIP\week3\data\Dataset\spider\spider (1987).jpeg,spider,0.943,spider,0.943,spider (0.9430),squirrel (0.0201),chicken (0.0097),butterfly (0.0091),elephant (0.0042),True,True
c:\Users\Alan\python\MMIP\week3\data\Dataset\spider\spider (2224).jpeg,spider,0.9326,spider,0.9326,spider (0.9326),elephant (0.0124),cow (0.0110),sheep (0.0089),cat (0.0073),True,True
c:\Users\Alan\python\MMIP\week3\data\Dataset\spider\spider (63).jpeg,spider,0.6876,spider,0.6876,spider (0.6876),butterfly (0.1543),dog (0.0484),squirrel (0.0329),cat (0.0215),True,True
c:\Users\Alan\python\MMIP\week3\data\Dataset\spider\spider (1975).jpeg,spider,0.8174,spider,0.8174,spider (0.8174),chicken (0.0502),squirrel (0.0320),dog (0.0200),butterfly (0.0199),True,True
c:\Users\Alan\python\MMIP\week3\data\Dataset\spider\spider (1015).jpeg,spider,0.853,spider,0.853,spider (0.8530),chicken (0.0368),dog (0.0255),squirrel (0.0233),cow (0.0158),True,True
c:\Users\Alan\python\MMIP\week3\data\Dataset\spider\spider (625).jpeg,spider,0.9633,spider,0.9633,spider (0.9633),cow (0.0057),dog (0.0056),sheep (0.0050),butterfly (0.0049),True,True
c:\Users\Alan\python\MMIP\week3\data\Dataset\spider\spider (2398).jpeg,spider,0.7313,spider,0.7313,spider (0.7313),butterfly (0.1235),squirrel (0.0329),dog (0.0247),sheep (0.0188),True,True
c:\Users\Alan\python\MMIP\week3\data\Dataset\spider\spider (1475).jpeg,spider,0.5362,spider,0.5362,spider (0.5362),cat (0.1443),butterfly (0.1060),dog (0.0639),horse (0.0413),True,True
c:\Users\Alan\python\MMIP\week3\data\Dataset\spider\spider (2875).jpeg,spider,0.3866,spider,0.3866,spider (0.3866),butterfly (0.2373),chicken (0.1063),dog (0.0811),squirrel (0.0564),True,True
c:\Users\Alan\python\MMIP\week3\data\Dataset\spider\spider (931).jpeg,spider,0.0549,chicken,0.5388,chicken (0.5388),elephant (0.1262),squirrel (0.1012),sheep (0.0725),spider (0.0549),False,True
c:\Users\Alan\python\MMIP\week3\data\Dataset\spider\spider (1926).jpeg,spider,0.7224,spider,0.7224,spider (0.7224),butterfly (0.1666),cat (0.0262),dog (0.0261),sheep (0.0199),True,True
c:\Users\Alan\python\MMIP\week3\data\Dataset\spider\spider (1414).jpeg,spider,0.9406,spider,0.9406,spider (0.9406),horse (0.0131),chicken (0.0085),squirrel (0.0073),cat (0.0069),True,True
c:\Users\Alan\python\MMIP\week3\data\Dataset\spider\spider (2457).jpeg,spider,0.8321,spider,0.8321,spider (0.8321),butterfly (0.0359),squirrel (0.0247),dog (0.0243),horse (0.0186),True,True
c:\Users\Alan\python\MMIP\week3\data\Dataset\spider\spider (1195).jpeg,spider,0.4766,spider,0.4766,spider (0.4766),horse (0.1748),cow (0.1013),chicken (0.0810),butterfly (0.0448),True,True
c:\Users\Alan\python\MMIP\week3\data\Dataset\spider\spider (2766).jpeg,spider,0.8348,spider,0.8348,spider (0.8348),chicken (0.0458),sheep (0.0270),dog (0.0239),cow (0.0155),True,True
c:\Users\Alan\python\MMIP\week3\data\Dataset\spider\spider (2765).jpeg,spider,0.4641,spider,0.4641,spider (0.4641),dog (0.3519),butterfly (0.0790),elephant (0.0289),horse (0.0283),True,True
c:\Users\Alan\python\MMIP\week3\data\Dataset\spider\spider (2635).jpeg,spider,0.7798,spider,0.7798,spider (0.7798),chicken (0.0803),butterfly (0.0527),cow (0.0207),dog (0.0206),True,True
c:\Users\Alan\python\MMIP\week3\data\Dataset\spider\spider (2068).jpeg,spider,0.9172,spider,0.9172,spider (0.9172),butterfly (0.0207),squirrel (0.0126),horse (0.0117),cow (0.0098),True,True
c:\Users\Alan\python\MMIP\week3\data\Dataset\spider\spider (476).jpeg,spider,0.8651,spider,0.8651,spider (0.8651),squirrel (0.0251),cat (0.0249),dog (0.0183),chicken (0.0168),True,True
c:\Users\Alan\python\MMIP\week3\data\Dataset\spider\spider (2891).jpeg,spider,0.9539,spider,0.9539,spider (0.9539),dog (0.0094),chicken (0.0069),cat (0.0066),elephant (0.0064),True,True
c:\Users\Alan\python\MMIP\week3\data\Dataset\spider\spider (188).jpg,spider,0.198,butterfly,0.5055,butterfly (0.5055),spider (0.1980),chicken (0.0801),squirrel (0.0449),cat (0.0420),False,True
c:\Users\Alan\python\MMIP\week3\data\Dataset\spider\spider (3469).jpeg,spider,0.9145,spider,0.9145,spider (0.9145),dog (0.0190),butterfly (0.0135),chicken (0.0127),squirrel (0.0096),True,True
c:\Users\Alan\python\MMIP\week3\data\Dataset\spider\spider (1351).jpeg,spider,0.7123,spider,0.7123,spider (0.7123),squirrel (0.0717),dog (0.0467),chicken (0.0462),butterfly (0.0398),True,True
c:\Users\Alan\python\MMIP\week3\data\Dataset\spider\spider (1953).jpeg,spider,0.7284,spider,0.7284,spider (0.7284),butterfly (0.0793),squirrel (0.0450),chicken (0.0425),dog (0.0235),True,True
c:\Users\Alan\python\MMIP\week3\data\Dataset\spider\spider (201).jpg,spider,0.9221,spider,0.9221,spider (0.9221),squirrel (0.0270),butterfly (0.0152),cat (0.0106),elephant (0.0060),True,True
c:\Users\Alan\python\MMIP\week3\data\Dataset\spider\spider (1118).jpeg,spider,0.9031,spider,0.9031,spider (0.9031),dog (0.0199),chicken (0.0133),sheep (0.0118),elephant (0.0110),True,True
c:\Users\Alan\python\MMIP\week3\data\Dataset\spider\spider (4050).jpeg,spider,0.8566,spider,0.8566,spider (0.8566),squirrel (0.0263),chicken (0.0250),butterfly (0.0247),sheep (0.0190),True,True
c:\Users\Alan\python\MMIP\week3\data\Dataset\spider\spider (2720).jpeg,spider,0.9265,spider,0.9265,spider (0.9265),dog (0.0132),chicken (0.0110),squirrel (0.0084),cat (0.0080),True,True
c:\Users\Alan\python\MMIP\week3\data\Dataset\spider\spider (1020).jpeg,spider,0.8776,spider,0.8776,spider (0.8776),butterfly (0.0251),squirrel (0.0188),dog (0.0170),horse (0.0151),True,True
c:\Users\Alan\python\MMIP\week3\data\Dataset\spider\spider (1946).jpeg,spider,0.9341,spider,0.9341,spider (0.9341),horse (0.0148),butterfly (0.0133),squirrel (0.0116),chicken (0.0058),True,True
c:\Users\Alan\python\MMIP\week3\data\Dataset\spider\spider (3395).jpeg,spider,0.9519,spider,0.9519,spider (0.9519),dog (0.0094),elephant (0.0061),chicken (0.0058),cat (0.0049),True,True
c:\Users\Alan\python\MMIP\week3\data\Dataset\spider\spider (4314).jpeg,spider,0.9661,spider,0.9661,spider (0.9661),butterfly (0.0085),elephant (0.0062),cow (0.0053),dog (0.0031),True,True
c:\Users\Alan\python\MMIP\week3\data\Dataset\spider\spider (3738).jpeg,spider,0.9457,spider,0.9457,spider (0.9457),dog (0.0085),chicken (0.0070),cat (0.0063),elephant (0.0059),True,True
c:\Users\Alan\python\MMIP\week3\data\Dataset\spider\spider (58).jpg,spider,0.9673,spider,0.9673,spider (0.9673),dog (0.0085),cat (0.0054),horse (0.0047),chicken (0.0032),True,True
c:\Users\Alan\python\MMIP\week3\data\Dataset\spider\spider (1780).jpeg,spider,0.9371,spider,0.9371,spider (0.9371),dog (0.0150),horse (0.0078),cow (0.0071),sheep (0.0068),True,True
c:\Users\Alan\python\MMIP\week3\data\Dataset\spider\spider (1810).jpeg,spider,0.8984,spider,0.8984,spider (0.8984),chicken (0.0212),dog (0.0184),sheep (0.0135),cow (0.0119),True,True
c:\Users\Alan\python\MMIP\week3\data\Dataset\spider\spider (1038).jpeg,spider,0.923,spider,0.923,spider (0.9230),horse (0.0152),butterfly (0.0151),chicken (0.0115),cat (0.0093),True,True
c:\Users\Alan\python\MMIP\week3\data\Dataset\spider\spider (3706).jpeg,spider,0.0803,chicken,0.2897,chicken (0.2897),dog (0.1483),squirrel (0.1412),spider (0.0803),butterfly (0.0802),False,True
c:\Users\Alan\python\MMIP\week3\data\Dataset\spider\spider (2839).jpeg,spider,0.9006,spider,0.9006,spider (0.9006),dog (0.0230),chicken (0.0157),squirrel (0.0109),cow (0.0107),True,True
c:\Users\Alan\python\MMIP\week3\data\Dataset\spider\spider (850).jpeg,spider,0.9597,spider,0.9597,spider (0.9597),horse (0.0095),butterfly (0.0072),sheep (0.0072),elephant (0.0048),True,True
c:\Users\Alan\python\MMIP\week3\data\Dataset\spider\spider (4031).jpeg,spider,0.9436,spider,0.9436,spider (0.9436),butterfly (0.0165),chicken (0.0091),dog (0.0077),cat (0.0073),True,True
c:\Users\Alan\python\MMIP\week3\data\Dataset\spider\spider (1069).jpeg,spider,0.2881,butterfly,0.4093,butterfly (0.4093),spider (0.2881),squirrel (0.1268),dog (0.0384),cat (0.0338),False,True
c:\Users\Alan\python\MMIP\week3\data\Dataset\spider\spider (1766).jpeg,spider,0.9805,spider,0.9805,spider (0.9805),dog (0.0043),chicken (0.0032),sheep (0.0029),squirrel (0.0024),True,True
c:\Users\Alan\python\MMIP\week3\data\Dataset\spider\spider (3555).jpeg,spider,0.9369,spider,0.9369,spider (0.9369),butterfly (0.0234),squirrel (0.0100),chicken (0.0048),cat (0.0047),True,True
c:\Users\Alan\python\MMIP\week3\data\Dataset\spider\spider (3840).jpeg,spider,0.885,spider,0.885,spider (0.8850),sheep (0.0239),dog (0.0203),chicken (0.0146),horse (0.0141),True,True
c:\Users\Alan\python\MMIP\week3\data\Dataset\spider\spider (1682).jpeg,spider,0.9438,spider,0.9438,spider (0.9438),butterfly (0.0211),squirrel (0.0072),cow (0.0065),elephant (0.0054),True,True
c:\Users\Alan\python\MMIP\week3\data\Dataset\spider\spider (2078).jpeg,spider,0.9618,spider,0.9618,spider (0.9618),chicken (0.0071),horse (0.0065),butterfly (0.0051),cow (0.0043),True,True
c:\Users\Alan\python\MMIP\week3\data\Dataset\spider\spider (2324).jpeg,spider,0.9302,spider,0.9302,spider (0.9302),butterfly (0.0268),chicken (0.0080),squirrel (0.0074),cat (0.0054),True,True
c:\Users\Alan\python\MMIP\week3\data\Dataset\spider\spider (1818).jpeg,spider,0.946,spider,0.946,spider (0.9460),butterfly (0.0104),cat (0.0104),elephant (0.0094),squirrel (0.0074),True,True
c:\Users\Alan\python\MMIP\week3\data\Dataset\spider\spider (3018).jpeg,spider,0.7451,spider,0.7451,spider (0.7451),chicken (0.0485),cat (0.0405),dog (0.0401),butterfly (0.0345),True,True
c:\Users\Alan\python\MMIP\week3\data\Dataset\spider\spider (2985).jpeg,spider,0.9549,spider,0.9549,spider (0.9549),horse (0.0124),chicken (0.0055),dog (0.0053),sheep (0.0050),True,True
c:\Users\Alan\python\MMIP\week3\data\Dataset\spider\spider (3747).jpeg,spider,0.8357,spider,0.8357,spider (0.8357),butterfly (0.0537),horse (0.0245),dog (0.0225),cow (0.0148),True,True
c:\Users\Alan\python\MMIP\week3\data\Dataset\spider\spider (2656).jpeg,spider,0.8061,spider,0.8061,spider (0.8061),butterfly (0.0544),squirrel (0.0516),dog (0.0178),elephant (0.0158),True,True
c:\Users\Alan\python\MMIP\week3\data\Dataset\spider\spider (3322).jpeg,spider,0.8939,spider,0.8939,spider (0.8939),cat (0.0163),sheep (0.0148),squirrel (0.0147),dog (0.0145),True,True
c:\Users\Alan\python\MMIP\week3\data\Dataset\spider\spider (1831).jpeg,spider,0.9775,spider,0.9775,spider (0.9775),squirrel (0.0038),dog (0.0031),chicken (0.0029),cow (0.0026),True,True
c:\Users\Alan\python\MMIP\week3\data\Dataset\spider\spider (4384).jpeg,spider,0.6213,spider,0.6213,spider (0.6213),butterfly (0.1921),squirrel (0.1087),cat (0.0160),chicken (0.0132),True,True
c:\Users\Alan\python\MMIP\week3\data\Dataset\spider\spider (87).jpeg,spider,0.943,spider,0.943,spider (0.9430),squirrel (0.0181),horse (0.0080),dog (0.0067),chicken (0.0050),True,True
c:\Users\Alan\python\MMIP\week3\data\Dataset\spider\spider (3942).jpeg,spider,0.8137,spider,0.8137,spider (0.8137),cow (0.0391),dog (0.0372),butterfly (0.0281),elephant (0.0194),True,True
c:\Users\Alan\python\MMIP\week3\data\Dataset\spider\spider (3529).jpeg,spider,0.9074,spider,0.9074,spider (0.9074),sheep (0.0242),cat (0.0139),chicken (0.0137),horse (0.0101),True,True
c:\Users\Alan\python\MMIP\week3\data\Dataset\spider\spider (4323).jpeg,spider,0.9362,spider,0.9362,spider (0.9362),squirrel (0.0127),cow (0.0097),elephant (0.0085),cat (0.0068),True,True
c:\Users\Alan\python\MMIP\week3\data\Dataset\spider\spider (2310).jpeg,spider,0.8978,spider,0.8978,spider (0.8978),dog (0.0242),chicken (0.0170),horse (0.0141),cat (0.0134),True,True
c:\Users\Alan\python\MMIP\week3\data\Dataset\spider\spider (276).jpeg,spider,0.9731,spider,0.9731,spider (0.9731),butterfly (0.0088),elephant (0.0033),dog (0.0032),cow (0.0027),True,True
c:\Users\Alan\python\MMIP\week3\data\Dataset\spider\spider (2918).jpeg,spider,0.921,spider,0.921,spider (0.9210),horse (0.0299),chicken (0.0103),squirrel (0.0100),elephant (0.0090),True,True
c:\Users\Alan\python\MMIP\week3\data\Dataset\spider\spider (983).jpeg,spider,0.9384,spider,0.9384,spider (0.9384),chicken (0.0151),butterfly (0.0089),squirrel (0.0085),elephant (0.0061),True,True
c:\Users\Alan\python\MMIP\week3\data\Dataset\spider\spider (1643).jpeg,spider,0.9651,spider,0.9651,spider (0.9651),horse (0.0090),elephant (0.0052),squirrel (0.0052),sheep (0.0032),True,True
c:\Users\Alan\python\MMIP\week3\data\Dataset\spider\spider (991).jpeg,spider,0.7788,spider,0.7788,spider (0.7788),elephant (0.0475),squirrel (0.0435),chicken (0.0331),dog (0.0284),True,True
c:\Users\Alan\python\MMIP\week3\data\Dataset\spider\spider (3460).jpeg,spider,0.8756,spider,0.8756,spider (0.8756),dog (0.0202),elephant (0.0178),sheep (0.0177),cat (0.0149),True,True
c:\Users\Alan\python\MMIP\week3\data\Dataset\spider\spider (645).jpeg,spider,0.9205,spider,0.9205,spider (0.9205),dog (0.0193),cow (0.0126),elephant (0.0109),sheep (0.0103),True,True
c:\Users\Alan\python\MMIP\week3\data\Dataset\spider\spider (1690).jpeg,spider,0.9552,spider,0.9552,spider (0.9552),dog (0.0087),cow (0.0076),sheep (0.0067),horse (0.0053),True,True
c:\Users\Alan\python\MMIP\week3\data\Dataset\spider\spider (4394).jpeg,spider,0.8774,spider,0.8774,spider (0.8774),dog (0.0328),chicken (0.0270),horse (0.0137),butterfly (0.0106),True,True
c:\Users\Alan\python\MMIP\week3\data\Dataset\spider\spider (2818).jpeg,spider,0.9737,spider,0.9737,spider (0.9737),dog (0.0046),horse (0.0043),sheep (0.0038),squirrel (0.0030),True,True
c:\Users\Alan\python\MMIP\week3\data\Dataset\spider\spider (3725).jpeg,spider,0.9713,spider,0.9713,spider (0.9713),cow (0.0060),squirrel (0.0056),horse (0.0040),chicken (0.0028),True,True
c:\Users\Alan\python\MMIP\week3\data\Dataset\spider\spider (114).jpg,spider,0.9644,spider,0.9644,spider (0.9644),butterfly (0.0069),chicken (0.0058),cat (0.0051),squirrel (0.0047),True,True
c:\Users\Alan\python\MMIP\week3\data\Dataset\spider\spider (42).jpeg,spider,0.9376,spider,0.9376,spider (0.9376),horse (0.0201),butterfly (0.0111),cow (0.0077),elephant (0.0069),True,True
c:\Users\Alan\python\MMIP\week3\data\Dataset\spider\spider (3662).jpeg,spider,0.9177,spider,0.9177,spider (0.9177),squirrel (0.0116),cow (0.0115),sheep (0.0113),dog (0.0103),True,True
c:\Users\Alan\python\MMIP\week3\data\Dataset\spider\spider (2935).jpeg,spider,0.8693,spider,0.8693,spider (0.8693),dog (0.0238),cat (0.0205),elephant (0.0177),squirrel (0.0153),True,True
c:\Users\Alan\python\MMIP\week3\data\Dataset\spider\spider (2489).jpeg,spider,0.7852,spider,0.7852,spider (0.7852),cat (0.0718),dog (0.0634),chicken (0.0154),sheep (0.0150),True,True
c:\Users\Alan\python\MMIP\week3\data\Dataset\spider\spider (186).jpeg,spider,0.9587,spider,0.9587,spider (0.9587),dog (0.0093),chicken (0.0085),butterfly (0.0069),cat (0.0047),True,True
c:\Users\Alan\python\MMIP\week3\data\Dataset\spider\spider (326).jpeg,spider,0.8662,spider,0.8662,spider (0.8662),squirrel (0.0407),dog (0.0178),cat (0.0160),sheep (0.0152),True,True
c:\Users\Alan\python\MMIP\week3\data\Dataset\spider\spider (147).jpeg,spider,0.6016,spider,0.6016,spider (0.6016),horse (0.1520),cow (0.1334),dog (0.0311),elephant (0.0249),True,True
c:\Users\Alan\python\MMIP\week3\data\Dataset\spider\spider (54).jpeg,spider,0.3185,spider,0.3185,spider (0.3185),squirrel (0.2992),butterfly (0.1257),chicken (0.0615),horse (0.0604),True,True
c:\Users\Alan\python\MMIP\week3\data\Dataset\spider\spider (3382).jpeg,spider,0.9822,spider,0.9822,spider (0.9822),horse (0.0028),dog (0.0027),squirrel (0.0023),sheep (0.0021),True,True
c:\Users\Alan\python\MMIP\week3\data\Dataset\spider\spider (4106).jpeg,spider,0.6126,spider,0.6126,spider (0.6126),horse (0.1426),butterfly (0.0529),cow (0.0397),dog (0.0381),True,True
c:\Users\Alan\python\MMIP\week3\data\Dataset\spider\spider (3580).jpeg,spider,0.9297,spider,0.9297,spider (0.9297),dog (0.0129),chicken (0.0114),horse (0.0098),sheep (0.0082),True,True
c:\Users\Alan\python\MMIP\week3\data\Dataset\spider\spider (387).jpeg,spider,0.8625,spider,0.8625,spider (0.8625),squirrel (0.0312),horse (0.0292),dog (0.0157),cow (0.0156),True,True
c:\Users\Alan\python\MMIP\week3\data\Dataset\spider\spider (837).jpeg,spider,0.8746,spider,0.8746,spider (0.8746),horse (0.0233),dog (0.0201),chicken (0.0195),elephant (0.0165),True,True
c:\Users\Alan\python\MMIP\week3\data\Dataset\spider\spider (4255).jpeg,spider,0.7314,spider,0.7314,spider (0.7314),horse (0.0720),butterfly (0.0512),dog (0.0486),squirrel (0.0262),True,True
c:\Users\Alan\python\MMIP\week3\data\Dataset\spider\spider (1534).jpeg,spider,0.9267,spider,0.9267,spider (0.9267),dog (0.0190),elephant (0.0139),cat (0.0095),chicken (0.0066),True,True
c:\Users\Alan\python\MMIP\week3\data\Dataset\spider\spider (4383).jpeg,spider,0.8748,spider,0.8748,spider (0.8748),squirrel (0.0265),chicken (0.0184),dog (0.0161),sheep (0.0156),True,True
c:\Users\Alan\python\MMIP\week3\data\Dataset\spider\spider (90).jpeg,spider,0.9277,spider,0.9277,spider (0.9277),horse (0.0202),dog (0.0156),elephant (0.0098),cat (0.0073),True,True
c:\Users\Alan\python\MMIP\week3\data\Dataset\spider\spider (4397).jpeg,spider,0.8671,spider,0.8671,spider (0.8671),dog (0.0468),horse (0.0226),cat (0.0165),chicken (0.0096),True,True
c:\Users\Alan\python\MMIP\week3\data\Dataset\spider\spider (3941).jpeg,spider,0.9074,spider,0.9074,spider (0.9074),sheep (0.0174),horse (0.0151),elephant (0.0126),cat (0.0126),True,True
c:\Users\Alan\python\MMIP\week3\data\Dataset\spider\spider (134).jpeg,spider,0.8335,spider,0.8335,spider (0.8335),butterfly (0.0679),dog (0.0184),horse (0.0174),squirrel (0.0159),True,True
c:\Users\Alan\python\MMIP\week3\data\Dataset\spider\spider (2203).jpeg,spider,0.8591,spider,0.8591,spider (0.8591),dog (0.0549),chicken (0.0361),butterfly (0.0220),sheep (0.0072),True,True
c:\Users\Alan\python\MMIP\week3\data\Dataset\spider\spider (1627).jpeg,spider,0.9418,spider,0.9418,spider (0.9418),squirrel (0.0083),horse (0.0081),elephant (0.0078),sheep (0.0076),True,True
c:\Users\Alan\python\MMIP\week3\data\Dataset\spider\spider (2331).jpeg,spider,0.8579,spider,0.8579,spider (0.8579),horse (0.0302),butterfly (0.0267),dog (0.0189),chicken (0.0185),True,True
c:\Users\Alan\python\MMIP\week3\data\Dataset\spider\spider (195).jpg,spider,0.9187,spider,0.9187,spider (0.9187),butterfly (0.0362),chicken (0.0072),dog (0.0070),horse (0.0062),True,True
c:\Users\Alan\python\MMIP\week3\data\Dataset\spider\spider (2849).jpeg,spider,0.3753,spider,0.3753,spider (0.3753),chicken (0.2362),butterfly (0.1239),sheep (0.0860),dog (0.0705),True,True
c:\Users\Alan\python\MMIP\week3\data\Dataset\spider\spider (3213).jpeg,spider,0.9743,spider,0.9743,spider (0.9743),cow (0.0039),horse (0.0039),chicken (0.0034),dog (0.0031),True,True
c:\Users\Alan\python\MMIP\week3\data\Dataset\spider\spider (2286).jpeg,spider,0.9509,spider,0.9509,spider (0.9509),squirrel (0.0100),dog (0.0069),cow (0.0066),chicken (0.0059),True,True
c:\Users\Alan\python\MMIP\week3\data\Dataset\spider\spider (908).jpeg,spider,0.2605,spider,0.2605,spider (0.2605),dog (0.2500),elephant (0.1293),cow (0.0812),squirrel (0.0688),True,True
c:\Users\Alan\python\MMIP\week3\data\Dataset\spider\spider (2395).jpeg,spider,0.978,spider,0.978,spider (0.9780),horse (0.0044),sheep (0.0034),cow (0.0031),elephant (0.0028),True,True
c:\Users\Alan\python\MMIP\week3\data\Dataset\spider\spider (3655).jpeg,spider,0.9035,spider,0.9035,spider (0.9035),butterfly (0.0326),cat (0.0155),dog (0.0105),chicken (0.0077),True,True
c:\Users\Alan\python\MMIP\week3\data\Dataset\spider\spider (1700).jpeg,spider,0.6478,spider,0.6478,spider (0.6478),butterfly (0.2329),horse (0.0267),dog (0.0202),cat (0.0163),True,True
c:\Users\Alan\python\MMIP\week3\data\Dataset\spider\spider (3429).jpeg,spider,0.846,spider,0.846,spider (0.8460),cow (0.0242),sheep (0.0237),squirrel (0.0189),elephant (0.0185),True,True
c:\Users\Alan\python\MMIP\week3\data\Dataset\spider\spider (4369).jpeg,spider,0.9596,spider,0.9596,spider (0.9596),cat (0.0074),chicken (0.0063),butterfly (0.0055),dog (0.0053),True,True
c:\Users\Alan\python\MMIP\week3\data\Dataset\spider\spider (2508).jpeg,spider,0.977,spider,0.977,spider (0.9770),horse (0.0044),cow (0.0036),sheep (0.0028),elephant (0.0025),True,True
c:\Users\Alan\python\MMIP\week3\data\Dataset\spider\spider (2763).jpeg,spider,0.9611,spider,0.9611,spider (0.9611),sheep (0.0078),elephant (0.0070),horse (0.0067),cow (0.0037),True,True
c:\Users\Alan\python\MMIP\week3\data\Dataset\spider\spider (2380).jpeg,spider,0.8834,spider,0.8834,spider (0.8834),butterfly (0.0179),squirrel (0.0169),chicken (0.0161),dog (0.0153),True,True
c:\Users\Alan\python\MMIP\week3\data\Dataset\spider\spider (2618).jpeg,spider,0.9217,spider,0.9217,spider (0.9217),butterfly (0.0162),squirrel (0.0156),cat (0.0114),dog (0.0073),True,True
c:\Users\Alan\python\MMIP\week3\data\Dataset\spider\spider (24).jpeg,spider,0.9539,spider,0.9539,spider (0.9539),butterfly (0.0159),squirrel (0.0127),chicken (0.0046),horse (0.0029),True,True
c:\Users\Alan\python\MMIP\week3\data\Dataset\spider\spider (2767).jpeg,spider,0.9126,spider,0.9126,spider (0.9126),chicken (0.0184),dog (0.0159),cat (0.0126),squirrel (0.0100),True,True
c:\Users\Alan\python\MMIP\week3\data\Dataset\spider\spider (4).jpeg,spider,0.8061,spider,0.8061,spider (0.8061),butterfly (0.0589),squirrel (0.0490),horse (0.0154),chicken (0.0152),True,True
c:\Users\Alan\python\MMIP\week3\data\Dataset\spider\spider (3933).jpeg,spider,0.7946,spider,0.7946,spider (0.7946),butterfly (0.0629),chicken (0.0385),dog (0.0207),cow (0.0206),True,True
c:\Users\Alan\python\MMIP\week3\data\Dataset\spider\spider (3067).jpeg,spider,0.5037,spider,0.5037,spider (0.5037),squirrel (0.1789),chicken (0.1142),butterfly (0.0911),sheep (0.0399),True,True
c:\Users\Alan\python\MMIP\week3\data\Dataset\spider\spider (2343).jpeg,spider,0.9011,spider,0.9011,spider (0.9011),squirrel (0.0223),butterfly (0.0206),dog (0.0187),chicken (0.0092),True,True
c:\Users\Alan\python\MMIP\week3\data\Dataset\spider\spider (2460).jpeg,spider,0.6684,spider,0.6684,spider (0.6684),chicken (0.0596),horse (0.0574),elephant (0.0430),sheep (0.0394),True,True
c:\Users\Alan\python\MMIP\week3\data\Dataset\spider\spider (2471).jpeg,spider,0.6806,spider,0.6806,spider (0.6806),butterfly (0.1172),squirrel (0.0668),horse (0.0292),dog (0.0260),True,True
c:\Users\Alan\python\MMIP\week3\data\Dataset\spider\spider (2575).jpeg,spider,0.8738,spider,0.8738,spider (0.8738),dog (0.0394),chicken (0.0169),horse (0.0153),butterfly (0.0123),True,True
c:\Users\Alan\python\MMIP\week3\data\Dataset\spider\spider (1559).jpeg,spider,0.8932,spider,0.8932,spider (0.8932),chicken (0.0318),butterfly (0.0268),squirrel (0.0121),cat (0.0100),True,True
c:\Users\Alan\python\MMIP\week3\data\Dataset\spider\spider (748).jpeg,spider,0.8795,spider,0.8795,spider (0.8795),chicken (0.0168),cat (0.0167),elephant (0.0157),dog (0.0144),True,True
c:\Users\Alan\python\MMIP\week3\data\Dataset\spider\spider (1192).jpeg,spider,0.9573,spider,0.9573,spider (0.9573),horse (0.0105),dog (0.0082),squirrel (0.0060),butterfly (0.0046),True,True
c:\Users\Alan\python\MMIP\week3\data\Dataset\spider\spider (2466).jpeg,spider,0.6157,spider,0.6157,spider (0.6157),butterfly (0.1180),horse (0.1074),dog (0.0519),chicken (0.0280),True,True
c:\Users\Alan\python\MMIP\week3\data\Dataset\spider\spider (464).jpeg,spider,0.44,spider,0.44,spider (0.4400),chicken (0.1808),butterfly (0.1769),dog (0.0568),elephant (0.0494),True,True
c:\Users\Alan\python\MMIP\week3\data\Dataset\spider\spider (389).jpeg,spider,0.4296,spider,0.4296,spider (0.4296),squirrel (0.2680),elephant (0.0838),dog (0.0706),chicken (0.0415),True,True
c:\Users\Alan\python\MMIP\week3\data\Dataset\spider\spider (4018).jpeg,spider,0.8971,spider,0.8971,spider (0.8971),cow (0.0245),butterfly (0.0228),dog (0.0160),sheep (0.0101),True,True
c:\Users\Alan\python\MMIP\week3\data\Dataset\spider\spider (2544).jpeg,spider,0.9659,spider,0.9659,spider (0.9659),horse (0.0081),butterfly (0.0078),squirrel (0.0048),cow (0.0044),True,True
c:\Users\Alan\python\MMIP\week3\data\Dataset\spider\spider (1566).jpeg,spider,0.7945,spider,0.7945,spider (0.7945),horse (0.0410),sheep (0.0310),squirrel (0.0275),elephant (0.0231),True,True
c:\Users\Alan\python\MMIP\week3\data\Dataset\spider\spider (1807).jpeg,spider,0.9353,spider,0.9353,spider (0.9353),dog (0.0099),butterfly (0.0086),cat (0.0085),squirrel (0.0081),True,True
c:\Users\Alan\python\MMIP\week3\data\Dataset\spider\spider (1278).jpeg,spider,0.9247,spider,0.9247,spider (0.9247),dog (0.0123),chicken (0.0121),butterfly (0.0087),squirrel (0.0084),True,True
c:\Users\Alan\python\MMIP\week3\data\Dataset\spider\spider (1886).jpeg,spider,0.9428,spider,0.9428,spider (0.9428),elephant (0.0092),butterfly (0.0091),squirrel (0.0086),cat (0.0085),True,True
c:\Users\Alan\python\MMIP\week3\data\Dataset\spider\spider (2048).jpeg,spider,0.9061,spider,0.9061,spider (0.9061),butterfly (0.0285),squirrel (0.0135),cat (0.0113),dog (0.0094),True,True
c:\Users\Alan\python\MMIP\week3\data\Dataset\spider\spider (3333).jpeg,spider,0.909,spider,0.909,spider (0.9090),butterfly (0.0243),cow (0.0136),cat (0.0115),sheep (0.0091),True,True
c:\Users\Alan\python\MMIP\week3\data\Dataset\spider\spider (1168).jpeg,spider,0.9166,spider,0.9166,spider (0.9166),horse (0.0154),dog (0.0141),chicken (0.0131),butterfly (0.0083),True,True
c:\Users\Alan\python\MMIP\week3\data\Dataset\spider\spider (1683).jpeg,spider,0.5195,spider,0.5195,spider (0.5195),squirrel (0.2323),sheep (0.0505),butterfly (0.0447),horse (0.0423),True,True
c:\Users\Alan\python\MMIP\week3\data\Dataset\spider\spider (1273).jpeg,spider,0.9218,spider,0.9218,spider (0.9218),squirrel (0.0152),butterfly (0.0145),chicken (0.0097),cat (0.0091),True,True
c:\Users\Alan\python\MMIP\week3\data\Dataset\spider\spider (1454).jpeg,spider,0.8666,spider,0.8666,spider (0.8666),dog (0.0267),chicken (0.0226),horse (0.0178),cat (0.0172),True,True
c:\Users\Alan\python\MMIP\week3\data\Dataset\spider\spider (4289).jpeg,spider,0.5533,spider,0.5533,spider (0.5533),butterfly (0.1111),squirrel (0.1065),dog (0.0557),chicken (0.0395),True,True
c:\Users\Alan\python\MMIP\week3\data\Dataset\spider\spider (1488).jpeg,spider,0.9628,spider,0.9628,spider (0.9628),squirrel (0.0075),dog (0.0057),chicken (0.0051),butterfly (0.0045),True,True
c:\Users\Alan\python\MMIP\week3\data\Dataset\spider\spider (4198).jpeg,spider,0.9379,spider,0.9379,spider (0.9379),squirrel (0.0187),elephant (0.0108),chicken (0.0074),dog (0.0073),True,True
c:\Users\Alan\python\MMIP\week3\data\Dataset\spider\spider (1336).jpeg,spider,0.9488,spider,0.9488,spider (0.9488),squirrel (0.0083),cow (0.0076),sheep (0.0076),elephant (0.0073),True,True
c:\Users\Alan\python\MMIP\week3\data\Dataset\spider\spider (3442).jpeg,spider,0.7823,spider,0.7823,spider (0.7823),butterfly (0.1065),squirrel (0.0246),dog (0.0243),horse (0.0153),True,True
c:\Users\Alan\python\MMIP\week3\data\Dataset\spider\spider (2093).jpeg,spider,0.7087,spider,0.7087,spider (0.7087),squirrel (0.1004),butterfly (0.0525),chicken (0.0379),dog (0.0238),True,True
c:\Users\Alan\python\MMIP\week3\data\Dataset\spider\spider (2535).jpeg,spider,0.9611,spider,0.9611,spider (0.9611),elephant (0.0080),horse (0.0069),dog (0.0056),squirrel (0.0043),True,True
c:\Users\Alan\python\MMIP\week3\data\Dataset\spider\spider (4492).jpeg,spider,0.9396,spider,0.9396,spider (0.9396),horse (0.0140),chicken (0.0100),dog (0.0078),elephant (0.0073),True,True
c:\Users\Alan\python\MMIP\week3\data\Dataset\spider\spider (2154).jpeg,spider,0.9344,spider,0.9344,spider (0.9344),butterfly (0.0145),squirrel (0.0099),dog (0.0085),horse (0.0074),True,True
c:\Users\Alan\python\MMIP\week3\data\Dataset\spider\spider (551).jpeg,spider,0.978,spider,0.978,spider (0.9780),horse (0.0031),chicken (0.0031),sheep (0.0030),elephant (0.0027),True,True
c:\Users\Alan\python\MMIP\week3\data\Dataset\spider\spider (1149).jpeg,spider,0.9707,spider,0.9707,spider (0.9707),squirrel (0.0130),cow (0.0048),horse (0.0025),sheep (0.0023),True,True
c:\Users\Alan\python\MMIP\week3\data\Dataset\spider\spider (83).jpg,spider,0.7292,spider,0.7292,spider (0.7292),horse (0.0791),butterfly (0.0731),cow (0.0312),cat (0.0225),True,True
c:\Users\Alan\python\MMIP\week3\data\Dataset\spider\spider (1397).jpeg,spider,0.9681,spider,0.9681,spider (0.9681),dog (0.0082),horse (0.0051),chicken (0.0039),sheep (0.0036),True,True
c:\Users\Alan\python\MMIP\week3\data\Dataset\spider\spider (200).jpg,spider,0.7207,spider,0.7207,spider (0.7207),butterfly (0.1683),squirrel (0.0221),elephant (0.0219),cat (0.0199),True,True
c:\Users\Alan\python\MMIP\week3\data\Dataset\spider\spider (4266).jpeg,spider,0.6209,spider,0.6209,spider (0.6209),horse (0.1308),chicken (0.0507),squirrel (0.0490),dog (0.0377),True,True
c:\Users\Alan\python\MMIP\week3\data\Dataset\spider\spider (602).jpeg,spider,0.8652,spider,0.8652,spider (0.8652),chicken (0.0384),butterfly (0.0346),squirrel (0.0320),dog (0.0103),True,True
c:\Users\Alan\python\MMIP\week3\data\Dataset\spider\spider (3909).jpeg,spider,0.9411,spider,0.9411,spider (0.9411),squirrel (0.0216),chicken (0.0092),elephant (0.0062),butterfly (0.0052),True,True
c:\Users\Alan\python\MMIP\week3\data\Dataset\spider\spider (349).jpeg,spider,0.7471,spider,0.7471,spider (0.7471),butterfly (0.0772),horse (0.0695),squirrel (0.0318),dog (0.0182),True,True
c:\Users\Alan\python\MMIP\week3\data\Dataset\spider\spider (921).jpeg,spider,0.9488,spider,0.9488,spider (0.9488),dog (0.0095),chicken (0.0080),horse (0.0071),cow (0.0058),True,True
c:\Users\Alan\python\MMIP\week3\data\Dataset\spider\spider (963).jpeg,spider,0.9531,spider,0.9531,spider (0.9531),cow (0.0070),dog (0.0067),chicken (0.0058),cat (0.0056),True,True
c:\Users\Alan\python\MMIP\week3\data\Dataset\spider\spider (314).jpg,spider,0.8124,spider,0.8124,spider (0.8124),butterfly (0.0519),squirrel (0.0324),dog (0.0214),chicken (0.0177),True,True
c:\Users\Alan\python\MMIP\week3\data\Dataset\spider\spider (3790).jpeg,spider,0.7698,spider,0.7698,spider (0.7698),butterfly (0.0596),sheep (0.0303),chicken (0.0300),cat (0.0271),True,True
c:\Users\Alan\python\MMIP\week3\data\Dataset\spider\spider (2422).jpeg,spider,0.9442,spider,0.9442,spider (0.9442),squirrel (0.0109),horse (0.0084),dog (0.0083),sheep (0.0078),True,True
c:\Users\Alan\python\MMIP\week3\data\Dataset\spider\spider (1702).jpeg,spider,0.9511,spider,0.9511,spider (0.9511),dog (0.0099),cat (0.0082),squirrel (0.0055),elephant (0.0053),True,True
c:\Users\Alan\python\MMIP\week3\data\Dataset\spider\spider (1531).jpeg,spider,0.8939,spider,0.8939,spider (0.8939),cat (0.0162),dog (0.0143),squirrel (0.0139),elephant (0.0127),True,True
c:\Users\Alan\python\MMIP\week3\data\Dataset\spider\spider (1236).jpeg,spider,0.8975,spider,0.8975,spider (0.8975),dog (0.0266),cat (0.0132),chicken (0.0129),horse (0.0115),True,True
c:\Users\Alan\python\MMIP\week3\data\Dataset\spider\spider (3158).jpeg,spider,0.9516,spider,0.9516,spider (0.9516),butterfly (0.0095),chicken (0.0086),cat (0.0064),dog (0.0062),True,True
c:\Users\Alan\python\MMIP\week3\data\Dataset\spider\spider (3782).jpeg,spider,0.6145,spider,0.6145,spider (0.6145),squirrel (0.0731),dog (0.0685),butterfly (0.0654),chicken (0.0539),True,True
c:\Users\Alan\python\MMIP\week3\data\Dataset\spider\spider (3953).jpeg,spider,0.9848,spider,0.9848,spider (0.9848),sheep (0.0034),dog (0.0020),butterfly (0.0019),cat (0.0018),True,True
c:\Users\Alan\python\MMIP\week3\data\Dataset\spider\spider (1051).jpeg,spider,0.9631,spider,0.9631,spider (0.9631),butterfly (0.0097),squirrel (0.0044),cat (0.0040),dog (0.0039),True,True
c:\Users\Alan\python\MMIP\week3\data\Dataset\spider\spider (2459).jpeg,spider,0.9201,spider,0.9201,spider (0.9201),squirrel (0.0225),horse (0.0137),chicken (0.0076),sheep (0.0075),True,True
c:\Users\Alan\python\MMIP\week3\data\Dataset\spider\spider (801).jpeg,spider,0.8887,spider,0.8887,spider (0.8887),chicken (0.0182),cow (0.0174),sheep (0.0155),squirrel (0.0138),True,True
c:\Users\Alan\python\MMIP\week3\data\Dataset\spider\spider (525).jpeg,spider,0.8448,spider,0.8448,spider (0.8448),squirrel (0.0472),butterfly (0.0320),dog (0.0176),sheep (0.0164),True,True
c:\Users\Alan\python\MMIP\week3\data\Dataset\spider\spider (3628).jpeg,spider,0.9451,spider,0.9451,spider (0.9451),horse (0.0109),elephant (0.0101),dog (0.0068),cat (0.0051),True,True
c:\Users\Alan\python\MMIP\week3\data\Dataset\spider\spider (4463).jpeg,spider,0.9166,spider,0.9166,spider (0.9166),dog (0.0337),butterfly (0.0161),cow (0.0065),horse (0.0062),True,True
c:\Users\Alan\python\MMIP\week3\data\Dataset\spider\spider (813).jpeg,spider,0.9341,spider,0.9341,spider (0.9341),chicken (0.0117),butterfly (0.0091),cat (0.0088),cow (0.0079),True,True
c:\Users\Alan\python\MMIP\week3\data\Dataset\spider\spider (39).jpeg,spider,0.93,spider,0.93,spider (0.9300),chicken (0.0173),squirrel (0.0109),sheep (0.0094),horse (0.0085),True,True
c:\Users\Alan\python\MMIP\week3\data\Dataset\spider\spider (4064).jpeg,spider,0.9574,spider,0.9574,spider (0.9574),butterfly (0.0136),squirrel (0.0115),sheep (0.0043),cat (0.0035),True,True
c:\Users\Alan\python\MMIP\week3\data\Dataset\spider\spider (4021).jpeg,spider,0.81,spider,0.81,spider (0.8100),butterfly (0.0749),cow (0.0230),chicken (0.0204),dog (0.0150),True,True
c:\Users\Alan\python\MMIP\week3\data\Dataset\spider\spider (3435).jpeg,spider,0.951,spider,0.951,spider (0.9510),squirrel (0.0078),horse (0.0074),cow (0.0067),elephant (0.0067),True,True
c:\Users\Alan\python\MMIP\week3\data\Dataset\spider\spider (2435).jpeg,spider,0.9341,spider,0.9341,spider (0.9341),cat (0.0116),butterfly (0.0098),squirrel (0.0097),sheep (0.0084),True,True
c:\Users\Alan\python\MMIP\week3\data\Dataset\spider\spider (554).jpeg,spider,0.9748,spider,0.9748,spider (0.9748),cow (0.0044),sheep (0.0038),dog (0.0035),horse (0.0032),True,True
c:\Users\Alan\python\MMIP\week3\data\Dataset\spider\spider (3658).jpeg,spider,0.957,spider,0.957,spider (0.9570),squirrel (0.0176),butterfly (0.0054),elephant (0.0039),horse (0.0034),True,True
c:\Users\Alan\python\MMIP\week3\data\Dataset\spider\spider (1045).jpeg,spider,0.1511,butterfly,0.6354,butterfly (0.6354),spider (0.1511),chicken (0.0571),cow (0.0483),dog (0.0249),False,True
c:\Users\Alan\python\MMIP\week3\data\Dataset\spider\spider (2437).jpeg,spider,0.721,spider,0.721,spider (0.7210),chicken (0.0665),squirrel (0.0511),dog (0.0348),cow (0.0305),True,True
c:\Users\Alan\python\MMIP\week3\data\Dataset\spider\spider (2998).jpeg,spider,0.9282,spider,0.9282,spider (0.9282),chicken (0.0198),dog (0.0091),elephant (0.0073),sheep (0.0069),True,True
c:\Users\Alan\python\MMIP\week3\data\Dataset\spider\spider (1573).jpeg,spider,0.8916,spider,0.8916,spider (0.8916),chicken (0.0189),elephant (0.0155),cow (0.0151),dog (0.0140),True,True
c:\Users\Alan\python\MMIP\week3\data\Dataset\spider\spider (795).jpeg,spider,0.8919,spider,0.8919,spider (0.8919),butterfly (0.0176),chicken (0.0175),dog (0.0159),cat (0.0117),True,True
c:\Users\Alan\python\MMIP\week3\data\Dataset\spider\spider (3748).jpeg,spider,0.7856,spider,0.7856,spider (0.7856),chicken (0.0664),squirrel (0.0544),butterfly (0.0208),dog (0.0162),True,True
c:\Users\Alan\python\MMIP\week3\data\Dataset\spider\spider (3238).jpeg,spider,0.9582,spider,0.9582,spider (0.9582),squirrel (0.0088),sheep (0.0085),butterfly (0.0066),dog (0.0047),True,True
c:\Users\Alan\python\MMIP\week3\data\Dataset\spider\spider (4253).jpeg,spider,0.9506,spider,0.9506,spider (0.9506),horse (0.0114),elephant (0.0061),cow (0.0058),squirrel (0.0052),True,True
c:\Users\Alan\python\MMIP\week3\data\Dataset\spider\spider (1773).jpeg,spider,0.9751,spider,0.9751,spider (0.9751),horse (0.0051),elephant (0.0037),sheep (0.0034),dog (0.0027),True,True
c:\Users\Alan\python\MMIP\week3\data\Dataset\spider\spider (2734).jpeg,spider,0.8472,spider,0.8472,spider (0.8472),elephant (0.0227),chicken (0.0226),cow (0.0223),horse (0.0215),True,True
c:\Users\Alan\python\MMIP\week3\data\Dataset\spider\spider (2550).jpeg,spider,0.8669,spider,0.8669,spider (0.8669),squirrel (0.0268),cat (0.0249),chicken (0.0222),dog (0.0215),True,True
c:\Users\Alan\python\MMIP\week3\data\Dataset\spider\spider (2028).jpeg,spider,0.8541,spider,0.8541,spider (0.8541),sheep (0.0286),squirrel (0.0284),butterfly (0.0198),chicken (0.0190),True,True
c:\Users\Alan\python\MMIP\week3\data\Dataset\spider\spider (971).jpeg,spider,0.9678,spider,0.9678,spider (0.9678),squirrel (0.0086),elephant (0.0038),chicken (0.0036),horse (0.0033),True,True
c:\Users\Alan\python\MMIP\week3\data\Dataset\spider\spider (1548).jpeg,spider,0.7542,spider,0.7542,spider (0.7542),butterfly (0.1610),squirrel (0.0183),dog (0.0126),horse (0.0106),True,True
c:\Users\Alan\python\MMIP\week3\data\Dataset\spider\spider (3292).jpeg,spider,0.9569,spider,0.9569,spider (0.9569),butterfly (0.0119),dog (0.0057),cow (0.0045),horse (0.0041),True,True
c:\Users\Alan\python\MMIP\week3\data\Dataset\spider\spider (211).jpeg,spider,0.9659,spider,0.9659,spider (0.9659),dog (0.0079),chicken (0.0052),elephant (0.0045),horse (0.0036),True,True
c:\Users\Alan\python\MMIP\week3\data\Dataset\spider\spider (24).jpg,spider,0.4936,spider,0.4936,spider (0.4936),sheep (0.1823),dog (0.1310),cow (0.0794),cat (0.0311),True,True
c:\Users\Alan\python\MMIP\week3\data\Dataset\spider\spider (791).jpeg,spider,0.9445,spider,0.9445,spider (0.9445),cow (0.0098),chicken (0.0089),sheep (0.0072),cat (0.0064),True,True
c:\Users\Alan\python\MMIP\week3\data\Dataset\spider\spider (2601).jpeg,spider,0.8607,spider,0.8607,spider (0.8607),butterfly (0.0604),dog (0.0175),sheep (0.0147),cat (0.0134),True,True
c:\Users\Alan\python\MMIP\week3\data\Dataset\spider\spider (4030).jpeg,spider,0.8829,spider,0.8829,spider (0.8829),horse (0.0271),squirrel (0.0210),elephant (0.0156),dog (0.0137),True,True
c:\Users\Alan\python\MMIP\week3\data\Dataset\spider\spider (2102).jpeg,spider,0.9587,spider,0.9587,spider (0.9587),sheep (0.0081),dog (0.0071),horse (0.0064),cat (0.0048),True,True
c:\Users\Alan\python\MMIP\week3\data\Dataset\spider\spider (721).jpeg,spider,0.8937,spider,0.8937,spider (0.8937),butterfly (0.0618),horse (0.0108),dog (0.0083),chicken (0.0080),True,True
c:\Users\Alan\python\MMIP\week3\data\Dataset\spider\spider (2674).jpeg,spider,0.9176,spider,0.9176,spider (0.9176),dog (0.0161),chicken (0.0142),horse (0.0099),elephant (0.0091),True,True
c:\Users\Alan\python\MMIP\week3\data\Dataset\spider\spider (1109).jpeg,spider,0.3762,spider,0.3762,spider (0.3762),butterfly (0.3209),horse (0.0949),sheep (0.0508),cat (0.0395),True,True
c:\Users\Alan\python\MMIP\week3\data\Dataset\spider\spider (3974).jpeg,spider,0.272,spider,0.272,spider (0.2720),squirrel (0.1823),cat (0.1526),cow (0.1320),dog (0.0823),True,True
c:\Users\Alan\python\MMIP\week3\data\Dataset\spider\spider (3857).jpeg,spider,0.9821,spider,0.9821,spider (0.9821),cow (0.0031),dog (0.0028),horse (0.0026),sheep (0.0022),True,True
c:\Users\Alan\python\MMIP\week3\data\Dataset\spider\spider (2654).jpeg,spider,0.8996,spider,0.8996,spider (0.8996),dog (0.0246),horse (0.0190),elephant (0.0164),sheep (0.0112),True,True
c:\Users\Alan\python\MMIP\week3\data\Dataset\spider\spider (344).jpeg,spider,0.5826,spider,0.5826,spider (0.5826),squirrel (0.1189),chicken (0.0810),sheep (0.0461),cat (0.0343),True,True
c:\Users\Alan\python\MMIP\week3\data\Dataset\spider\spider (2844).jpeg,spider,0.9506,spider,0.9506,spider (0.9506),cow (0.0112),sheep (0.0089),dog (0.0060),elephant (0.0051),True,True
c:\Users\Alan\python\MMIP\week3\data\Dataset\spider\spider (3215).jpeg,spider,0.7712,spider,0.7712,spider (0.7712),squirrel (0.0823),chicken (0.0321),elephant (0.0200),butterfly (0.0194),True,True
c:\Users\Alan\python\MMIP\week3\data\Dataset\spider\spider (2267).jpeg,spider,0.9724,spider,0.9724,spider (0.9724),dog (0.0052),horse (0.0050),squirrel (0.0042),chicken (0.0039),True,True
c:\Users\Alan\python\MMIP\week3\data\Dataset\spider\spider (3310).jpeg,spider,0.9372,spider,0.9372,spider (0.9372),dog (0.0109),horse (0.0104),sheep (0.0077),butterfly (0.0072),True,True
c:\Users\Alan\python\MMIP\week3\data\Dataset\spider\spider (2483).jpeg,spider,0.9294,spider,0.9294,spider (0.9294),squirrel (0.0192),cow (0.0122),horse (0.0079),chicken (0.0071),True,True
c:\Users\Alan\python\MMIP\week3\data\Dataset\spider\spider (3088).jpeg,spider,0.9136,spider,0.9136,spider (0.9136),horse (0.0147),chicken (0.0105),dog (0.0102),sheep (0.0101),True,True
c:\Users\Alan\python\MMIP\week3\data\Dataset\spider\spider (21).jpeg,spider,0.8921,spider,0.8921,spider (0.8921),horse (0.0291),sheep (0.0134),cow (0.0109),chicken (0.0108),True,True
c:\Users\Alan\python\MMIP\week3\data\Dataset\spider\spider (4453).jpeg,spider,0.8151,spider,0.8151,spider (0.8151),sheep (0.0302),dog (0.0292),elephant (0.0289),cat (0.0230),True,True
c:\Users\Alan\python\MMIP\week3\data\Dataset\spider\spider (2173).jpeg,spider,0.8624,spider,0.8624,spider (0.8624),butterfly (0.0744),dog (0.0157),chicken (0.0084),cat (0.0078),True,True
c:\Users\Alan\python\MMIP\week3\data\Dataset\spider\spider (3724).jpeg,spider,0.9522,spider,0.9522,spider (0.9522),chicken (0.0124),elephant (0.0071),cat (0.0063),dog (0.0059),True,True
c:\Users\Alan\python\MMIP\week3\data\Dataset\spider\spider (1018).jpeg,spider,0.9318,spider,0.9318,spider (0.9318),dog (0.0157),chicken (0.0139),elephant (0.0093),cat (0.0080),True,True
c:\Users\Alan\python\MMIP\week3\data\Dataset\spider\spider (3654).jpeg,spider,0.8974,spider,0.8974,spider (0.8974),squirrel (0.0254),sheep (0.0218),elephant (0.0172),cow (0.0094),True,True
c:\Users\Alan\python\MMIP\week3\data\Dataset\spider\spider (3620).jpeg,spider,0.9129,spider,0.9129,spider (0.9129),dog (0.0317),sheep (0.0104),butterfly (0.0095),squirrel (0.0085),True,True
c:\Users\Alan\python\MMIP\week3\data\Dataset\spider\spider (2831).jpeg,spider,0.6906,spider,0.6906,spider (0.6906),horse (0.1263),butterfly (0.0555),cow (0.0310),sheep (0.0269),True,True
c:\Users\Alan\python\MMIP\week3\data\Dataset\spider\spider (3544).jpeg,spider,0.8558,spider,0.8558,spider (0.8558),dog (0.0484),horse (0.0247),sheep (0.0143),cow (0.0134),True,True
c:\Users\Alan\python\MMIP\week3\data\Dataset\spider\spider (4199).jpeg,spider,0.6807,spider,0.6807,spider (0.6807),butterfly (0.1379),squirrel (0.0730),dog (0.0318),cat (0.0173),True,True
c:\Users\Alan\python\MMIP\week3\data\Dataset\spider\spider (1134).jpeg,spider,0.8154,spider,0.8154,spider (0.8154),horse (0.1165),butterfly (0.0189),squirrel (0.0119),dog (0.0108),True,True
c:\Users\Alan\python\MMIP\week3\data\Dataset\spider\spider (3295).jpeg,spider,0.9666,spider,0.9666,spider (0.9666),squirrel (0.0055),horse (0.0046),cow (0.0042),sheep (0.0042),True,True
c:\Users\Alan\python\MMIP\week3\data\Dataset\spider\spider (1246).jpeg,spider,0.9645,spider,0.9645,spider (0.9645),dog (0.0072),cat (0.0055),cow (0.0048),elephant (0.0035),True,True
c:\Users\Alan\python\MMIP\week3\data\Dataset\spider\spider (591).jpeg,spider,0.9625,spider,0.9625,spider (0.9625),dog (0.0071),squirrel (0.0048),cat (0.0048),cow (0.0041),True,True
c:\Users\Alan\python\MMIP\week3\data\Dataset\spider\spider (630).jpeg,spider,0.6321,spider,0.6321,spider (0.6321),dog (0.1611),horse (0.0802),sheep (0.0387),elephant (0.0291),True,True
c:\Users\Alan\python\MMIP\week3\data\Dataset\spider\spider (304).jpeg,spider,0.9027,spider,0.9027,spider (0.9027),butterfly (0.0457),squirrel (0.0164),elephant (0.0066),dog (0.0062),True,True
c:\Users\Alan\python\MMIP\week3\data\Dataset\spider\spider (101).jpg,spider,0.7832,spider,0.7832,spider (0.7832),butterfly (0.0948),cat (0.0478),dog (0.0392),chicken (0.0085),True,True
c:\Users\Alan\python\MMIP\week3\data\Dataset\spider\spider (2716).jpeg,spider,0.2795,spider,0.2795,spider (0.2795),butterfly (0.1763),chicken (0.1656),dog (0.0755),elephant (0.0693),True,True
c:\Users\Alan\python\MMIP\week3\data\Dataset\spider\spider (376).jpeg,spider,0.6965,spider,0.6965,spider (0.6965),butterfly (0.1607),cow (0.0313),horse (0.0212),sheep (0.0186),True,True
c:\Users\Alan\python\MMIP\week3\data\Dataset\spider\spider (4025).jpeg,spider,0.9333,spider,0.9333,spider (0.9333),dog (0.0127),sheep (0.0092),cow (0.0091),chicken (0.0085),True,True
c:\Users\Alan\python\MMIP\week3\data\Dataset\spider\spider (1090).jpeg,spider,0.9359,spider,0.9359,spider (0.9359),dog (0.0139),chicken (0.0126),elephant (0.0094),horse (0.0066),True,True
c:\Users\Alan\python\MMIP\week3\data\Dataset\spider\spider (1873).jpeg,spider,0.9543,spider,0.9543,spider (0.9543),cow (0.0104),horse (0.0070),elephant (0.0069),dog (0.0051),True,True
c:\Users\Alan\python\MMIP\week3\data\Dataset\spider\spider (1582).jpeg,spider,0.9487,spider,0.9487,spider (0.9487),dog (0.0182),chicken (0.0106),squirrel (0.0074),cat (0.0042),True,True
c:\Users\Alan\python\MMIP\week3\data\Dataset\spider\spider (1512).jpeg,spider,0.8009,spider,0.8009,spider (0.8009),butterfly (0.0668),chicken (0.0380),horse (0.0225),elephant (0.0139),True,True
c:\Users\Alan\python\MMIP\week3\data\Dataset\spider\spider (1871).jpeg,spider,0.9838,spider,0.9838,spider (0.9838),elephant (0.0025),cat (0.0022),squirrel (0.0021),cow (0.0021),True,True
c:\Users\Alan\python\MMIP\week3\data\Dataset\spider\spider (3984).jpeg,spider,0.8794,spider,0.8794,spider (0.8794),chicken (0.0281),butterfly (0.0242),dog (0.0223),horse (0.0124),True,True
c:\Users\Alan\python\MMIP\week3\data\Dataset\spider\spider (624).jpeg,spider,0.8272,spider,0.8272,spider (0.8272),dog (0.0295),squirrel (0.0291),sheep (0.0275),butterfly (0.0250),True,True
c:\Users\Alan\python\MMIP\week3\data\Dataset\spider\spider (3971).jpeg,spider,0.7545,spider,0.7545,spider (0.7545),dog (0.0649),chicken (0.0498),butterfly (0.0329),cat (0.0248),True,True
c:\Users\Alan\python\MMIP\week3\data\Dataset\spider\spider (3980).jpeg,spider,0.9315,spider,0.9315,spider (0.9315),butterfly (0.0178),horse (0.0086),elephant (0.0083),chicken (0.0075),True,True
c:\Users\Alan\python\MMIP\week3\data\Dataset\spider\spider (4360).jpeg,spider,0.8936,spider,0.8936,spider (0.8936),dog (0.0193),chicken (0.0168),sheep (0.0131),horse (0.0127),True,True
c:\Users\Alan\python\MMIP\week3\data\Dataset\spider\spider (757).jpeg,spider,0.9465,spider,0.9465,spider (0.9465),butterfly (0.0093),dog (0.0076),elephant (0.0075),cat (0.0061),True,True
c:\Users\Alan\python\MMIP\week3\data\Dataset\spider\spider (2977).jpeg,spider,0.7008,spider,0.7008,spider (0.7008),butterfly (0.1504),dog (0.0440),squirrel (0.0294),chicken (0.0256),True,True
c:\Users\Alan\python\MMIP\week3\data\Dataset\spider\spider (300).jpg,spider,0.9749,spider,0.9749,spider (0.9749),cat (0.0096),butterfly (0.0039),dog (0.0028),chicken (0.0026),True,True
c:\Users\Alan\python\MMIP\week3\data\Dataset\spider\spider (4144).jpeg,spider,0.92,spider,0.92,spider (0.9200),chicken (0.0219),squirrel (0.0146),dog (0.0126),butterfly (0.0084),True,True
c:\Users\Alan\python\MMIP\week3\data\Dataset\spider\spider (105).jpeg,spider,0.9575,spider,0.9575,spider (0.9575),chicken (0.0105),dog (0.0104),elephant (0.0075),cat (0.0041),True,True
c:\Users\Alan\python\MMIP\week3\data\Dataset\spider\spider (3883).jpeg,spider,0.6935,spider,0.6935,spider (0.6935),squirrel (0.0626),cow (0.0534),dog (0.0514),sheep (0.0377),True,True
c:\Users\Alan\python\MMIP\week3\data\Dataset\spider\spider (3633).jpeg,spider,0.9239,spider,0.9239,spider (0.9239),squirrel (0.0193),horse (0.0097),sheep (0.0092),dog (0.0081),True,True
c:\Users\Alan\python\MMIP\week3\data\Dataset\spider\spider (4113).jpeg,spider,0.9114,spider,0.9114,spider (0.9114),dog (0.0239),horse (0.0127),chicken (0.0113),cat (0.0101),True,True
c:\Users\Alan\python\MMIP\week3\data\Dataset\spider\spider (2168).jpeg,spider,0.92,spider,0.92,spider (0.9200),dog (0.0198),cat (0.0140),chicken (0.0098),elephant (0.0090),True,True
c:\Users\Alan\python\MMIP\week3\data\Dataset\spider\spider (3214).jpeg,spider,0.9228,spider,0.9228,spider (0.9228),dog (0.0112),cow (0.0110),horse (0.0109),sheep (0.0104),True,True
c:\Users\Alan\python\MMIP\week3\data\Dataset\spider\spider (3424).jpeg,spider,0.8599,spider,0.8599,spider (0.8599),horse (0.0619),butterfly (0.0214),dog (0.0162),chicken (0.0085),True,True
c:\Users\Alan\python\MMIP\week3\data\Dataset\spider\spider (704).jpeg,spider,0.9584,spider,0.9584,spider (0.9584),cow (0.0071),dog (0.0062),sheep (0.0060),elephant (0.0051),True,True
c:\Users\Alan\python\MMIP\week3\data\Dataset\spider\spider (596).jpeg,spider,0.9481,spider,0.9481,spider (0.9481),squirrel (0.0183),butterfly (0.0069),chicken (0.0064),horse (0.0058),True,True
c:\Users\Alan\python\MMIP\week3\data\Dataset\spider\spider (4100).jpeg,spider,0.88,spider,0.88,spider (0.8800),cow (0.0328),butterfly (0.0304),sheep (0.0146),horse (0.0114),True,True
c:\Users\Alan\python\MMIP\week3\data\Dataset\spider\spider (2212).jpeg,spider,0.8066,spider,0.8066,spider (0.8066),butterfly (0.0620),horse (0.0299),squirrel (0.0262),chicken (0.0239),True,True
c:\Users\Alan\python\MMIP\week3\data\Dataset\spider\spider (587).jpeg,spider,0.4857,spider,0.4857,spider (0.4857),butterfly (0.2458),dog (0.1214),cat (0.0293),cow (0.0263),True,True
c:\Users\Alan\python\MMIP\week3\data\Dataset\spider\spider (546).jpeg,spider,0.8936,spider,0.8936,spider (0.8936),butterfly (0.0501),cow (0.0179),dog (0.0085),squirrel (0.0077),True,True
c:\Users\Alan\python\MMIP\week3\data\Dataset\spider\spider (2834).jpeg,spider,0.9498,spider,0.9498,spider (0.9498),sheep (0.0070),horse (0.0066),dog (0.0065),cow (0.0064),True,True
c:\Users\Alan\python\MMIP\week3\data\Dataset\spider\spider (3439).jpeg,spider,0.7936,spider,0.7936,spider (0.7936),sheep (0.0545),cow (0.0260),dog (0.0240),squirrel (0.0227),True,True
c:\Users\Alan\python\MMIP\week3\data\Dataset\spider\spider (3709).jpeg,spider,0.9634,spider,0.9634,spider (0.9634),butterfly (0.0072),squirrel (0.0061),cat (0.0053),elephant (0.0040),True,True
c:\Users\Alan\python\MMIP\week3\data\Dataset\spider\spider (1469).jpeg,spider,0.9706,spider,0.9706,spider (0.9706),dog (0.0055),chicken (0.0054),butterfly (0.0039),squirrel (0.0034),True,True
c:\Users\Alan\python\MMIP\week3\data\Dataset\spider\spider (177).jpg,spider,0.9559,spider,0.9559,spider (0.9559),butterfly (0.0104),dog (0.0071),squirrel (0.0048),cat (0.0045),True,True
c:\Users\Alan\python\MMIP\week3\data\Dataset\spider\spider (156).jpeg,spider,0.8057,spider,0.8057,spider (0.8057),butterfly (0.0740),chicken (0.0360),dog (0.0202),cow (0.0124),True,True
c:\Users\Alan\python\MMIP\week3\data\Dataset\spider\spider (1943).jpeg,spider,0.938,spider,0.938,spider (0.9380),cat (0.0114),dog (0.0088),chicken (0.0088),sheep (0.0079),True,True
c:\Users\Alan\python\MMIP\week3\data\Dataset\spider\spider (3749).jpeg,spider,0.936,spider,0.936,spider (0.9360),butterfly (0.0128),squirrel (0.0108),chicken (0.0081),dog (0.0079),True,True
c:\Users\Alan\python\MMIP\week3\data\Dataset\spider\spider (3396).jpeg,spider,0.9569,spider,0.9569,spider (0.9569),butterfly (0.0131),dog (0.0056),cat (0.0056),sheep (0.0050),True,True
c:\Users\Alan\python\MMIP\week3\data\Dataset\spider\spider (2505).jpeg,spider,0.9525,spider,0.9525,spider (0.9525),horse (0.0182),cow (0.0061),sheep (0.0059),elephant (0.0041),True,True
c:\Users\Alan\python\MMIP\week3\data\Dataset\spider\spider (2436).jpeg,spider,0.8084,spider,0.8084,spider (0.8084),squirrel (0.0361),sheep (0.0246),cow (0.0244),dog (0.0227),True,True
c:\Users\Alan\python\MMIP\week3\data\Dataset\spider\spider (276).jpg,spider,0.9184,spider,0.9184,spider (0.9184),horse (0.0255),sheep (0.0128),cat (0.0080),dog (0.0077),True,True
c:\Users\Alan\python\MMIP\week3\data\Dataset\spider\spider (3182).jpeg,spider,0.9191,spider,0.9191,spider (0.9191),sheep (0.0139),horse (0.0121),squirrel (0.0096),dog (0.0096),True,True
c:\Users\Alan\python\MMIP\week3\data\Dataset\spider\spider (407).jpeg,spider,0.9208,spider,0.9208,spider (0.9208),butterfly (0.0190),horse (0.0135),squirrel (0.0110),chicken (0.0073),True,True
c:\Users\Alan\python\MMIP\week3\data\Dataset\spider\spider (1190).jpeg,spider,0.8818,spider,0.8818,spider (0.8818),chicken (0.0299),dog (0.0177),butterfly (0.0151),sheep (0.0114),True,True
c:\Users\Alan\python\MMIP\week3\data\Dataset\spider\spider (17).jpg,spider,0.9726,spider,0.9726,spider (0.9726),cat (0.0152),squirrel (0.0036),butterfly (0.0035),sheep (0.0011),True,True
c:\Users\Alan\python\MMIP\week3\data\Dataset\spider\spider (3682).jpeg,spider,0.9686,spider,0.9686,spider (0.9686),cat (0.0051),butterfly (0.0051),dog (0.0046),sheep (0.0041),True,True
c:\Users\Alan\python\MMIP\week3\data\Dataset\spider\spider (3024).jpeg,spider,0.9375,spider,0.9375,spider (0.9375),butterfly (0.0122),cow (0.0098),horse (0.0087),squirrel (0.0086),True,True
c:\Users\Alan\python\MMIP\week3\data\Dataset\spider\spider (1460).jpeg,spider,0.9147,spider,0.9147,spider (0.9147),cow (0.0132),elephant (0.0129),horse (0.0119),butterfly (0.0110),True,True
c:\Users\Alan\python\MMIP\week3\data\Dataset\spider\spider (4120).jpeg,spider,0.7166,spider,0.7166,spider (0.7166),squirrel (0.1058),cow (0.0487),butterfly (0.0235),cat (0.0232),True,True
c:\Users\Alan\python\MMIP\week3\data\Dataset\spider\spider (1384).jpeg,spider,0.9584,spider,0.9584,spider (0.9584),dog (0.0106),cat (0.0064),elephant (0.0064),chicken (0.0047),True,True
c:\Users\Alan\python\MMIP\week3\data\Dataset\spider\spider (3554).jpeg,spider,0.8956,spider,0.8956,spider (0.8956),squirrel (0.0330),butterfly (0.0284),chicken (0.0164),horse (0.0063),True,True
c:\Users\Alan\python\MMIP\week3\data\Dataset\spider\spider (3828).jpeg,spider,0.8601,spider,0.8601,spider (0.8601),butterfly (0.0278),dog (0.0222),cat (0.0165),squirrel (0.0161),True,True
c:\Users\Alan\python\MMIP\week3\data\Dataset\spider\spider (2131).jpeg,spider,0.9533,spider,0.9533,spider (0.9533),butterfly (0.0173),squirrel (0.0065),elephant (0.0049),horse (0.0047),True,True
c:\Users\Alan\python\MMIP\week3\data\Dataset\spider\spider (15).jpg,spider,0.8744,spider,0.8744,spider (0.8744),squirrel (0.0503),sheep (0.0323),cat (0.0250),chicken (0.0037),True,True
c:\Users\Alan\python\MMIP\week3\data\Dataset\spider\spider (2883).jpeg,spider,0.9738,spider,0.9738,spider (0.9738),chicken (0.0104),squirrel (0.0057),elephant (0.0018),cow (0.0017),True,True
c:\Users\Alan\python\MMIP\week3\data\Dataset\spider\spider (1969).jpeg,spider,0.1151,butterfly,0.7639,butterfly (0.7639),spider (0.1151),cat (0.0245),sheep (0.0199),dog (0.0198),False,True
c:\Users\Alan\python\MMIP\week3\data\Dataset\spider\spider (559).jpeg,spider,0.9075,spider,0.9075,spider (0.9075),horse (0.0211),sheep (0.0151),cow (0.0118),elephant (0.0099),True,True
c:\Users\Alan\python\MMIP\week3\data\Dataset\spider\spider (207).jpeg,spider,0.9695,spider,0.9695,spider (0.9695),cow (0.0057),sheep (0.0046),horse (0.0045),dog (0.0038),True,True
c:\Users\Alan\python\MMIP\week3\data\Dataset\spider\spider (3819).jpeg,spider,0.9492,spider,0.9492,spider (0.9492),cow (0.0113),horse (0.0085),sheep (0.0066),elephant (0.0063),True,True
c:\Users\Alan\python\MMIP\week3\data\Dataset\spider\spider (1840).jpeg,spider,0.8207,spider,0.8207,spider (0.8207),chicken (0.0376),dog (0.0291),elephant (0.0284),horse (0.0273),True,True
c:\Users\Alan\python\MMIP\week3\data\Dataset\spider\spider (3150).jpeg,spider,0.6968,spider,0.6968,spider (0.6968),elephant (0.1169),cat (0.0472),squirrel (0.0306),sheep (0.0301),True,True
c:\Users\Alan\python\MMIP\week3\data\Dataset\spider\spider (2158).jpeg,spider,0.8588,spider,0.8588,spider (0.8588),butterfly (0.0410),squirrel (0.0381),cat (0.0192),elephant (0.0120),True,True
c:\Users\Alan\python\MMIP\week3\data\Dataset\spider\spider (1958).jpeg,spider,0.9419,spider,0.9419,spider (0.9419),dog (0.0123),horse (0.0104),cat (0.0074),elephant (0.0056),True,True
c:\Users\Alan\python\MMIP\week3\data\Dataset\spider\spider (3556).jpeg,spider,0.9253,spider,0.9253,spider (0.9253),butterfly (0.0144),horse (0.0123),cow (0.0116),chicken (0.0111),True,True
c:\Users\Alan\python\MMIP\week3\data\Dataset\spider\spider (2515).jpeg,spider,0.8036,spider,0.8036,spider (0.8036),butterfly (0.0524),squirrel (0.0502),cat (0.0454),dog (0.0114),True,True
c:\Users\Alan\python\MMIP\week3\data\Dataset\spider\spider (1445).jpeg,spider,0.7845,spider,0.7845,spider (0.7845),butterfly (0.1510),squirrel (0.0142),cat (0.0140),cow (0.0088),True,True
c:\Users\Alan\python\MMIP\week3\data\Dataset\spider\spider (286).jpg,spider,0.9668,spider,0.9668,spider (0.9668),butterfly (0.0118),horse (0.0042),dog (0.0037),cat (0.0034),True,True
c:\Users\Alan\python\MMIP\week3\data\Dataset\spider\spider (4217).jpeg,spider,0.8286,spider,0.8286,spider (0.8286),chicken (0.0352),elephant (0.0191),cat (0.0186),cow (0.0175),True,True
c:\Users\Alan\python\MMIP\week3\data\Dataset\spider\spider (1607).jpeg,spider,0.873,spider,0.873,spider (0.8730),chicken (0.0253),dog (0.0246),butterfly (0.0168),elephant (0.0165),True,True
c:\Users\Alan\python\MMIP\week3\data\Dataset\spider\spider (284).jpg,spider,0.9388,spider,0.9388,spider (0.9388),butterfly (0.0094),elephant (0.0090),horse (0.0066),cat (0.0065),True,True
c:\Users\Alan\python\MMIP\week3\data\Dataset\spider\spider (4426).jpeg,spider,0.9503,spider,0.9503,spider (0.9503),dog (0.0252),elephant (0.0046),chicken (0.0041),squirrel (0.0034),True,True
c:\Users\Alan\python\MMIP\week3\data\Dataset\spider\spider (2384).jpeg,spider,0.9324,spider,0.9324,spider (0.9324),butterfly (0.0144),squirrel (0.0122),cow (0.0084),horse (0.0072),True,True
c:\Users\Alan\python\MMIP\week3\data\Dataset\spider\spider (2162).jpeg,spider,0.9368,spider,0.9368,spider (0.9368),butterfly (0.0225),dog (0.0158),cat (0.0042),chicken (0.0041),True,True
c:\Users\Alan\python\MMIP\week3\data\Dataset\spider\spider (3880).jpeg,spider,0.134,chicken,0.5251,chicken (0.5251),spider (0.1340),squirrel (0.1310),sheep (0.0755),elephant (0.0587),False,True
c:\Users\Alan\python\MMIP\week3\data\Dataset\spider\spider (3000).jpeg,spider,0.911,spider,0.911,spider (0.9110),butterfly (0.0212),cat (0.0184),squirrel (0.0134),chicken (0.0133),True,True
c:\Users\Alan\python\MMIP\week3\data\Dataset\spider\spider (209).jpg,spider,0.9074,spider,0.9074,spider (0.9074),cow (0.0328),dog (0.0096),horse (0.0095),cat (0.0091),True,True
c:\Users\Alan\python\MMIP\week3\data\Dataset\spider\spider (1097).jpeg,spider,0.915,spider,0.915,spider (0.9150),horse (0.0364),cow (0.0118),sheep (0.0079),chicken (0.0070),True,True
c:\Users\Alan\python\MMIP\week3\data\Dataset\spider\spider (1498).jpeg,spider,0.7744,spider,0.7744,spider (0.7744),dog (0.0497),horse (0.0446),butterfly (0.0418),cat (0.0202),True,True
c:\Users\Alan\python\MMIP\week3\data\Dataset\spider\spider (1404).jpeg,spider,0.9721,spider,0.9721,spider (0.9721),horse (0.0049),elephant (0.0043),cow (0.0039),sheep (0.0039),True,True
c:\Users\Alan\python\MMIP\week3\data\Dataset\spider\spider (2629).jpeg,spider,0.0509,butterfly,0.7562,butterfly (0.7562),cow (0.0532),spider (0.0509),chicken (0.0381),horse (0.0253),False,True
c:\Users\Alan\python\MMIP\week3\data\Dataset\spider\spider (4046).jpeg,spider,0.6884,spider,0.6884,spider (0.6884),butterfly (0.1044),cow (0.0445),squirrel (0.0428),dog (0.0372),True,True
c:\Users\Alan\python\MMIP\week3\data\Dataset\spider\spider (3643).jpeg,spider,0.8924,spider,0.8924,spider (0.8924),chicken (0.0302),squirrel (0.0201),dog (0.0107),butterfly (0.0096),True,True
c:\Users\Alan\python\MMIP\week3\data\Dataset\spider\spider (1390).jpeg,spider,0.902,spider,0.902,spider (0.9020),dog (0.0184),cat (0.0132),elephant (0.0121),sheep (0.0112),True,True
c:\Users\Alan\python\MMIP\week3\data\Dataset\spider\spider (312).jpg,spider,0.9869,spider,0.9869,spider (0.9869),cat (0.0026),dog (0.0020),chicken (0.0017),sheep (0.0016),True,True
c:\Users\Alan\python\MMIP\week3\data\Dataset\spider\spider (2231).jpeg,spider,0.7929,spider,0.7929,spider (0.7929),squirrel (0.0846),chicken (0.0309),sheep (0.0236),dog (0.0181),True,True
c:\Users\Alan\python\MMIP\week3\data\Dataset\spider\spider (2836).jpeg,spider,0.8693,spider,0.8693,spider (0.8693),dog (0.0313),butterfly (0.0245),chicken (0.0206),squirrel (0.0145),True,True
c:\Users\Alan\python\MMIP\week3\data\Dataset\spider\spider (1030).jpeg,spider,0.928,spider,0.928,spider (0.9280),chicken (0.0136),dog (0.0122),cat (0.0100),squirrel (0.0082),True,True
c:\Users\Alan\python\MMIP\week3\data\Dataset\spider\spider (1461).jpeg,spider,0.9056,spider,0.9056,spider (0.9056),squirrel (0.0164),sheep (0.0122),elephant (0.0113),cat (0.0109),True,True
c:\Users\Alan\python\MMIP\week3\data\Dataset\spider\spider (2531).jpeg,spider,0.8926,spider,0.8926,spider (0.8926),squirrel (0.0247),sheep (0.0243),horse (0.0120),butterfly (0.0117),True,True
c:\Users\Alan\python\MMIP\week3\data\Dataset\spider\spider (1318).jpeg,spider,0.6475,spider,0.6475,spider (0.6475),chicken (0.1041),squirrel (0.0975),sheep (0.0352),dog (0.0303),True,True
c:\Users\Alan\python\MMIP\week3\data\Dataset\spider\spider (225).jpg,spider,0.8867,spider,0.8867,spider (0.8867),butterfly (0.0303),cow (0.0158),squirrel (0.0124),elephant (0.0121),True,True
c:\Users\Alan\python\MMIP\week3\data\Dataset\spider\spider (4022).jpeg,spider,0.9319,spider,0.9319,spider (0.9319),dog (0.0109),butterfly (0.0108),sheep (0.0093),squirrel (0.0077),True,True
c:\Users\Alan\python\MMIP\week3\data\Dataset\spider\spider (2717).jpeg,spider,0.9758,spider,0.9758,spider (0.9758),cow (0.0061),horse (0.0041),sheep (0.0039),elephant (0.0026),True,True
c:\Users\Alan\python\MMIP\week3\data\Dataset\spider\spider (1449).jpeg,spider,0.8769,spider,0.8769,spider (0.8769),dog (0.0216),elephant (0.0172),squirrel (0.0163),cat (0.0151),True,True
c:\Users\Alan\python\MMIP\week3\data\Dataset\spider\spider (2583).jpeg,spider,0.8501,spider,0.8501,spider (0.8501),butterfly (0.0426),dog (0.0376),horse (0.0133),cat (0.0126),True,True
c:\Users\Alan\python\MMIP\week3\data\Dataset\spider\spider (2482).jpeg,spider,0.8997,spider,0.8997,spider (0.8997),cow (0.0200),sheep (0.0161),horse (0.0151),chicken (0.0130),True,True
c:\Users\Alan\python\MMIP\week3\data\Dataset\spider\spider (256).jpeg,spider,0.9626,spider,0.9626,spider (0.9626),dog (0.0087),cat (0.0079),squirrel (0.0048),horse (0.0031),True,True
c:\Users\Alan\python\MMIP\week3\data\Dataset\spider\spider (1620).jpeg,spider,0.9075,spider,0.9075,spider (0.9075),sheep (0.0209),cow (0.0168),chicken (0.0127),butterfly (0.0105),True,True
c:\Users\Alan\python\MMIP\week3\data\Dataset\spider\spider (1121).jpeg,spider,0.6022,spider,0.6022,spider (0.6022),dog (0.1764),chicken (0.0750),sheep (0.0503),squirrel (0.0358),True,True
c:\Users\Alan\python\MMIP\week3\data\Dataset\spider\spider (36).jpg,spider,0.9805,spider,0.9805,spider (0.9805),butterfly (0.0034),sheep (0.0033),dog (0.0026),squirrel (0.0025),True,True
c:\Users\Alan\python\MMIP\week3\data\Dataset\spider\spider (2176).jpeg,spider,0.954,spider,0.954,spider (0.9540),cow (0.0072),butterfly (0.0070),sheep (0.0069),dog (0.0053),True,True
c:\Users\Alan\python\MMIP\week3\data\Dataset\spider\spider (4287).jpeg,spider,0.8326,spider,0.8326,spider (0.8326),elephant (0.0389),cat (0.0326),horse (0.0238),dog (0.0175),True,True
c:\Users\Alan\python\MMIP\week3\data\Dataset\spider\spider (35).jpg,spider,0.9288,spider,0.9288,spider (0.9288),butterfly (0.0146),cat (0.0100),squirrel (0.0098),elephant (0.0088),True,True
c:\Users\Alan\python\MMIP\week3\data\Dataset\spider\spider (2545).jpeg,spider,0.9017,spider,0.9017,spider (0.9017),horse (0.0142),dog (0.0138),sheep (0.0117),elephant (0.0113),True,True
c:\Users\Alan\python\MMIP\week3\data\Dataset\spider\spider (1083).jpeg,spider,0.9242,spider,0.9242,spider (0.9242),cow (0.0113),horse (0.0106),sheep (0.0105),cat (0.0096),True,True
c:\Users\Alan\python\MMIP\week3\data\Dataset\spider\spider (3095).jpeg,spider,0.8953,spider,0.8953,spider (0.8953),butterfly (0.0296),dog (0.0191),chicken (0.0165),cat (0.0162),True,True
c:\Users\Alan\python\MMIP\week3\data\Dataset\spider\spider (1568).jpeg,spider,0.8764,spider,0.8764,spider (0.8764),dog (0.0242),squirrel (0.0214),horse (0.0192),cow (0.0177),True,True
c:\Users\Alan\python\MMIP\week3\data\Dataset\spider\spider (1895).jpeg,spider,0.9527,spider,0.9527,spider (0.9527),horse (0.0095),sheep (0.0086),dog (0.0058),chicken (0.0053),True,True
c:\Users\Alan\python\MMIP\week3\data\Dataset\spider\spider (3908).jpeg,spider,0.8883,spider,0.8883,spider (0.8883),chicken (0.0333),cow (0.0183),dog (0.0151),elephant (0.0118),True,True
c:\Users\Alan\python\MMIP\week3\data\Dataset\spider\spider (3884).jpeg,spider,0.8718,spider,0.8718,spider (0.8718),butterfly (0.0372),dog (0.0243),cat (0.0175),chicken (0.0144),True,True
c:\Users\Alan\python\MMIP\week3\data\Dataset\spider\spider (4172).jpeg,spider,0.2239,spider,0.2239,spider (0.2239),dog (0.2224),cat (0.1499),butterfly (0.1376),horse (0.0966),True,True
c:\Users\Alan\python\MMIP\week3\data\Dataset\spider\spider (4413).jpeg,spider,0.8971,spider,0.8971,spider (0.8971),butterfly (0.0276),squirrel (0.0252),chicken (0.0134),cow (0.0087),True,True
c:\Users\Alan\python\MMIP\week3\data\Dataset\spider\spider (3446).jpeg,spider,0.9198,spider,0.9198,spider (0.9198),sheep (0.0205),squirrel (0.0118),dog (0.0088),cow (0.0083),True,True
c:\Users\Alan\python\MMIP\week3\data\Dataset\spider\spider (1244).jpeg,spider,0.9217,spider,0.9217,spider (0.9217),elephant (0.0131),dog (0.0108),horse (0.0107),cat (0.0082),True,True
c:\Users\Alan\python\MMIP\week3\data\Dataset\spider\spider (309).jpeg,spider,0.9274,spider,0.9274,spider (0.9274),butterfly (0.0209),squirrel (0.0142),cow (0.0125),sheep (0.0069),True,True
c:\Users\Alan\python\MMIP\week3\data\Dataset\spider\spider (4216).jpeg,spider,0.9662,spider,0.9662,spider (0.9662),dog (0.0077),butterfly (0.0056),cat (0.0050),squirrel (0.0047),True,True
c:\Users\Alan\python\MMIP\week3\data\Dataset\spider\spider (1826).jpeg,spider,0.9465,spider,0.9465,spider (0.9465),sheep (0.0166),squirrel (0.0081),cat (0.0068),horse (0.0058),True,True
c:\Users\Alan\python\MMIP\week3\data\Dataset\spider\spider (3093).jpeg,spider,0.9304,spider,0.9304,spider (0.9304),squirrel (0.0131),chicken (0.0114),cow (0.0100),elephant (0.0089),True,True
c:\Users\Alan\python\MMIP\week3\data\Dataset\spider\spider (1686).jpeg,spider,0.9695,spider,0.9695,spider (0.9695),butterfly (0.0099),cow (0.0057),sheep (0.0032),elephant (0.0026),True,True
c:\Users\Alan\python\MMIP\week3\data\Dataset\spider\spider (601).jpeg,spider,0.9724,spider,0.9724,spider (0.9724),squirrel (0.0048),sheep (0.0040),horse (0.0037),chicken (0.0034),True,True
c:\Users\Alan\python\MMIP\week3\data\Dataset\spider\spider (1241).jpeg,spider,0.7543,spider,0.7543,spider (0.7543),dog (0.0555),squirrel (0.0358),cat (0.0336),butterfly (0.0321),True,True
c:\Users\Alan\python\MMIP\week3\data\Dataset\spider\spider (73).jpeg,spider,0.9667,spider,0.9667,spider (0.9667),dog (0.0054),sheep (0.0049),chicken (0.0049),cow (0.0035),True,True
c:\Users\Alan\python\MMIP\week3\data\Dataset\spider\spider (239).jpg,spider,0.2184,spider,0.2184,spider (0.2184),dog (0.1932),butterfly (0.1813),cat (0.1573),sheep (0.0718),True,True
c:\Users\Alan\python\MMIP\week3\data\Dataset\spider\spider (600).jpeg,spider,0.9248,spider,0.9248,spider (0.9248),butterfly (0.0186),horse (0.0139),squirrel (0.0108),chicken (0.0072),True,True
c:\Users\Alan\python\MMIP\week3\data\Dataset\spider\spider (181).jpg,spider,0.9654,spider,0.9654,spider (0.9654),dog (0.0064),squirrel (0.0043),butterfly (0.0042),sheep (0.0041),True,True
c:\Users\Alan\python\MMIP\week3\data\Dataset\spider\spider (1).jpg,spider,0.9578,spider,0.9578,spider (0.9578),cow (0.0075),cat (0.0071),sheep (0.0061),dog (0.0046),True,True
c:\Users\Alan\python\MMIP\week3\data\Dataset\spider\spider (4374).jpeg,spider,0.957,spider,0.957,spider (0.9570),cow (0.0071),dog (0.0071),sheep (0.0063),chicken (0.0050),True,True
c:\Users\Alan\python\MMIP\week3\data\Dataset\spider\spider (3935).jpeg,spider,0.9743,spider,0.9743,spider (0.9743),squirrel (0.0060),butterfly (0.0053),chicken (0.0029),elephant (0.0025),True,True
c:\Users\Alan\python\MMIP\week3\data\Dataset\spider\spider (316).jpeg,spider,0.9648,spider,0.9648,spider (0.9648),dog (0.0068),cow (0.0051),sheep (0.0047),horse (0.0045),True,True
c:\Users\Alan\python\MMIP\week3\data\Dataset\spider\spider (2241).jpeg,spider,0.9396,spider,0.9396,spider (0.9396),chicken (0.0146),squirrel (0.0085),butterfly (0.0071),cow (0.0067),True,True
c:\Users\Alan\python\MMIP\week3\data\Dataset\spider\spider (3817).jpeg,spider,0.8451,spider,0.8451,spider (0.8451),dog (0.0263),squirrel (0.0248),sheep (0.0223),chicken (0.0194),True,True
c:\Users\Alan\python\MMIP\week3\data\Dataset\spider\spider (2389).jpeg,spider,0.8005,spider,0.8005,spider (0.8005),elephant (0.0464),butterfly (0.0382),chicken (0.0343),squirrel (0.0228),True,True
c:\Users\Alan\python\MMIP\week3\data\Dataset\spider\spider (633).jpeg,spider,0.9319,spider,0.9319,spider (0.9319),butterfly (0.0179),dog (0.0152),horse (0.0101),chicken (0.0055),True,True
c:\Users\Alan\python\MMIP\week3\data\Dataset\spider\spider (1732).jpeg,spider,0.9672,spider,0.9672,spider (0.9672),butterfly (0.0082),horse (0.0065),cow (0.0043),dog (0.0030),True,True
c:\Users\Alan\python\MMIP\week3\data\Dataset\spider\spider (856).jpeg,spider,0.838,spider,0.838,spider (0.8380),dog (0.0252),cow (0.0250),chicken (0.0247),butterfly (0.0222),True,True
c:\Users\Alan\python\MMIP\week3\data\Dataset\spider\spider (722).jpeg,spider,0.9161,spider,0.9161,spider (0.9161),chicken (0.0176),dog (0.0128),elephant (0.0113),horse (0.0108),True,True
c:\Users\Alan\python\MMIP\week3\data\Dataset\spider\spider (298).jpg,spider,0.8968,spider,0.8968,spider (0.8968),cat (0.0462),butterfly (0.0222),chicken (0.0079),horse (0.0066),True,True
c:\Users\Alan\python\MMIP\week3\data\Dataset\spider\spider (406).jpeg,spider,0.5698,spider,0.5698,spider (0.5698),butterfly (0.2738),squirrel (0.0298),horse (0.0231),elephant (0.0220),True,True
c:\Users\Alan\python\MMIP\week3\data\Dataset\spider\spider (3185).jpeg,spider,0.7932,spider,0.7932,spider (0.7932),squirrel (0.0901),dog (0.0398),horse (0.0251),butterfly (0.0168),True,True
c:\Users\Alan\python\MMIP\week3\data\Dataset\spider\spider (4304).jpeg,spider,0.9173,spider,0.9173,spider (0.9173),dog (0.0217),horse (0.0116),sheep (0.0111),chicken (0.0095),True,True
c:\Users\Alan\python\MMIP\week3\data\Dataset\spider\spider (1341).jpeg,spider,0.973,spider,0.973,spider (0.9730),squirrel (0.0049),butterfly (0.0046),elephant (0.0034),cow (0.0031),True,True
c:\Users\Alan\python\MMIP\week3\data\Dataset\spider\spider (2013).jpeg,spider,0.803,spider,0.803,spider (0.8030),elephant (0.0809),butterfly (0.0389),sheep (0.0194),chicken (0.0156),True,True
c:\Users\Alan\python\MMIP\week3\data\Dataset\spider\spider (91).jpg,spider,0.9289,spider,0.9289,spider (0.9289),butterfly (0.0175),dog (0.0093),squirrel (0.0079),sheep (0.0074),True,True
c:\Users\Alan\python\MMIP\week3\data\Dataset\spider\spider (109).jpg,spider,0.9509,spider,0.9509,spider (0.9509),chicken (0.0102),sheep (0.0090),squirrel (0.0076),butterfly (0.0063),True,True
c:\Users\Alan\python\MMIP\week3\data\Dataset\spider\spider (682).jpeg,spider,0.9567,spider,0.9567,spider (0.9567),dog (0.0096),squirrel (0.0061),cat (0.0046),elephant (0.0045),True,True
c:\Users\Alan\python\MMIP\week3\data\Dataset\spider\spider (652).jpeg,spider,0.9516,spider,0.9516,spider (0.9516),horse (0.0142),dog (0.0085),chicken (0.0045),elephant (0.0043),True,True
c:\Users\Alan\python\MMIP\week3\data\Dataset\spider\spider (167).jpeg,spider,0.9034,spider,0.9034,spider (0.9034),dog (0.0153),cat (0.0122),cow (0.0117),elephant (0.0114),True,True
c:\Users\Alan\python\MMIP\week3\data\Dataset\spider\spider (2858).jpeg,spider,0.9217,spider,0.9217,spider (0.9217),butterfly (0.0228),dog (0.0106),cat (0.0100),cow (0.0077),True,True
c:\Users\Alan\python\MMIP\week3\data\Dataset\spider\spider (1764).jpeg,spider,0.9663,spider,0.9663,spider (0.9663),horse (0.0129),butterfly (0.0055),cow (0.0029),dog (0.0027),True,True
c:\Users\Alan\python\MMIP\week3\data\Dataset\spider\spider (3956).jpeg,spider,0.7471,spider,0.7471,spider (0.7471),butterfly (0.0930),squirrel (0.0567),cow (0.0197),chicken (0.0191),True,True
c:\Users\Alan\python\MMIP\week3\data\Dataset\spider\spider (2470).jpeg,spider,0.8772,spider,0.8772,spider (0.8772),horse (0.0403),dog (0.0220),sheep (0.0160),cow (0.0118),True,True
c:\Users\Alan\python\MMIP\week3\data\Dataset\spider\spider (1217).jpeg,spider,0.9165,spider,0.9165,spider (0.9165),squirrel (0.0305),dog (0.0121),butterfly (0.0116),cat (0.0085),True,True
c:\Users\Alan\python\MMIP\week3\data\Dataset\spider\spider (4425).jpeg,spider,0.94,spider,0.94,spider (0.9400),dog (0.0165),horse (0.0086),chicken (0.0067),cat (0.0061),True,True
c:\Users\Alan\python\MMIP\week3\data\Dataset\spider\spider (1222).jpeg,spider,0.9369,spider,0.9369,spider (0.9369),dog (0.0184),sheep (0.0086),cow (0.0081),chicken (0.0076),True,True
c:\Users\Alan\python\MMIP\week3\data\Dataset\spider\spider (4315).jpeg,spider,0.8482,spider,0.8482,spider (0.8482),squirrel (0.0556),sheep (0.0164),dog (0.0152),cat (0.0140),True,True
c:\Users\Alan\python\MMIP\week3\data\Dataset\spider\spider (656).jpeg,spider,0.955,spider,0.955,spider (0.9550),cow (0.0092),horse (0.0081),sheep (0.0058),dog (0.0051),True,True
c:\Users\Alan\python\MMIP\week3\data\Dataset\spider\spider (161).jpeg,spider,0.9166,spider,0.9166,spider (0.9166),chicken (0.0200),cow (0.0124),elephant (0.0101),dog (0.0099),True,True
c:\Users\Alan\python\MMIP\week3\data\Dataset\spider\spider (964).jpeg,spider,0.9263,spider,0.9263,spider (0.9263),squirrel (0.0167),cat (0.0105),chicken (0.0098),elephant (0.0093),True,True
c:\Users\Alan\python\MMIP\week3\data\Dataset\spider\spider (2806).jpeg,spider,0.8624,spider,0.8624,spider (0.8624),chicken (0.0332),squirrel (0.0281),dog (0.0246),butterfly (0.0124),True,True
c:\Users\Alan\python\MMIP\week3\data\Dataset\spider\spider (4185).jpeg,spider,0.8172,spider,0.8172,spider (0.8172),butterfly (0.0525),chicken (0.0287),squirrel (0.0242),cow (0.0215),True,True
c:\Users\Alan\python\MMIP\week3\data\Dataset\spider\spider (2076).jpeg,spider,0.9379,spider,0.9379,spider (0.9379),butterfly (0.0199),chicken (0.0110),sheep (0.0061),dog (0.0061),True,True
c:\Users\Alan\python\MMIP\week3\data\Dataset\spider\spider (4311).jpeg,spider,0.9225,spider,0.9225,spider (0.9225),dog (0.0185),elephant (0.0155),horse (0.0104),chicken (0.0092),True,True
c:\Users\Alan\python\MMIP\week3\data\Dataset\spider\spider (3540).jpeg,spider,0.9268,spider,0.9268,spider (0.9268),cow (0.0132),cat (0.0102),chicken (0.0088),elephant (0.0085),True,True
c:\Users\Alan\python\MMIP\week3\data\Dataset\spider\spider (1561).jpeg,spider,0.8563,spider,0.8563,spider (0.8563),squirrel (0.0401),cat (0.0209),dog (0.0199),chicken (0.0128),True,True
c:\Users\Alan\python\MMIP\week3\data\Dataset\spider\spider (4454).jpeg,spider,0.932,spider,0.932,spider (0.9320),dog (0.0136),butterfly (0.0112),horse (0.0099),cow (0.0096),True,True
c:\Users\Alan\python\MMIP\week3\data\Dataset\spider\spider (489).jpeg,spider,0.897,spider,0.897,spider (0.8970),chicken (0.0275),butterfly (0.0275),cat (0.0103),cow (0.0088),True,True
c:\Users\Alan\python\MMIP\week3\data\Dataset\spider\spider (2424).jpeg,spider,0.9154,spider,0.9154,spider (0.9154),chicken (0.0209),butterfly (0.0167),dog (0.0129),cat (0.0083),True,True
c:\Users\Alan\python\MMIP\week3\data\Dataset\spider\spider (2825).jpeg,spider,0.9597,spider,0.9597,spider (0.9597),elephant (0.0072),chicken (0.0068),cat (0.0054),horse (0.0051),True,True
c:\Users\Alan\python\MMIP\week3\data\Dataset\spider\spider (2332).jpeg,spider,0.8878,spider,0.8878,spider (0.8878),horse (0.0277),squirrel (0.0239),sheep (0.0139),elephant (0.0127),True,True
c:\Users\Alan\python\MMIP\week3\data\Dataset\spider\spider (1798).jpeg,spider,0.8895,spider,0.8895,spider (0.8895),cat (0.0319),squirrel (0.0156),elephant (0.0148),chicken (0.0100),True,True
c:\Users\Alan\python\MMIP\week3\data\Dataset\spider\spider (4260).jpeg,spider,0.9225,spider,0.9225,spider (0.9225),chicken (0.0162),sheep (0.0113),butterfly (0.0111),dog (0.0086),True,True
c:\Users\Alan\python\MMIP\week3\data\Dataset\spider\spider (2724).jpeg,spider,0.9454,spider,0.9454,spider (0.9454),chicken (0.0109),butterfly (0.0075),elephant (0.0073),horse (0.0063),True,True
c:\Users\Alan\python\MMIP\week3\data\Dataset\spider\spider (3223).jpeg,spider,0.9204,spider,0.9204,spider (0.9204),dog (0.0153),squirrel (0.0130),butterfly (0.0092),chicken (0.0080),True,True
c:\Users\Alan\python\MMIP\week3\data\Dataset\spider\spider (35).jpeg,spider,0.8999,spider,0.8999,spider (0.8999),dog (0.0239),squirrel (0.0189),sheep (0.0168),butterfly (0.0119),True,True
c:\Users\Alan\python\MMIP\week3\data\Dataset\spider\spider (2452).jpeg,spider,0.9463,spider,0.9463,spider (0.9463),squirrel (0.0163),butterfly (0.0078),elephant (0.0061),dog (0.0054),True,True
c:\Users\Alan\python\MMIP\week3\data\Dataset\spider\spider (3912).jpeg,spider,0.9531,spider,0.9531,spider (0.9531),dog (0.0102),cow (0.0066),sheep (0.0061),horse (0.0055),True,True
c:\Users\Alan\python\MMIP\week3\data\Dataset\spider\spider (76).jpg,spider,0.4442,spider,0.4442,spider (0.4442),butterfly (0.4415),cat (0.0309),dog (0.0232),chicken (0.0132),True,True
c:\Users\Alan\python\MMIP\week3\data\Dataset\squirrel\squirrel (434).jpeg,squirrel,0.8895,squirrel,0.8895,squirrel (0.8895),chicken (0.0351),cat (0.0310),dog (0.0117),butterfly (0.0076),True,True
c:\Users\Alan\python\MMIP\week3\data\Dataset\squirrel\squirrel (593).jpeg,squirrel,0.8487,squirrel,0.8487,squirrel (0.8487),elephant (0.0446),dog (0.0289),chicken (0.0168),sheep (0.0164),True,True
c:\Users\Alan\python\MMIP\week3\data\Dataset\squirrel\squirrel (1160).jpeg,squirrel,0.9593,squirrel,0.9593,squirrel (0.9593),cat (0.0153),dog (0.0089),elephant (0.0036),chicken (0.0030),True,True
c:\Users\Alan\python\MMIP\week3\data\Dataset\squirrel\squirrel (962).jpeg,squirrel,0.5626,squirrel,0.5626,squirrel (0.5626),dog (0.0905),chicken (0.0795),spider (0.0552),butterfly (0.0518),True,True
c:\Users\Alan\python\MMIP\week3\data\Dataset\squirrel\squirrel (1118).jpeg,squirrel,0.8775,squirrel,0.8775,squirrel (0.8775),cat (0.0376),spider (0.0258),sheep (0.0250),chicken (0.0117),True,True
c:\Users\Alan\python\MMIP\week3\data\Dataset\squirrel\squirrel (1161).jpeg,squirrel,0.8353,squirrel,0.8353,squirrel (0.8353),sheep (0.1056),cat (0.0109),dog (0.0094),horse (0.0082),True,True
c:\Users\Alan\python\MMIP\week3\data\Dataset\squirrel\squirrel (636).jpeg,squirrel,0.9169,squirrel,0.9169,squirrel (0.9169),cat (0.0407),chicken (0.0216),elephant (0.0056),butterfly (0.0053),True,True
c:\Users\Alan\python\MMIP\week3\data\Dataset\squirrel\squirrel (76).jpeg,squirrel,0.9566,squirrel,0.9566,squirrel (0.9566),dog (0.0135),spider (0.0064),butterfly (0.0057),chicken (0.0052),True,True
c:\Users\Alan\python\MMIP\week3\data\Dataset\squirrel\squirrel (1302).jpeg,squirrel,0.9333,squirrel,0.9333,squirrel (0.9333),dog (0.0138),cat (0.0109),cow (0.0107),butterfly (0.0094),True,True
c:\Users\Alan\python\MMIP\week3\data\Dataset\squirrel\squirrel (1861).jpeg,squirrel,0.9809,squirrel,0.9809,squirrel (0.9809),spider (0.0078),sheep (0.0027),chicken (0.0018),cow (0.0014),True,True
c:\Users\Alan\python\MMIP\week3\data\Dataset\squirrel\squirrel (43).jpeg,squirrel,0.8904,squirrel,0.8904,squirrel (0.8904),chicken (0.0699),elephant (0.0099),dog (0.0082),butterfly (0.0067),True,True
c:\Users\Alan\python\MMIP\week3\data\Dataset\squirrel\squirrel (858).jpeg,squirrel,0.927,squirrel,0.927,squirrel (0.9270),chicken (0.0180),butterfly (0.0139),cat (0.0101),dog (0.0094),True,True
c:\Users\Alan\python\MMIP\week3\data\Dataset\squirrel\squirrel (1742).jpeg,squirrel,0.6924,squirrel,0.6924,squirrel (0.6924),dog (0.1943),cat (0.0508),horse (0.0222),elephant (0.0101),True,True
c:\Users\Alan\python\MMIP\week3\data\Dataset\squirrel\squirrel (103).jpeg,squirrel,0.741,squirrel,0.741,squirrel (0.7410),cat (0.0923),dog (0.0746),spider (0.0292),elephant (0.0200),True,True
c:\Users\Alan\python\MMIP\week3\data\Dataset\squirrel\squirrel (1240).jpeg,squirrel,0.1489,cat,0.5379,cat (0.5379),dog (0.1670),squirrel (0.1489),sheep (0.0389),horse (0.0244),False,True
c:\Users\Alan\python\MMIP\week3\data\Dataset\squirrel\squirrel (1753).jpeg,squirrel,0.9795,squirrel,0.9795,squirrel (0.9795),chicken (0.0042),butterfly (0.0041),cow (0.0034),dog (0.0027),True,True
c:\Users\Alan\python\MMIP\week3\data\Dataset\squirrel\squirrel (140).jpeg,squirrel,0.9173,squirrel,0.9173,squirrel (0.9173),horse (0.0170),cat (0.0157),dog (0.0136),chicken (0.0120),True,True
c:\Users\Alan\python\MMIP\week3\data\Dataset\squirrel\squirrel (1622).jpeg,squirrel,0.8282,squirrel,0.8282,squirrel (0.8282),sheep (0.0656),dog (0.0292),cat (0.0250),chicken (0.0148),True,True
c:\Users\Alan\python\MMIP\week3\data\Dataset\squirrel\squirrel (1336).jpeg,squirrel,0.991,squirrel,0.991,squirrel (0.9910),cat (0.0030),cow (0.0015),dog (0.0010),butterfly (0.0008),True,True
c:\Users\Alan\python\MMIP\week3\data\Dataset\squirrel\squirrel (895).jpeg,squirrel,0.59,squirrel,0.59,squirrel (0.5900),spider (0.1712),dog (0.1305),cat (0.0460),butterfly (0.0142),True,True
c:\Users\Alan\python\MMIP\week3\data\Dataset\squirrel\squirrel (916).jpeg,squirrel,0.8397,squirrel,0.8397,squirrel (0.8397),dog (0.0461),chicken (0.0286),cat (0.0257),elephant (0.0237),True,True
c:\Users\Alan\python\MMIP\week3\data\Dataset\squirrel\squirrel (765).jpeg,squirrel,0.8101,squirrel,0.8101,squirrel (0.8101),chicken (0.0599),butterfly (0.0324),dog (0.0314),spider (0.0234),True,True
c:\Users\Alan\python\MMIP\week3\data\Dataset\squirrel\squirrel (1583).jpeg,squirrel,0.2772,squirrel,0.2772,squirrel (0.2772),dog (0.2630),chicken (0.1576),sheep (0.1306),cat (0.0714),True,True
c:\Users\Alan\python\MMIP\week3\data\Dataset\squirrel\squirrel (382).jpeg,squirrel,0.5303,squirrel,0.5303,squirrel (0.5303),dog (0.2824),cat (0.0465),elephant (0.0379),cow (0.0279),True,True
c:\Users\Alan\python\MMIP\week3\data\Dataset\squirrel\squirrel (618).jpeg,squirrel,0.9278,squirrel,0.9278,squirrel (0.9278),elephant (0.0203),butterfly (0.0123),dog (0.0081),spider (0.0078),True,True
c:\Users\Alan\python\MMIP\week3\data\Dataset\squirrel\squirrel (1713).jpeg,squirrel,0.9852,squirrel,0.9852,squirrel (0.9852),cat (0.0047),dog (0.0020),sheep (0.0019),horse (0.0015),True,True
c:\Users\Alan\python\MMIP\week3\data\Dataset\squirrel\squirrel (1157).jpeg,squirrel,0.996,squirrel,0.996,squirrel (0.9960),cow (0.0007),chicken (0.0007),sheep (0.0005),elephant (0.0005),True,True
c:\Users\Alan\python\MMIP\week3\data\Dataset\squirrel\squirrel (260).jpeg,squirrel,0.8655,squirrel,0.8655,squirrel (0.8655),dog (0.0574),cow (0.0206),cat (0.0126),spider (0.0086),True,True
c:\Users\Alan\python\MMIP\week3\data\Dataset\squirrel\squirrel (467).jpeg,squirrel,0.9744,squirrel,0.9744,squirrel (0.9744),dog (0.0144),horse (0.0029),spider (0.0019),elephant (0.0016),True,True
c:\Users\Alan\python\MMIP\week3\data\Dataset\squirrel\squirrel (705).jpeg,squirrel,0.949,squirrel,0.949,squirrel (0.9490),dog (0.0129),chicken (0.0101),horse (0.0079),cat (0.0050),True,True
c:\Users\Alan\python\MMIP\week3\data\Dataset\squirrel\squirrel (210).jpeg,squirrel,0.8773,squirrel,0.8773,squirrel (0.8773),butterfly (0.0328),horse (0.0203),cow (0.0190),spider (0.0173),True,True
c:\Users\Alan\python\MMIP\week3\data\Dataset\squirrel\squirrel (441).jpeg,squirrel,0.831,squirrel,0.831,squirrel (0.8310),dog (0.0360),cat (0.0272),sheep (0.0260),butterfly (0.0219),True,True
c:\Users\Alan\python\MMIP\week3\data\Dataset\squirrel\squirrel (237).jpeg,squirrel,0.9612,squirrel,0.9612,squirrel (0.9612),dog (0.0110),sheep (0.0078),chicken (0.0046),cow (0.0038),True,True
c:\Users\Alan\python\MMIP\week3\data\Dataset\squirrel\squirrel (1783).jpeg,squirrel,0.6123,squirrel,0.6123,squirrel (0.6123),sheep (0.1564),spider (0.1288),butterfly (0.0342),elephant (0.0288),True,True
c:\Users\Alan\python\MMIP\week3\data\Dataset\squirrel\squirrel (378).jpeg,squirrel,0.6582,squirrel,0.6582,squirrel (0.6582),spider (0.2847),elephant (0.0151),butterfly (0.0096),sheep (0.0083),True,True
c:\Users\Alan\python\MMIP\week3\data\Dataset\squirrel\squirrel (457).jpeg,squirrel,0.6137,squirrel,0.6137,squirrel (0.6137),spider (0.0832),sheep (0.0644),butterfly (0.0615),chicken (0.0575),True,True
c:\Users\Alan\python\MMIP\week3\data\Dataset\squirrel\squirrel (569).jpeg,squirrel,0.8177,squirrel,0.8177,squirrel (0.8177),sheep (0.0588),chicken (0.0491),dog (0.0428),elephant (0.0078),True,True
c:\Users\Alan\python\MMIP\week3\data\Dataset\squirrel\squirrel (337).jpeg,squirrel,0.7963,squirrel,0.7963,squirrel (0.7963),dog (0.0799),cat (0.0287),chicken (0.0193),butterfly (0.0171),True,True
c:\Users\Alan\python\MMIP\week3\data\Dataset\squirrel\squirrel (682).jpeg,squirrel,0.9005,squirrel,0.9005,squirrel (0.9005),sheep (0.0424),chicken (0.0148),spider (0.0109),dog (0.0102),True,True
c:\Users\Alan\python\MMIP\week3\data\Dataset\squirrel\squirrel (24).jpeg,squirrel,0.6736,squirrel,0.6736,squirrel (0.6736),horse (0.1103),dog (0.0634),elephant (0.0443),cow (0.0325),True,True
c:\Users\Alan\python\MMIP\week3\data\Dataset\squirrel\squirrel (1702).jpeg,squirrel,0.9397,squirrel,0.9397,squirrel (0.9397),chicken (0.0140),cat (0.0127),sheep (0.0110),spider (0.0080),True,True
c:\Users\Alan\python\MMIP\week3\data\Dataset\squirrel\squirrel (271).jpeg,squirrel,0.5829,squirrel,0.5829,squirrel (0.5829),butterfly (0.1587),chicken (0.0511),cow (0.0484),cat (0.0314),True,True
c:\Users\Alan\python\MMIP\week3\data\Dataset\squirrel\squirrel (1837).jpeg,squirrel,0.9726,squirrel,0.9726,squirrel (0.9726),cat (0.0063),dog (0.0053),elephant (0.0045),butterfly (0.0030),True,True
c:\Users\Alan\python\MMIP\week3\data\Dataset\squirrel\squirrel (936).jpeg,squirrel,0.8589,squirrel,0.8589,squirrel (0.8589),butterfly (0.0840),chicken (0.0247),cat (0.0104),dog (0.0054),True,True
c:\Users\Alan\python\MMIP\week3\data\Dataset\squirrel\squirrel (1743).jpeg,squirrel,0.9644,squirrel,0.9644,squirrel (0.9644),horse (0.0087),elephant (0.0075),dog (0.0052),chicken (0.0043),True,True
c:\Users\Alan\python\MMIP\week3\data\Dataset\squirrel\squirrel (1619).jpeg,squirrel,0.8355,squirrel,0.8355,squirrel (0.8355),dog (0.0641),cat (0.0228),chicken (0.0169),sheep (0.0151),True,True
c:\Users\Alan\python\MMIP\week3\data\Dataset\squirrel\squirrel (1408).jpeg,squirrel,0.8705,squirrel,0.8705,squirrel (0.8705),dog (0.0390),chicken (0.0198),horse (0.0189),elephant (0.0173),True,True
c:\Users\Alan\python\MMIP\week3\data\Dataset\squirrel\squirrel (1777).jpeg,squirrel,0.5992,squirrel,0.5992,squirrel (0.5992),sheep (0.1207),horse (0.0807),dog (0.0644),cow (0.0343),True,True
c:\Users\Alan\python\MMIP\week3\data\Dataset\squirrel\squirrel (253).jpeg,squirrel,0.8562,squirrel,0.8562,squirrel (0.8562),cat (0.0588),dog (0.0378),horse (0.0126),elephant (0.0105),True,True
c:\Users\Alan\python\MMIP\week3\data\Dataset\squirrel\squirrel (1446).jpeg,squirrel,0.9878,squirrel,0.9878,squirrel (0.9878),dog (0.0023),spider (0.0017),horse (0.0016),cat (0.0014),True,True
c:\Users\Alan\python\MMIP\week3\data\Dataset\squirrel\squirrel (678).jpeg,squirrel,0.9527,squirrel,0.9527,squirrel (0.9527),cat (0.0086),cow (0.0074),dog (0.0059),butterfly (0.0057),True,True
c:\Users\Alan\python\MMIP\week3\data\Dataset\squirrel\squirrel (855).jpeg,squirrel,0.5863,squirrel,0.5863,squirrel (0.5863),cat (0.1188),chicken (0.0639),dog (0.0410),horse (0.0374),True,True
c:\Users\Alan\python\MMIP\week3\data\Dataset\squirrel\squirrel (1225).jpeg,squirrel,0.14,spider,0.5471,spider (0.5471),squirrel (0.1400),butterfly (0.0843),dog (0.0627),sheep (0.0469),False,True
c:\Users\Alan\python\MMIP\week3\data\Dataset\squirrel\squirrel (975).jpeg,squirrel,0.1707,dog,0.394,dog (0.3940),sheep (0.1830),squirrel (0.1707),chicken (0.0858),elephant (0.0451),False,True
c:\Users\Alan\python\MMIP\week3\data\Dataset\squirrel\squirrel (451).jpeg,squirrel,0.7157,squirrel,0.7157,squirrel (0.7157),sheep (0.0642),chicken (0.0630),spider (0.0419),dog (0.0395),True,True
c:\Users\Alan\python\MMIP\week3\data\Dataset\squirrel\squirrel (1386).jpeg,squirrel,0.9358,squirrel,0.9358,squirrel (0.9358),cow (0.0136),spider (0.0123),sheep (0.0086),horse (0.0078),True,True
c:\Users\Alan\python\MMIP\week3\data\Dataset\squirrel\squirrel (1643).jpeg,squirrel,0.5691,squirrel,0.5691,squirrel (0.5691),chicken (0.1134),elephant (0.0747),dog (0.0676),spider (0.0612),True,True
c:\Users\Alan\python\MMIP\week3\data\Dataset\squirrel\squirrel (1128).jpeg,squirrel,0.1094,sheep,0.2019,sheep (0.2019),cow (0.1981),elephant (0.1282),horse (0.1202),dog (0.1113),False,False
c:\Users\Alan\python\MMIP\week3\data\Dataset\squirrel\squirrel (1683).jpeg,squirrel,0.9837,squirrel,0.9837,squirrel (0.9837),dog (0.0046),sheep (0.0034),chicken (0.0021),cow (0.0015),True,True
c:\Users\Alan\python\MMIP\week3\data\Dataset\squirrel\squirrel (1058).jpeg,squirrel,0.7081,squirrel,0.7081,squirrel (0.7081),dog (0.1422),sheep (0.0453),cat (0.0309),spider (0.0282),True,True
c:\Users\Alan\python\MMIP\week3\data\Dataset\squirrel\squirrel (353).jpeg,squirrel,0.6946,squirrel,0.6946,squirrel (0.6946),chicken (0.0962),dog (0.0473),cow (0.0333),cat (0.0291),True,True
c:\Users\Alan\python\MMIP\week3\data\Dataset\squirrel\squirrel (777).jpeg,squirrel,0.6605,squirrel,0.6605,squirrel (0.6605),spider (0.0790),cow (0.0712),sheep (0.0554),dog (0.0432),True,True
c:\Users\Alan\python\MMIP\week3\data\Dataset\squirrel\squirrel (1746).jpeg,squirrel,0.9769,squirrel,0.9769,squirrel (0.9769),butterfly (0.0046),chicken (0.0038),spider (0.0036),elephant (0.0024),True,True
c:\Users\Alan\python\MMIP\week3\data\Dataset\squirrel\squirrel (1237).jpeg,squirrel,0.9447,squirrel,0.9447,squirrel (0.9447),spider (0.0194),butterfly (0.0114),chicken (0.0073),cat (0.0047),True,True
c:\Users\Alan\python\MMIP\week3\data\Dataset\squirrel\squirrel (1580).jpeg,squirrel,0.406,squirrel,0.406,squirrel (0.4060),dog (0.1643),cat (0.1193),elephant (0.0957),chicken (0.0647),True,True
c:\Users\Alan\python\MMIP\week3\data\Dataset\squirrel\squirrel (410).jpeg,squirrel,0.6186,squirrel,0.6186,squirrel (0.6186),spider (0.2250),butterfly (0.0396),dog (0.0342),sheep (0.0211),True,True
c:\Users\Alan\python\MMIP\week3\data\Dataset\squirrel\squirrel (1755).jpeg,squirrel,0.725,squirrel,0.725,squirrel (0.7250),spider (0.1033),chicken (0.0809),cow (0.0216),butterfly (0.0214),True,True
c:\Users\Alan\python\MMIP\week3\data\Dataset\squirrel\squirrel (896).jpeg,squirrel,0.8311,squirrel,0.8311,squirrel (0.8311),dog (0.0819),chicken (0.0224),spider (0.0174),cat (0.0151),True,True
c:\Users\Alan\python\MMIP\week3\data\Dataset\squirrel\squirrel (166).jpeg,squirrel,0.5143,squirrel,0.5143,squirrel (0.5143),chicken (0.2215),dog (0.0938),elephant (0.0587),sheep (0.0535),True,True
c:\Users\Alan\python\MMIP\week3\data\Dataset\squirrel\squirrel (1631).jpeg,squirrel,0.998,squirrel,0.998,squirrel (0.9980),cat (0.0004),elephant (0.0003),dog (0.0003),spider (0.0002),True,True
c:\Users\Alan\python\MMIP\week3\data\Dataset\squirrel\squirrel (207).jpeg,squirrel,0.8488,squirrel,0.8488,squirrel (0.8488),chicken (0.1026),dog (0.0119),cat (0.0105),cow (0.0077),True,True
c:\Users\Alan\python\MMIP\week3\data\Dataset\squirrel\squirrel (638).jpeg,squirrel,0.9798,squirrel,0.9798,squirrel (0.9798),cat (0.0055),sheep (0.0028),butterfly (0.0025),horse (0.0022),True,True
c:\Users\Alan\python\MMIP\week3\data\Dataset\squirrel\squirrel (546).jpeg,squirrel,0.535,squirrel,0.535,squirrel (0.5350),sheep (0.1108),chicken (0.0901),dog (0.0756),spider (0.0492),True,True
c:\Users\Alan\python\MMIP\week3\data\Dataset\squirrel\squirrel (597).jpeg,squirrel,0.8258,squirrel,0.8258,squirrel (0.8258),chicken (0.0486),sheep (0.0373),horse (0.0203),dog (0.0197),True,True
c:\Users\Alan\python\MMIP\week3\data\Dataset\squirrel\squirrel (1364).jpeg,squirrel,0.9836,squirrel,0.9836,squirrel (0.9836),butterfly (0.0062),cat (0.0026),spider (0.0022),elephant (0.0020),True,True
c:\Users\Alan\python\MMIP\week3\data\Dataset\squirrel\squirrel (277).jpeg,squirrel,0.9818,squirrel,0.9818,squirrel (0.9818),cat (0.0068),sheep (0.0028),spider (0.0018),dog (0.0016),True,True
c:\Users\Alan\python\MMIP\week3\data\Dataset\squirrel\squirrel (1804).jpeg,squirrel,0.9921,squirrel,0.9921,squirrel (0.9921),chicken (0.0021),dog (0.0015),horse (0.0010),sheep (0.0007),True,True
c:\Users\Alan\python\MMIP\week3\data\Dataset\squirrel\squirrel (1503).jpeg,squirrel,0.9625,squirrel,0.9625,squirrel (0.9625),elephant (0.0088),dog (0.0080),chicken (0.0065),cow (0.0039),True,True
c:\Users\Alan\python\MMIP\week3\data\Dataset\squirrel\squirrel (921).jpeg,squirrel,0.5121,squirrel,0.5121,squirrel (0.5121),dog (0.1201),cat (0.0726),chicken (0.0710),spider (0.0648),True,True
c:\Users\Alan\python\MMIP\week3\data\Dataset\squirrel\squirrel (1065).jpeg,squirrel,0.8879,squirrel,0.8879,squirrel (0.8879),dog (0.0309),cat (0.0213),horse (0.0142),cow (0.0110),True,True
c:\Users\Alan\python\MMIP\week3\data\Dataset\squirrel\squirrel (1473).jpeg,squirrel,0.9834,squirrel,0.9834,squirrel (0.9834),chicken (0.0028),sheep (0.0026),butterfly (0.0024),dog (0.0019),True,True
c:\Users\Alan\python\MMIP\week3\data\Dataset\squirrel\squirrel (683).jpeg,squirrel,0.9733,squirrel,0.9733,squirrel (0.9733),butterfly (0.0173),chicken (0.0020),dog (0.0019),spider (0.0016),True,True
c:\Users\Alan\python\MMIP\week3\data\Dataset\squirrel\squirrel (310).jpeg,squirrel,0.4213,squirrel,0.4213,squirrel (0.4213),butterfly (0.1428),spider (0.1328),elephant (0.0799),horse (0.0666),True,True
c:\Users\Alan\python\MMIP\week3\data\Dataset\squirrel\squirrel (595).jpeg,squirrel,0.9976,squirrel,0.9976,squirrel (0.9976),chicken (0.0004),cow (0.0004),elephant (0.0004),dog (0.0003),True,True
c:\Users\Alan\python\MMIP\week3\data\Dataset\squirrel\squirrel (798).jpeg,squirrel,0.9267,squirrel,0.9267,squirrel (0.9267),spider (0.0214),sheep (0.0118),butterfly (0.0093),horse (0.0070),True,True
c:\Users\Alan\python\MMIP\week3\data\Dataset\squirrel\squirrel (701).jpeg,squirrel,0.7888,squirrel,0.7888,squirrel (0.7888),dog (0.0509),chicken (0.0366),cat (0.0229),elephant (0.0208),True,True
c:\Users\Alan\python\MMIP\week3\data\Dataset\squirrel\squirrel (1856).jpeg,squirrel,0.9886,squirrel,0.9886,squirrel (0.9886),dog (0.0035),chicken (0.0017),spider (0.0012),horse (0.0010),True,True
c:\Users\Alan\python\MMIP\week3\data\Dataset\squirrel\squirrel (1080).jpeg,squirrel,0.8426,squirrel,0.8426,squirrel (0.8426),spider (0.0442),elephant (0.0226),sheep (0.0196),chicken (0.0178),True,True
c:\Users\Alan\python\MMIP\week3\data\Dataset\squirrel\squirrel (355).jpeg,squirrel,0.5609,squirrel,0.5609,squirrel (0.5609),chicken (0.1710),elephant (0.0904),sheep (0.0537),spider (0.0411),True,True
c:\Users\Alan\python\MMIP\week3\data\Dataset\squirrel\squirrel (887).jpeg,squirrel,0.2616,squirrel,0.2616,squirrel (0.2616),spider (0.2416),sheep (0.1442),chicken (0.1003),dog (0.0883),True,True
c:\Users\Alan\python\MMIP\week3\data\Dataset\squirrel\squirrel (745).jpeg,squirrel,0.9921,squirrel,0.9921,squirrel (0.9921),chicken (0.0014),elephant (0.0011),dog (0.0009),cat (0.0009),True,True
c:\Users\Alan\python\MMIP\week3\data\Dataset\squirrel\squirrel (1413).jpeg,squirrel,0.926,squirrel,0.926,squirrel (0.9260),dog (0.0273),cat (0.0109),horse (0.0088),spider (0.0066),True,True
c:\Users\Alan\python\MMIP\week3\data\Dataset\squirrel\squirrel (1275).jpeg,squirrel,0.9205,squirrel,0.9205,squirrel (0.9205),spider (0.0158),cat (0.0105),elephant (0.0104),cow (0.0098),True,True
c:\Users\Alan\python\MMIP\week3\data\Dataset\squirrel\squirrel (191).jpeg,squirrel,0.9819,squirrel,0.9819,squirrel (0.9819),horse (0.0037),elephant (0.0030),dog (0.0027),chicken (0.0023),True,True
c:\Users\Alan\python\MMIP\week3\data\Dataset\squirrel\squirrel (1168).jpeg,squirrel,0.6867,squirrel,0.6867,squirrel (0.6867),butterfly (0.1167),spider (0.0651),chicken (0.0604),dog (0.0291),True,True
c:\Users\Alan\python\MMIP\week3\data\Dataset\squirrel\squirrel (1433).jpeg,squirrel,0.9505,squirrel,0.9505,squirrel (0.9505),spider (0.0211),butterfly (0.0060),elephant (0.0059),chicken (0.0053),True,True
c:\Users\Alan\python\MMIP\week3\data\Dataset\squirrel\squirrel (759).jpeg,squirrel,0.3427,squirrel,0.3427,squirrel (0.3427),dog (0.3164),chicken (0.1258),cat (0.0492),sheep (0.0464),True,True
c:\Users\Alan\python\MMIP\week3\data\Dataset\squirrel\squirrel (1155).jpeg,squirrel,0.9828,squirrel,0.9828,squirrel (0.9828),spider (0.0047),sheep (0.0038),butterfly (0.0030),horse (0.0014),True,True
c:\Users\Alan\python\MMIP\week3\data\Dataset\squirrel\squirrel (168).jpeg,squirrel,0.5535,squirrel,0.5535,squirrel (0.5535),chicken (0.0863),spider (0.0824),dog (0.0788),elephant (0.0709),True,True
c:\Users\Alan\python\MMIP\week3\data\Dataset\squirrel\squirrel (55).jpeg,squirrel,0.7178,squirrel,0.7178,squirrel (0.7178),sheep (0.1007),cat (0.0532),dog (0.0467),spider (0.0259),True,True
c:\Users\Alan\python\MMIP\week3\data\Dataset\squirrel\squirrel (209).jpeg,squirrel,0.1333,dog,0.4306,dog (0.4306),cat (0.1389),squirrel (0.1333),chicken (0.0976),butterfly (0.0613),False,True
c:\Users\Alan\python\MMIP\week3\data\Dataset\squirrel\squirrel (1363).jpeg,squirrel,0.9094,squirrel,0.9094,squirrel (0.9094),dog (0.0187),cat (0.0147),elephant (0.0147),spider (0.0117),True,True
c:\Users\Alan\python\MMIP\week3\data\Dataset\squirrel\squirrel (1258).jpeg,squirrel,0.9645,squirrel,0.9645,squirrel (0.9645),sheep (0.0124),butterfly (0.0055),chicken (0.0052),elephant (0.0027),True,True
c:\Users\Alan\python\MMIP\week3\data\Dataset\squirrel\squirrel (1463).jpeg,squirrel,0.573,squirrel,0.573,squirrel (0.5730),spider (0.2649),butterfly (0.0397),dog (0.0341),sheep (0.0217),True,True
c:\Users\Alan\python\MMIP\week3\data\Dataset\squirrel\squirrel (1671).jpeg,squirrel,0.8906,squirrel,0.8906,squirrel (0.8906),chicken (0.0332),elephant (0.0191),dog (0.0168),sheep (0.0156),True,True
c:\Users\Alan\python\MMIP\week3\data\Dataset\squirrel\squirrel (92).jpeg,squirrel,0.2051,cat,0.2912,cat (0.2912),dog (0.2502),squirrel (0.2051),spider (0.0902),cow (0.0389),False,True
c:\Users\Alan\python\MMIP\week3\data\Dataset\squirrel\squirrel (1424).jpeg,squirrel,0.9681,squirrel,0.9681,squirrel (0.9681),dog (0.0060),spider (0.0052),chicken (0.0044),elephant (0.0041),True,True
c:\Users\Alan\python\MMIP\week3\data\Dataset\squirrel\squirrel (291).jpeg,squirrel,0.2304,squirrel,0.2304,squirrel (0.2304),horse (0.1363),dog (0.1336),sheep (0.1059),cat (0.0938),True,True
c:\Users\Alan\python\MMIP\week3\data\Dataset\squirrel\squirrel (142).jpeg,squirrel,0.9924,squirrel,0.9924,squirrel (0.9924),sheep (0.0019),dog (0.0014),elephant (0.0009),cow (0.0008),True,True
c:\Users\Alan\python\MMIP\week3\data\Dataset\squirrel\squirrel (598).jpeg,squirrel,0.9424,squirrel,0.9424,squirrel (0.9424),butterfly (0.0235),spider (0.0178),dog (0.0037),cow (0.0027),True,True
c:\Users\Alan\python\MMIP\week3\data\Dataset\squirrel\squirrel (1832).jpeg,squirrel,0.9875,squirrel,0.9875,squirrel (0.9875),cow (0.0028),horse (0.0021),dog (0.0021),chicken (0.0020),True,True
c:\Users\Alan\python\MMIP\week3\data\Dataset\squirrel\squirrel (109).jpeg,squirrel,0.8679,squirrel,0.8679,squirrel (0.8679),butterfly (0.0383),chicken (0.0221),dog (0.0215),horse (0.0145),True,True
c:\Users\Alan\python\MMIP\week3\data\Dataset\squirrel\squirrel (90).jpeg,squirrel,0.8812,squirrel,0.8812,squirrel (0.8812),sheep (0.0306),butterfly (0.0186),cat (0.0184),spider (0.0162),True,True
c:\Users\Alan\python\MMIP\week3\data\Dataset\squirrel\squirrel (285).jpeg,squirrel,0.363,sheep,0.536,sheep (0.5360),squirrel (0.3630),dog (0.0245),cat (0.0210),spider (0.0175),False,True
c:\Users\Alan\python\MMIP\week3\data\Dataset\squirrel\squirrel (1486).jpeg,squirrel,0.9167,squirrel,0.9167,squirrel (0.9167),spider (0.0188),butterfly (0.0116),cat (0.0110),horse (0.0086),True,True
c:\Users\Alan\python\MMIP\week3\data\Dataset\squirrel\squirrel (919).jpeg,squirrel,0.9597,squirrel,0.9597,squirrel (0.9597),cat (0.0119),dog (0.0109),chicken (0.0069),spider (0.0032),True,True
c:\Users\Alan\python\MMIP\week3\data\Dataset\squirrel\squirrel (629).jpeg,squirrel,0.5157,squirrel,0.5157,squirrel (0.5157),spider (0.2470),dog (0.0887),elephant (0.0410),sheep (0.0279),True,True
c:\Users\Alan\python\MMIP\week3\data\Dataset\squirrel\squirrel (1831).jpeg,squirrel,0.9078,squirrel,0.9078,squirrel (0.9078),dog (0.0308),horse (0.0117),chicken (0.0107),cat (0.0101),True,True
c:\Users\Alan\python\MMIP\week3\data\Dataset\squirrel\squirrel (326).jpeg,squirrel,0.9829,squirrel,0.9829,squirrel (0.9829),chicken (0.0112),elephant (0.0020),sheep (0.0011),horse (0.0010),True,True
c:\Users\Alan\python\MMIP\week3\data\Dataset\squirrel\squirrel (788).jpeg,squirrel,0.9349,squirrel,0.9349,squirrel (0.9349),cow (0.0162),spider (0.0121),horse (0.0102),cat (0.0081),True,True
c:\Users\Alan\python\MMIP\week3\data\Dataset\squirrel\squirrel (194).jpeg,squirrel,0.0547,cow,0.2533,cow (0.2533),horse (0.2340),dog (0.1900),chicken (0.0924),sheep (0.0607),False,False
c:\Users\Alan\python\MMIP\week3\data\Dataset\squirrel\squirrel (1355).jpeg,squirrel,0.5987,squirrel,0.5987,squirrel (0.5987),dog (0.2302),horse (0.0512),cat (0.0427),chicken (0.0161),True,True
c:\Users\Alan\python\MMIP\week3\data\Dataset\squirrel\squirrel (986).jpeg,squirrel,0.7804,squirrel,0.7804,squirrel (0.7804),chicken (0.0753),butterfly (0.0413),sheep (0.0303),cat (0.0232),True,True
c:\Users\Alan\python\MMIP\week3\data\Dataset\squirrel\squirrel (767).jpeg,squirrel,0.9868,squirrel,0.9868,squirrel (0.9868),sheep (0.0025),spider (0.0024),horse (0.0018),dog (0.0016),True,True
c:\Users\Alan\python\MMIP\week3\data\Dataset\squirrel\squirrel (183).jpeg,squirrel,0.9278,squirrel,0.9278,squirrel (0.9278),horse (0.0228),spider (0.0108),cow (0.0102),dog (0.0080),True,True
c:\Users\Alan\python\MMIP\week3\data\Dataset\squirrel\squirrel (16).jpeg,squirrel,0.8961,squirrel,0.8961,squirrel (0.8961),dog (0.0276),cat (0.0263),spider (0.0163),sheep (0.0109),True,True
c:\Users\Alan\python\MMIP\week3\data\Dataset\squirrel\squirrel (323).jpeg,squirrel,0.9812,squirrel,0.9812,squirrel (0.9812),cow (0.0058),dog (0.0027),chicken (0.0024),horse (0.0022),True,True
c:\Users\Alan\python\MMIP\week3\data\Dataset\squirrel\squirrel (588).jpeg,squirrel,0.9641,squirrel,0.9641,squirrel (0.9641),cat (0.0080),elephant (0.0056),butterfly (0.0049),chicken (0.0040),True,True
c:\Users\Alan\python\MMIP\week3\data\Dataset\squirrel\squirrel (1444).jpeg,squirrel,0.9947,squirrel,0.9947,squirrel (0.9947),cow (0.0011),elephant (0.0009),horse (0.0007),butterfly (0.0006),True,True
c:\Users\Alan\python\MMIP\week3\data\Dataset\squirrel\squirrel (1213).jpeg,squirrel,0.8884,squirrel,0.8884,squirrel (0.8884),chicken (0.0281),horse (0.0219),elephant (0.0212),cat (0.0151),True,True
c:\Users\Alan\python\MMIP\week3\data\Dataset\squirrel\squirrel (348).jpeg,squirrel,0.8151,squirrel,0.8151,squirrel (0.8151),dog (0.0621),cat (0.0531),horse (0.0220),butterfly (0.0150),True,True
c:\Users\Alan\python\MMIP\week3\data\Dataset\squirrel\squirrel (63).jpeg,squirrel,0.5817,squirrel,0.5817,squirrel (0.5817),spider (0.2516),cat (0.0580),butterfly (0.0487),chicken (0.0222),True,True
c:\Users\Alan\python\MMIP\week3\data\Dataset\squirrel\squirrel (1230).jpeg,squirrel,0.8818,squirrel,0.8818,squirrel (0.8818),dog (0.0345),spider (0.0321),chicken (0.0168),cat (0.0072),True,True
c:\Users\Alan\python\MMIP\week3\data\Dataset\squirrel\squirrel (1845).jpeg,squirrel,0.9918,squirrel,0.9918,squirrel (0.9918),chicken (0.0017),dog (0.0014),horse (0.0010),elephant (0.0009),True,True
c:\Users\Alan\python\MMIP\week3\data\Dataset\squirrel\squirrel (1442).jpeg,squirrel,0.9681,squirrel,0.9681,squirrel (0.9681),horse (0.0109),dog (0.0060),cow (0.0059),chicken (0.0037),True,True
c:\Users\Alan\python\MMIP\week3\data\Dataset\squirrel\squirrel (716).jpeg,squirrel,0.9792,squirrel,0.9792,squirrel (0.9792),spider (0.0044),dog (0.0037),chicken (0.0029),cat (0.0024),True,True
c:\Users\Alan\python\MMIP\week3\data\Dataset\squirrel\squirrel (1174).jpeg,squirrel,0.9899,squirrel,0.9899,squirrel (0.9899),spider (0.0039),dog (0.0022),cat (0.0008),elephant (0.0006),True,True
c:\Users\Alan\python\MMIP\week3\data\Dataset\squirrel\squirrel (173).jpeg,squirrel,0.9913,squirrel,0.9913,squirrel (0.9913),spider (0.0017),cat (0.0014),dog (0.0014),butterfly (0.0013),True,True
c:\Users\Alan\python\MMIP\week3\data\Dataset\squirrel\squirrel (1288).jpeg,squirrel,0.8975,squirrel,0.8975,squirrel (0.8975),spider (0.0340),cat (0.0155),butterfly (0.0137),cow (0.0109),True,True
c:\Users\Alan\python\MMIP\week3\data\Dataset\squirrel\squirrel (329).jpeg,squirrel,0.5917,squirrel,0.5917,squirrel (0.5917),spider (0.0984),dog (0.0770),cat (0.0769),chicken (0.0427),True,True
c:\Users\Alan\python\MMIP\week3\data\Dataset\squirrel\squirrel (1146).jpeg,squirrel,0.9826,squirrel,0.9826,squirrel (0.9826),cat (0.0047),dog (0.0029),chicken (0.0026),horse (0.0022),True,True
c:\Users\Alan\python\MMIP\week3\data\Dataset\squirrel\squirrel (27).jpeg,squirrel,0.9609,squirrel,0.9609,squirrel (0.9609),cow (0.0095),chicken (0.0069),dog (0.0059),horse (0.0054),True,True
c:\Users\Alan\python\MMIP\week3\data\Dataset\squirrel\squirrel (845).jpeg,squirrel,0.9951,squirrel,0.9951,squirrel (0.9951),butterfly (0.0008),chicken (0.0008),elephant (0.0006),horse (0.0006),True,True
c:\Users\Alan\python\MMIP\week3\data\Dataset\squirrel\squirrel (900).jpeg,squirrel,0.9593,squirrel,0.9593,squirrel (0.9593),spider (0.0194),butterfly (0.0065),chicken (0.0047),sheep (0.0033),True,True
c:\Users\Alan\python\MMIP\week3\data\Dataset\squirrel\squirrel (460).jpeg,squirrel,0.7784,squirrel,0.7784,squirrel (0.7784),spider (0.0700),chicken (0.0463),dog (0.0365),horse (0.0177),True,True
c:\Users\Alan\python\MMIP\week3\data\Dataset\squirrel\squirrel (1256).jpeg,squirrel,0.8565,squirrel,0.8565,squirrel (0.8565),dog (0.0606),spider (0.0234),chicken (0.0193),butterfly (0.0102),True,True
c:\Users\Alan\python\MMIP\week3\data\Dataset\squirrel\squirrel (1794).jpeg,squirrel,0.9599,squirrel,0.9599,squirrel (0.9599),cat (0.0272),chicken (0.0039),butterfly (0.0025),sheep (0.0014),True,True
c:\Users\Alan\python\MMIP\week3\data\Dataset\squirrel\squirrel (1385).jpeg,squirrel,0.762,squirrel,0.762,squirrel (0.7620),spider (0.0776),butterfly (0.0537),sheep (0.0333),elephant (0.0225),True,True
c:\Users\Alan\python\MMIP\week3\data\Dataset\squirrel\squirrel (1840).jpeg,squirrel,0.4363,squirrel,0.4363,squirrel (0.4363),sheep (0.1744),spider (0.1421),chicken (0.0543),dog (0.0442),True,True
c:\Users\Alan\python\MMIP\week3\data\Dataset\squirrel\squirrel (1858).jpeg,squirrel,0.7134,squirrel,0.7134,squirrel (0.7134),spider (0.0698),dog (0.0509),sheep (0.0414),cat (0.0405),True,True
c:\Users\Alan\python\MMIP\week3\data\Dataset\squirrel\squirrel (532).jpeg,squirrel,0.8587,squirrel,0.8587,squirrel (0.8587),cat (0.0712),cow (0.0195),sheep (0.0104),chicken (0.0088),True,True
c:\Users\Alan\python\MMIP\week3\data\Dataset\squirrel\squirrel (1008).jpeg,squirrel,0.7931,squirrel,0.7931,squirrel (0.7931),spider (0.0717),cat (0.0449),dog (0.0207),sheep (0.0150),True,True
c:\Users\Alan\python\MMIP\week3\data\Dataset\squirrel\squirrel (426).jpeg,squirrel,0.9043,squirrel,0.9043,squirrel (0.9043),cat (0.0362),chicken (0.0242),spider (0.0179),dog (0.0050),True,True
c:\Users\Alan\python\MMIP\week3\data\Dataset\squirrel\squirrel (616).jpeg,squirrel,0.9284,squirrel,0.9284,squirrel (0.9284),dog (0.0192),spider (0.0151),cow (0.0078),chicken (0.0078),True,True
c:\Users\Alan\python\MMIP\week3\data\Dataset\squirrel\squirrel (1648).jpeg,squirrel,0.9835,squirrel,0.9835,squirrel (0.9835),cow (0.0052),sheep (0.0045),butterfly (0.0015),chicken (0.0015),True,True
c:\Users\Alan\python\MMIP\week3\data\Dataset\squirrel\squirrel (1239).jpeg,squirrel,0.9698,squirrel,0.9698,squirrel (0.9698),cow (0.0076),dog (0.0043),sheep (0.0038),horse (0.0036),True,True
c:\Users\Alan\python\MMIP\week3\data\Dataset\squirrel\squirrel (298).jpeg,squirrel,0.7213,squirrel,0.7213,squirrel (0.7213),dog (0.0909),spider (0.0602),cat (0.0493),elephant (0.0186),True,True
c:\Users\Alan\python\MMIP\week3\data\Dataset\squirrel\squirrel (854).jpeg,squirrel,0.7001,squirrel,0.7001,squirrel (0.7001),sheep (0.0802),chicken (0.0445),dog (0.0383),elephant (0.0299),True,True
c:\Users\Alan\python\MMIP\week3\data\Dataset\squirrel\squirrel (537).jpeg,squirrel,0.9871,squirrel,0.9871,squirrel (0.9871),dog (0.0051),cat (0.0022),cow (0.0010),chicken (0.0010),True,True
c:\Users\Alan\python\MMIP\week3\data\Dataset\squirrel\squirrel (999).jpeg,squirrel,0.9958,squirrel,0.9958,squirrel (0.9958),cat (0.0011),chicken (0.0008),spider (0.0005),butterfly (0.0004),True,True
c:\Users\Alan\python\MMIP\week3\data\Dataset\squirrel\squirrel (482).jpeg,squirrel,0.9638,squirrel,0.9638,squirrel (0.9638),spider (0.0133),horse (0.0073),sheep (0.0031),cow (0.0029),True,True
c:\Users\Alan\python\MMIP\week3\data\Dataset\squirrel\squirrel (477).jpeg,squirrel,0.9633,squirrel,0.9633,squirrel (0.9633),butterfly (0.0082),dog (0.0070),cat (0.0043),chicken (0.0041),True,True
c:\Users\Alan\python\MMIP\week3\data\Dataset\squirrel\squirrel (1579).jpeg,squirrel,0.9881,squirrel,0.9881,squirrel (0.9881),dog (0.0025),butterfly (0.0019),sheep (0.0014),elephant (0.0013),True,True
c:\Users\Alan\python\MMIP\week3\data\Dataset\squirrel\squirrel (950).jpeg,squirrel,0.4117,squirrel,0.4117,squirrel (0.4117),spider (0.1777),horse (0.1220),chicken (0.0748),dog (0.0638),True,True
c:\Users\Alan\python\MMIP\week3\data\Dataset\squirrel\squirrel (365).jpeg,squirrel,0.9833,squirrel,0.9833,squirrel (0.9833),dog (0.0069),chicken (0.0039),elephant (0.0017),cat (0.0010),True,True
c:\Users\Alan\python\MMIP\week3\data\Dataset\squirrel\squirrel (997).jpeg,squirrel,0.9352,squirrel,0.9352,squirrel (0.9352),cat (0.0147),sheep (0.0109),dog (0.0103),butterfly (0.0069),True,True
c:\Users\Alan\python\MMIP\week3\data\Dataset\squirrel\squirrel (1843).jpeg,squirrel,0.9736,squirrel,0.9736,squirrel (0.9736),sheep (0.0094),butterfly (0.0062),cat (0.0039),spider (0.0019),True,True
c:\Users\Alan\python\MMIP\week3\data\Dataset\squirrel\squirrel (590).jpeg,squirrel,0.8422,squirrel,0.8422,squirrel (0.8422),dog (0.0765),cow (0.0271),cat (0.0157),sheep (0.0079),True,True
c:\Users\Alan\python\MMIP\week3\data\Dataset\squirrel\squirrel (497).jpeg,squirrel,0.9832,squirrel,0.9832,squirrel (0.9832),spider (0.0045),chicken (0.0027),dog (0.0021),elephant (0.0018),True,True
c:\Users\Alan\python\MMIP\week3\data\Dataset\squirrel\squirrel (85).jpeg,squirrel,0.1872,spider,0.2025,spider (0.2025),squirrel (0.1872),sheep (0.1778),chicken (0.1261),dog (0.1172),False,True
c:\Users\Alan\python\MMIP\week3\data\Dataset\squirrel\squirrel (1173).jpeg,squirrel,0.7765,squirrel,0.7765,squirrel (0.7765),cat (0.0865),dog (0.0586),horse (0.0185),spider (0.0176),True,True
c:\Users\Alan\python\MMIP\week3\data\Dataset\squirrel\squirrel (971).jpeg,squirrel,0.9654,squirrel,0.9654,squirrel (0.9654),horse (0.0079),elephant (0.0059),dog (0.0053),chicken (0.0050),True,True
c:\Users\Alan\python\MMIP\week3\data\Dataset\squirrel\squirrel (144).jpeg,squirrel,0.9653,squirrel,0.9653,squirrel (0.9653),horse (0.0083),elephant (0.0061),dog (0.0052),chicken (0.0048),True,True
c:\Users\Alan\python\MMIP\week3\data\Dataset\squirrel\squirrel (208).jpeg,squirrel,0.8658,squirrel,0.8658,squirrel (0.8658),spider (0.0228),dog (0.0220),chicken (0.0199),cow (0.0181),True,True
c:\Users\Alan\python\MMIP\week3\data\Dataset\squirrel\squirrel (675).jpeg,squirrel,0.9455,squirrel,0.9455,squirrel (0.9455),sheep (0.0215),chicken (0.0085),dog (0.0058),horse (0.0054),True,True
c:\Users\Alan\python\MMIP\week3\data\Dataset\squirrel\squirrel (157).jpeg,squirrel,0.9723,squirrel,0.9723,squirrel (0.9723),chicken (0.0132),sheep (0.0048),elephant (0.0023),dog (0.0021),True,True
c:\Users\Alan\python\MMIP\week3\data\Dataset\squirrel\squirrel (604).jpeg,squirrel,0.9105,squirrel,0.9105,squirrel (0.9105),dog (0.0172),spider (0.0160),cat (0.0124),cow (0.0110),True,True
c:\Users\Alan\python\MMIP\week3\data\Dataset\squirrel\squirrel (1387).jpeg,squirrel,0.5,squirrel,0.5,squirrel (0.5000),dog (0.1937),chicken (0.1763),cat (0.0307),spider (0.0290),True,True
c:\Users\Alan\python\MMIP\week3\data\Dataset\squirrel\squirrel (1626).jpeg,squirrel,0.9106,squirrel,0.9106,squirrel (0.9106),dog (0.0237),elephant (0.0135),horse (0.0124),chicken (0.0120),True,True
c:\Users\Alan\python\MMIP\week3\data\Dataset\squirrel\squirrel (1206).jpeg,squirrel,0.7395,squirrel,0.7395,squirrel (0.7395),cat (0.0539),elephant (0.0389),cow (0.0349),horse (0.0261),True,True
c:\Users\Alan\python\MMIP\week3\data\Dataset\squirrel\squirrel (998).jpeg,squirrel,0.992,squirrel,0.992,squirrel (0.9920),spider (0.0027),butterfly (0.0016),sheep (0.0008),cat (0.0007),True,True
c:\Users\Alan\python\MMIP\week3\data\Dataset\squirrel\squirrel (381).jpeg,squirrel,0.8192,squirrel,0.8192,squirrel (0.8192),spider (0.1062),dog (0.0230),butterfly (0.0199),cat (0.0120),True,True
c:\Users\Alan\python\MMIP\week3\data\Dataset\squirrel\squirrel (696).jpeg,squirrel,0.761,squirrel,0.761,squirrel (0.7610),chicken (0.0748),spider (0.0487),butterfly (0.0323),cat (0.0293),True,True
c:\Users\Alan\python\MMIP\week3\data\Dataset\squirrel\squirrel (1431).jpeg,squirrel,0.8849,squirrel,0.8849,squirrel (0.8849),dog (0.0249),cat (0.0207),horse (0.0167),elephant (0.0163),True,True
c:\Users\Alan\python\MMIP\week3\data\Dataset\squirrel\squirrel (868).jpeg,squirrel,0.8196,squirrel,0.8196,squirrel (0.8196),dog (0.0751),cat (0.0217),sheep (0.0201),spider (0.0184),True,True
c:\Users\Alan\python\MMIP\week3\data\Dataset\squirrel\squirrel (214).jpeg,squirrel,0.2912,dog,0.5388,dog (0.5388),squirrel (0.2912),chicken (0.0392),cat (0.0376),horse (0.0298),False,True
