filepath,true_label,true_prob,pred_label,confidence,top1,top2,top3,top4,top5,correct,in_top5
c:\Users\Alan\python\MMIP\week3\data\Dataset\butterfly\butterfly (575).jpeg,butterfly,0.9671,butterfly,0.9671,butterfly (0.9671),squirrel (0.0052),cow (0.0050),cat (0.0040),sheep (0.0039),True,True
c:\Users\Alan\python\MMIP\week3\data\Dataset\butterfly\butterfly (648).jpeg,butterfly,0.9363,butterfly,0.9363,butterfly (0.9363),cow (0.0158),spider (0.0117),elephant (0.0075),cat (0.0069),True,True
c:\Users\Alan\python\MMIP\week3\data\Dataset\butterfly\butterfly (1412).jpeg,butterfly,0.9474,butterfly,0.9474,butterfly (0.9474),cat (0.0083),chicken (0.0075),squirrel (0.0071),dog (0.0069),True,True
c:\Users\Alan\python\MMIP\week3\data\Dataset\butterfly\butterfly (142).jpeg,butterfly,0.9931,butterfly,0.9931,butterfly (0.9931),cat (0.0013),elephant (0.0012),horse (0.0012),sheep (0.0010),True,True
c:\Users\Alan\python\MMIP\week3\data\Dataset\butterfly\buttfly-163.jpg,butterfly,0.902,butterfly,0.902,butterfly (0.9020),spider (0.0303),squirrel (0.0134),elephant (0.0103),cow (0.0094),True,True
c:\Users\Alan\python\MMIP\week3\data\Dataset\butterfly\butterfly (326).jpeg,butterfly,0.9184,butterfly,0.9184,butterfly (0.9184),dog (0.0132),elephant (0.0116),cat (0.0111),sheep (0.0099),True,True
c:\Users\Alan\python\MMIP\week3\data\Dataset\butterfly\butterfly (148).jpeg,butterfly,0.9483,butterfly,0.9483,butterfly (0.9483),cow (0.0089),squirrel (0.0083),elephant (0.0072),cat (0.0063),True,True
c:\Users\Alan\python\MMIP\week3\data\Dataset\butterfly\butterfly (824).jpeg,butterfly,0.8654,butterfly,0.8654,butterfly (0.8654),chicken (0.0386),spider (0.0328),squirrel (0.0131),dog (0.0108),True,True
c:\Users\Alan\python\MMIP\week3\data\Dataset\butterfly\buttfly-242.jpg,butterfly,0.9644,butterfly,0.9644,butterfly (0.9644),dog (0.0068),elephant (0.0054),cow (0.0050),horse (0.0048),True,True
c:\Users\Alan\python\MMIP\week3\data\Dataset\butterfly\butterfly (432).jpeg,butterfly,0.9399,butterfly,0.9399,butterfly (0.9399),dog (0.0154),squirrel (0.0103),spider (0.0079),sheep (0.0070),True,True
c:\Users\Alan\python\MMIP\week3\data\Dataset\butterfly\butterfly (1347).jpeg,butterfly,0.6989,butterfly,0.6989,butterfly (0.6989),squirrel (0.0751),spider (0.0705),horse (0.0347),dog (0.0292),True,True
c:\Users\Alan\python\MMIP\week3\data\Dataset\butterfly\buttfly-322.jpg,butterfly,0.904,butterfly,0.904,butterfly (0.9040),spider (0.0310),chicken (0.0189),elephant (0.0107),horse (0.0096),True,True
c:\Users\Alan\python\MMIP\week3\data\Dataset\butterfly\butterfly (952).jpeg,butterfly,0.8134,butterfly,0.8134,butterfly (0.8134),spider (0.0606),squirrel (0.0459),cat (0.0213),sheep (0.0142),True,True
c:\Users\Alan\python\MMIP\week3\data\Dataset\butterfly\butterfly (1280).jpeg,butterfly,0.8978,butterfly,0.8978,butterfly (0.8978),squirrel (0.0224),horse (0.0162),spider (0.0155),sheep (0.0132),True,True
c:\Users\Alan\python\MMIP\week3\data\Dataset\butterfly\butterfly (1116).jpeg,butterfly,0.0536,spider,0.6047,spider (0.6047),horse (0.1583),dog (0.0543),butterfly (0.0536),elephant (0.0422),False,True
c:\Users\Alan\python\MMIP\week3\data\Dataset\butterfly\butterfly (1604).jpeg,butterfly,0.5123,butterfly,0.5123,butterfly (0.5123),spider (0.2230),horse (0.0819),chicken (0.0648),squirrel (0.0340),True,True
c:\Users\Alan\python\MMIP\week3\data\Dataset\butterfly\buttfly-169.jpg,butterfly,0.6923,butterfly,0.6923,butterfly (0.6923),spider (0.1869),horse (0.0314),cat (0.0172),dog (0.0168),True,True
c:\Users\Alan\python\MMIP\week3\data\Dataset\butterfly\buttfly-216.jpg,butterfly,0.9011,butterfly,0.9011,butterfly (0.9011),spider (0.0298),dog (0.0178),elephant (0.0109),sheep (0.0095),True,True
c:\Users\Alan\python\MMIP\week3\data\Dataset\butterfly\butterfly (395).jpeg,butterfly,0.724,butterfly,0.724,butterfly (0.7240),chicken (0.0541),elephant (0.0434),dog (0.0417),spider (0.0254),True,True
c:\Users\Alan\python\MMIP\week3\data\Dataset\butterfly\butterfly (407).jpeg,butterfly,0.9312,butterfly,0.9312,butterfly (0.9312),elephant (0.0168),horse (0.0120),cow (0.0080),cat (0.0073),True,True
c:\Users\Alan\python\MMIP\week3\data\Dataset\butterfly\butterfly (232).jpeg,butterfly,0.9255,butterfly,0.9255,butterfly (0.9255),cat (0.0116),chicken (0.0109),cow (0.0095),horse (0.0081),True,True
c:\Users\Alan\python\MMIP\week3\data\Dataset\butterfly\buttfly-127.jpg,butterfly,0.8184,butterfly,0.8184,butterfly (0.8184),spider (0.0902),horse (0.0227),squirrel (0.0160),elephant (0.0117),True,True
c:\Users\Alan\python\MMIP\week3\data\Dataset\butterfly\butterfly (1181).jpeg,butterfly,0.9586,butterfly,0.9586,butterfly (0.9586),cat (0.0112),squirrel (0.0065),spider (0.0050),dog (0.0048),True,True
c:\Users\Alan\python\MMIP\week3\data\Dataset\butterfly\butterfly (730).jpeg,butterfly,0.7724,butterfly,0.7724,butterfly (0.7724),spider (0.0965),cow (0.0359),dog (0.0211),sheep (0.0149),True,True
c:\Users\Alan\python\MMIP\week3\data\Dataset\butterfly\butterfly (1335).jpeg,butterfly,0.9024,butterfly,0.9024,butterfly (0.9024),spider (0.0203),chicken (0.0126),horse (0.0112),cow (0.0105),True,True
c:\Users\Alan\python\MMIP\week3\data\Dataset\butterfly\buttfly-389.jpg,butterfly,0.7945,butterfly,0.7945,butterfly (0.7945),dog (0.0706),spider (0.0319),chicken (0.0312),squirrel (0.0177),True,True
c:\Users\Alan\python\MMIP\week3\data\Dataset\butterfly\butterfly (1557).jpeg,butterfly,0.9575,butterfly,0.9575,butterfly (0.9575),dog (0.0119),spider (0.0066),cow (0.0047),cat (0.0039),True,True
c:\Users\Alan\python\MMIP\week3\data\Dataset\butterfly\butterfly (1201).jpeg,butterfly,0.5663,butterfly,0.5663,butterfly (0.5663),chicken (0.1836),squirrel (0.0685),spider (0.0482),dog (0.0372),True,True
c:\Users\Alan\python\MMIP\week3\data\Dataset\butterfly\butterfly (609).jpeg,butterfly,0.9247,butterfly,0.9247,butterfly (0.9247),spider (0.0235),cat (0.0095),dog (0.0092),cow (0.0084),True,True
c:\Users\Alan\python\MMIP\week3\data\Dataset\butterfly\butterfly (1525).jpeg,butterfly,0.7998,butterfly,0.7998,butterfly (0.7998),spider (0.0884),squirrel (0.0205),elephant (0.0192),chicken (0.0165),True,True
c:\Users\Alan\python\MMIP\week3\data\Dataset\butterfly\butterfly (196).jpeg,butterfly,0.1962,spider,0.6134,spider (0.6134),butterfly (0.1962),dog (0.0602),cat (0.0323),chicken (0.0299),False,True
c:\Users\Alan\python\MMIP\week3\data\Dataset\butterfly\buttfly-23.jpg,butterfly,0.958,butterfly,0.958,butterfly (0.9580),squirrel (0.0075),sheep (0.0066),cow (0.0059),horse (0.0058),True,True
c:\Users\Alan\python\MMIP\week3\data\Dataset\butterfly\butterfly (1254).jpeg,butterfly,0.687,butterfly,0.687,butterfly (0.6870),horse (0.0692),spider (0.0674),cat (0.0522),elephant (0.0327),True,True
c:\Users\Alan\python\MMIP\week3\data\Dataset\butterfly\butterfly (749).jpeg,butterfly,0.9469,butterfly,0.9469,butterfly (0.9469),cat (0.0115),chicken (0.0086),spider (0.0083),squirrel (0.0064),True,True
c:\Users\Alan\python\MMIP\week3\data\Dataset\butterfly\butterfly (435).jpeg,butterfly,0.6916,butterfly,0.6916,butterfly (0.6916),spider (0.1029),squirrel (0.0805),cat (0.0258),dog (0.0220),True,True
c:\Users\Alan\python\MMIP\week3\data\Dataset\butterfly\buttfly-66.jpg,butterfly,0.918,butterfly,0.918,butterfly (0.9180),cat (0.0167),horse (0.0112),chicken (0.0107),elephant (0.0096),True,True
c:\Users\Alan\python\MMIP\week3\data\Dataset\butterfly\butterfly (20).jpeg,butterfly,0.53,butterfly,0.53,butterfly (0.5300),spider (0.1793),chicken (0.1591),squirrel (0.0368),elephant (0.0270),True,True
c:\Users\Alan\python\MMIP\week3\data\Dataset\butterfly\butterfly (178).jpeg,butterfly,0.3082,spider,0.4013,spider (0.4013),butterfly (0.3082),dog (0.0776),chicken (0.0503),squirrel (0.0361),False,True
c:\Users\Alan\python\MMIP\week3\data\Dataset\butterfly\butterfly (71).jpeg,butterfly,0.4219,butterfly,0.4219,butterfly (0.4219),spider (0.2581),chicken (0.0925),cow (0.0731),horse (0.0481),True,True
c:\Users\Alan\python\MMIP\week3\data\Dataset\butterfly\butterfly (904).jpeg,butterfly,0.1133,spider,0.6977,spider (0.6977),butterfly (0.1133),cat (0.0835),elephant (0.0232),chicken (0.0206),False,True
c:\Users\Alan\python\MMIP\week3\data\Dataset\butterfly\buttfly-214.jpg,butterfly,0.7201,butterfly,0.7201,butterfly (0.7201),spider (0.1364),chicken (0.0314),squirrel (0.0273),sheep (0.0189),True,True
c:\Users\Alan\python\MMIP\week3\data\Dataset\butterfly\butterfly (1461).jpeg,butterfly,0.8226,butterfly,0.8226,butterfly (0.8226),dog (0.0531),chicken (0.0295),squirrel (0.0235),sheep (0.0160),True,True
c:\Users\Alan\python\MMIP\week3\data\Dataset\butterfly\butterfly (656).jpeg,butterfly,0.6409,butterfly,0.6409,butterfly (0.6409),dog (0.1062),spider (0.0864),chicken (0.0451),elephant (0.0329),True,True
c:\Users\Alan\python\MMIP\week3\data\Dataset\butterfly\buttfly-398.jpg,butterfly,0.9171,butterfly,0.9171,butterfly (0.9171),spider (0.0121),cow (0.0114),horse (0.0111),dog (0.0108),True,True
c:\Users\Alan\python\MMIP\week3\data\Dataset\butterfly\butterfly (842).jpeg,butterfly,0.8118,butterfly,0.8118,butterfly (0.8118),spider (0.1142),horse (0.0134),chicken (0.0128),elephant (0.0118),True,True
c:\Users\Alan\python\MMIP\week3\data\Dataset\butterfly\butterfly (1429).jpeg,butterfly,0.9863,butterfly,0.9863,butterfly (0.9863),elephant (0.0030),sheep (0.0026),squirrel (0.0021),cow (0.0018),True,True
c:\Users\Alan\python\MMIP\week3\data\Dataset\butterfly\butterfly (1574).jpeg,butterfly,0.9411,butterfly,0.9411,butterfly (0.9411),dog (0.0096),squirrel (0.0090),spider (0.0086),cat (0.0073),True,True
c:\Users\Alan\python\MMIP\week3\data\Dataset\butterfly\buttfly-53.jpg,butterfly,0.9143,butterfly,0.9143,butterfly (0.9143),sheep (0.0122),squirrel (0.0117),elephant (0.0102),spider (0.0101),True,True
c:\Users\Alan\python\MMIP\week3\data\Dataset\butterfly\butterfly (1015).jpeg,butterfly,0.3931,dog,0.3985,dog (0.3985),butterfly (0.3931),spider (0.0450),chicken (0.0406),sheep (0.0336),False,True
c:\Users\Alan\python\MMIP\week3\data\Dataset\butterfly\butterfly (216).jpeg,butterfly,0.9466,butterfly,0.9466,butterfly (0.9466),dog (0.0148),sheep (0.0110),cat (0.0070),spider (0.0044),True,True
c:\Users\Alan\python\MMIP\week3\data\Dataset\butterfly\buttfly-283.jpg,butterfly,0.9235,butterfly,0.9235,butterfly (0.9235),chicken (0.0120),squirrel (0.0116),cat (0.0112),horse (0.0108),True,True
c:\Users\Alan\python\MMIP\week3\data\Dataset\butterfly\butterfly (428).jpeg,butterfly,0.8468,butterfly,0.8468,butterfly (0.8468),spider (0.0342),dog (0.0208),cat (0.0162),horse (0.0149),True,True
c:\Users\Alan\python\MMIP\week3\data\Dataset\butterfly\buttfly-390.jpg,butterfly,0.8586,butterfly,0.8586,butterfly (0.8586),spider (0.0288),horse (0.0196),squirrel (0.0166),cat (0.0161),True,True
c:\Users\Alan\python\MMIP\week3\data\Dataset\butterfly\butterfly (215).jpeg,butterfly,0.9257,butterfly,0.9257,butterfly (0.9257),dog (0.0132),horse (0.0116),sheep (0.0108),cat (0.0090),True,True
c:\Users\Alan\python\MMIP\week3\data\Dataset\butterfly\buttfly-337.jpg,butterfly,0.847,butterfly,0.847,butterfly (0.8470),spider (0.0684),chicken (0.0273),elephant (0.0163),cat (0.0097),True,True
c:\Users\Alan\python\MMIP\week3\data\Dataset\butterfly\butterfly (1606).jpeg,butterfly,0.888,butterfly,0.888,butterfly (0.8880),cat (0.0200),elephant (0.0182),cow (0.0134),dog (0.0131),True,True
c:\Users\Alan\python\MMIP\week3\data\Dataset\butterfly\butterfly (628).jpeg,butterfly,0.9055,butterfly,0.9055,butterfly (0.9055),dog (0.0241),spider (0.0173),horse (0.0114),cat (0.0110),True,True
c:\Users\Alan\python\MMIP\week3\data\Dataset\butterfly\butterfly (1082).jpeg,butterfly,0.9224,butterfly,0.9224,butterfly (0.9224),chicken (0.0159),cat (0.0132),elephant (0.0109),squirrel (0.0091),True,True
c:\Users\Alan\python\MMIP\week3\data\Dataset\butterfly\butterfly (223).jpeg,butterfly,0.9394,butterfly,0.9394,butterfly (0.9394),cat (0.0113),spider (0.0100),squirrel (0.0088),cow (0.0060),True,True
c:\Users\Alan\python\MMIP\week3\data\Dataset\butterfly\butterfly (7).jpeg,butterfly,0.8755,butterfly,0.8755,butterfly (0.8755),spider (0.0398),chicken (0.0240),cat (0.0127),horse (0.0106),True,True
c:\Users\Alan\python\MMIP\week3\data\Dataset\butterfly\butterfly (364).jpeg,butterfly,0.7981,butterfly,0.7981,butterfly (0.7981),horse (0.0551),spider (0.0269),squirrel (0.0243),elephant (0.0204),True,True
c:\Users\Alan\python\MMIP\week3\data\Dataset\butterfly\butterfly (854).jpeg,butterfly,0.9507,butterfly,0.9507,butterfly (0.9507),sheep (0.0094),cat (0.0075),cow (0.0075),squirrel (0.0058),True,True
c:\Users\Alan\python\MMIP\week3\data\Dataset\butterfly\butterfly (957).jpeg,butterfly,0.9665,butterfly,0.9665,butterfly (0.9665),squirrel (0.0062),elephant (0.0056),horse (0.0050),sheep (0.0047),True,True
c:\Users\Alan\python\MMIP\week3\data\Dataset\butterfly\butterfly (4).jpeg,butterfly,0.901,butterfly,0.901,butterfly (0.9010),sheep (0.0141),squirrel (0.0138),cow (0.0128),elephant (0.0125),True,True
c:\Users\Alan\python\MMIP\week3\data\Dataset\butterfly\butterfly (1054).jpeg,butterfly,0.92,butterfly,0.92,butterfly (0.9200),chicken (0.0148),squirrel (0.0099),sheep (0.0096),elephant (0.0096),True,True
c:\Users\Alan\python\MMIP\week3\data\Dataset\butterfly\butterfly (1176).jpeg,butterfly,0.5663,butterfly,0.5663,butterfly (0.5663),spider (0.1931),squirrel (0.0675),dog (0.0397),chicken (0.0325),True,True
c:\Users\Alan\python\MMIP\week3\data\Dataset\butterfly\butterfly (9).png,butterfly,0.9069,butterfly,0.9069,butterfly (0.9069),spider (0.0382),horse (0.0126),elephant (0.0077),sheep (0.0071),True,True
c:\Users\Alan\python\MMIP\week3\data\Dataset\butterfly\butterfly (916).jpeg,butterfly,0.4606,butterfly,0.4606,butterfly (0.4606),spider (0.2426),chicken (0.0768),cow (0.0741),horse (0.0469),True,True
c:\Users\Alan\python\MMIP\week3\data\Dataset\butterfly\butterfly (40).png,butterfly,0.1104,spider,0.7011,spider (0.7011),butterfly (0.1104),cat (0.0610),squirrel (0.0304),dog (0.0302),False,True
c:\Users\Alan\python\MMIP\week3\data\Dataset\butterfly\butterfly (620).jpeg,butterfly,0.9597,butterfly,0.9597,butterfly (0.9597),dog (0.0081),cat (0.0055),sheep (0.0046),horse (0.0044),True,True
c:\Users\Alan\python\MMIP\week3\data\Dataset\butterfly\butterfly (173).jpeg,butterfly,0.8851,butterfly,0.8851,butterfly (0.8851),chicken (0.0186),cow (0.0178),spider (0.0143),cat (0.0138),True,True
c:\Users\Alan\python\MMIP\week3\data\Dataset\butterfly\butterfly (5).jpeg,butterfly,0.8819,butterfly,0.8819,butterfly (0.8819),horse (0.0255),elephant (0.0150),spider (0.0143),sheep (0.0138),True,True
c:\Users\Alan\python\MMIP\week3\data\Dataset\butterfly\butterfly (193).jpeg,butterfly,0.1031,spider,0.281,spider (0.2810),squirrel (0.1500),elephant (0.1109),butterfly (0.1031),sheep (0.1000),False,True
c:\Users\Alan\python\MMIP\week3\data\Dataset\butterfly\butterfly (840).jpeg,butterfly,0.8619,butterfly,0.8619,butterfly (0.8619),cow (0.0260),elephant (0.0215),chicken (0.0197),cat (0.0192),True,True
c:\Users\Alan\python\MMIP\week3\data\Dataset\butterfly\butterfly (814).jpeg,butterfly,0.7987,butterfly,0.7987,butterfly (0.7987),spider (0.0494),squirrel (0.0431),dog (0.0316),cat (0.0185),True,True
c:\Users\Alan\python\MMIP\week3\data\Dataset\butterfly\butterfly (1292).jpeg,butterfly,0.0292,spider,0.9105,spider (0.9105),butterfly (0.0292),squirrel (0.0226),cat (0.0108),cow (0.0102),False,True
c:\Users\Alan\python\MMIP\week3\data\Dataset\butterfly\butterfly (361).jpeg,butterfly,0.9201,butterfly,0.9201,butterfly (0.9201),horse (0.0172),spider (0.0116),cow (0.0110),sheep (0.0100),True,True
c:\Users\Alan\python\MMIP\week3\data\Dataset\butterfly\butterfly (1576).jpeg,butterfly,0.9445,butterfly,0.9445,butterfly (0.9445),cat (0.0331),spider (0.0072),dog (0.0037),cow (0.0027),True,True
c:\Users\Alan\python\MMIP\week3\data\Dataset\butterfly\butterfly (468).jpeg,butterfly,0.9482,butterfly,0.9482,butterfly (0.9482),elephant (0.0087),squirrel (0.0084),cow (0.0078),horse (0.0070),True,True
c:\Users\Alan\python\MMIP\week3\data\Dataset\butterfly\butterfly (1494).jpeg,butterfly,0.9403,butterfly,0.9403,butterfly (0.9403),squirrel (0.0117),horse (0.0103),sheep (0.0078),cow (0.0067),True,True
c:\Users\Alan\python\MMIP\week3\data\Dataset\butterfly\butterfly (380).jpeg,butterfly,0.93,butterfly,0.93,butterfly (0.9300),chicken (0.0140),cow (0.0126),sheep (0.0104),squirrel (0.0072),True,True
c:\Users\Alan\python\MMIP\week3\data\Dataset\butterfly\butterfly (163).jpeg,butterfly,0.9486,butterfly,0.9486,butterfly (0.9486),chicken (0.0130),elephant (0.0071),cow (0.0063),sheep (0.0054),True,True
c:\Users\Alan\python\MMIP\week3\data\Dataset\butterfly\butterfly (723).jpeg,butterfly,0.3939,spider,0.4806,spider (0.4806),butterfly (0.3939),squirrel (0.0325),cow (0.0183),cat (0.0168),False,True
c:\Users\Alan\python\MMIP\week3\data\Dataset\butterfly\butterfly (946).jpeg,butterfly,0.9505,butterfly,0.9505,butterfly (0.9505),cow (0.0108),dog (0.0096),squirrel (0.0079),chicken (0.0042),True,True
c:\Users\Alan\python\MMIP\week3\data\Dataset\butterfly\butterfly (812).jpeg,butterfly,0.9672,butterfly,0.9672,butterfly (0.9672),cat (0.0062),squirrel (0.0047),sheep (0.0044),horse (0.0038),True,True
c:\Users\Alan\python\MMIP\week3\data\Dataset\butterfly\buttfly-416.jpg,butterfly,0.9437,butterfly,0.9437,butterfly (0.9437),horse (0.0110),sheep (0.0099),cow (0.0081),cat (0.0066),True,True
c:\Users\Alan\python\MMIP\week3\data\Dataset\butterfly\butterfly (975).jpeg,butterfly,0.4554,butterfly,0.4554,butterfly (0.4554),dog (0.1533),spider (0.1104),cat (0.0759),horse (0.0575),True,True
c:\Users\Alan\python\MMIP\week3\data\Dataset\butterfly\butterfly (543).jpeg,butterfly,0.7675,butterfly,0.7675,butterfly (0.7675),cat (0.0472),dog (0.0439),horse (0.0438),squirrel (0.0229),True,True
c:\Users\Alan\python\MMIP\week3\data\Dataset\butterfly\butterfly (610).jpeg,butterfly,0.2746,butterfly,0.2746,butterfly (0.2746),horse (0.2617),squirrel (0.1217),elephant (0.1042),spider (0.1002),True,True
c:\Users\Alan\python\MMIP\week3\data\Dataset\butterfly\butterfly (1177).jpeg,butterfly,0.8725,butterfly,0.8725,butterfly (0.8725),spider (0.0542),squirrel (0.0134),dog (0.0133),elephant (0.0114),True,True
c:\Users\Alan\python\MMIP\week3\data\Dataset\butterfly\butterfly (634).jpeg,butterfly,0.9577,butterfly,0.9577,butterfly (0.9577),elephant (0.0063),cat (0.0062),spider (0.0048),squirrel (0.0048),True,True
c:\Users\Alan\python\MMIP\week3\data\Dataset\butterfly\butterfly (748).jpeg,butterfly,0.5331,butterfly,0.5331,butterfly (0.5331),spider (0.1106),squirrel (0.1082),chicken (0.0635),dog (0.0603),True,True
c:\Users\Alan\python\MMIP\week3\data\Dataset\butterfly\butterfly (1573).jpeg,butterfly,0.9688,butterfly,0.9688,butterfly (0.9688),cow (0.0068),spider (0.0052),elephant (0.0043),sheep (0.0038),True,True
c:\Users\Alan\python\MMIP\week3\data\Dataset\butterfly\buttfly-190.jpg,butterfly,0.9005,butterfly,0.9005,butterfly (0.9005),cat (0.0290),spider (0.0155),sheep (0.0120),chicken (0.0116),True,True
c:\Users\Alan\python\MMIP\week3\data\Dataset\butterfly\butterfly (1623).jpeg,butterfly,0.8895,butterfly,0.8895,butterfly (0.8895),squirrel (0.0264),dog (0.0212),cow (0.0117),sheep (0.0109),True,True
c:\Users\Alan\python\MMIP\week3\data\Dataset\butterfly\butterfly (855).jpeg,butterfly,0.7739,butterfly,0.7739,butterfly (0.7739),cow (0.0748),sheep (0.0232),spider (0.0221),chicken (0.0216),True,True
c:\Users\Alan\python\MMIP\week3\data\Dataset\butterfly\buttfly-159.jpg,butterfly,0.7751,butterfly,0.7751,butterfly (0.7751),spider (0.1235),chicken (0.0181),cat (0.0156),dog (0.0149),True,True
c:\Users\Alan\python\MMIP\week3\data\Dataset\butterfly\butterfly (1402).jpeg,butterfly,0.9059,butterfly,0.9059,butterfly (0.9059),spider (0.0314),dog (0.0167),chicken (0.0108),horse (0.0098),True,True
c:\Users\Alan\python\MMIP\week3\data\Dataset\butterfly\butterfly (518).jpeg,butterfly,0.5172,butterfly,0.5172,butterfly (0.5172),spider (0.2306),dog (0.0724),cat (0.0638),elephant (0.0319),True,True
c:\Users\Alan\python\MMIP\week3\data\Dataset\butterfly\butterfly (642).jpeg,butterfly,0.94,butterfly,0.94,butterfly (0.9400),chicken (0.0128),horse (0.0085),dog (0.0077),cat (0.0071),True,True
c:\Users\Alan\python\MMIP\week3\data\Dataset\butterfly\butterfly (400).jpeg,butterfly,0.6304,butterfly,0.6304,butterfly (0.6304),chicken (0.0811),spider (0.0793),dog (0.0576),cat (0.0423),True,True
c:\Users\Alan\python\MMIP\week3\data\Dataset\butterfly\buttfly-414.jpg,butterfly,0.9416,butterfly,0.9416,butterfly (0.9416),spider (0.0127),sheep (0.0077),chicken (0.0069),elephant (0.0062),True,True
c:\Users\Alan\python\MMIP\week3\data\Dataset\butterfly\buttfly-410.jpg,butterfly,0.9554,butterfly,0.9554,butterfly (0.9554),chicken (0.0067),cow (0.0062),sheep (0.0060),elephant (0.0051),True,True
c:\Users\Alan\python\MMIP\week3\data\Dataset\butterfly\butterfly (456).jpeg,butterfly,0.6982,butterfly,0.6982,butterfly (0.6982),spider (0.0920),chicken (0.0538),horse (0.0299),cow (0.0275),True,True
c:\Users\Alan\python\MMIP\week3\data\Dataset\butterfly\butterfly (212).jpeg,butterfly,0.9468,butterfly,0.9468,butterfly (0.9468),sheep (0.0095),horse (0.0084),dog (0.0071),chicken (0.0068),True,True
c:\Users\Alan\python\MMIP\week3\data\Dataset\butterfly\buttfly-245.jpg,butterfly,0.8366,butterfly,0.8366,butterfly (0.8366),chicken (0.0349),cat (0.0253),dog (0.0242),spider (0.0216),True,True
c:\Users\Alan\python\MMIP\week3\data\Dataset\butterfly\butterfly (348).jpeg,butterfly,0.8261,butterfly,0.8261,butterfly (0.8261),squirrel (0.0549),spider (0.0356),dog (0.0306),chicken (0.0220),True,True
c:\Users\Alan\python\MMIP\week3\data\Dataset\butterfly\butterfly (136).jpeg,butterfly,0.6544,butterfly,0.6544,butterfly (0.6544),squirrel (0.1358),spider (0.0538),elephant (0.0327),chicken (0.0313),True,True
c:\Users\Alan\python\MMIP\week3\data\Dataset\butterfly\butterfly (899).jpeg,butterfly,0.9184,butterfly,0.9184,butterfly (0.9184),squirrel (0.0264),cow (0.0100),dog (0.0082),cat (0.0081),True,True
c:\Users\Alan\python\MMIP\week3\data\Dataset\butterfly\buttfly-194.jpg,butterfly,0.9107,butterfly,0.9107,butterfly (0.9107),chicken (0.0196),squirrel (0.0187),spider (0.0169),dog (0.0101),True,True
c:\Users\Alan\python\MMIP\week3\data\Dataset\butterfly\butterfly (1346).jpeg,butterfly,0.9458,butterfly,0.9458,butterfly (0.9458),spider (0.0131),cow (0.0096),elephant (0.0065),cat (0.0063),True,True
c:\Users\Alan\python\MMIP\week3\data\Dataset\butterfly\buttfly-77.jpg,butterfly,0.8265,butterfly,0.8265,butterfly (0.8265),spider (0.1101),chicken (0.0107),horse (0.0105),squirrel (0.0100),True,True
c:\Users\Alan\python\MMIP\week3\data\Dataset\butterfly\butterfly (416).jpeg,butterfly,0.1848,horse,0.4931,horse (0.4931),butterfly (0.1848),cow (0.1476),spider (0.0680),dog (0.0415),False,True
c:\Users\Alan\python\MMIP\week3\data\Dataset\butterfly\butterfly (1211).jpeg,butterfly,0.7984,butterfly,0.7984,butterfly (0.7984),spider (0.1092),cat (0.0210),chicken (0.0147),cow (0.0117),True,True
c:\Users\Alan\python\MMIP\week3\data\Dataset\butterfly\butterfly (989).jpeg,butterfly,0.9379,butterfly,0.9379,butterfly (0.9379),cat (0.0093),spider (0.0078),cow (0.0077),squirrel (0.0076),True,True
c:\Users\Alan\python\MMIP\week3\data\Dataset\butterfly\butterfly (603).jpeg,butterfly,0.9626,butterfly,0.9626,butterfly (0.9626),squirrel (0.0152),cow (0.0045),spider (0.0039),dog (0.0037),True,True
c:\Users\Alan\python\MMIP\week3\data\Dataset\butterfly\butterfly (546).jpeg,butterfly,0.9975,butterfly,0.9975,butterfly (0.9975),cow (0.0006),chicken (0.0005),horse (0.0004),cat (0.0003),True,True
c:\Users\Alan\python\MMIP\week3\data\Dataset\butterfly\buttfly-287.jpg,butterfly,0.9327,butterfly,0.9327,butterfly (0.9327),sheep (0.0107),cat (0.0103),chicken (0.0094),horse (0.0078),True,True
c:\Users\Alan\python\MMIP\week3\data\Dataset\butterfly\butterfly (1465).jpeg,butterfly,0.8731,butterfly,0.8731,butterfly (0.8731),dog (0.0315),chicken (0.0195),cow (0.0160),elephant (0.0126),True,True
c:\Users\Alan\python\MMIP\week3\data\Dataset\butterfly\butterfly (767).jpeg,butterfly,0.2542,spider,0.3841,spider (0.3841),butterfly (0.2542),dog (0.1326),elephant (0.1112),cat (0.0267),False,True
c:\Users\Alan\python\MMIP\week3\data\Dataset\butterfly\butterfly (892).jpeg,butterfly,0.7715,butterfly,0.7715,butterfly (0.7715),dog (0.0538),cat (0.0450),spider (0.0279),sheep (0.0272),True,True
c:\Users\Alan\python\MMIP\week3\data\Dataset\butterfly\butterfly (1027).jpeg,butterfly,0.9199,butterfly,0.9199,butterfly (0.9199),squirrel (0.0225),spider (0.0120),horse (0.0095),sheep (0.0086),True,True
c:\Users\Alan\python\MMIP\week3\data\Dataset\butterfly\butterfly (15).png,butterfly,0.9339,butterfly,0.9339,butterfly (0.9339),elephant (0.0129),cat (0.0105),cow (0.0079),spider (0.0076),True,True
c:\Users\Alan\python\MMIP\week3\data\Dataset\butterfly\butterfly (825).jpeg,butterfly,0.0999,spider,0.6126,spider (0.6126),butterfly (0.0999),chicken (0.0836),horse (0.0498),dog (0.0373),False,True
c:\Users\Alan\python\MMIP\week3\data\Dataset\butterfly\butterfly (1140).jpeg,butterfly,0.9367,butterfly,0.9367,butterfly (0.9367),sheep (0.0116),spider (0.0110),horse (0.0108),elephant (0.0068),True,True
c:\Users\Alan\python\MMIP\week3\data\Dataset\butterfly\butterfly (480).jpeg,butterfly,0.1925,spider,0.6408,spider (0.6408),butterfly (0.1925),cat (0.0493),squirrel (0.0372),elephant (0.0200),False,True
c:\Users\Alan\python\MMIP\week3\data\Dataset\butterfly\buttfly-235.jpg,butterfly,0.9174,butterfly,0.9174,butterfly (0.9174),horse (0.0141),cow (0.0125),spider (0.0107),elephant (0.0097),True,True
c:\Users\Alan\python\MMIP\week3\data\Dataset\butterfly\buttfly-385.jpg,butterfly,0.9579,butterfly,0.9579,butterfly (0.9579),horse (0.0075),squirrel (0.0058),spider (0.0057),sheep (0.0051),True,True
c:\Users\Alan\python\MMIP\week3\data\Dataset\butterfly\butterfly (296).jpeg,butterfly,0.657,butterfly,0.657,butterfly (0.6570),spider (0.1946),chicken (0.0359),cat (0.0310),dog (0.0180),True,True
c:\Users\Alan\python\MMIP\week3\data\Dataset\butterfly\butterfly (556).jpeg,butterfly,0.901,butterfly,0.901,butterfly (0.9010),horse (0.0189),cat (0.0164),dog (0.0161),elephant (0.0101),True,True
c:\Users\Alan\python\MMIP\week3\data\Dataset\butterfly\buttfly-224.jpg,butterfly,0.948,butterfly,0.948,butterfly (0.9480),chicken (0.0116),sheep (0.0066),dog (0.0059),horse (0.0058),True,True
c:\Users\Alan\python\MMIP\week3\data\Dataset\butterfly\buttfly-56.jpg,butterfly,0.9729,butterfly,0.9729,butterfly (0.9729),elephant (0.0063),chicken (0.0038),horse (0.0037),sheep (0.0033),True,True
c:\Users\Alan\python\MMIP\week3\data\Dataset\butterfly\butterfly (272).jpeg,butterfly,0.9449,butterfly,0.9449,butterfly (0.9449),horse (0.0094),cow (0.0082),sheep (0.0080),squirrel (0.0078),True,True
c:\Users\Alan\python\MMIP\week3\data\Dataset\butterfly\buttfly-120.jpg,butterfly,0.8693,butterfly,0.8693,butterfly (0.8693),dog (0.0346),squirrel (0.0209),cat (0.0169),sheep (0.0144),True,True
c:\Users\Alan\python\MMIP\week3\data\Dataset\butterfly\butterfly (1112).jpeg,butterfly,0.9829,butterfly,0.9829,butterfly (0.9829),sheep (0.0032),horse (0.0030),cat (0.0022),dog (0.0020),True,True
c:\Users\Alan\python\MMIP\week3\data\Dataset\butterfly\butterfly (450).jpeg,butterfly,0.8762,butterfly,0.8762,butterfly (0.8762),spider (0.0281),dog (0.0222),cow (0.0161),squirrel (0.0142),True,True
c:\Users\Alan\python\MMIP\week3\data\Dataset\butterfly\butterfly (159).jpeg,butterfly,0.5774,butterfly,0.5774,butterfly (0.5774),spider (0.2189),cow (0.0419),horse (0.0377),elephant (0.0284),True,True
c:\Users\Alan\python\MMIP\week3\data\Dataset\butterfly\butterfly (815).jpeg,butterfly,0.9228,butterfly,0.9228,butterfly (0.9228),dog (0.0133),elephant (0.0098),horse (0.0095),spider (0.0095),True,True
c:\Users\Alan\python\MMIP\week3\data\Dataset\butterfly\buttfly-40.jpg,butterfly,0.8901,butterfly,0.8901,butterfly (0.8901),spider (0.0313),squirrel (0.0157),cow (0.0137),chicken (0.0129),True,True
c:\Users\Alan\python\MMIP\week3\data\Dataset\butterfly\butterfly (737).jpeg,butterfly,0.8463,butterfly,0.8463,butterfly (0.8463),squirrel (0.0300),dog (0.0291),horse (0.0257),chicken (0.0140),True,True
c:\Users\Alan\python\MMIP\week3\data\Dataset\butterfly\butterfly (1644).jpeg,butterfly,0.969,butterfly,0.969,butterfly (0.9690),elephant (0.0064),spider (0.0057),dog (0.0042),sheep (0.0032),True,True
c:\Users\Alan\python\MMIP\week3\data\Dataset\butterfly\butterfly (995).jpeg,butterfly,0.9599,butterfly,0.9599,butterfly (0.9599),chicken (0.0079),dog (0.0074),elephant (0.0057),squirrel (0.0050),True,True
c:\Users\Alan\python\MMIP\week3\data\Dataset\butterfly\butterfly (1085).jpeg,butterfly,0.8297,butterfly,0.8297,butterfly (0.8297),dog (0.0403),elephant (0.0249),squirrel (0.0198),horse (0.0190),True,True
c:\Users\Alan\python\MMIP\week3\data\Dataset\butterfly\butterfly (1511).jpeg,butterfly,0.7048,butterfly,0.7048,butterfly (0.7048),squirrel (0.0916),cat (0.0613),horse (0.0472),cow (0.0423),True,True
c:\Users\Alan\python\MMIP\week3\data\Dataset\butterfly\buttfly-102.jpg,butterfly,0.9682,butterfly,0.9682,butterfly (0.9682),sheep (0.0050),dog (0.0050),chicken (0.0047),squirrel (0.0045),True,True
c:\Users\Alan\python\MMIP\week3\data\Dataset\butterfly\butterfly (503).jpeg,butterfly,0.1249,squirrel,0.2986,squirrel (0.2986),spider (0.2880),cat (0.1339),butterfly (0.1249),elephant (0.0396),False,True
c:\Users\Alan\python\MMIP\week3\data\Dataset\butterfly\butterfly (645).jpeg,butterfly,0.8578,butterfly,0.8578,butterfly (0.8578),spider (0.0231),dog (0.0225),sheep (0.0197),horse (0.0188),True,True
c:\Users\Alan\python\MMIP\week3\data\Dataset\butterfly\butterfly (713).jpeg,butterfly,0.9622,butterfly,0.9622,butterfly (0.9622),dog (0.0109),sheep (0.0063),cat (0.0048),squirrel (0.0047),True,True
c:\Users\Alan\python\MMIP\week3\data\Dataset\butterfly\butterfly (351).jpeg,butterfly,0.9558,butterfly,0.9558,butterfly (0.9558),squirrel (0.0068),spider (0.0064),dog (0.0058),cat (0.0051),True,True
c:\Users\Alan\python\MMIP\week3\data\Dataset\butterfly\butterfly (27).png,butterfly,0.9759,butterfly,0.9759,butterfly (0.9759),cat (0.0062),elephant (0.0032),horse (0.0032),sheep (0.0027),True,True
c:\Users\Alan\python\MMIP\week3\data\Dataset\butterfly\butterfly (809).jpeg,butterfly,0.7592,butterfly,0.7592,butterfly (0.7592),dog (0.0399),spider (0.0396),cat (0.0329),sheep (0.0328),True,True
c:\Users\Alan\python\MMIP\week3\data\Dataset\butterfly\butterfly (1543).jpeg,butterfly,0.971,butterfly,0.971,butterfly (0.9710),elephant (0.0053),horse (0.0051),chicken (0.0043),cat (0.0037),True,True
c:\Users\Alan\python\MMIP\week3\data\Dataset\butterfly\butterfly (849).jpeg,butterfly,0.9011,butterfly,0.9011,butterfly (0.9011),spider (0.0434),chicken (0.0087),elephant (0.0085),squirrel (0.0084),True,True
c:\Users\Alan\python\MMIP\week3\data\Dataset\butterfly\buttfly-254.jpg,butterfly,0.8758,butterfly,0.8758,butterfly (0.8758),spider (0.0435),cat (0.0310),squirrel (0.0155),elephant (0.0104),True,True
c:\Users\Alan\python\MMIP\week3\data\Dataset\butterfly\buttfly-153.jpg,butterfly,0.9573,butterfly,0.9573,butterfly (0.9573),chicken (0.0098),horse (0.0066),elephant (0.0051),sheep (0.0047),True,True
c:\Users\Alan\python\MMIP\week3\data\Dataset\butterfly\butterfly (596).jpeg,butterfly,0.8965,butterfly,0.8965,butterfly (0.8965),chicken (0.0626),cat (0.0111),horse (0.0079),elephant (0.0058),True,True
c:\Users\Alan\python\MMIP\week3\data\Dataset\butterfly\butterfly (770).jpeg,butterfly,0.9774,butterfly,0.9774,butterfly (0.9774),sheep (0.0045),horse (0.0031),elephant (0.0030),cow (0.0030),True,True
c:\Users\Alan\python\MMIP\week3\data\Dataset\butterfly\butterfly (599).jpeg,butterfly,0.9409,butterfly,0.9409,butterfly (0.9409),cow (0.0103),horse (0.0083),cat (0.0075),squirrel (0.0072),True,True
c:\Users\Alan\python\MMIP\week3\data\Dataset\butterfly\butterfly (202).jpeg,butterfly,0.3213,butterfly,0.3213,butterfly (0.3213),dog (0.2027),horse (0.1256),spider (0.1069),squirrel (0.0710),True,True
c:\Users\Alan\python\MMIP\week3\data\Dataset\butterfly\butterfly (1575).jpeg,butterfly,0.9641,butterfly,0.9641,butterfly (0.9641),horse (0.0066),elephant (0.0061),squirrel (0.0051),dog (0.0045),True,True
c:\Users\Alan\python\MMIP\week3\data\Dataset\butterfly\buttfly-27.jpg,butterfly,0.7932,butterfly,0.7932,butterfly (0.7932),spider (0.1024),horse (0.0196),chicken (0.0190),sheep (0.0130),True,True
c:\Users\Alan\python\MMIP\week3\data\Dataset\butterfly\butterfly (747).jpeg,butterfly,0.906,butterfly,0.906,butterfly (0.9060),spider (0.0289),horse (0.0275),cat (0.0101),sheep (0.0077),True,True
c:\Users\Alan\python\MMIP\week3\data\Dataset\butterfly\butterfly (279).jpeg,butterfly,0.9018,butterfly,0.9018,butterfly (0.9018),spider (0.0316),squirrel (0.0139),cat (0.0113),dog (0.0102),True,True
c:\Users\Alan\python\MMIP\week3\data\Dataset\butterfly\butterfly (179).jpeg,butterfly,0.8976,butterfly,0.8976,butterfly (0.8976),horse (0.0341),dog (0.0295),squirrel (0.0095),elephant (0.0066),True,True
c:\Users\Alan\python\MMIP\week3\data\Dataset\butterfly\buttfly-42.jpg,butterfly,0.9155,butterfly,0.9155,butterfly (0.9155),spider (0.0184),chicken (0.0157),sheep (0.0126),dog (0.0118),True,True
c:\Users\Alan\python\MMIP\week3\data\Dataset\butterfly\buttfly-308.jpg,butterfly,0.7324,butterfly,0.7324,butterfly (0.7324),chicken (0.0688),horse (0.0525),cat (0.0449),cow (0.0295),True,True
c:\Users\Alan\python\MMIP\week3\data\Dataset\butterfly\buttfly-401.jpg,butterfly,0.9717,butterfly,0.9717,butterfly (0.9717),sheep (0.0060),dog (0.0044),horse (0.0041),squirrel (0.0039),True,True
c:\Users\Alan\python\MMIP\week3\data\Dataset\butterfly\buttfly-202.jpg,butterfly,0.9825,butterfly,0.9825,butterfly (0.9825),sheep (0.0031),cow (0.0028),cat (0.0024),chicken (0.0019),True,True
c:\Users\Alan\python\MMIP\week3\data\Dataset\butterfly\butterfly (1351).jpeg,butterfly,0.3073,butterfly,0.3073,butterfly (0.3073),chicken (0.1293),elephant (0.1291),squirrel (0.1281),spider (0.1007),True,True
c:\Users\Alan\python\MMIP\week3\data\Dataset\butterfly\butterfly (915).jpeg,butterfly,0.8484,butterfly,0.8484,butterfly (0.8484),horse (0.0259),chicken (0.0256),sheep (0.0215),cow (0.0208),True,True
c:\Users\Alan\python\MMIP\week3\data\Dataset\butterfly\butterfly (1561).jpeg,butterfly,0.8532,butterfly,0.8532,butterfly (0.8532),spider (0.0624),squirrel (0.0154),dog (0.0138),sheep (0.0136),True,True
c:\Users\Alan\python\MMIP\week3\data\Dataset\butterfly\butterfly (1445).jpeg,butterfly,0.9197,butterfly,0.9197,butterfly (0.9197),squirrel (0.0187),spider (0.0157),horse (0.0145),cow (0.0073),True,True
c:\Users\Alan\python\MMIP\week3\data\Dataset\butterfly\buttfly-360.jpg,butterfly,0.5018,butterfly,0.5018,butterfly (0.5018),spider (0.3384),cat (0.0321),sheep (0.0257),dog (0.0230),True,True
c:\Users\Alan\python\MMIP\week3\data\Dataset\butterfly\buttfly-6.jpg,butterfly,0.7719,butterfly,0.7719,butterfly (0.7719),cat (0.0561),squirrel (0.0476),dog (0.0378),sheep (0.0364),True,True
c:\Users\Alan\python\MMIP\week3\data\Dataset\butterfly\butterfly (446).jpeg,butterfly,0.7142,butterfly,0.7142,butterfly (0.7142),spider (0.2092),cow (0.0165),cat (0.0153),horse (0.0146),True,True
c:\Users\Alan\python\MMIP\week3\data\Dataset\butterfly\butterfly (829).jpeg,butterfly,0.9225,butterfly,0.9225,butterfly (0.9225),spider (0.0226),squirrel (0.0149),cow (0.0067),horse (0.0063),True,True
c:\Users\Alan\python\MMIP\week3\data\Dataset\butterfly\butterfly (1009).jpeg,butterfly,0.8973,butterfly,0.8973,butterfly (0.8973),dog (0.0187),cat (0.0185),squirrel (0.0166),cow (0.0112),True,True
c:\Users\Alan\python\MMIP\week3\data\Dataset\butterfly\butterfly (1370).jpeg,butterfly,0.8769,butterfly,0.8769,butterfly (0.8769),cat (0.0188),sheep (0.0180),cow (0.0180),elephant (0.0161),True,True
c:\Users\Alan\python\MMIP\week3\data\Dataset\butterfly\butterfly (847).jpeg,butterfly,0.7997,butterfly,0.7997,butterfly (0.7997),spider (0.0537),squirrel (0.0383),chicken (0.0250),cow (0.0228),True,True
c:\Users\Alan\python\MMIP\week3\data\Dataset\butterfly\butterfly (46).jpeg,butterfly,0.3943,butterfly,0.3943,butterfly (0.3943),cow (0.1629),dog (0.1061),horse (0.0836),sheep (0.0720),True,True
c:\Users\Alan\python\MMIP\week3\data\Dataset\butterfly\butterfly (706).jpeg,butterfly,0.7299,butterfly,0.7299,butterfly (0.7299),spider (0.1485),squirrel (0.0222),chicken (0.0175),sheep (0.0172),True,True
c:\Users\Alan\python\MMIP\week3\data\Dataset\butterfly\buttfly-105.jpg,butterfly,0.9785,butterfly,0.9785,butterfly (0.9785),elephant (0.0045),horse (0.0039),cow (0.0034),squirrel (0.0032),True,True
c:\Users\Alan\python\MMIP\week3\data\Dataset\butterfly\buttfly-107.jpg,butterfly,0.8021,butterfly,0.8021,butterfly (0.8021),spider (0.0483),squirrel (0.0315),cat (0.0299),chicken (0.0201),True,True
c:\Users\Alan\python\MMIP\week3\data\Dataset\butterfly\butterfly (611).jpeg,butterfly,0.8508,butterfly,0.8508,butterfly (0.8508),spider (0.0432),chicken (0.0297),squirrel (0.0213),sheep (0.0135),True,True
c:\Users\Alan\python\MMIP\week3\data\Dataset\butterfly\buttfly-347.jpg,butterfly,0.9462,butterfly,0.9462,butterfly (0.9462),chicken (0.0202),dog (0.0072),cat (0.0050),squirrel (0.0046),True,True
c:\Users\Alan\python\MMIP\week3\data\Dataset\butterfly\butterfly (81).jpeg,butterfly,0.5383,butterfly,0.5383,butterfly (0.5383),spider (0.2938),dog (0.0553),squirrel (0.0306),chicken (0.0247),True,True
c:\Users\Alan\python\MMIP\week3\data\Dataset\butterfly\buttfly-358.jpg,butterfly,0.5334,butterfly,0.5334,butterfly (0.5334),spider (0.3117),cow (0.0530),horse (0.0229),sheep (0.0183),True,True
c:\Users\Alan\python\MMIP\week3\data\Dataset\butterfly\butterfly (1299).jpeg,butterfly,0.9765,butterfly,0.9765,butterfly (0.9765),dog (0.0053),squirrel (0.0029),cat (0.0028),horse (0.0026),True,True
c:\Users\Alan\python\MMIP\week3\data\Dataset\butterfly\butterfly (62).jpeg,butterfly,0.9161,butterfly,0.9161,butterfly (0.9161),cat (0.0190),chicken (0.0165),sheep (0.0152),dog (0.0116),True,True
c:\Users\Alan\python\MMIP\week3\data\Dataset\butterfly\butterfly (399).jpeg,butterfly,0.7237,butterfly,0.7237,butterfly (0.7237),spider (0.1099),dog (0.0553),squirrel (0.0362),chicken (0.0223),True,True
c:\Users\Alan\python\MMIP\week3\data\Dataset\butterfly\butterfly (859).jpeg,butterfly,0.6294,butterfly,0.6294,butterfly (0.6294),squirrel (0.1083),spider (0.0644),sheep (0.0414),dog (0.0410),True,True
c:\Users\Alan\python\MMIP\week3\data\Dataset\butterfly\butterfly (499).jpeg,butterfly,0.9519,butterfly,0.9519,butterfly (0.9519),chicken (0.0130),squirrel (0.0083),horse (0.0062),cat (0.0047),True,True
c:\Users\Alan\python\MMIP\week3\data\Dataset\butterfly\buttfly-270.jpg,butterfly,0.3392,butterfly,0.3392,butterfly (0.3392),spider (0.2272),dog (0.1448),cat (0.0690),chicken (0.0570),True,True
c:\Users\Alan\python\MMIP\week3\data\Dataset\butterfly\butterfly (1334).jpeg,butterfly,0.7011,butterfly,0.7011,butterfly (0.7011),spider (0.1748),squirrel (0.0261),dog (0.0196),sheep (0.0195),True,True
c:\Users\Alan\python\MMIP\week3\data\Dataset\butterfly\butterfly (1391).jpeg,butterfly,0.8944,butterfly,0.8944,butterfly (0.8944),squirrel (0.0369),chicken (0.0147),cat (0.0114),dog (0.0087),True,True
c:\Users\Alan\python\MMIP\week3\data\Dataset\butterfly\butterfly (1436).jpeg,butterfly,0.9117,butterfly,0.9117,butterfly (0.9117),cow (0.0241),cat (0.0179),elephant (0.0123),horse (0.0106),True,True
c:\Users\Alan\python\MMIP\week3\data\Dataset\butterfly\butterfly (190).jpeg,butterfly,0.671,butterfly,0.671,butterfly (0.6710),spider (0.0799),squirrel (0.0729),dog (0.0592),chicken (0.0319),True,True
c:\Users\Alan\python\MMIP\week3\data\Dataset\butterfly\butterfly (285).jpeg,butterfly,0.6466,butterfly,0.6466,butterfly (0.6466),squirrel (0.1248),spider (0.0686),chicken (0.0505),cat (0.0244),True,True
c:\Users\Alan\python\MMIP\week3\data\Dataset\butterfly\butterfly (1166).jpeg,butterfly,0.9449,butterfly,0.9449,butterfly (0.9449),elephant (0.0090),horse (0.0087),cat (0.0072),sheep (0.0069),True,True
c:\Users\Alan\python\MMIP\week3\data\Dataset\butterfly\buttfly-253.jpg,butterfly,0.764,butterfly,0.764,butterfly (0.7640),spider (0.1060),cat (0.0292),cow (0.0281),sheep (0.0280),True,True
c:\Users\Alan\python\MMIP\week3\data\Dataset\butterfly\butterfly (1032).jpeg,butterfly,0.0601,spider,0.4872,spider (0.4872),squirrel (0.1265),chicken (0.0966),butterfly (0.0601),horse (0.0555),False,True
c:\Users\Alan\python\MMIP\week3\data\Dataset\butterfly\butterfly (618).jpeg,butterfly,0.8042,butterfly,0.8042,butterfly (0.8042),spider (0.0516),squirrel (0.0466),cat (0.0229),elephant (0.0184),True,True
c:\Users\Alan\python\MMIP\week3\data\Dataset\butterfly\butterfly (1406).jpeg,butterfly,0.5798,butterfly,0.5798,butterfly (0.5798),spider (0.2700),horse (0.0458),cow (0.0228),chicken (0.0181),True,True
c:\Users\Alan\python\MMIP\week3\data\Dataset\butterfly\butterfly (15).jpeg,butterfly,0.9395,butterfly,0.9395,butterfly (0.9395),sheep (0.0097),cow (0.0090),elephant (0.0079),squirrel (0.0077),True,True
c:\Users\Alan\python\MMIP\week3\data\Dataset\butterfly\butterfly (527).jpeg,butterfly,0.9227,butterfly,0.9227,butterfly (0.9227),horse (0.0264),cat (0.0106),elephant (0.0097),dog (0.0096),True,True
c:\Users\Alan\python\MMIP\week3\data\Dataset\butterfly\buttfly-298.jpg,butterfly,0.4598,butterfly,0.4598,butterfly (0.4598),spider (0.4134),cat (0.0376),elephant (0.0206),squirrel (0.0173),True,True
c:\Users\Alan\python\MMIP\week3\data\Dataset\butterfly\buttfly-12.jpg,butterfly,0.9426,butterfly,0.9426,butterfly (0.9426),cow (0.0085),spider (0.0080),squirrel (0.0074),elephant (0.0073),True,True
c:\Users\Alan\python\MMIP\week3\data\Dataset\butterfly\butterfly (547).jpeg,butterfly,0.9593,butterfly,0.9593,butterfly (0.9593),dog (0.0093),horse (0.0089),squirrel (0.0049),cat (0.0048),True,True
c:\Users\Alan\python\MMIP\week3\data\Dataset\butterfly\butterfly (1532).jpeg,butterfly,0.8034,butterfly,0.8034,butterfly (0.8034),squirrel (0.0485),chicken (0.0371),spider (0.0313),elephant (0.0202),True,True
c:\Users\Alan\python\MMIP\week3\data\Dataset\butterfly\butterfly (1570).jpeg,butterfly,0.7511,butterfly,0.7511,butterfly (0.7511),spider (0.0453),squirrel (0.0415),chicken (0.0331),dog (0.0306),True,True
c:\Users\Alan\python\MMIP\week3\data\Dataset\butterfly\butterfly (74).jpeg,butterfly,0.6843,butterfly,0.6843,butterfly (0.6843),dog (0.1165),squirrel (0.0632),cow (0.0413),cat (0.0279),True,True
c:\Users\Alan\python\MMIP\week3\data\Dataset\cat\cat (375).jpeg,cat,0.871,cat,0.871,cat (0.8710),squirrel (0.0290),dog (0.0270),cow (0.0181),chicken (0.0168),True,True
c:\Users\Alan\python\MMIP\week3\data\Dataset\cat\cat (304).jpg,cat,0.87,cat,0.87,cat (0.8700),horse (0.0254),butterfly (0.0238),spider (0.0235),chicken (0.0139),True,True
c:\Users\Alan\python\MMIP\week3\data\Dataset\cat\cat (108).jpeg,cat,0.9822,cat,0.9822,cat (0.9822),horse (0.0038),cow (0.0036),elephant (0.0026),sheep (0.0021),True,True
c:\Users\Alan\python\MMIP\week3\data\Dataset\cat\cat (532).jpeg,cat,0.2454,dog,0.3703,dog (0.3703),cat (0.2454),cow (0.0904),chicken (0.0735),elephant (0.0598),False,True
c:\Users\Alan\python\MMIP\week3\data\Dataset\cat\cat (942).jpeg,cat,0.9387,cat,0.9387,cat (0.9387),dog (0.0212),horse (0.0084),butterfly (0.0080),chicken (0.0065),True,True
c:\Users\Alan\python\MMIP\week3\data\Dataset\cat\cat (22).jpeg,cat,0.5724,cat,0.5724,cat (0.5724),butterfly (0.1437),spider (0.1018),dog (0.0539),sheep (0.0384),True,True
c:\Users\Alan\python\MMIP\week3\data\Dataset\cat\cat (194).jpg,cat,0.0945,dog,0.3695,dog (0.3695),horse (0.2265),elephant (0.1186),cat (0.0945),sheep (0.0709),False,True
c:\Users\Alan\python\MMIP\week3\data\Dataset\cat\cat (996).jpeg,cat,0.917,cat,0.917,cat (0.9170),cow (0.0162),chicken (0.0146),squirrel (0.0137),elephant (0.0103),True,True
c:\Users\Alan\python\MMIP\week3\data\Dataset\cat\cat (1082).jpeg,cat,0.9617,cat,0.9617,cat (0.9617),dog (0.0093),cow (0.0063),spider (0.0052),chicken (0.0052),True,True
c:\Users\Alan\python\MMIP\week3\data\Dataset\cat\cat (43).jpeg,cat,0.4404,cat,0.4404,cat (0.4404),dog (0.1155),squirrel (0.1072),butterfly (0.0965),sheep (0.0869),True,True
c:\Users\Alan\python\MMIP\week3\data\Dataset\cat\cat (369).jpeg,cat,0.6668,cat,0.6668,cat (0.6668),dog (0.0649),butterfly (0.0588),spider (0.0493),chicken (0.0420),True,True
c:\Users\Alan\python\MMIP\week3\data\Dataset\cat\cat (519).jpeg,cat,0.192,dog,0.2256,dog (0.2256),cat (0.1920),elephant (0.1341),sheep (0.1116),squirrel (0.1090),False,True
c:\Users\Alan\python\MMIP\week3\data\Dataset\cat\cat (404).jpg,cat,0.7055,cat,0.7055,cat (0.7055),dog (0.1635),butterfly (0.0247),horse (0.0239),spider (0.0175),True,True
c:\Users\Alan\python\MMIP\week3\data\Dataset\cat\cat (606).jpeg,cat,0.8981,cat,0.8981,cat (0.8981),squirrel (0.0302),cow (0.0140),butterfly (0.0139),elephant (0.0119),True,True
c:\Users\Alan\python\MMIP\week3\data\Dataset\cat\cat (352).jpg,cat,0.6978,cat,0.6978,cat (0.6978),dog (0.0692),chicken (0.0603),horse (0.0383),sheep (0.0324),True,True
c:\Users\Alan\python\MMIP\week3\data\Dataset\cat\cat (1111).jpeg,cat,0.9581,cat,0.9581,cat (0.9581),dog (0.0101),horse (0.0077),squirrel (0.0047),sheep (0.0045),True,True
c:\Users\Alan\python\MMIP\week3\data\Dataset\cat\cat (539).jpeg,cat,0.961,cat,0.961,cat (0.9610),elephant (0.0065),sheep (0.0065),squirrel (0.0064),chicken (0.0043),True,True
c:\Users\Alan\python\MMIP\week3\data\Dataset\cat\cat (758).jpeg,cat,0.7382,cat,0.7382,cat (0.7382),chicken (0.0792),squirrel (0.0723),spider (0.0298),horse (0.0258),True,True
c:\Users\Alan\python\MMIP\week3\data\Dataset\cat\cat (32).jpeg,cat,0.0407,spider,0.2614,spider (0.2614),squirrel (0.2505),dog (0.2313),elephant (0.0568),chicken (0.0458),False,False
c:\Users\Alan\python\MMIP\week3\data\Dataset\cat\cat (920).jpeg,cat,0.8834,cat,0.8834,cat (0.8834),dog (0.0238),spider (0.0228),cow (0.0186),sheep (0.0158),True,True
c:\Users\Alan\python\MMIP\week3\data\Dataset\cat\cat (698).jpeg,cat,0.119,cow,0.1731,cow (0.1731),sheep (0.1495),horse (0.1397),cat (0.1190),dog (0.1181),False,True
c:\Users\Alan\python\MMIP\week3\data\Dataset\cat\cat (322).jpeg,cat,0.9356,cat,0.9356,cat (0.9356),squirrel (0.0174),sheep (0.0091),spider (0.0083),elephant (0.0068),True,True
c:\Users\Alan\python\MMIP\week3\data\Dataset\cat\cat (41).jpg,cat,0.9317,cat,0.9317,cat (0.9317),spider (0.0153),butterfly (0.0141),elephant (0.0086),chicken (0.0079),True,True
c:\Users\Alan\python\MMIP\week3\data\Dataset\cat\cat (294).jpeg,cat,0.9798,cat,0.9798,cat (0.9798),horse (0.0047),spider (0.0044),elephant (0.0032),chicken (0.0022),True,True
c:\Users\Alan\python\MMIP\week3\data\Dataset\cat\cat (234).jpg,cat,0.7628,cat,0.7628,cat (0.7628),dog (0.0845),sheep (0.0531),cow (0.0282),squirrel (0.0264),True,True
c:\Users\Alan\python\MMIP\week3\data\Dataset\cat\cat (295).jpeg,cat,0.7026,cat,0.7026,cat (0.7026),chicken (0.0919),spider (0.0884),sheep (0.0357),horse (0.0248),True,True
c:\Users\Alan\python\MMIP\week3\data\Dataset\cat\cat (274).jpg,cat,0.923,cat,0.923,cat (0.9230),cow (0.0170),sheep (0.0133),elephant (0.0132),chicken (0.0111),True,True
c:\Users\Alan\python\MMIP\week3\data\Dataset\cat\cat (363).jpeg,cat,0.9008,cat,0.9008,cat (0.9008),dog (0.0446),elephant (0.0096),spider (0.0095),squirrel (0.0089),True,True
c:\Users\Alan\python\MMIP\week3\data\Dataset\cat\cat (457).jpeg,cat,0.2229,sheep,0.3222,sheep (0.3222),cat (0.2229),dog (0.2144),spider (0.0521),horse (0.0415),False,True
c:\Users\Alan\python\MMIP\week3\data\Dataset\cat\cat (218).jpeg,cat,0.9293,cat,0.9293,cat (0.9293),dog (0.0326),horse (0.0089),squirrel (0.0074),elephant (0.0049),True,True
c:\Users\Alan\python\MMIP\week3\data\Dataset\cat\cat (842).jpeg,cat,0.9255,cat,0.9255,cat (0.9255),dog (0.0193),chicken (0.0137),squirrel (0.0118),spider (0.0096),True,True
c:\Users\Alan\python\MMIP\week3\data\Dataset\cat\cat (431).jpeg,cat,0.9454,cat,0.9454,cat (0.9454),elephant (0.0109),cow (0.0097),spider (0.0093),chicken (0.0055),True,True
c:\Users\Alan\python\MMIP\week3\data\Dataset\cat\cat (1194).jpeg,cat,0.8019,cat,0.8019,cat (0.8019),chicken (0.0928),cow (0.0209),dog (0.0200),squirrel (0.0189),True,True
c:\Users\Alan\python\MMIP\week3\data\Dataset\cat\cat (143).jpeg,cat,0.895,cat,0.895,cat (0.8950),butterfly (0.0367),chicken (0.0172),dog (0.0119),sheep (0.0095),True,True
c:\Users\Alan\python\MMIP\week3\data\Dataset\cat\cat (83).jpeg,cat,0.8212,cat,0.8212,cat (0.8212),butterfly (0.0542),elephant (0.0402),sheep (0.0196),chicken (0.0141),True,True
c:\Users\Alan\python\MMIP\week3\data\Dataset\cat\cat (20).jpeg,cat,0.9636,cat,0.9636,cat (0.9636),horse (0.0068),butterfly (0.0066),spider (0.0042),chicken (0.0037),True,True
c:\Users\Alan\python\MMIP\week3\data\Dataset\cat\cat (153).jpeg,cat,0.9588,cat,0.9588,cat (0.9588),dog (0.0229),chicken (0.0036),squirrel (0.0032),spider (0.0031),True,True
c:\Users\Alan\python\MMIP\week3\data\Dataset\cat\cat (58).jpeg,cat,0.6748,cat,0.6748,cat (0.6748),squirrel (0.0788),spider (0.0637),butterfly (0.0541),cow (0.0335),True,True
c:\Users\Alan\python\MMIP\week3\data\Dataset\cat\cat (381).jpg,cat,0.813,cat,0.813,cat (0.8130),spider (0.0675),squirrel (0.0334),sheep (0.0259),chicken (0.0135),True,True
c:\Users\Alan\python\MMIP\week3\data\Dataset\cat\cat (147).jpeg,cat,0.9576,cat,0.9576,cat (0.9576),cow (0.0089),elephant (0.0075),sheep (0.0067),squirrel (0.0058),True,True
c:\Users\Alan\python\MMIP\week3\data\Dataset\cat\cat (350).jpg,cat,0.9683,cat,0.9683,cat (0.9683),elephant (0.0068),sheep (0.0052),cow (0.0042),butterfly (0.0041),True,True
c:\Users\Alan\python\MMIP\week3\data\Dataset\cat\cat (407).jpg,cat,0.9915,cat,0.9915,cat (0.9915),sheep (0.0016),butterfly (0.0015),cow (0.0011),horse (0.0011),True,True
c:\Users\Alan\python\MMIP\week3\data\Dataset\cat\cat (141).jpeg,cat,0.7567,cat,0.7567,cat (0.7567),horse (0.0767),dog (0.0504),squirrel (0.0333),elephant (0.0278),True,True
c:\Users\Alan\python\MMIP\week3\data\Dataset\cat\cat (279).jpg,cat,0.8646,cat,0.8646,cat (0.8646),spider (0.0369),butterfly (0.0218),cow (0.0175),chicken (0.0163),True,True
c:\Users\Alan\python\MMIP\week3\data\Dataset\cat\cat (188).jpg,cat,0.1061,dog,0.3881,dog (0.3881),sheep (0.3781),cat (0.1061),cow (0.0436),butterfly (0.0263),False,True
c:\Users\Alan\python\MMIP\week3\data\Dataset\cat\cat (982).jpeg,cat,0.9421,cat,0.9421,cat (0.9421),dog (0.0225),sheep (0.0071),horse (0.0063),squirrel (0.0058),True,True
c:\Users\Alan\python\MMIP\week3\data\Dataset\cat\cat (1024).jpeg,cat,0.9338,cat,0.9338,cat (0.9338),cow (0.0167),chicken (0.0162),horse (0.0087),squirrel (0.0068),True,True
c:\Users\Alan\python\MMIP\week3\data\Dataset\cat\cat (342).jpeg,cat,0.9638,cat,0.9638,cat (0.9638),squirrel (0.0068),dog (0.0057),sheep (0.0047),horse (0.0045),True,True
c:\Users\Alan\python\MMIP\week3\data\Dataset\cat\cat (16).jpeg,cat,0.9079,cat,0.9079,cat (0.9079),chicken (0.0208),spider (0.0141),butterfly (0.0123),cow (0.0118),True,True
c:\Users\Alan\python\MMIP\week3\data\Dataset\cat\cat (103).jpg,cat,0.587,cat,0.587,cat (0.5870),chicken (0.3137),spider (0.0376),butterfly (0.0142),sheep (0.0129),True,True
c:\Users\Alan\python\MMIP\week3\data\Dataset\cat\cat (472).jpeg,cat,0.2999,cat,0.2999,cat (0.2999),chicken (0.2822),spider (0.0889),squirrel (0.0664),cow (0.0517),True,True
c:\Users\Alan\python\MMIP\week3\data\Dataset\cat\cat (823).jpeg,cat,0.1867,dog,0.2132,dog (0.2132),cat (0.1867),sheep (0.1399),cow (0.1202),squirrel (0.1093),False,True
c:\Users\Alan\python\MMIP\week3\data\Dataset\cat\cat (259).jpeg,cat,0.6502,cat,0.6502,cat (0.6502),cow (0.1394),dog (0.0555),sheep (0.0462),horse (0.0357),True,True
c:\Users\Alan\python\MMIP\week3\data\Dataset\cat\cat (522).jpeg,cat,0.9688,cat,0.9688,cat (0.9688),spider (0.0059),butterfly (0.0057),dog (0.0043),cow (0.0041),True,True
c:\Users\Alan\python\MMIP\week3\data\Dataset\cat\cat (679).jpeg,cat,0.3347,cat,0.3347,cat (0.3347),dog (0.2599),cow (0.0947),squirrel (0.0881),spider (0.0700),True,True
c:\Users\Alan\python\MMIP\week3\data\Dataset\cat\cat (931).jpeg,cat,0.3594,cat,0.3594,cat (0.3594),dog (0.3462),squirrel (0.0862),sheep (0.0772),cow (0.0447),True,True
c:\Users\Alan\python\MMIP\week3\data\Dataset\cat\cat (107).jpeg,cat,0.3342,dog,0.4068,dog (0.4068),cat (0.3342),chicken (0.1546),sheep (0.0270),butterfly (0.0228),False,True
c:\Users\Alan\python\MMIP\week3\data\Dataset\cat\cat (1).jpg,cat,0.429,cat,0.429,cat (0.4290),dog (0.3697),chicken (0.0644),horse (0.0250),squirrel (0.0250),True,True
c:\Users\Alan\python\MMIP\week3\data\Dataset\cat\cat (439).jpeg,cat,0.8453,cat,0.8453,cat (0.8453),dog (0.0748),sheep (0.0204),squirrel (0.0143),horse (0.0140),True,True
c:\Users\Alan\python\MMIP\week3\data\Dataset\cat\cat (132).jpeg,cat,0.7566,cat,0.7566,cat (0.7566),dog (0.1488),horse (0.0224),chicken (0.0189),butterfly (0.0155),True,True
c:\Users\Alan\python\MMIP\week3\data\Dataset\cat\cat (84).jpg,cat,0.7768,cat,0.7768,cat (0.7768),butterfly (0.0748),horse (0.0292),sheep (0.0240),elephant (0.0225),True,True
c:\Users\Alan\python\MMIP\week3\data\Dataset\cat\cat (839).jpeg,cat,0.8045,cat,0.8045,cat (0.8045),dog (0.0567),squirrel (0.0398),spider (0.0244),chicken (0.0241),True,True
c:\Users\Alan\python\MMIP\week3\data\Dataset\cat\cat (298).jpeg,cat,0.4506,cat,0.4506,cat (0.4506),spider (0.1248),dog (0.1154),chicken (0.0985),squirrel (0.0857),True,True
c:\Users\Alan\python\MMIP\week3\data\Dataset\cat\cat (444).jpeg,cat,0.1946,dog,0.2939,dog (0.2939),spider (0.2928),cat (0.1946),butterfly (0.0793),squirrel (0.0518),False,True
c:\Users\Alan\python\MMIP\week3\data\Dataset\cat\cat (767).jpeg,cat,0.359,cat,0.359,cat (0.3590),spider (0.1645),dog (0.1048),horse (0.1023),sheep (0.0864),True,True
c:\Users\Alan\python\MMIP\week3\data\Dataset\cat\cat (247).jpg,cat,0.8621,cat,0.8621,cat (0.8621),butterfly (0.0558),dog (0.0163),sheep (0.0136),cow (0.0102),True,True
c:\Users\Alan\python\MMIP\week3\data\Dataset\cat\cat (635).jpeg,cat,0.9052,cat,0.9052,cat (0.9052),squirrel (0.0193),elephant (0.0174),chicken (0.0151),sheep (0.0151),True,True
c:\Users\Alan\python\MMIP\week3\data\Dataset\cat\cat (1011).jpeg,cat,0.9523,cat,0.9523,cat (0.9523),chicken (0.0136),elephant (0.0079),cow (0.0060),squirrel (0.0053),True,True
c:\Users\Alan\python\MMIP\week3\data\Dataset\cat\cat (112).jpeg,cat,0.955,cat,0.955,cat (0.9550),sheep (0.0110),chicken (0.0080),cow (0.0064),squirrel (0.0059),True,True
c:\Users\Alan\python\MMIP\week3\data\Dataset\cat\cat (23).jpg,cat,0.9315,cat,0.9315,cat (0.9315),horse (0.0131),dog (0.0127),squirrel (0.0123),spider (0.0111),True,True
c:\Users\Alan\python\MMIP\week3\data\Dataset\cat\cat (302).jpeg,cat,0.6622,cat,0.6622,cat (0.6622),cow (0.0752),squirrel (0.0641),dog (0.0625),sheep (0.0477),True,True
c:\Users\Alan\python\MMIP\week3\data\Dataset\cat\cat (408).jpg,cat,0.6035,cat,0.6035,cat (0.6035),horse (0.1174),spider (0.1080),sheep (0.0603),butterfly (0.0375),True,True
c:\Users\Alan\python\MMIP\week3\data\Dataset\cat\cat (650).jpeg,cat,0.9112,cat,0.9112,cat (0.9112),dog (0.0362),sheep (0.0206),cow (0.0087),elephant (0.0061),True,True
c:\Users\Alan\python\MMIP\week3\data\Dataset\cat\cat (668).jpeg,cat,0.9308,cat,0.9308,cat (0.9308),spider (0.0125),horse (0.0095),butterfly (0.0081),cow (0.0075),True,True
c:\Users\Alan\python\MMIP\week3\data\Dataset\cat\cat (431).jpg,cat,0.9409,cat,0.9409,cat (0.9409),sheep (0.0107),dog (0.0095),horse (0.0078),squirrel (0.0074),True,True
c:\Users\Alan\python\MMIP\week3\data\Dataset\cat\cat (321).jpg,cat,0.9395,cat,0.9395,cat (0.9395),sheep (0.0108),spider (0.0098),squirrel (0.0077),cow (0.0077),True,True
c:\Users\Alan\python\MMIP\week3\data\Dataset\cat\cat (813).jpeg,cat,0.2595,dog,0.2619,dog (0.2619),cat (0.2595),spider (0.1522),squirrel (0.0979),sheep (0.0746),False,True
c:\Users\Alan\python\MMIP\week3\data\Dataset\cat\cat (424).jpeg,cat,0.7565,cat,0.7565,cat (0.7565),spider (0.1511),cow (0.0170),butterfly (0.0159),sheep (0.0150),True,True
c:\Users\Alan\python\MMIP\week3\data\Dataset\cat\cat (327).jpeg,cat,0.9087,cat,0.9087,cat (0.9087),dog (0.0245),horse (0.0122),elephant (0.0091),squirrel (0.0084),True,True
c:\Users\Alan\python\MMIP\week3\data\Dataset\cat\cat (566).jpeg,cat,0.7504,cat,0.7504,cat (0.7504),spider (0.0908),squirrel (0.0426),elephant (0.0355),butterfly (0.0216),True,True
c:\Users\Alan\python\MMIP\week3\data\Dataset\cat\cat (427).jpg,cat,0.937,cat,0.937,cat (0.9370),sheep (0.0237),cow (0.0119),butterfly (0.0067),horse (0.0061),True,True
c:\Users\Alan\python\MMIP\week3\data\Dataset\cat\cat (1125).jpeg,cat,0.381,cat,0.381,cat (0.3810),dog (0.2603),spider (0.0906),horse (0.0614),sheep (0.0487),True,True
c:\Users\Alan\python\MMIP\week3\data\Dataset\cat\cat (166).jpeg,cat,0.8959,cat,0.8959,cat (0.8959),spider (0.0298),squirrel (0.0143),chicken (0.0128),sheep (0.0109),True,True
c:\Users\Alan\python\MMIP\week3\data\Dataset\cat\cat (293).jpg,cat,0.854,cat,0.854,cat (0.8540),chicken (0.0289),butterfly (0.0247),elephant (0.0230),horse (0.0160),True,True
c:\Users\Alan\python\MMIP\week3\data\Dataset\cat\cat (317).jpg,cat,0.971,cat,0.971,cat (0.9710),spider (0.0081),cow (0.0045),elephant (0.0033),butterfly (0.0031),True,True
c:\Users\Alan\python\MMIP\week3\data\Dataset\cat\cat (35).jpg,cat,0.961,cat,0.961,cat (0.9610),cow (0.0161),chicken (0.0070),horse (0.0034),butterfly (0.0029),True,True
c:\Users\Alan\python\MMIP\week3\data\Dataset\cat\cat (366).jpeg,cat,0.7721,cat,0.7721,cat (0.7721),chicken (0.0669),dog (0.0507),cow (0.0260),sheep (0.0185),True,True
c:\Users\Alan\python\MMIP\week3\data\Dataset\cat\cat (136).jpeg,cat,0.908,cat,0.908,cat (0.9080),elephant (0.0179),horse (0.0165),butterfly (0.0146),cow (0.0122),True,True
c:\Users\Alan\python\MMIP\week3\data\Dataset\cat\cat (737).jpeg,cat,0.9646,cat,0.9646,cat (0.9646),horse (0.0069),elephant (0.0054),cow (0.0046),spider (0.0042),True,True
c:\Users\Alan\python\MMIP\week3\data\Dataset\cat\cat (111).jpg,cat,0.7902,cat,0.7902,cat (0.7902),elephant (0.0766),sheep (0.0422),spider (0.0307),squirrel (0.0153),True,True
c:\Users\Alan\python\MMIP\week3\data\Dataset\cat\cat (559).jpeg,cat,0.6173,cat,0.6173,cat (0.6173),dog (0.1304),spider (0.0562),sheep (0.0357),cow (0.0326),True,True
c:\Users\Alan\python\MMIP\week3\data\Dataset\cat\cat (179).jpg,cat,0.6373,cat,0.6373,cat (0.6373),squirrel (0.0895),elephant (0.0510),sheep (0.0501),chicken (0.0434),True,True
c:\Users\Alan\python\MMIP\week3\data\Dataset\cat\cat (531).jpeg,cat,0.3336,cat,0.3336,cat (0.3336),dog (0.2115),cow (0.1553),elephant (0.0606),horse (0.0542),True,True
c:\Users\Alan\python\MMIP\week3\data\Dataset\cat\cat (434).jpeg,cat,0.7436,cat,0.7436,cat (0.7436),spider (0.0514),elephant (0.0494),horse (0.0454),cow (0.0262),True,True
c:\Users\Alan\python\MMIP\week3\data\Dataset\cat\cat (65).jpg,cat,0.9706,cat,0.9706,cat (0.9706),cow (0.0073),elephant (0.0057),chicken (0.0035),squirrel (0.0029),True,True
c:\Users\Alan\python\MMIP\week3\data\Dataset\cat\cat (878).jpeg,cat,0.9564,cat,0.9564,cat (0.9564),chicken (0.0072),cow (0.0064),elephant (0.0055),sheep (0.0051),True,True
c:\Users\Alan\python\MMIP\week3\data\Dataset\cat\cat (13).jpeg,cat,0.898,cat,0.898,cat (0.8980),chicken (0.0259),dog (0.0160),horse (0.0151),cow (0.0105),True,True
c:\Users\Alan\python\MMIP\week3\data\Dataset\cat\cat (655).jpeg,cat,0.6671,cat,0.6671,cat (0.6671),dog (0.1095),sheep (0.0850),cow (0.0454),chicken (0.0239),True,True
c:\Users\Alan\python\MMIP\week3\data\Dataset\cat\cat (175).jpg,cat,0.6768,cat,0.6768,cat (0.6768),sheep (0.0711),squirrel (0.0625),spider (0.0599),cow (0.0501),True,True
c:\Users\Alan\python\MMIP\week3\data\Dataset\cat\cat (429).jpeg,cat,0.9234,cat,0.9234,cat (0.9234),dog (0.0220),spider (0.0187),cow (0.0098),squirrel (0.0088),True,True
c:\Users\Alan\python\MMIP\week3\data\Dataset\cat\cat (740).jpeg,cat,0.9663,cat,0.9663,cat (0.9663),squirrel (0.0073),dog (0.0073),chicken (0.0070),cow (0.0027),True,True
c:\Users\Alan\python\MMIP\week3\data\Dataset\cat\cat (597).jpeg,cat,0.9783,cat,0.9783,cat (0.9783),chicken (0.0045),cow (0.0034),spider (0.0028),elephant (0.0027),True,True
c:\Users\Alan\python\MMIP\week3\data\Dataset\cat\cat (1004).jpeg,cat,0.8126,cat,0.8126,cat (0.8126),dog (0.0813),chicken (0.0207),cow (0.0207),sheep (0.0181),True,True
c:\Users\Alan\python\MMIP\week3\data\Dataset\cat\cat (382).jpg,cat,0.7996,cat,0.7996,cat (0.7996),sheep (0.0421),dog (0.0317),cow (0.0281),spider (0.0249),True,True
c:\Users\Alan\python\MMIP\week3\data\Dataset\cat\cat (752).jpeg,cat,0.9108,cat,0.9108,cat (0.9108),horse (0.0176),elephant (0.0147),butterfly (0.0142),squirrel (0.0107),True,True
c:\Users\Alan\python\MMIP\week3\data\Dataset\cat\cat (260).jpg,cat,0.482,cat,0.482,cat (0.4820),dog (0.4502),squirrel (0.0184),cow (0.0159),elephant (0.0083),True,True
c:\Users\Alan\python\MMIP\week3\data\Dataset\cat\cat (358).jpg,cat,0.9764,cat,0.9764,cat (0.9764),chicken (0.0041),horse (0.0039),elephant (0.0039),sheep (0.0036),True,True
c:\Users\Alan\python\MMIP\week3\data\Dataset\cat\cat (224).jpg,cat,0.4291,cat,0.4291,cat (0.4291),butterfly (0.1607),elephant (0.1271),dog (0.0960),sheep (0.0444),True,True
c:\Users\Alan\python\MMIP\week3\data\Dataset\cat\cat (348).jpg,cat,0.4995,cat,0.4995,cat (0.4995),dog (0.1847),chicken (0.0956),squirrel (0.0798),elephant (0.0357),True,True
c:\Users\Alan\python\MMIP\week3\data\Dataset\cat\cat (60).jpg,cat,0.959,cat,0.959,cat (0.9590),squirrel (0.0126),sheep (0.0069),elephant (0.0057),spider (0.0045),True,True
c:\Users\Alan\python\MMIP\week3\data\Dataset\cat\cat (333).jpg,cat,0.9731,cat,0.9731,cat (0.9731),butterfly (0.0044),horse (0.0043),sheep (0.0036),dog (0.0034),True,True
c:\Users\Alan\python\MMIP\week3\data\Dataset\cat\cat (567).jpeg,cat,0.9305,cat,0.9305,cat (0.9305),squirrel (0.0229),spider (0.0101),elephant (0.0082),cow (0.0060),True,True
c:\Users\Alan\python\MMIP\week3\data\Dataset\cat\cat (462).jpeg,cat,0.7379,cat,0.7379,cat (0.7379),dog (0.1701),squirrel (0.0281),elephant (0.0137),chicken (0.0126),True,True
c:\Users\Alan\python\MMIP\week3\data\Dataset\cat\cat (846).jpeg,cat,0.891,cat,0.891,cat (0.8910),squirrel (0.0231),dog (0.0180),horse (0.0154),spider (0.0125),True,True
c:\Users\Alan\python\MMIP\week3\data\Dataset\cat\cat (715).jpeg,cat,0.949,cat,0.949,cat (0.9490),chicken (0.0111),cow (0.0082),butterfly (0.0078),dog (0.0067),True,True
c:\Users\Alan\python\MMIP\week3\data\Dataset\cat\cat (420).jpeg,cat,0.4063,cat,0.4063,cat (0.4063),squirrel (0.3247),chicken (0.0563),sheep (0.0480),spider (0.0473),True,True
c:\Users\Alan\python\MMIP\week3\data\Dataset\cat\cat (491).jpeg,cat,0.4478,cat,0.4478,cat (0.4478),squirrel (0.3891),elephant (0.0489),sheep (0.0366),dog (0.0201),True,True
c:\Users\Alan\python\MMIP\week3\data\Dataset\cat\cat (743).jpeg,cat,0.9767,cat,0.9767,cat (0.9767),chicken (0.0068),cow (0.0045),sheep (0.0035),elephant (0.0022),True,True
c:\Users\Alan\python\MMIP\week3\data\Dataset\cat\cat (1114).jpeg,cat,0.8175,cat,0.8175,cat (0.8175),dog (0.0495),cow (0.0446),chicken (0.0221),squirrel (0.0173),True,True
c:\Users\Alan\python\MMIP\week3\data\Dataset\cat\cat (286).jpeg,cat,0.9121,cat,0.9121,cat (0.9121),cow (0.0227),sheep (0.0175),butterfly (0.0159),horse (0.0122),True,True
c:\Users\Alan\python\MMIP\week3\data\Dataset\cat\cat (132).jpg,cat,0.8674,cat,0.8674,cat (0.8674),sheep (0.0378),spider (0.0290),cow (0.0244),squirrel (0.0119),True,True
c:\Users\Alan\python\MMIP\week3\data\Dataset\cat\cat (910).jpeg,cat,0.885,cat,0.885,cat (0.8850),dog (0.0203),chicken (0.0194),spider (0.0175),elephant (0.0154),True,True
c:\Users\Alan\python\MMIP\week3\data\Dataset\cat\cat (295).jpg,cat,0.855,cat,0.855,cat (0.8550),chicken (0.0422),elephant (0.0168),spider (0.0158),horse (0.0154),True,True
c:\Users\Alan\python\MMIP\week3\data\Dataset\cat\cat (810).jpeg,cat,0.6473,cat,0.6473,cat (0.6473),dog (0.1800),chicken (0.0907),squirrel (0.0346),spider (0.0130),True,True
c:\Users\Alan\python\MMIP\week3\data\Dataset\cat\cat (434).jpg,cat,0.7675,cat,0.7675,cat (0.7675),butterfly (0.0497),elephant (0.0367),chicken (0.0292),dog (0.0291),True,True
c:\Users\Alan\python\MMIP\week3\data\Dataset\cat\cat (261).jpeg,cat,0.8971,cat,0.8971,cat (0.8971),horse (0.0474),dog (0.0211),elephant (0.0085),squirrel (0.0057),True,True
c:\Users\Alan\python\MMIP\week3\data\Dataset\cat\cat (589).jpeg,cat,0.7937,cat,0.7937,cat (0.7937),sheep (0.0774),squirrel (0.0433),chicken (0.0168),cow (0.0154),True,True
c:\Users\Alan\python\MMIP\week3\data\Dataset\cat\cat (315).jpg,cat,0.9218,cat,0.9218,cat (0.9218),sheep (0.0248),spider (0.0143),cow (0.0125),horse (0.0087),True,True
c:\Users\Alan\python\MMIP\week3\data\Dataset\cat\cat (28).jpg,cat,0.921,cat,0.921,cat (0.9210),sheep (0.0330),horse (0.0089),spider (0.0073),butterfly (0.0060),True,True
c:\Users\Alan\python\MMIP\week3\data\Dataset\cat\cat (20).jpg,cat,0.8621,cat,0.8621,cat (0.8621),chicken (0.0478),squirrel (0.0227),dog (0.0224),butterfly (0.0089),True,True
c:\Users\Alan\python\MMIP\week3\data\Dataset\cat\cat (599).jpeg,cat,0.9558,cat,0.9558,cat (0.9558),spider (0.0082),squirrel (0.0061),horse (0.0061),butterfly (0.0051),True,True
c:\Users\Alan\python\MMIP\week3\data\Dataset\cat\cat (1002).jpeg,cat,0.8869,cat,0.8869,cat (0.8869),cow (0.0266),dog (0.0189),chicken (0.0171),sheep (0.0141),True,True
c:\Users\Alan\python\MMIP\week3\data\Dataset\cat\cat (858).jpeg,cat,0.8946,cat,0.8946,cat (0.8946),sheep (0.0367),squirrel (0.0254),horse (0.0119),elephant (0.0086),True,True
c:\Users\Alan\python\MMIP\week3\data\Dataset\cat\cat (42).jpeg,cat,0.4864,cat,0.4864,cat (0.4864),dog (0.2096),horse (0.0595),sheep (0.0540),cow (0.0427),True,True
c:\Users\Alan\python\MMIP\week3\data\Dataset\cat\cat (15).jpg,cat,0.8225,cat,0.8225,cat (0.8225),sheep (0.0702),squirrel (0.0282),cow (0.0170),elephant (0.0162),True,True
c:\Users\Alan\python\MMIP\week3\data\Dataset\cat\cat (786).jpeg,cat,0.7307,cat,0.7307,cat (0.7307),squirrel (0.0603),dog (0.0589),elephant (0.0343),spider (0.0283),True,True
c:\Users\Alan\python\MMIP\week3\data\Dataset\cat\cat (268).jpg,cat,0.9086,cat,0.9086,cat (0.9086),squirrel (0.0293),cow (0.0123),sheep (0.0103),spider (0.0099),True,True
c:\Users\Alan\python\MMIP\week3\data\Dataset\cat\cat (196).jpg,cat,0.9558,cat,0.9558,cat (0.9558),sheep (0.0247),elephant (0.0066),butterfly (0.0043),cow (0.0028),True,True
c:\Users\Alan\python\MMIP\week3\data\Dataset\cat\cat (184).jpg,cat,0.8842,cat,0.8842,cat (0.8842),elephant (0.0237),butterfly (0.0194),dog (0.0182),squirrel (0.0129),True,True
c:\Users\Alan\python\MMIP\week3\data\Dataset\cat\cat (51).jpeg,cat,0.8625,cat,0.8625,cat (0.8625),dog (0.0760),squirrel (0.0122),elephant (0.0105),butterfly (0.0091),True,True
c:\Users\Alan\python\MMIP\week3\data\Dataset\cat\cat (956).jpeg,cat,0.8401,cat,0.8401,cat (0.8401),dog (0.0683),chicken (0.0168),cow (0.0160),butterfly (0.0137),True,True
c:\Users\Alan\python\MMIP\week3\data\Dataset\cat\cat (964).jpeg,cat,0.9383,cat,0.9383,cat (0.9383),chicken (0.0345),horse (0.0079),sheep (0.0055),cow (0.0036),True,True
c:\Users\Alan\python\MMIP\week3\data\Dataset\cat\cat (386).jpg,cat,0.8977,cat,0.8977,cat (0.8977),dog (0.0620),squirrel (0.0095),sheep (0.0080),elephant (0.0057),True,True
c:\Users\Alan\python\MMIP\week3\data\Dataset\cat\cat (207).jpeg,cat,0.7455,cat,0.7455,cat (0.7455),squirrel (0.1344),sheep (0.0314),cow (0.0243),spider (0.0176),True,True
c:\Users\Alan\python\MMIP\week3\data\Dataset\cat\cat (257).jpg,cat,0.4038,dog,0.4077,dog (0.4077),cat (0.4038),sheep (0.0675),elephant (0.0539),cow (0.0215),False,True
c:\Users\Alan\python\MMIP\week3\data\Dataset\cat\cat (1036).jpeg,cat,0.8979,cat,0.8979,cat (0.8979),horse (0.0179),dog (0.0178),cow (0.0148),spider (0.0125),True,True
c:\Users\Alan\python\MMIP\week3\data\Dataset\cat\cat (71).jpeg,cat,0.9598,cat,0.9598,cat (0.9598),elephant (0.0084),chicken (0.0069),cow (0.0054),spider (0.0046),True,True
c:\Users\Alan\python\MMIP\week3\data\Dataset\cat\cat (61).jpg,cat,0.9028,cat,0.9028,cat (0.9028),squirrel (0.0313),cow (0.0154),spider (0.0108),chicken (0.0100),True,True
c:\Users\Alan\python\MMIP\week3\data\Dataset\cat\cat (454).jpeg,cat,0.961,cat,0.961,cat (0.9610),butterfly (0.0124),cow (0.0063),chicken (0.0048),spider (0.0044),True,True
c:\Users\Alan\python\MMIP\week3\data\Dataset\cat\cat (299).jpg,cat,0.8753,cat,0.8753,cat (0.8753),sheep (0.0241),spider (0.0220),squirrel (0.0212),butterfly (0.0187),True,True
c:\Users\Alan\python\MMIP\week3\data\Dataset\cat\cat (571).jpeg,cat,0.5624,cat,0.5624,cat (0.5624),spider (0.1911),elephant (0.0430),sheep (0.0412),dog (0.0364),True,True
c:\Users\Alan\python\MMIP\week3\data\Dataset\cat\cat (395).jpg,cat,0.9035,cat,0.9035,cat (0.9035),spider (0.0212),dog (0.0130),squirrel (0.0126),cow (0.0124),True,True
c:\Users\Alan\python\MMIP\week3\data\Dataset\cat\cat (397).jpg,cat,0.8365,cat,0.8365,cat (0.8365),sheep (0.0485),dog (0.0400),chicken (0.0201),butterfly (0.0119),True,True
c:\Users\Alan\python\MMIP\week3\data\Dataset\cat\cat (440).jpeg,cat,0.7808,cat,0.7808,cat (0.7808),squirrel (0.0823),chicken (0.0369),dog (0.0248),cow (0.0216),True,True
c:\Users\Alan\python\MMIP\week3\data\Dataset\cat\cat (126).jpg,cat,0.9416,cat,0.9416,cat (0.9416),spider (0.0145),cow (0.0077),dog (0.0073),elephant (0.0062),True,True
c:\Users\Alan\python\MMIP\week3\data\Dataset\cat\cat (779).jpeg,cat,0.74,cat,0.74,cat (0.7400),dog (0.0564),spider (0.0511),elephant (0.0452),sheep (0.0329),True,True
c:\Users\Alan\python\MMIP\week3\data\Dataset\cat\cat (962).jpeg,cat,0.9784,cat,0.9784,cat (0.9784),horse (0.0035),cow (0.0030),chicken (0.0027),spider (0.0026),True,True
c:\Users\Alan\python\MMIP\week3\data\Dataset\cat\cat (751).jpeg,cat,0.973,cat,0.973,cat (0.9730),elephant (0.0064),cow (0.0053),butterfly (0.0038),dog (0.0022),True,True
c:\Users\Alan\python\MMIP\week3\data\Dataset\cat\cat (500).jpeg,cat,0.0876,spider,0.4946,spider (0.4946),squirrel (0.1352),butterfly (0.1058),cat (0.0876),dog (0.0385),False,True
c:\Users\Alan\python\MMIP\week3\data\Dataset\cat\cat (289).jpeg,cat,0.9587,cat,0.9587,cat (0.9587),butterfly (0.0072),squirrel (0.0070),sheep (0.0063),elephant (0.0063),True,True
c:\Users\Alan\python\MMIP\week3\data\Dataset\cat\cat (1037).jpeg,cat,0.9796,cat,0.9796,cat (0.9796),cow (0.0032),dog (0.0032),chicken (0.0027),horse (0.0027),True,True
c:\Users\Alan\python\MMIP\week3\data\Dataset\cat\cat (163).jpg,cat,0.8351,cat,0.8351,cat (0.8351),dog (0.0649),cow (0.0269),butterfly (0.0248),chicken (0.0170),True,True
c:\Users\Alan\python\MMIP\week3\data\Dataset\cat\cat (69).jpeg,cat,0.8483,cat,0.8483,cat (0.8483),sheep (0.0407),elephant (0.0236),cow (0.0175),butterfly (0.0155),True,True
c:\Users\Alan\python\MMIP\week3\data\Dataset\cat\cat (686).jpeg,cat,0.6381,cat,0.6381,cat (0.6381),squirrel (0.1120),sheep (0.0711),chicken (0.0388),horse (0.0363),True,True
c:\Users\Alan\python\MMIP\week3\data\Dataset\cat\cat (1065).jpeg,cat,0.8346,cat,0.8346,cat (0.8346),chicken (0.0555),dog (0.0403),sheep (0.0194),squirrel (0.0163),True,True
c:\Users\Alan\python\MMIP\week3\data\Dataset\cat\cat (212).jpg,cat,0.9121,cat,0.9121,cat (0.9121),elephant (0.0194),spider (0.0165),chicken (0.0158),sheep (0.0100),True,True
c:\Users\Alan\python\MMIP\week3\data\Dataset\cat\cat (969).jpeg,cat,0.9291,cat,0.9291,cat (0.9291),cow (0.0153),dog (0.0153),squirrel (0.0096),chicken (0.0095),True,True
c:\Users\Alan\python\MMIP\week3\data\Dataset\chicken\chicken (280).jpeg,chicken,0.8181,chicken,0.8181,chicken (0.8181),butterfly (0.1001),elephant (0.0174),dog (0.0147),cat (0.0141),True,True
c:\Users\Alan\python\MMIP\week3\data\Dataset\chicken\chicken (2075).jpeg,chicken,0.8088,chicken,0.8088,chicken (0.8088),squirrel (0.0588),dog (0.0268),elephant (0.0259),sheep (0.0228),True,True
c:\Users\Alan\python\MMIP\week3\data\Dataset\chicken\chicken (202).jpeg,chicken,0.986,chicken,0.986,chicken (0.9860),squirrel (0.0021),dog (0.0021),cat (0.0020),cow (0.0018),True,True
c:\Users\Alan\python\MMIP\week3\data\Dataset\chicken\chicken (1412).jpeg,chicken,0.9075,chicken,0.9075,chicken (0.9075),sheep (0.0173),spider (0.0158),dog (0.0115),butterfly (0.0103),True,True
c:\Users\Alan\python\MMIP\week3\data\Dataset\chicken\chicken (1539).jpeg,chicken,0.847,chicken,0.847,chicken (0.8470),cow (0.0419),sheep (0.0294),elephant (0.0197),horse (0.0123),True,True
c:\Users\Alan\python\MMIP\week3\data\Dataset\chicken\chicken (938).jpeg,chicken,0.9453,chicken,0.9453,chicken (0.9453),squirrel (0.0111),sheep (0.0103),elephant (0.0081),cat (0.0062),True,True
c:\Users\Alan\python\MMIP\week3\data\Dataset\chicken\chicken (416).jpeg,chicken,0.881,chicken,0.881,chicken (0.8810),cat (0.0238),sheep (0.0175),squirrel (0.0159),cow (0.0126),True,True
c:\Users\Alan\python\MMIP\week3\data\Dataset\chicken\chicken (731).jpeg,chicken,0.5166,chicken,0.5166,chicken (0.5166),elephant (0.1843),squirrel (0.0698),cat (0.0681),butterfly (0.0494),True,True
c:\Users\Alan\python\MMIP\week3\data\Dataset\chicken\chicken (951).jpeg,chicken,0.9172,chicken,0.9172,chicken (0.9172),sheep (0.0263),cow (0.0114),dog (0.0100),butterfly (0.0099),True,True
c:\Users\Alan\python\MMIP\week3\data\Dataset\chicken\chicken (2720).jpeg,chicken,0.9363,chicken,0.9363,chicken (0.9363),horse (0.0100),butterfly (0.0081),cat (0.0077),dog (0.0070),True,True
c:\Users\Alan\python\MMIP\week3\data\Dataset\chicken\chicken (918).jpeg,chicken,0.8926,chicken,0.8926,chicken (0.8926),sheep (0.0254),squirrel (0.0228),spider (0.0149),elephant (0.0089),True,True
c:\Users\Alan\python\MMIP\week3\data\Dataset\chicken\chicken (2794).jpeg,chicken,0.9172,chicken,0.9172,chicken (0.9172),elephant (0.0203),butterfly (0.0169),cow (0.0135),squirrel (0.0114),True,True
c:\Users\Alan\python\MMIP\week3\data\Dataset\chicken\chicken (582).jpeg,chicken,0.8306,chicken,0.8306,chicken (0.8306),butterfly (0.0444),squirrel (0.0402),horse (0.0275),dog (0.0173),True,True
c:\Users\Alan\python\MMIP\week3\data\Dataset\chicken\chicken (544).jpeg,chicken,0.8526,chicken,0.8526,chicken (0.8526),squirrel (0.0334),cat (0.0241),spider (0.0153),butterfly (0.0142),True,True
c:\Users\Alan\python\MMIP\week3\data\Dataset\chicken\chicken (2844).jpeg,chicken,0.5935,chicken,0.5935,chicken (0.5935),sheep (0.1591),cow (0.0583),butterfly (0.0459),elephant (0.0389),True,True
c:\Users\Alan\python\MMIP\week3\data\Dataset\chicken\chicken (2689).jpeg,chicken,0.937,chicken,0.937,chicken (0.9370),spider (0.0160),cow (0.0132),sheep (0.0091),squirrel (0.0064),True,True
c:\Users\Alan\python\MMIP\week3\data\Dataset\chicken\chicken (2002).jpeg,chicken,0.7539,chicken,0.7539,chicken (0.7539),spider (0.0636),elephant (0.0484),squirrel (0.0440),sheep (0.0242),True,True
c:\Users\Alan\python\MMIP\week3\data\Dataset\chicken\chicken (2846).jpeg,chicken,0.9366,chicken,0.9366,chicken (0.9366),cat (0.0109),horse (0.0105),spider (0.0091),butterfly (0.0086),True,True
c:\Users\Alan\python\MMIP\week3\data\Dataset\chicken\chicken (853).jpeg,chicken,0.9808,chicken,0.9808,chicken (0.9808),squirrel (0.0040),sheep (0.0038),cow (0.0034),elephant (0.0028),True,True
c:\Users\Alan\python\MMIP\week3\data\Dataset\chicken\chicken (200).jpeg,chicken,0.8814,chicken,0.8814,chicken (0.8814),squirrel (0.0255),elephant (0.0188),sheep (0.0154),horse (0.0127),True,True
c:\Users\Alan\python\MMIP\week3\data\Dataset\chicken\chicken (2250).jpeg,chicken,0.8824,chicken,0.8824,chicken (0.8824),elephant (0.0238),squirrel (0.0238),dog (0.0163),sheep (0.0126),True,True
c:\Users\Alan\python\MMIP\week3\data\Dataset\chicken\chicken (432).jpeg,chicken,0.6798,chicken,0.6798,chicken (0.6798),spider (0.1181),squirrel (0.0370),elephant (0.0353),cat (0.0321),True,True
c:\Users\Alan\python\MMIP\week3\data\Dataset\chicken\chicken (2012).jpeg,chicken,0.8635,chicken,0.8635,chicken (0.8635),dog (0.0575),horse (0.0148),cat (0.0125),sheep (0.0122),True,True
c:\Users\Alan\python\MMIP\week3\data\Dataset\chicken\chicken (69).jpeg,chicken,0.9205,chicken,0.9205,chicken (0.9205),butterfly (0.0135),cow (0.0120),elephant (0.0111),horse (0.0104),True,True
c:\Users\Alan\python\MMIP\week3\data\Dataset\chicken\chicken (2462).jpeg,chicken,0.448,chicken,0.448,chicken (0.4480),horse (0.2401),dog (0.2016),cat (0.0227),squirrel (0.0221),True,True
c:\Users\Alan\python\MMIP\week3\data\Dataset\chicken\chicken (1389).jpeg,chicken,0.717,chicken,0.717,chicken (0.7170),horse (0.1612),butterfly (0.0465),cat (0.0276),dog (0.0200),True,True
c:\Users\Alan\python\MMIP\week3\data\Dataset\chicken\chicken (2783).jpeg,chicken,0.8662,chicken,0.8662,chicken (0.8662),spider (0.0562),cat (0.0125),squirrel (0.0110),cow (0.0106),True,True
c:\Users\Alan\python\MMIP\week3\data\Dataset\chicken\chicken (2141).jpeg,chicken,0.9726,chicken,0.9726,chicken (0.9726),horse (0.0067),cow (0.0048),spider (0.0043),sheep (0.0029),True,True
c:\Users\Alan\python\MMIP\week3\data\Dataset\chicken\chicken (1785).jpeg,chicken,0.9842,chicken,0.9842,chicken (0.9842),butterfly (0.0034),sheep (0.0029),cat (0.0020),dog (0.0015),True,True
c:\Users\Alan\python\MMIP\week3\data\Dataset\chicken\chicken (1796).jpeg,chicken,0.9737,chicken,0.9737,chicken (0.9737),squirrel (0.0053),cow (0.0045),sheep (0.0030),elephant (0.0029),True,True
c:\Users\Alan\python\MMIP\week3\data\Dataset\chicken\chicken (119).jpeg,chicken,0.9731,chicken,0.9731,chicken (0.9731),cat (0.0095),cow (0.0043),sheep (0.0031),squirrel (0.0020),True,True
c:\Users\Alan\python\MMIP\week3\data\Dataset\chicken\chicken (1441).jpeg,chicken,0.6644,chicken,0.6644,chicken (0.6644),dog (0.1267),spider (0.0710),squirrel (0.0290),cow (0.0269),True,True
c:\Users\Alan\python\MMIP\week3\data\Dataset\chicken\chicken (1033).jpeg,chicken,0.9279,chicken,0.9279,chicken (0.9279),cat (0.0142),squirrel (0.0138),horse (0.0115),elephant (0.0101),True,True
c:\Users\Alan\python\MMIP\week3\data\Dataset\chicken\chicken (2395).jpeg,chicken,0.8328,chicken,0.8328,chicken (0.8328),dog (0.0830),spider (0.0178),cow (0.0139),squirrel (0.0128),True,True
c:\Users\Alan\python\MMIP\week3\data\Dataset\chicken\chicken (862).jpeg,chicken,0.7041,chicken,0.7041,chicken (0.7041),squirrel (0.1184),cat (0.0393),sheep (0.0332),dog (0.0258),True,True
c:\Users\Alan\python\MMIP\week3\data\Dataset\chicken\chicken (194).jpeg,chicken,0.8107,chicken,0.8107,chicken (0.8107),dog (0.0414),sheep (0.0370),squirrel (0.0286),spider (0.0187),True,True
c:\Users\Alan\python\MMIP\week3\data\Dataset\chicken\chicken (378).jpeg,chicken,0.9301,chicken,0.9301,chicken (0.9301),butterfly (0.0203),horse (0.0095),cat (0.0093),cow (0.0070),True,True
c:\Users\Alan\python\MMIP\week3\data\Dataset\chicken\chicken (2944).jpeg,chicken,0.912,chicken,0.912,chicken (0.9120),dog (0.0215),butterfly (0.0116),cat (0.0116),elephant (0.0103),True,True
c:\Users\Alan\python\MMIP\week3\data\Dataset\chicken\chicken (189).jpeg,chicken,0.6054,chicken,0.6054,chicken (0.6054),squirrel (0.1011),spider (0.0660),sheep (0.0608),dog (0.0517),True,True
c:\Users\Alan\python\MMIP\week3\data\Dataset\chicken\chicken (2146).jpeg,chicken,0.8031,chicken,0.8031,chicken (0.8031),cat (0.0388),dog (0.0380),cow (0.0369),elephant (0.0180),True,True
c:\Users\Alan\python\MMIP\week3\data\Dataset\chicken\chicken (1880).jpeg,chicken,0.7354,chicken,0.7354,chicken (0.7354),dog (0.0803),squirrel (0.0560),spider (0.0277),sheep (0.0277),True,True
c:\Users\Alan\python\MMIP\week3\data\Dataset\chicken\chicken (350).jpeg,chicken,0.9095,chicken,0.9095,chicken (0.9095),horse (0.0197),cat (0.0134),sheep (0.0128),cow (0.0108),True,True
c:\Users\Alan\python\MMIP\week3\data\Dataset\chicken\chicken (536).jpeg,chicken,0.6339,chicken,0.6339,chicken (0.6339),dog (0.1743),butterfly (0.0371),squirrel (0.0285),elephant (0.0267),True,True
c:\Users\Alan\python\MMIP\week3\data\Dataset\chicken\chicken (2658).jpeg,chicken,0.9456,chicken,0.9456,chicken (0.9456),cow (0.0097),sheep (0.0083),spider (0.0071),elephant (0.0070),True,True
c:\Users\Alan\python\MMIP\week3\data\Dataset\chicken\chicken (2709).jpeg,chicken,0.9002,chicken,0.9002,chicken (0.9002),butterfly (0.0274),cat (0.0196),dog (0.0140),sheep (0.0137),True,True
c:\Users\Alan\python\MMIP\week3\data\Dataset\chicken\chicken (2996).jpeg,chicken,0.825,chicken,0.825,chicken (0.8250),sheep (0.0404),squirrel (0.0374),cat (0.0231),horse (0.0228),True,True
c:\Users\Alan\python\MMIP\week3\data\Dataset\chicken\chicken (493).jpeg,chicken,0.7521,chicken,0.7521,chicken (0.7521),cow (0.0585),butterfly (0.0542),cat (0.0307),spider (0.0213),True,True
c:\Users\Alan\python\MMIP\week3\data\Dataset\chicken\chicken (2396).jpeg,chicken,0.7221,chicken,0.7221,chicken (0.7221),spider (0.0945),cat (0.0370),squirrel (0.0353),elephant (0.0303),True,True
c:\Users\Alan\python\MMIP\week3\data\Dataset\chicken\chicken (281).jpeg,chicken,0.8871,chicken,0.8871,chicken (0.8871),butterfly (0.0208),sheep (0.0162),squirrel (0.0156),dog (0.0148),True,True
c:\Users\Alan\python\MMIP\week3\data\Dataset\chicken\chicken (3010).jpeg,chicken,0.8117,chicken,0.8117,chicken (0.8117),spider (0.0752),elephant (0.0432),butterfly (0.0141),dog (0.0132),True,True
c:\Users\Alan\python\MMIP\week3\data\Dataset\chicken\chicken (550).jpeg,chicken,0.3949,chicken,0.3949,chicken (0.3949),dog (0.1764),spider (0.1396),butterfly (0.0769),squirrel (0.0591),True,True
c:\Users\Alan\python\MMIP\week3\data\Dataset\chicken\chicken (1793).jpeg,chicken,0.7985,chicken,0.7985,chicken (0.7985),butterfly (0.0752),horse (0.0227),dog (0.0197),spider (0.0191),True,True
c:\Users\Alan\python\MMIP\week3\data\Dataset\chicken\chicken (2653).jpeg,chicken,0.9704,chicken,0.9704,chicken (0.9704),sheep (0.0070),squirrel (0.0065),horse (0.0030),elephant (0.0028),True,True
c:\Users\Alan\python\MMIP\week3\data\Dataset\chicken\chicken (7).jpeg,chicken,0.8624,chicken,0.8624,chicken (0.8624),squirrel (0.0259),spider (0.0220),butterfly (0.0165),cat (0.0135),True,True
c:\Users\Alan\python\MMIP\week3\data\Dataset\chicken\chicken (2788).jpeg,chicken,0.4089,chicken,0.4089,chicken (0.4089),sheep (0.2839),cow (0.0768),dog (0.0673),butterfly (0.0351),True,True
c:\Users\Alan\python\MMIP\week3\data\Dataset\chicken\chicken (2270).jpeg,chicken,0.8113,chicken,0.8113,chicken (0.8113),sheep (0.0448),elephant (0.0301),horse (0.0226),butterfly (0.0199),True,True
c:\Users\Alan\python\MMIP\week3\data\Dataset\chicken\chicken (509).jpeg,chicken,0.9415,chicken,0.9415,chicken (0.9415),cow (0.0119),squirrel (0.0081),elephant (0.0072),cat (0.0072),True,True
c:\Users\Alan\python\MMIP\week3\data\Dataset\chicken\chicken (1192).jpeg,chicken,0.9428,chicken,0.9428,chicken (0.9428),butterfly (0.0189),sheep (0.0115),cow (0.0067),elephant (0.0052),True,True
c:\Users\Alan\python\MMIP\week3\data\Dataset\chicken\chicken (1166).jpeg,chicken,0.7681,chicken,0.7681,chicken (0.7681),sheep (0.0414),elephant (0.0330),cow (0.0326),spider (0.0263),True,True
c:\Users\Alan\python\MMIP\week3\data\Dataset\chicken\chicken (2433).jpeg,chicken,0.9046,chicken,0.9046,chicken (0.9046),dog (0.0247),elephant (0.0215),horse (0.0110),butterfly (0.0098),True,True
c:\Users\Alan\python\MMIP\week3\data\Dataset\chicken\chicken (1991).jpeg,chicken,0.9586,chicken,0.9586,chicken (0.9586),dog (0.0081),cow (0.0066),horse (0.0048),sheep (0.0045),True,True
c:\Users\Alan\python\MMIP\week3\data\Dataset\chicken\chicken (423).jpeg,chicken,0.9724,chicken,0.9724,chicken (0.9724),dog (0.0067),squirrel (0.0040),horse (0.0034),sheep (0.0032),True,True
c:\Users\Alan\python\MMIP\week3\data\Dataset\chicken\chicken (506).jpeg,chicken,0.9949,chicken,0.9949,chicken (0.9949),horse (0.0024),cow (0.0006),cat (0.0005),squirrel (0.0003),True,True
c:\Users\Alan\python\MMIP\week3\data\Dataset\chicken\chicken (52).jpeg,chicken,0.9558,chicken,0.9558,chicken (0.9558),dog (0.0100),cat (0.0063),horse (0.0061),sheep (0.0052),True,True
c:\Users\Alan\python\MMIP\week3\data\Dataset\chicken\chicken (1610).jpeg,chicken,0.1885,squirrel,0.4534,squirrel (0.4534),chicken (0.1885),cow (0.1356),dog (0.1013),sheep (0.0453),False,True
c:\Users\Alan\python\MMIP\week3\data\Dataset\chicken\chicken (1495).jpeg,chicken,0.7362,chicken,0.7362,chicken (0.7362),dog (0.1132),butterfly (0.0364),cow (0.0279),sheep (0.0230),True,True
c:\Users\Alan\python\MMIP\week3\data\Dataset\chicken\chicken (2983).jpeg,chicken,0.9405,chicken,0.9405,chicken (0.9405),squirrel (0.0123),elephant (0.0116),spider (0.0078),horse (0.0066),True,True
c:\Users\Alan\python\MMIP\week3\data\Dataset\chicken\chicken (1556).jpeg,chicken,0.9448,chicken,0.9448,chicken (0.9448),horse (0.0125),sheep (0.0115),cow (0.0087),elephant (0.0066),True,True
c:\Users\Alan\python\MMIP\week3\data\Dataset\chicken\chicken (2717).jpeg,chicken,0.9429,chicken,0.9429,chicken (0.9429),cat (0.0133),dog (0.0087),elephant (0.0071),cow (0.0064),True,True
c:\Users\Alan\python\MMIP\week3\data\Dataset\chicken\chicken (1780).jpeg,chicken,0.947,chicken,0.947,chicken (0.9470),elephant (0.0103),cow (0.0103),spider (0.0079),sheep (0.0059),True,True
c:\Users\Alan\python\MMIP\week3\data\Dataset\chicken\chicken (946).jpeg,chicken,0.5999,chicken,0.5999,chicken (0.5999),dog (0.0998),spider (0.0711),elephant (0.0630),horse (0.0511),True,True
c:\Users\Alan\python\MMIP\week3\data\Dataset\chicken\chicken (152).jpeg,chicken,0.944,chicken,0.944,chicken (0.9440),cat (0.0119),horse (0.0095),dog (0.0079),squirrel (0.0078),True,True
c:\Users\Alan\python\MMIP\week3\data\Dataset\chicken\chicken (2986).jpeg,chicken,0.9541,chicken,0.9541,chicken (0.9541),sheep (0.0199),cow (0.0058),squirrel (0.0045),cat (0.0039),True,True
c:\Users\Alan\python\MMIP\week3\data\Dataset\chicken\chicken (1075).jpeg,chicken,0.7568,chicken,0.7568,chicken (0.7568),squirrel (0.0953),cow (0.0322),cat (0.0315),dog (0.0238),True,True
c:\Users\Alan\python\MMIP\week3\data\Dataset\chicken\chicken (2958).jpeg,chicken,0.9536,chicken,0.9536,chicken (0.9536),squirrel (0.0130),elephant (0.0077),horse (0.0047),sheep (0.0045),True,True
c:\Users\Alan\python\MMIP\week3\data\Dataset\chicken\chicken (2461).jpeg,chicken,0.931,chicken,0.931,chicken (0.9310),dog (0.0114),squirrel (0.0094),elephant (0.0089),cow (0.0083),True,True
c:\Users\Alan\python\MMIP\week3\data\Dataset\chicken\chicken (719).jpeg,chicken,0.8878,chicken,0.8878,chicken (0.8878),sheep (0.0278),dog (0.0194),horse (0.0145),cow (0.0133),True,True
c:\Users\Alan\python\MMIP\week3\data\Dataset\chicken\chicken (2122).jpeg,chicken,0.9081,chicken,0.9081,chicken (0.9081),spider (0.0172),squirrel (0.0162),sheep (0.0140),butterfly (0.0114),True,True
c:\Users\Alan\python\MMIP\week3\data\Dataset\chicken\chicken (1259).jpeg,chicken,0.6419,chicken,0.6419,chicken (0.6419),horse (0.0548),cow (0.0544),elephant (0.0531),sheep (0.0530),True,True
c:\Users\Alan\python\MMIP\week3\data\Dataset\chicken\chicken (1850).jpeg,chicken,0.8855,chicken,0.8855,chicken (0.8855),spider (0.0240),cow (0.0171),cat (0.0168),sheep (0.0154),True,True
c:\Users\Alan\python\MMIP\week3\data\Dataset\chicken\chicken (303).jpeg,chicken,0.8349,chicken,0.8349,chicken (0.8349),dog (0.0518),butterfly (0.0394),spider (0.0195),elephant (0.0140),True,True
c:\Users\Alan\python\MMIP\week3\data\Dataset\chicken\chicken (2443).jpeg,chicken,0.9481,chicken,0.9481,chicken (0.9481),horse (0.0185),squirrel (0.0061),sheep (0.0050),dog (0.0049),True,True
c:\Users\Alan\python\MMIP\week3\data\Dataset\chicken\chicken (2669).jpeg,chicken,0.9319,chicken,0.9319,chicken (0.9319),cow (0.0117),dog (0.0099),sheep (0.0097),elephant (0.0087),True,True
c:\Users\Alan\python\MMIP\week3\data\Dataset\chicken\chicken (2507).jpeg,chicken,0.2383,spider,0.4617,spider (0.4617),chicken (0.2383),squirrel (0.1042),dog (0.0569),butterfly (0.0290),False,True
c:\Users\Alan\python\MMIP\week3\data\Dataset\chicken\chicken (332).jpeg,chicken,0.903,chicken,0.903,chicken (0.9030),butterfly (0.0170),horse (0.0170),sheep (0.0138),squirrel (0.0111),True,True
c:\Users\Alan\python\MMIP\week3\data\Dataset\chicken\chicken (1189).jpeg,chicken,0.9429,chicken,0.9429,chicken (0.9429),horse (0.0133),dog (0.0120),elephant (0.0073),sheep (0.0059),True,True
c:\Users\Alan\python\MMIP\week3\data\Dataset\chicken\chicken (2663).jpeg,chicken,0.8959,chicken,0.8959,chicken (0.8959),squirrel (0.0298),cow (0.0241),cat (0.0151),dog (0.0102),True,True
c:\Users\Alan\python\MMIP\week3\data\Dataset\chicken\chicken (802).jpeg,chicken,0.9537,chicken,0.9537,chicken (0.9537),sheep (0.0189),cow (0.0064),squirrel (0.0048),cat (0.0041),True,True
c:\Users\Alan\python\MMIP\week3\data\Dataset\chicken\chicken (1578).jpeg,chicken,0.9671,chicken,0.9671,chicken (0.9671),dog (0.0088),horse (0.0085),cow (0.0056),cat (0.0033),True,True
c:\Users\Alan\python\MMIP\week3\data\Dataset\chicken\chicken (1466).jpeg,chicken,0.487,chicken,0.487,chicken (0.4870),dog (0.2692),sheep (0.0612),cat (0.0402),cow (0.0332),True,True
c:\Users\Alan\python\MMIP\week3\data\Dataset\chicken\chicken (229).jpeg,chicken,0.9864,chicken,0.9864,chicken (0.9864),squirrel (0.0033),cow (0.0022),cat (0.0019),sheep (0.0016),True,True
c:\Users\Alan\python\MMIP\week3\data\Dataset\chicken\chicken (2855).jpeg,chicken,0.8608,chicken,0.8608,chicken (0.8608),sheep (0.0291),horse (0.0286),cat (0.0160),squirrel (0.0146),True,True
c:\Users\Alan\python\MMIP\week3\data\Dataset\chicken\chicken (1775).jpeg,chicken,0.8636,chicken,0.8636,chicken (0.8636),horse (0.0306),squirrel (0.0305),dog (0.0266),elephant (0.0105),True,True
c:\Users\Alan\python\MMIP\week3\data\Dataset\chicken\chicken (552).jpeg,chicken,0.9534,chicken,0.9534,chicken (0.9534),squirrel (0.0071),cow (0.0071),elephant (0.0065),butterfly (0.0056),True,True
c:\Users\Alan\python\MMIP\week3\data\Dataset\chicken\chicken (1413).jpeg,chicken,0.9636,chicken,0.9636,chicken (0.9636),squirrel (0.0085),sheep (0.0085),elephant (0.0050),dog (0.0039),True,True
c:\Users\Alan\python\MMIP\week3\data\Dataset\chicken\chicken (3095).jpeg,chicken,0.8018,chicken,0.8018,chicken (0.8018),dog (0.0448),cow (0.0318),elephant (0.0283),cat (0.0208),True,True
c:\Users\Alan\python\MMIP\week3\data\Dataset\chicken\chicken (1599).jpeg,chicken,0.9477,chicken,0.9477,chicken (0.9477),cow (0.0108),elephant (0.0094),sheep (0.0080),cat (0.0055),True,True
c:\Users\Alan\python\MMIP\week3\data\Dataset\chicken\chicken (598).jpeg,chicken,0.1494,dog,0.546,dog (0.5460),chicken (0.1494),cat (0.1310),squirrel (0.0636),sheep (0.0255),False,True
c:\Users\Alan\python\MMIP\week3\data\Dataset\chicken\chicken (2421).jpeg,chicken,0.9281,chicken,0.9281,chicken (0.9281),spider (0.0121),elephant (0.0108),cow (0.0095),sheep (0.0091),True,True
c:\Users\Alan\python\MMIP\week3\data\Dataset\chicken\chicken (2465).jpeg,chicken,0.5398,chicken,0.5398,chicken (0.5398),butterfly (0.1260),squirrel (0.0778),dog (0.0516),sheep (0.0491),True,True
c:\Users\Alan\python\MMIP\week3\data\Dataset\chicken\chicken (557).jpeg,chicken,0.5738,chicken,0.5738,chicken (0.5738),dog (0.1920),cow (0.0590),spider (0.0498),butterfly (0.0324),True,True
c:\Users\Alan\python\MMIP\week3\data\Dataset\chicken\chicken (2280).jpeg,chicken,0.9835,chicken,0.9835,chicken (0.9835),elephant (0.0026),butterfly (0.0023),horse (0.0023),cat (0.0021),True,True
c:\Users\Alan\python\MMIP\week3\data\Dataset\chicken\chicken (795).jpeg,chicken,0.8904,chicken,0.8904,chicken (0.8904),horse (0.0354),spider (0.0160),elephant (0.0110),cow (0.0099),True,True
c:\Users\Alan\python\MMIP\week3\data\Dataset\chicken\chicken (1994).jpeg,chicken,0.98,chicken,0.98,chicken (0.9800),cat (0.0037),dog (0.0035),squirrel (0.0031),elephant (0.0022),True,True
c:\Users\Alan\python\MMIP\week3\data\Dataset\chicken\chicken (83).jpeg,chicken,0.845,chicken,0.845,chicken (0.8450),horse (0.0499),spider (0.0248),elephant (0.0198),squirrel (0.0162),True,True
c:\Users\Alan\python\MMIP\week3\data\Dataset\chicken\chicken (1296).jpeg,chicken,0.8372,chicken,0.8372,chicken (0.8372),cow (0.0415),dog (0.0313),cat (0.0260),sheep (0.0188),True,True
c:\Users\Alan\python\MMIP\week3\data\Dataset\chicken\chicken (1981).jpeg,chicken,0.365,chicken,0.365,chicken (0.3650),sheep (0.1860),spider (0.1504),cow (0.1141),butterfly (0.0454),True,True
c:\Users\Alan\python\MMIP\week3\data\Dataset\chicken\chicken (2274).jpeg,chicken,0.8913,chicken,0.8913,chicken (0.8913),butterfly (0.0283),elephant (0.0161),squirrel (0.0149),dog (0.0132),True,True
c:\Users\Alan\python\MMIP\week3\data\Dataset\chicken\chicken (2908).jpeg,chicken,0.9068,chicken,0.9068,chicken (0.9068),dog (0.0210),elephant (0.0128),cow (0.0108),horse (0.0108),True,True
c:\Users\Alan\python\MMIP\week3\data\Dataset\chicken\chicken (2738).jpeg,chicken,0.928,chicken,0.928,chicken (0.9280),cow (0.0429),elephant (0.0085),cat (0.0035),sheep (0.0035),True,True
c:\Users\Alan\python\MMIP\week3\data\Dataset\chicken\chicken (1551).jpeg,chicken,0.949,chicken,0.949,chicken (0.9490),squirrel (0.0131),horse (0.0122),elephant (0.0065),sheep (0.0051),True,True
c:\Users\Alan\python\MMIP\week3\data\Dataset\chicken\chicken (2030).jpeg,chicken,0.9166,chicken,0.9166,chicken (0.9166),spider (0.0255),cow (0.0131),sheep (0.0118),cat (0.0081),True,True
c:\Users\Alan\python\MMIP\week3\data\Dataset\chicken\chicken (120).jpeg,chicken,0.9893,chicken,0.9893,chicken (0.9893),elephant (0.0024),horse (0.0015),squirrel (0.0012),cat (0.0012),True,True
c:\Users\Alan\python\MMIP\week3\data\Dataset\chicken\chicken (68).jpeg,chicken,0.9654,chicken,0.9654,chicken (0.9654),horse (0.0080),squirrel (0.0051),cow (0.0048),elephant (0.0043),True,True
c:\Users\Alan\python\MMIP\week3\data\Dataset\chicken\chicken (3088).jpeg,chicken,0.9662,chicken,0.9662,chicken (0.9662),elephant (0.0088),horse (0.0067),butterfly (0.0059),dog (0.0034),True,True
c:\Users\Alan\python\MMIP\week3\data\Dataset\chicken\chicken (1564).jpeg,chicken,0.8971,chicken,0.8971,chicken (0.8971),butterfly (0.0218),spider (0.0175),elephant (0.0164),sheep (0.0101),True,True
c:\Users\Alan\python\MMIP\week3\data\Dataset\chicken\chicken (613).jpeg,chicken,0.8983,chicken,0.8983,chicken (0.8983),dog (0.0556),sheep (0.0259),cow (0.0089),butterfly (0.0035),True,True
c:\Users\Alan\python\MMIP\week3\data\Dataset\chicken\chicken (2165).jpeg,chicken,0.9705,chicken,0.9705,chicken (0.9705),sheep (0.0065),squirrel (0.0055),dog (0.0051),cow (0.0039),True,True
c:\Users\Alan\python\MMIP\week3\data\Dataset\chicken\chicken (477).jpeg,chicken,0.098,squirrel,0.3369,squirrel (0.3369),cow (0.1362),chicken (0.0980),dog (0.0894),cat (0.0785),False,True
c:\Users\Alan\python\MMIP\week3\data\Dataset\chicken\chicken (2370).jpeg,chicken,0.899,chicken,0.899,chicken (0.8990),squirrel (0.0287),dog (0.0254),cow (0.0120),elephant (0.0073),True,True
c:\Users\Alan\python\MMIP\week3\data\Dataset\chicken\chicken (1614).jpeg,chicken,0.9233,chicken,0.9233,chicken (0.9233),butterfly (0.0201),horse (0.0125),dog (0.0102),sheep (0.0094),True,True
c:\Users\Alan\python\MMIP\week3\data\Dataset\chicken\chicken (2611).jpeg,chicken,0.9568,chicken,0.9568,chicken (0.9568),butterfly (0.0081),horse (0.0060),cow (0.0051),cat (0.0046),True,True
c:\Users\Alan\python\MMIP\week3\data\Dataset\chicken\chicken (389).jpeg,chicken,0.871,chicken,0.871,chicken (0.8710),horse (0.0389),squirrel (0.0162),elephant (0.0132),cow (0.0131),True,True
c:\Users\Alan\python\MMIP\week3\data\Dataset\chicken\chicken (2431).jpeg,chicken,0.9133,chicken,0.9133,chicken (0.9133),horse (0.0150),sheep (0.0135),elephant (0.0125),dog (0.0112),True,True
c:\Users\Alan\python\MMIP\week3\data\Dataset\chicken\chicken (2017).jpeg,chicken,0.9217,chicken,0.9217,chicken (0.9217),butterfly (0.0152),cat (0.0128),elephant (0.0090),sheep (0.0084),True,True
c:\Users\Alan\python\MMIP\week3\data\Dataset\chicken\chicken (1218).jpeg,chicken,0.9266,chicken,0.9266,chicken (0.9266),butterfly (0.0265),squirrel (0.0137),dog (0.0071),elephant (0.0069),True,True
c:\Users\Alan\python\MMIP\week3\data\Dataset\chicken\chicken (233).jpeg,chicken,0.9421,chicken,0.9421,chicken (0.9421),horse (0.0128),sheep (0.0096),elephant (0.0092),cat (0.0065),True,True
c:\Users\Alan\python\MMIP\week3\data\Dataset\chicken\chicken (342).jpeg,chicken,0.5329,chicken,0.5329,chicken (0.5329),cat (0.1929),squirrel (0.0984),sheep (0.0476),cow (0.0396),True,True
c:\Users\Alan\python\MMIP\week3\data\Dataset\chicken\chicken (1628).jpeg,chicken,0.8003,chicken,0.8003,chicken (0.8003),dog (0.0455),spider (0.0444),butterfly (0.0343),cat (0.0192),True,True
c:\Users\Alan\python\MMIP\week3\data\Dataset\chicken\chicken (2115).jpeg,chicken,0.8868,chicken,0.8868,chicken (0.8868),butterfly (0.0287),dog (0.0235),cow (0.0204),cat (0.0101),True,True
c:\Users\Alan\python\MMIP\week3\data\Dataset\chicken\chicken (1566).jpeg,chicken,0.7948,chicken,0.7948,chicken (0.7948),dog (0.0708),sheep (0.0436),squirrel (0.0356),cow (0.0157),True,True
c:\Users\Alan\python\MMIP\week3\data\Dataset\chicken\chicken (2159).jpeg,chicken,0.7555,chicken,0.7555,chicken (0.7555),sheep (0.0929),cat (0.0426),dog (0.0353),squirrel (0.0242),True,True
c:\Users\Alan\python\MMIP\week3\data\Dataset\chicken\chicken (1433).jpeg,chicken,0.0599,spider,0.6565,spider (0.6565),dog (0.1479),chicken (0.0599),horse (0.0588),butterfly (0.0205),False,True
c:\Users\Alan\python\MMIP\week3\data\Dataset\chicken\chicken (1715).jpeg,chicken,0.9565,chicken,0.9565,chicken (0.9565),squirrel (0.0100),horse (0.0069),elephant (0.0046),butterfly (0.0045),True,True
c:\Users\Alan\python\MMIP\week3\data\Dataset\chicken\chicken (1955).jpeg,chicken,0.8791,chicken,0.8791,chicken (0.8791),horse (0.0781),cat (0.0148),spider (0.0067),cow (0.0050),True,True
c:\Users\Alan\python\MMIP\week3\data\Dataset\chicken\chicken (2727).jpeg,chicken,0.9771,chicken,0.9771,chicken (0.9771),dog (0.0063),sheep (0.0042),cow (0.0026),elephant (0.0025),True,True
c:\Users\Alan\python\MMIP\week3\data\Dataset\chicken\chicken (1555).jpeg,chicken,0.8157,chicken,0.8157,chicken (0.8157),horse (0.0557),cat (0.0313),spider (0.0209),elephant (0.0180),True,True
c:\Users\Alan\python\MMIP\week3\data\Dataset\chicken\chicken (255).jpeg,chicken,0.9051,chicken,0.9051,chicken (0.9051),elephant (0.0181),cow (0.0140),butterfly (0.0122),spider (0.0111),True,True
c:\Users\Alan\python\MMIP\week3\data\Dataset\chicken\chicken (1425).jpeg,chicken,0.9138,chicken,0.9138,chicken (0.9138),elephant (0.0171),sheep (0.0156),dog (0.0126),cow (0.0113),True,True
c:\Users\Alan\python\MMIP\week3\data\Dataset\chicken\chicken (1409).jpeg,chicken,0.8795,chicken,0.8795,chicken (0.8795),horse (0.0203),dog (0.0175),elephant (0.0147),cat (0.0141),True,True
c:\Users\Alan\python\MMIP\week3\data\Dataset\chicken\chicken (520).jpeg,chicken,0.2627,chicken,0.2627,chicken (0.2627),squirrel (0.2329),cow (0.1641),dog (0.1181),cat (0.0728),True,True
c:\Users\Alan\python\MMIP\week3\data\Dataset\chicken\chicken (765).jpeg,chicken,0.9747,chicken,0.9747,chicken (0.9747),spider (0.0074),squirrel (0.0044),elephant (0.0036),cat (0.0025),True,True
c:\Users\Alan\python\MMIP\week3\data\Dataset\chicken\chicken (3090).jpeg,chicken,0.767,chicken,0.767,chicken (0.7670),spider (0.0736),horse (0.0332),butterfly (0.0249),cat (0.0238),True,True
c:\Users\Alan\python\MMIP\week3\data\Dataset\chicken\chicken (1957).jpeg,chicken,0.8924,chicken,0.8924,chicken (0.8924),sheep (0.0226),cow (0.0214),horse (0.0132),butterfly (0.0126),True,True
c:\Users\Alan\python\MMIP\week3\data\Dataset\chicken\chicken (1274).jpeg,chicken,0.4834,chicken,0.4834,chicken (0.4834),squirrel (0.1777),dog (0.1199),sheep (0.0500),butterfly (0.0405),True,True
c:\Users\Alan\python\MMIP\week3\data\Dataset\chicken\chicken (2661).jpeg,chicken,0.9568,chicken,0.9568,chicken (0.9568),squirrel (0.0111),spider (0.0081),horse (0.0053),elephant (0.0045),True,True
c:\Users\Alan\python\MMIP\week3\data\Dataset\chicken\chicken (816).jpeg,chicken,0.9163,chicken,0.9163,chicken (0.9163),butterfly (0.0172),squirrel (0.0149),elephant (0.0114),dog (0.0087),True,True
c:\Users\Alan\python\MMIP\week3\data\Dataset\chicken\chicken (2390).jpeg,chicken,0.9411,chicken,0.9411,chicken (0.9411),squirrel (0.0221),elephant (0.0090),cat (0.0059),horse (0.0043),True,True
c:\Users\Alan\python\MMIP\week3\data\Dataset\chicken\chicken (1120).jpeg,chicken,0.943,chicken,0.943,chicken (0.9430),cat (0.0130),horse (0.0114),cow (0.0082),sheep (0.0067),True,True
c:\Users\Alan\python\MMIP\week3\data\Dataset\chicken\chicken (404).jpeg,chicken,0.9549,chicken,0.9549,chicken (0.9549),butterfly (0.0086),sheep (0.0079),cat (0.0064),horse (0.0054),True,True
c:\Users\Alan\python\MMIP\week3\data\Dataset\chicken\chicken (1207).jpeg,chicken,0.9272,chicken,0.9272,chicken (0.9272),cow (0.0203),elephant (0.0099),spider (0.0095),sheep (0.0078),True,True
c:\Users\Alan\python\MMIP\week3\data\Dataset\chicken\chicken (2153).jpeg,chicken,0.4701,chicken,0.4701,chicken (0.4701),spider (0.1648),dog (0.1294),butterfly (0.0522),sheep (0.0445),True,True
c:\Users\Alan\python\MMIP\week3\data\Dataset\chicken\chicken (1101).jpeg,chicken,0.7962,chicken,0.7962,chicken (0.7962),horse (0.0431),cow (0.0330),sheep (0.0279),cat (0.0238),True,True
c:\Users\Alan\python\MMIP\week3\data\Dataset\chicken\chicken (733).jpeg,chicken,0.9075,chicken,0.9075,chicken (0.9075),horse (0.0198),spider (0.0144),elephant (0.0139),squirrel (0.0102),True,True
c:\Users\Alan\python\MMIP\week3\data\Dataset\chicken\chicken (1273).jpeg,chicken,0.9744,chicken,0.9744,chicken (0.9744),cow (0.0041),horse (0.0041),squirrel (0.0033),elephant (0.0031),True,True
c:\Users\Alan\python\MMIP\week3\data\Dataset\chicken\chicken (712).jpeg,chicken,0.9026,chicken,0.9026,chicken (0.9026),butterfly (0.0398),elephant (0.0101),spider (0.0088),squirrel (0.0076),True,True
c:\Users\Alan\python\MMIP\week3\data\Dataset\chicken\chicken (924).jpeg,chicken,0.4202,chicken,0.4202,chicken (0.4202),dog (0.1750),cat (0.1002),sheep (0.0974),squirrel (0.0934),True,True
c:\Users\Alan\python\MMIP\week3\data\Dataset\chicken\chicken (1773).jpeg,chicken,0.9613,chicken,0.9613,chicken (0.9613),butterfly (0.0069),elephant (0.0068),cat (0.0062),horse (0.0053),True,True
c:\Users\Alan\python\MMIP\week3\data\Dataset\chicken\chicken (2594).jpeg,chicken,0.9809,chicken,0.9809,chicken (0.9809),dog (0.0044),cow (0.0034),sheep (0.0026),elephant (0.0024),True,True
c:\Users\Alan\python\MMIP\week3\data\Dataset\chicken\chicken (1006).jpeg,chicken,0.9379,chicken,0.9379,chicken (0.9379),cow (0.0217),elephant (0.0093),horse (0.0078),cat (0.0057),True,True
c:\Users\Alan\python\MMIP\week3\data\Dataset\chicken\chicken (1140).jpeg,chicken,0.9359,chicken,0.9359,chicken (0.9359),butterfly (0.0139),squirrel (0.0103),spider (0.0100),sheep (0.0067),True,True
c:\Users\Alan\python\MMIP\week3\data\Dataset\chicken\chicken (709).jpeg,chicken,0.8816,chicken,0.8816,chicken (0.8816),spider (0.0262),dog (0.0208),elephant (0.0199),cat (0.0126),True,True
c:\Users\Alan\python\MMIP\week3\data\Dataset\chicken\chicken (1343).jpeg,chicken,0.9299,chicken,0.9299,chicken (0.9299),squirrel (0.0170),cat (0.0102),elephant (0.0094),dog (0.0091),True,True
c:\Users\Alan\python\MMIP\week3\data\Dataset\chicken\chicken (911).jpeg,chicken,0.9612,chicken,0.9612,chicken (0.9612),dog (0.0111),cat (0.0096),sheep (0.0060),horse (0.0045),True,True
c:\Users\Alan\python\MMIP\week3\data\Dataset\chicken\chicken (2816).jpeg,chicken,0.9708,chicken,0.9708,chicken (0.9708),butterfly (0.0085),squirrel (0.0037),cat (0.0034),elephant (0.0033),True,True
c:\Users\Alan\python\MMIP\week3\data\Dataset\chicken\chicken (3064).jpeg,chicken,0.0557,spider,0.4232,spider (0.4232),squirrel (0.1227),dog (0.1105),sheep (0.0897),butterfly (0.0687),False,False
c:\Users\Alan\python\MMIP\week3\data\Dataset\chicken\chicken (539).jpeg,chicken,0.9213,chicken,0.9213,chicken (0.9213),spider (0.0205),dog (0.0147),squirrel (0.0125),butterfly (0.0081),True,True
c:\Users\Alan\python\MMIP\week3\data\Dataset\chicken\chicken (2980).jpeg,chicken,0.9534,chicken,0.9534,chicken (0.9534),butterfly (0.0179),cat (0.0063),elephant (0.0054),dog (0.0051),True,True
c:\Users\Alan\python\MMIP\week3\data\Dataset\chicken\chicken (344).jpeg,chicken,0.8127,chicken,0.8127,chicken (0.8127),squirrel (0.0795),sheep (0.0226),cat (0.0209),dog (0.0164),True,True
c:\Users\Alan\python\MMIP\week3\data\Dataset\chicken\chicken (1893).jpeg,chicken,0.9936,chicken,0.9936,chicken (0.9936),cat (0.0012),elephant (0.0011),cow (0.0009),squirrel (0.0008),True,True
c:\Users\Alan\python\MMIP\week3\data\Dataset\chicken\chicken (1758).jpeg,chicken,0.5962,chicken,0.5962,chicken (0.5962),horse (0.1321),squirrel (0.1150),dog (0.0464),spider (0.0334),True,True
c:\Users\Alan\python\MMIP\week3\data\Dataset\chicken\chicken (959).jpeg,chicken,0.8731,chicken,0.8731,chicken (0.8731),horse (0.0333),spider (0.0191),elephant (0.0179),cat (0.0147),True,True
c:\Users\Alan\python\MMIP\week3\data\Dataset\chicken\chicken (591).jpeg,chicken,0.8941,chicken,0.8941,chicken (0.8941),cat (0.0179),cow (0.0153),sheep (0.0143),elephant (0.0142),True,True
c:\Users\Alan\python\MMIP\week3\data\Dataset\chicken\chicken (2473).jpeg,chicken,0.9974,chicken,0.9974,chicken (0.9974),cow (0.0010),sheep (0.0005),squirrel (0.0003),cat (0.0003),True,True
c:\Users\Alan\python\MMIP\week3\data\Dataset\chicken\chicken (2833).jpeg,chicken,0.9751,chicken,0.9751,chicken (0.9751),spider (0.0045),horse (0.0037),dog (0.0033),cow (0.0028),True,True
c:\Users\Alan\python\MMIP\week3\data\Dataset\chicken\chicken (915).jpeg,chicken,0.9394,chicken,0.9394,chicken (0.9394),sheep (0.0194),cow (0.0076),elephant (0.0068),spider (0.0063),True,True
c:\Users\Alan\python\MMIP\week3\data\Dataset\chicken\chicken (1099).jpeg,chicken,0.8674,chicken,0.8674,chicken (0.8674),dog (0.0298),spider (0.0294),cat (0.0152),sheep (0.0136),True,True
c:\Users\Alan\python\MMIP\week3\data\Dataset\chicken\chicken (270).jpeg,chicken,0.9433,chicken,0.9433,chicken (0.9433),spider (0.0168),sheep (0.0105),cow (0.0058),butterfly (0.0049),True,True
c:\Users\Alan\python\MMIP\week3\data\Dataset\chicken\chicken (2218).jpeg,chicken,0.9241,chicken,0.9241,chicken (0.9241),spider (0.0159),sheep (0.0136),cat (0.0096),horse (0.0091),True,True
c:\Users\Alan\python\MMIP\week3\data\Dataset\chicken\chicken (90).jpeg,chicken,0.8922,chicken,0.8922,chicken (0.8922),dog (0.0175),spider (0.0174),cow (0.0164),butterfly (0.0152),True,True
c:\Users\Alan\python\MMIP\week3\data\Dataset\chicken\chicken (1783).jpeg,chicken,0.9745,chicken,0.9745,chicken (0.9745),spider (0.0045),horse (0.0036),squirrel (0.0032),dog (0.0027),True,True
c:\Users\Alan\python\MMIP\week3\data\Dataset\chicken\chicken (1443).jpeg,chicken,0.925,chicken,0.925,chicken (0.9250),elephant (0.0149),butterfly (0.0139),cat (0.0084),squirrel (0.0073),True,True
c:\Users\Alan\python\MMIP\week3\data\Dataset\chicken\chicken (442).jpeg,chicken,0.9182,chicken,0.9182,chicken (0.9182),sheep (0.0275),dog (0.0167),squirrel (0.0078),elephant (0.0066),True,True
c:\Users\Alan\python\MMIP\week3\data\Dataset\chicken\chicken (560).jpeg,chicken,0.7346,chicken,0.7346,chicken (0.7346),squirrel (0.1785),horse (0.0172),cow (0.0166),elephant (0.0121),True,True
c:\Users\Alan\python\MMIP\week3\data\Dataset\chicken\chicken (1004).jpeg,chicken,0.5125,chicken,0.5125,chicken (0.5125),sheep (0.1379),cow (0.1005),dog (0.0898),elephant (0.0557),True,True
c:\Users\Alan\python\MMIP\week3\data\Dataset\chicken\chicken (2763).jpeg,chicken,0.7084,chicken,0.7084,chicken (0.7084),dog (0.1002),squirrel (0.0727),cat (0.0448),sheep (0.0220),True,True
c:\Users\Alan\python\MMIP\week3\data\Dataset\chicken\chicken (466).jpeg,chicken,0.2453,chicken,0.2453,chicken (0.2453),dog (0.2106),cat (0.1633),butterfly (0.0997),squirrel (0.0633),True,True
c:\Users\Alan\python\MMIP\week3\data\Dataset\chicken\chicken (2760).jpeg,chicken,0.5333,chicken,0.5333,chicken (0.5333),butterfly (0.1107),cat (0.0631),dog (0.0604),horse (0.0489),True,True
c:\Users\Alan\python\MMIP\week3\data\Dataset\chicken\chicken (2240).jpeg,chicken,0.8006,chicken,0.8006,chicken (0.8006),butterfly (0.1225),dog (0.0243),cat (0.0137),squirrel (0.0115),True,True
c:\Users\Alan\python\MMIP\week3\data\Dataset\chicken\chicken (729).jpeg,chicken,0.8891,chicken,0.8891,chicken (0.8891),dog (0.0445),butterfly (0.0158),cow (0.0105),cat (0.0100),True,True
c:\Users\Alan\python\MMIP\week3\data\Dataset\chicken\chicken (2925).jpeg,chicken,0.753,chicken,0.753,chicken (0.7530),squirrel (0.0543),spider (0.0537),butterfly (0.0507),elephant (0.0220),True,True
c:\Users\Alan\python\MMIP\week3\data\Dataset\chicken\chicken (2283).jpeg,chicken,0.9701,chicken,0.9701,chicken (0.9701),spider (0.0061),squirrel (0.0049),butterfly (0.0046),horse (0.0034),True,True
c:\Users\Alan\python\MMIP\week3\data\Dataset\chicken\chicken (1197).jpeg,chicken,0.9022,chicken,0.9022,chicken (0.9022),squirrel (0.0243),dog (0.0206),horse (0.0107),elephant (0.0104),True,True
c:\Users\Alan\python\MMIP\week3\data\Dataset\chicken\chicken (302).jpeg,chicken,0.7692,chicken,0.7692,chicken (0.7692),squirrel (0.0368),cat (0.0349),butterfly (0.0330),elephant (0.0312),True,True
c:\Users\Alan\python\MMIP\week3\data\Dataset\chicken\chicken (535).jpeg,chicken,0.9725,chicken,0.9725,chicken (0.9725),dog (0.0054),squirrel (0.0051),spider (0.0042),sheep (0.0030),True,True
c:\Users\Alan\python\MMIP\week3\data\Dataset\chicken\chicken (2471).jpeg,chicken,0.9313,chicken,0.9313,chicken (0.9313),squirrel (0.0119),butterfly (0.0093),elephant (0.0091),horse (0.0089),True,True
c:\Users\Alan\python\MMIP\week3\data\Dataset\chicken\chicken (415).jpeg,chicken,0.9039,chicken,0.9039,chicken (0.9039),dog (0.0191),cow (0.0146),squirrel (0.0123),sheep (0.0113),True,True
c:\Users\Alan\python\MMIP\week3\data\Dataset\chicken\chicken (1351).jpeg,chicken,0.8811,chicken,0.8811,chicken (0.8811),squirrel (0.0404),dog (0.0352),elephant (0.0124),cow (0.0089),True,True
c:\Users\Alan\python\MMIP\week3\data\Dataset\chicken\chicken (604).jpeg,chicken,0.9564,chicken,0.9564,chicken (0.9564),elephant (0.0081),sheep (0.0069),squirrel (0.0050),spider (0.0050),True,True
c:\Users\Alan\python\MMIP\week3\data\Dataset\chicken\chicken (601).jpeg,chicken,0.9307,chicken,0.9307,chicken (0.9307),horse (0.0139),cow (0.0092),butterfly (0.0086),dog (0.0082),True,True
c:\Users\Alan\python\MMIP\week3\data\Dataset\chicken\chicken (2789).jpeg,chicken,0.7069,chicken,0.7069,chicken (0.7069),cow (0.1655),sheep (0.0261),dog (0.0235),butterfly (0.0199),True,True
c:\Users\Alan\python\MMIP\week3\data\Dataset\chicken\chicken (1020).jpeg,chicken,0.7065,chicken,0.7065,chicken (0.7065),butterfly (0.0790),cat (0.0618),dog (0.0391),spider (0.0384),True,True
c:\Users\Alan\python\MMIP\week3\data\Dataset\chicken\chicken (1226).jpeg,chicken,0.9605,chicken,0.9605,chicken (0.9605),horse (0.0072),elephant (0.0060),squirrel (0.0056),cow (0.0053),True,True
c:\Users\Alan\python\MMIP\week3\data\Dataset\chicken\chicken (1160).jpeg,chicken,0.9585,chicken,0.9585,chicken (0.9585),dog (0.0074),spider (0.0062),sheep (0.0052),elephant (0.0049),True,True
c:\Users\Alan\python\MMIP\week3\data\Dataset\chicken\chicken (1173).jpeg,chicken,0.9538,chicken,0.9538,chicken (0.9538),squirrel (0.0184),sheep (0.0049),elephant (0.0049),cow (0.0044),True,True
c:\Users\Alan\python\MMIP\week3\data\Dataset\chicken\chicken (618).jpeg,chicken,0.8234,chicken,0.8234,chicken (0.8234),spider (0.0435),squirrel (0.0322),horse (0.0294),butterfly (0.0256),True,True
c:\Users\Alan\python\MMIP\week3\data\Dataset\chicken\chicken (764).jpeg,chicken,0.8885,chicken,0.8885,chicken (0.8885),sheep (0.0219),squirrel (0.0211),horse (0.0183),spider (0.0121),True,True
c:\Users\Alan\python\MMIP\week3\data\Dataset\chicken\chicken (1319).jpeg,chicken,0.9778,chicken,0.9778,chicken (0.9778),dog (0.0084),cat (0.0025),spider (0.0023),horse (0.0018),True,True
c:\Users\Alan\python\MMIP\week3\data\Dataset\chicken\chicken (881).jpeg,chicken,0.9128,chicken,0.9128,chicken (0.9128),butterfly (0.0323),dog (0.0164),sheep (0.0116),squirrel (0.0078),True,True
c:\Users\Alan\python\MMIP\week3\data\Dataset\chicken\chicken (1183).jpeg,chicken,0.7504,chicken,0.7504,chicken (0.7504),spider (0.0903),dog (0.0421),squirrel (0.0301),butterfly (0.0224),True,True
c:\Users\Alan\python\MMIP\week3\data\Dataset\chicken\chicken (1311).jpeg,chicken,0.8973,chicken,0.8973,chicken (0.8973),cow (0.0269),spider (0.0222),squirrel (0.0145),elephant (0.0113),True,True
c:\Users\Alan\python\MMIP\week3\data\Dataset\chicken\chicken (2750).jpeg,chicken,0.8925,chicken,0.8925,chicken (0.8925),elephant (0.0216),squirrel (0.0162),butterfly (0.0160),spider (0.0128),True,True
c:\Users\Alan\python\MMIP\week3\data\Dataset\chicken\chicken (1462).jpeg,chicken,0.9347,chicken,0.9347,chicken (0.9347),cat (0.0124),horse (0.0109),dog (0.0105),squirrel (0.0097),True,True
c:\Users\Alan\python\MMIP\week3\data\Dataset\chicken\chicken (2607).jpeg,chicken,0.9421,chicken,0.9421,chicken (0.9421),dog (0.0155),cow (0.0104),horse (0.0074),butterfly (0.0069),True,True
c:\Users\Alan\python\MMIP\week3\data\Dataset\chicken\chicken (665).jpeg,chicken,0.9212,chicken,0.9212,chicken (0.9212),squirrel (0.0368),sheep (0.0125),cow (0.0064),elephant (0.0052),True,True
c:\Users\Alan\python\MMIP\week3\data\Dataset\chicken\chicken (1904).jpeg,chicken,0.8292,chicken,0.8292,chicken (0.8292),horse (0.0322),squirrel (0.0268),cat (0.0233),butterfly (0.0212),True,True
c:\Users\Alan\python\MMIP\week3\data\Dataset\chicken\chicken (2460).jpeg,chicken,0.8557,chicken,0.8557,chicken (0.8557),butterfly (0.0397),sheep (0.0371),cow (0.0298),spider (0.0087),True,True
c:\Users\Alan\python\MMIP\week3\data\Dataset\chicken\chicken (2093).jpeg,chicken,0.8858,chicken,0.8858,chicken (0.8858),squirrel (0.0178),dog (0.0175),spider (0.0154),sheep (0.0151),True,True
c:\Users\Alan\python\MMIP\week3\data\Dataset\chicken\chicken (483).jpeg,chicken,0.8873,chicken,0.8873,chicken (0.8873),sheep (0.0263),elephant (0.0238),squirrel (0.0216),horse (0.0100),True,True
c:\Users\Alan\python\MMIP\week3\data\Dataset\chicken\chicken (2804).jpeg,chicken,0.9218,chicken,0.9218,chicken (0.9218),squirrel (0.0178),sheep (0.0165),spider (0.0105),cow (0.0093),True,True
c:\Users\Alan\python\MMIP\week3\data\Dataset\chicken\chicken (1593).jpeg,chicken,0.9572,chicken,0.9572,chicken (0.9572),cat (0.0088),spider (0.0087),dog (0.0084),horse (0.0044),True,True
c:\Users\Alan\python\MMIP\week3\data\Dataset\chicken\chicken (1552).jpeg,chicken,0.9379,chicken,0.9379,chicken (0.9379),sheep (0.0203),cat (0.0138),horse (0.0122),elephant (0.0034),True,True
c:\Users\Alan\python\MMIP\week3\data\Dataset\chicken\chicken (2520).jpeg,chicken,0.851,chicken,0.851,chicken (0.8510),horse (0.0469),sheep (0.0212),dog (0.0188),cow (0.0168),True,True
c:\Users\Alan\python\MMIP\week3\data\Dataset\chicken\chicken (3081).jpeg,chicken,0.8992,chicken,0.8992,chicken (0.8992),squirrel (0.0312),dog (0.0143),cat (0.0126),elephant (0.0117),True,True
c:\Users\Alan\python\MMIP\week3\data\Dataset\chicken\chicken (808).jpeg,chicken,0.9339,chicken,0.9339,chicken (0.9339),sheep (0.0198),dog (0.0148),butterfly (0.0068),elephant (0.0050),True,True
c:\Users\Alan\python\MMIP\week3\data\Dataset\chicken\chicken (2852).jpeg,chicken,0.5261,chicken,0.5261,chicken (0.5261),butterfly (0.2367),spider (0.0767),sheep (0.0342),elephant (0.0291),True,True
c:\Users\Alan\python\MMIP\week3\data\Dataset\chicken\chicken (715).jpeg,chicken,0.9296,chicken,0.9296,chicken (0.9296),squirrel (0.0239),elephant (0.0120),cat (0.0067),horse (0.0059),True,True
c:\Users\Alan\python\MMIP\week3\data\Dataset\chicken\chicken (2541).jpeg,chicken,0.8132,chicken,0.8132,chicken (0.8132),spider (0.0562),cat (0.0324),butterfly (0.0302),elephant (0.0150),True,True
c:\Users\Alan\python\MMIP\week3\data\Dataset\chicken\chicken (2801).jpeg,chicken,0.9157,chicken,0.9157,chicken (0.9157),dog (0.0173),butterfly (0.0157),cat (0.0129),squirrel (0.0108),True,True
c:\Users\Alan\python\MMIP\week3\data\Dataset\chicken\chicken (1973).jpeg,chicken,0.9477,chicken,0.9477,chicken (0.9477),dog (0.0114),cat (0.0111),spider (0.0084),horse (0.0055),True,True
c:\Users\Alan\python\MMIP\week3\data\Dataset\chicken\chicken (1848).jpeg,chicken,0.9821,chicken,0.9821,chicken (0.9821),dog (0.0043),cow (0.0037),horse (0.0025),cat (0.0016),True,True
c:\Users\Alan\python\MMIP\week3\data\Dataset\chicken\chicken (2995).jpeg,chicken,0.9041,chicken,0.9041,chicken (0.9041),cat (0.0172),sheep (0.0160),elephant (0.0146),horse (0.0118),True,True
c:\Users\Alan\python\MMIP\week3\data\Dataset\chicken\chicken (1615).jpeg,chicken,0.9299,chicken,0.9299,chicken (0.9299),spider (0.0118),sheep (0.0117),cow (0.0111),dog (0.0090),True,True
c:\Users\Alan\python\MMIP\week3\data\Dataset\chicken\chicken (1646).jpeg,chicken,0.6209,chicken,0.6209,chicken (0.6209),dog (0.1363),squirrel (0.0801),sheep (0.0483),cow (0.0325),True,True
c:\Users\Alan\python\MMIP\week3\data\Dataset\chicken\chicken (2580).jpeg,chicken,0.9522,chicken,0.9522,chicken (0.9522),cat (0.0114),horse (0.0106),dog (0.0102),elephant (0.0037),True,True
c:\Users\Alan\python\MMIP\week3\data\Dataset\chicken\chicken (60).jpeg,chicken,0.9553,chicken,0.9553,chicken (0.9553),dog (0.0093),sheep (0.0082),cat (0.0071),elephant (0.0049),True,True
c:\Users\Alan\python\MMIP\week3\data\Dataset\chicken\chicken (2429).jpeg,chicken,0.8605,chicken,0.8605,chicken (0.8605),cat (0.0483),elephant (0.0195),squirrel (0.0133),butterfly (0.0123),True,True
c:\Users\Alan\python\MMIP\week3\data\Dataset\chicken\chicken (1781).jpeg,chicken,0.8864,chicken,0.8864,chicken (0.8864),elephant (0.0192),spider (0.0191),cow (0.0155),cat (0.0153),True,True
c:\Users\Alan\python\MMIP\week3\data\Dataset\chicken\chicken (265).jpeg,chicken,0.9369,chicken,0.9369,chicken (0.9369),cat (0.0112),butterfly (0.0100),elephant (0.0083),horse (0.0078),True,True
c:\Users\Alan\python\MMIP\week3\data\Dataset\chicken\chicken (225).jpeg,chicken,0.941,chicken,0.941,chicken (0.9410),cow (0.0182),dog (0.0143),cat (0.0079),elephant (0.0037),True,True
c:\Users\Alan\python\MMIP\week3\data\Dataset\chicken\chicken (1073).jpeg,chicken,0.87,chicken,0.87,chicken (0.8700),sheep (0.0333),horse (0.0234),cow (0.0221),spider (0.0118),True,True
c:\Users\Alan\python\MMIP\week3\data\Dataset\chicken\chicken (371).jpeg,chicken,0.9314,chicken,0.9314,chicken (0.9314),spider (0.0121),horse (0.0108),squirrel (0.0106),sheep (0.0070),True,True
c:\Users\Alan\python\MMIP\week3\data\Dataset\chicken\chicken (1438).jpeg,chicken,0.9509,chicken,0.9509,chicken (0.9509),cat (0.0114),butterfly (0.0103),dog (0.0103),horse (0.0040),True,True
c:\Users\Alan\python\MMIP\week3\data\Dataset\chicken\chicken (454).jpeg,chicken,0.2989,chicken,0.2989,chicken (0.2989),spider (0.2174),squirrel (0.1540),cow (0.1515),horse (0.0470),True,True
c:\Users\Alan\python\MMIP\week3\data\Dataset\chicken\chicken (2598).jpeg,chicken,0.9862,chicken,0.9862,chicken (0.9862),cow (0.0029),dog (0.0029),sheep (0.0023),cat (0.0017),True,True
c:\Users\Alan\python\MMIP\week3\data\Dataset\chicken\chicken (1305).jpeg,chicken,0.7617,chicken,0.7617,chicken (0.7617),butterfly (0.0438),spider (0.0420),sheep (0.0398),squirrel (0.0375),True,True
c:\Users\Alan\python\MMIP\week3\data\Dataset\chicken\chicken (2954).jpeg,chicken,0.8758,chicken,0.8758,chicken (0.8758),squirrel (0.0235),dog (0.0196),cat (0.0181),horse (0.0152),True,True
c:\Users\Alan\python\MMIP\week3\data\Dataset\chicken\chicken (2582).jpeg,chicken,0.9804,chicken,0.9804,chicken (0.9804),spider (0.0048),cat (0.0034),dog (0.0028),cow (0.0022),True,True
c:\Users\Alan\python\MMIP\week3\data\Dataset\chicken\chicken (768).jpeg,chicken,0.9355,chicken,0.9355,chicken (0.9355),spider (0.0230),sheep (0.0077),butterfly (0.0076),horse (0.0054),True,True
c:\Users\Alan\python\MMIP\week3\data\Dataset\chicken\chicken (460).jpeg,chicken,0.7076,chicken,0.7076,chicken (0.7076),squirrel (0.0851),dog (0.0818),elephant (0.0344),spider (0.0256),True,True
c:\Users\Alan\python\MMIP\week3\data\Dataset\chicken\chicken (1584).jpeg,chicken,0.8011,chicken,0.8011,chicken (0.8011),horse (0.0626),cow (0.0457),squirrel (0.0295),spider (0.0160),True,True
c:\Users\Alan\python\MMIP\week3\data\Dataset\chicken\chicken (1027).jpeg,chicken,0.9169,chicken,0.9169,chicken (0.9169),horse (0.0264),cow (0.0104),elephant (0.0082),sheep (0.0077),True,True
c:\Users\Alan\python\MMIP\week3\data\Dataset\chicken\chicken (696).jpeg,chicken,0.9619,chicken,0.9619,chicken (0.9619),elephant (0.0085),horse (0.0067),cat (0.0046),dog (0.0040),True,True
c:\Users\Alan\python\MMIP\week3\data\Dataset\chicken\chicken (556).jpeg,chicken,0.9519,chicken,0.9519,chicken (0.9519),elephant (0.0108),sheep (0.0098),cow (0.0058),horse (0.0058),True,True
c:\Users\Alan\python\MMIP\week3\data\Dataset\chicken\chicken (2029).jpeg,chicken,0.7356,chicken,0.7356,chicken (0.7356),squirrel (0.1653),cow (0.0175),dog (0.0172),butterfly (0.0131),True,True
c:\Users\Alan\python\MMIP\week3\data\Dataset\chicken\chicken (685).jpeg,chicken,0.9124,chicken,0.9124,chicken (0.9124),cow (0.0233),sheep (0.0212),squirrel (0.0117),cat (0.0087),True,True
c:\Users\Alan\python\MMIP\week3\data\Dataset\chicken\chicken (1520).jpeg,chicken,0.9444,chicken,0.9444,chicken (0.9444),sheep (0.0138),cow (0.0085),butterfly (0.0078),cat (0.0077),True,True
c:\Users\Alan\python\MMIP\week3\data\Dataset\chicken\chicken (78).jpeg,chicken,0.7598,chicken,0.7598,chicken (0.7598),squirrel (0.0887),cat (0.0333),sheep (0.0324),dog (0.0230),True,True
c:\Users\Alan\python\MMIP\week3\data\Dataset\chicken\chicken (1376).jpeg,chicken,0.991,chicken,0.991,chicken (0.9910),horse (0.0022),cow (0.0016),cat (0.0015),dog (0.0012),True,True
c:\Users\Alan\python\MMIP\week3\data\Dataset\chicken\chicken (2930).jpeg,chicken,0.8857,chicken,0.8857,chicken (0.8857),dog (0.0367),elephant (0.0204),cat (0.0170),squirrel (0.0093),True,True
c:\Users\Alan\python\MMIP\week3\data\Dataset\chicken\chicken (379).jpeg,chicken,0.9359,chicken,0.9359,chicken (0.9359),dog (0.0125),spider (0.0120),sheep (0.0109),horse (0.0077),True,True
c:\Users\Alan\python\MMIP\week3\data\Dataset\chicken\chicken (1249).jpeg,chicken,0.8045,chicken,0.8045,chicken (0.8045),horse (0.0336),cow (0.0269),spider (0.0265),elephant (0.0256),True,True
c:\Users\Alan\python\MMIP\week3\data\Dataset\chicken\chicken (1740).jpeg,chicken,0.9028,chicken,0.9028,chicken (0.9028),butterfly (0.0264),squirrel (0.0248),elephant (0.0137),cat (0.0094),True,True
c:\Users\Alan\python\MMIP\week3\data\Dataset\chicken\chicken (2575).jpeg,chicken,0.7532,chicken,0.7532,chicken (0.7532),cat (0.0615),butterfly (0.0601),squirrel (0.0330),dog (0.0204),True,True
c:\Users\Alan\python\MMIP\week3\data\Dataset\chicken\chicken (1362).jpeg,chicken,0.9237,chicken,0.9237,chicken (0.9237),dog (0.0150),spider (0.0141),elephant (0.0108),butterfly (0.0094),True,True
c:\Users\Alan\python\MMIP\week3\data\Dataset\chicken\chicken (3086).jpeg,chicken,0.602,chicken,0.602,chicken (0.6020),butterfly (0.1809),squirrel (0.0553),sheep (0.0358),elephant (0.0270),True,True
c:\Users\Alan\python\MMIP\week3\data\Dataset\chicken\chicken (458).jpeg,chicken,0.9357,chicken,0.9357,chicken (0.9357),cow (0.0256),butterfly (0.0099),elephant (0.0071),horse (0.0063),True,True
c:\Users\Alan\python\MMIP\week3\data\Dataset\chicken\chicken (2386).jpeg,chicken,0.7439,chicken,0.7439,chicken (0.7439),squirrel (0.0450),spider (0.0431),horse (0.0358),elephant (0.0284),True,True
c:\Users\Alan\python\MMIP\week3\data\Dataset\chicken\chicken (2212).jpeg,chicken,0.8749,chicken,0.8749,chicken (0.8749),cow (0.0259),elephant (0.0216),sheep (0.0168),cat (0.0152),True,True
c:\Users\Alan\python\MMIP\week3\data\Dataset\chicken\chicken (562).jpeg,chicken,0.9605,chicken,0.9605,chicken (0.9605),cat (0.0115),squirrel (0.0071),cow (0.0059),horse (0.0032),True,True
c:\Users\Alan\python\MMIP\week3\data\Dataset\chicken\chicken (2441).jpeg,chicken,0.8228,chicken,0.8228,chicken (0.8228),spider (0.0401),elephant (0.0384),sheep (0.0201),dog (0.0190),True,True
c:\Users\Alan\python\MMIP\week3\data\Dataset\chicken\chicken (431).jpeg,chicken,0.7518,chicken,0.7518,chicken (0.7518),squirrel (0.1401),cow (0.0264),elephant (0.0184),dog (0.0176),True,True
c:\Users\Alan\python\MMIP\week3\data\Dataset\chicken\chicken (904).jpeg,chicken,0.4689,chicken,0.4689,chicken (0.4689),cow (0.0882),squirrel (0.0857),butterfly (0.0769),cat (0.0659),True,True
c:\Users\Alan\python\MMIP\week3\data\Dataset\chicken\chicken (2887).jpeg,chicken,0.9682,chicken,0.9682,chicken (0.9682),horse (0.0074),cow (0.0052),cat (0.0043),sheep (0.0034),True,True
c:\Users\Alan\python\MMIP\week3\data\Dataset\chicken\chicken (858).jpeg,chicken,0.8193,chicken,0.8193,chicken (0.8193),butterfly (0.0561),squirrel (0.0281),spider (0.0212),cat (0.0172),True,True
c:\Users\Alan\python\MMIP\week3\data\Dataset\chicken\chicken (2313).jpeg,chicken,0.9501,chicken,0.9501,chicken (0.9501),dog (0.0171),sheep (0.0071),squirrel (0.0059),butterfly (0.0043),True,True
c:\Users\Alan\python\MMIP\week3\data\Dataset\chicken\chicken (347).jpeg,chicken,0.9602,chicken,0.9602,chicken (0.9602),cow (0.0087),elephant (0.0055),squirrel (0.0055),sheep (0.0052),True,True
c:\Users\Alan\python\MMIP\week3\data\Dataset\chicken\chicken (1277).jpeg,chicken,0.9189,chicken,0.9189,chicken (0.9189),spider (0.0144),elephant (0.0140),squirrel (0.0097),butterfly (0.0091),True,True
c:\Users\Alan\python\MMIP\week3\data\Dataset\chicken\chicken (587).jpeg,chicken,0.8266,chicken,0.8266,chicken (0.8266),butterfly (0.0433),squirrel (0.0408),cat (0.0190),dog (0.0169),True,True
c:\Users\Alan\python\MMIP\week3\data\Dataset\chicken\chicken (2960).jpeg,chicken,0.9846,chicken,0.9846,chicken (0.9846),cow (0.0039),sheep (0.0032),elephant (0.0023),squirrel (0.0012),True,True
c:\Users\Alan\python\MMIP\week3\data\Dataset\chicken\chicken (1636).jpeg,chicken,0.921,chicken,0.921,chicken (0.9210),dog (0.0185),elephant (0.0115),sheep (0.0096),cow (0.0093),True,True
c:\Users\Alan\python\MMIP\week3\data\Dataset\chicken\chicken (324).jpeg,chicken,0.8017,chicken,0.8017,chicken (0.8017),dog (0.0721),cow (0.0273),sheep (0.0230),squirrel (0.0187),True,True
c:\Users\Alan\python\MMIP\week3\data\Dataset\chicken\chicken (1292).jpeg,chicken,0.9151,chicken,0.9151,chicken (0.9151),elephant (0.0242),squirrel (0.0168),sheep (0.0123),cow (0.0104),True,True
c:\Users\Alan\python\MMIP\week3\data\Dataset\chicken\chicken (463).jpeg,chicken,0.8271,chicken,0.8271,chicken (0.8271),butterfly (0.0483),cow (0.0289),sheep (0.0235),horse (0.0191),True,True
c:\Users\Alan\python\MMIP\week3\data\Dataset\chicken\chicken (1241).jpeg,chicken,0.832,chicken,0.832,chicken (0.8320),cow (0.0549),spider (0.0416),squirrel (0.0238),elephant (0.0155),True,True
c:\Users\Alan\python\MMIP\week3\data\Dataset\chicken\chicken (1835).jpeg,chicken,0.9629,chicken,0.9629,chicken (0.9629),spider (0.0102),horse (0.0052),elephant (0.0048),squirrel (0.0038),True,True
c:\Users\Alan\python\MMIP\week3\data\Dataset\chicken\chicken (1444).jpeg,chicken,0.287,chicken,0.287,chicken (0.2870),butterfly (0.2538),cow (0.1435),elephant (0.0605),cat (0.0589),True,True
c:\Users\Alan\python\MMIP\week3\data\Dataset\chicken\chicken (751).jpeg,chicken,0.4818,chicken,0.4818,chicken (0.4818),spider (0.3036),squirrel (0.0448),dog (0.0390),cat (0.0321),True,True
c:\Users\Alan\python\MMIP\week3\data\Dataset\chicken\chicken (2279).jpeg,chicken,0.9045,chicken,0.9045,chicken (0.9045),horse (0.0155),cow (0.0146),cat (0.0145),sheep (0.0122),True,True
c:\Users\Alan\python\MMIP\week3\data\Dataset\chicken\chicken (2730).jpeg,chicken,0.8739,chicken,0.8739,chicken (0.8739),cat (0.0261),horse (0.0224),spider (0.0202),squirrel (0.0188),True,True
c:\Users\Alan\python\MMIP\week3\data\Dataset\chicken\chicken (1621).jpeg,chicken,0.9303,chicken,0.9303,chicken (0.9303),dog (0.0229),sheep (0.0112),horse (0.0096),butterfly (0.0071),True,True
c:\Users\Alan\python\MMIP\week3\data\Dataset\chicken\chicken (2504).jpeg,chicken,0.5302,chicken,0.5302,chicken (0.5302),dog (0.1617),squirrel (0.0769),cat (0.0682),cow (0.0346),True,True
c:\Users\Alan\python\MMIP\week3\data\Dataset\chicken\chicken (1597).jpeg,chicken,0.9572,chicken,0.9572,chicken (0.9572),dog (0.0086),sheep (0.0080),squirrel (0.0078),elephant (0.0060),True,True
c:\Users\Alan\python\MMIP\week3\data\Dataset\chicken\chicken (144).jpeg,chicken,0.955,chicken,0.955,chicken (0.9550),squirrel (0.0081),sheep (0.0079),cow (0.0061),elephant (0.0058),True,True
c:\Users\Alan\python\MMIP\week3\data\Dataset\chicken\chicken (2044).jpeg,chicken,0.9666,chicken,0.9666,chicken (0.9666),cow (0.0070),squirrel (0.0065),dog (0.0045),sheep (0.0039),True,True
c:\Users\Alan\python\MMIP\week3\data\Dataset\chicken\chicken (352).jpeg,chicken,0.9816,chicken,0.9816,chicken (0.9816),dog (0.0045),horse (0.0030),cat (0.0022),cow (0.0021),True,True
c:\Users\Alan\python\MMIP\week3\data\Dataset\chicken\chicken (1964).jpeg,chicken,0.8127,chicken,0.8127,chicken (0.8127),dog (0.0818),elephant (0.0325),cow (0.0199),cat (0.0155),True,True
c:\Users\Alan\python\MMIP\week3\data\Dataset\chicken\chicken (1874).jpeg,chicken,0.9252,chicken,0.9252,chicken (0.9252),cow (0.0191),cat (0.0102),dog (0.0097),squirrel (0.0091),True,True
c:\Users\Alan\python\MMIP\week3\data\Dataset\chicken\chicken (2891).jpeg,chicken,0.6335,chicken,0.6335,chicken (0.6335),squirrel (0.1138),butterfly (0.0799),spider (0.0634),cow (0.0302),True,True
c:\Users\Alan\python\MMIP\week3\data\Dataset\chicken\chicken (1092).jpeg,chicken,0.8998,chicken,0.8998,chicken (0.8998),dog (0.0189),cat (0.0182),horse (0.0115),sheep (0.0110),True,True
c:\Users\Alan\python\MMIP\week3\data\Dataset\chicken\chicken (2383).jpeg,chicken,0.9595,chicken,0.9595,chicken (0.9595),spider (0.0085),cat (0.0060),sheep (0.0058),horse (0.0053),True,True
c:\Users\Alan\python\MMIP\week3\data\Dataset\chicken\chicken (2525).jpeg,chicken,0.7229,chicken,0.7229,chicken (0.7229),spider (0.0626),elephant (0.0599),cow (0.0344),cat (0.0247),True,True
c:\Users\Alan\python\MMIP\week3\data\Dataset\chicken\chicken (2369).jpeg,chicken,0.73,chicken,0.73,chicken (0.7300),dog (0.0888),horse (0.0437),squirrel (0.0357),spider (0.0210),True,True
c:\Users\Alan\python\MMIP\week3\data\Dataset\chicken\chicken (1244).jpeg,chicken,0.5986,chicken,0.5986,chicken (0.5986),horse (0.0911),dog (0.0626),spider (0.0586),squirrel (0.0526),True,True
c:\Users\Alan\python\MMIP\week3\data\Dataset\chicken\chicken (238).jpeg,chicken,0.3732,chicken,0.3732,chicken (0.3732),cow (0.2598),squirrel (0.1509),spider (0.0766),dog (0.0295),True,True
c:\Users\Alan\python\MMIP\week3\data\Dataset\chicken\chicken (967).jpeg,chicken,0.9194,chicken,0.9194,chicken (0.9194),butterfly (0.0196),cat (0.0119),cow (0.0106),elephant (0.0087),True,True
c:\Users\Alan\python\MMIP\week3\data\Dataset\chicken\chicken (792).jpeg,chicken,0.961,chicken,0.961,chicken (0.9610),elephant (0.0098),butterfly (0.0083),horse (0.0074),dog (0.0063),True,True
c:\Users\Alan\python\MMIP\week3\data\Dataset\chicken\chicken (1136).jpeg,chicken,0.8108,chicken,0.8108,chicken (0.8108),squirrel (0.0541),elephant (0.0261),spider (0.0239),sheep (0.0190),True,True
c:\Users\Alan\python\MMIP\week3\data\Dataset\chicken\chicken (1281).jpeg,chicken,0.9551,chicken,0.9551,chicken (0.9551),cow (0.0115),squirrel (0.0082),elephant (0.0066),sheep (0.0038),True,True
c:\Users\Alan\python\MMIP\week3\data\Dataset\chicken\chicken (1248).jpeg,chicken,0.9289,chicken,0.9289,chicken (0.9289),spider (0.0234),cow (0.0153),butterfly (0.0085),horse (0.0055),True,True
c:\Users\Alan\python\MMIP\week3\data\Dataset\cow\cow (637).jpeg,cow,0.8982,cow,0.8982,cow (0.8982),horse (0.0455),sheep (0.0120),cat (0.0113),butterfly (0.0089),True,True
c:\Users\Alan\python\MMIP\week3\data\Dataset\cow\cow (964).jpeg,cow,0.763,cow,0.763,cow (0.7630),sheep (0.0630),horse (0.0411),elephant (0.0289),dog (0.0237),True,True
c:\Users\Alan\python\MMIP\week3\data\Dataset\cow\cow (1175).jpeg,cow,0.5129,cow,0.5129,cow (0.5129),horse (0.2170),elephant (0.0964),sheep (0.0442),spider (0.0350),True,True
c:\Users\Alan\python\MMIP\week3\data\Dataset\cow\cow (1801).jpeg,cow,0.2698,dog,0.4182,dog (0.4182),cow (0.2698),horse (0.1223),butterfly (0.0509),chicken (0.0489),False,True
c:\Users\Alan\python\MMIP\week3\data\Dataset\cow\cow (1834).jpeg,cow,0.9787,cow,0.9787,cow (0.9787),chicken (0.0039),elephant (0.0032),spider (0.0028),butterfly (0.0028),True,True
c:\Users\Alan\python\MMIP\week3\data\Dataset\cow\cow (1469).jpeg,cow,0.9459,cow,0.9459,cow (0.9459),elephant (0.0244),sheep (0.0074),butterfly (0.0057),squirrel (0.0041),True,True
c:\Users\Alan\python\MMIP\week3\data\Dataset\cow\cow (1206).jpeg,cow,0.9293,cow,0.9293,cow (0.9293),sheep (0.0402),dog (0.0166),spider (0.0035),butterfly (0.0031),True,True
c:\Users\Alan\python\MMIP\week3\data\Dataset\cow\cow (872).jpeg,cow,0.6856,cow,0.6856,cow (0.6856),horse (0.1728),squirrel (0.0414),cat (0.0231),elephant (0.0216),True,True
c:\Users\Alan\python\MMIP\week3\data\Dataset\cow\cow (1657).jpeg,cow,0.9543,cow,0.9543,cow (0.9543),sheep (0.0105),elephant (0.0069),butterfly (0.0057),dog (0.0056),True,True
c:\Users\Alan\python\MMIP\week3\data\Dataset\cow\cow (1338).jpeg,cow,0.9609,cow,0.9609,cow (0.9609),horse (0.0087),chicken (0.0059),butterfly (0.0045),squirrel (0.0044),True,True
c:\Users\Alan\python\MMIP\week3\data\Dataset\cow\cow (1466).jpeg,cow,0.965,cow,0.965,cow (0.9650),cat (0.0063),horse (0.0056),sheep (0.0044),spider (0.0037),True,True
c:\Users\Alan\python\MMIP\week3\data\Dataset\cow\cow (1516).jpeg,cow,0.1673,spider,0.3723,spider (0.3723),cow (0.1673),horse (0.1586),dog (0.0879),squirrel (0.0653),False,True
c:\Users\Alan\python\MMIP\week3\data\Dataset\cow\cow (1639).jpeg,cow,0.1035,chicken,0.3108,chicken (0.3108),butterfly (0.1564),elephant (0.1438),cow (0.1035),spider (0.1019),False,True
c:\Users\Alan\python\MMIP\week3\data\Dataset\cow\cow (910).jpeg,cow,0.3889,cow,0.3889,cow (0.3889),horse (0.3272),sheep (0.0732),dog (0.0590),elephant (0.0356),True,True
c:\Users\Alan\python\MMIP\week3\data\Dataset\cow\cow (984).jpeg,cow,0.3358,cow,0.3358,cow (0.3358),horse (0.3275),cat (0.0920),spider (0.0865),dog (0.0498),True,True
c:\Users\Alan\python\MMIP\week3\data\Dataset\cow\cow (1237).jpeg,cow,0.2982,cow,0.2982,cow (0.2982),dog (0.2532),horse (0.0893),chicken (0.0817),butterfly (0.0680),True,True
c:\Users\Alan\python\MMIP\week3\data\Dataset\cow\cow (286).jpeg,cow,0.9494,cow,0.9494,cow (0.9494),sheep (0.0131),squirrel (0.0079),horse (0.0068),elephant (0.0064),True,True
c:\Users\Alan\python\MMIP\week3\data\Dataset\cow\cow (1422).jpeg,cow,0.9729,cow,0.9729,cow (0.9729),squirrel (0.0045),elephant (0.0044),dog (0.0038),horse (0.0035),True,True
c:\Users\Alan\python\MMIP\week3\data\Dataset\cow\cow (1049).jpeg,cow,0.9755,cow,0.9755,cow (0.9755),elephant (0.0037),sheep (0.0036),horse (0.0030),spider (0.0030),True,True
c:\Users\Alan\python\MMIP\week3\data\Dataset\cow\cow (359).jpeg,cow,0.5127,cow,0.5127,cow (0.5127),chicken (0.1067),dog (0.0998),spider (0.0710),sheep (0.0546),True,True
c:\Users\Alan\python\MMIP\week3\data\Dataset\cow\cow (1785).jpeg,cow,0.8749,cow,0.8749,cow (0.8749),horse (0.0426),sheep (0.0169),squirrel (0.0166),spider (0.0131),True,True
c:\Users\Alan\python\MMIP\week3\data\Dataset\cow\cow (1325).jpeg,cow,0.6882,cow,0.6882,cow (0.6882),elephant (0.1859),horse (0.0299),cat (0.0228),squirrel (0.0156),True,True
c:\Users\Alan\python\MMIP\week3\data\Dataset\cow\cow (1792).jpeg,cow,0.381,cow,0.381,cow (0.3810),dog (0.2740),sheep (0.1023),elephant (0.0721),horse (0.0632),True,True
c:\Users\Alan\python\MMIP\week3\data\Dataset\cow\cow (589).jpeg,cow,0.9425,cow,0.9425,cow (0.9425),chicken (0.0123),butterfly (0.0101),squirrel (0.0071),dog (0.0063),True,True
c:\Users\Alan\python\MMIP\week3\data\Dataset\cow\cow (1755).jpeg,cow,0.7901,cow,0.7901,cow (0.7901),dog (0.0789),sheep (0.0355),butterfly (0.0247),cat (0.0165),True,True
c:\Users\Alan\python\MMIP\week3\data\Dataset\cow\cow (461).jpeg,cow,0.8551,cow,0.8551,cow (0.8551),elephant (0.0558),cat (0.0162),chicken (0.0158),sheep (0.0158),True,True
c:\Users\Alan\python\MMIP\week3\data\Dataset\cow\cow (1014).jpeg,cow,0.6619,cow,0.6619,cow (0.6619),sheep (0.0985),spider (0.0452),dog (0.0450),chicken (0.0351),True,True
c:\Users\Alan\python\MMIP\week3\data\Dataset\cow\cow (1258).jpeg,cow,0.9703,cow,0.9703,cow (0.9703),squirrel (0.0060),dog (0.0053),chicken (0.0039),butterfly (0.0034),True,True
c:\Users\Alan\python\MMIP\week3\data\Dataset\cow\cow (1558).jpeg,cow,0.8656,cow,0.8656,cow (0.8656),sheep (0.0467),horse (0.0452),elephant (0.0150),butterfly (0.0079),True,True
c:\Users\Alan\python\MMIP\week3\data\Dataset\cow\cow (121).jpeg,cow,0.7316,cow,0.7316,cow (0.7316),sheep (0.0794),dog (0.0470),squirrel (0.0353),cat (0.0285),True,True
c:\Users\Alan\python\MMIP\week3\data\Dataset\cow\cow (1719).jpeg,cow,0.8721,cow,0.8721,cow (0.8721),horse (0.0350),chicken (0.0243),dog (0.0177),sheep (0.0174),True,True
c:\Users\Alan\python\MMIP\week3\data\Dataset\cow\cow (1407).jpeg,cow,0.661,cow,0.661,cow (0.6610),sheep (0.1755),butterfly (0.0297),horse (0.0237),dog (0.0229),True,True
c:\Users\Alan\python\MMIP\week3\data\Dataset\cow\cow (247).jpeg,cow,0.8584,cow,0.8584,cow (0.8584),dog (0.0291),butterfly (0.0180),cat (0.0176),horse (0.0173),True,True
c:\Users\Alan\python\MMIP\week3\data\Dataset\cow\cow (1378).jpeg,cow,0.8968,cow,0.8968,cow (0.8968),chicken (0.0231),sheep (0.0187),elephant (0.0170),horse (0.0131),True,True
c:\Users\Alan\python\MMIP\week3\data\Dataset\cow\cow (401).jpeg,cow,0.4534,cow,0.4534,cow (0.4534),dog (0.1897),cat (0.1023),elephant (0.0627),spider (0.0513),True,True
c:\Users\Alan\python\MMIP\week3\data\Dataset\cow\cow (340).jpeg,cow,0.9128,cow,0.9128,cow (0.9128),sheep (0.0256),dog (0.0159),elephant (0.0096),spider (0.0095),True,True
c:\Users\Alan\python\MMIP\week3\data\Dataset\cow\cow (1860).jpeg,cow,0.6483,cow,0.6483,cow (0.6483),sheep (0.1200),dog (0.1168),butterfly (0.0262),elephant (0.0220),True,True
c:\Users\Alan\python\MMIP\week3\data\Dataset\cow\cow (1104).jpeg,cow,0.784,cow,0.784,cow (0.7840),dog (0.0912),horse (0.0230),spider (0.0224),sheep (0.0223),True,True
c:\Users\Alan\python\MMIP\week3\data\Dataset\cow\cow (392).jpeg,cow,0.9369,cow,0.9369,cow (0.9369),squirrel (0.0121),dog (0.0100),cat (0.0096),chicken (0.0082),True,True
c:\Users\Alan\python\MMIP\week3\data\Dataset\cow\cow (871).jpeg,cow,0.7147,cow,0.7147,cow (0.7147),sheep (0.0814),horse (0.0758),spider (0.0264),dog (0.0216),True,True
c:\Users\Alan\python\MMIP\week3\data\Dataset\cow\cow (1093).jpeg,cow,0.7029,cow,0.7029,cow (0.7029),horse (0.0836),spider (0.0451),chicken (0.0397),squirrel (0.0351),True,True
c:\Users\Alan\python\MMIP\week3\data\Dataset\cow\cow (1740).jpeg,cow,0.8906,cow,0.8906,cow (0.8906),sheep (0.0446),dog (0.0275),squirrel (0.0123),chicken (0.0116),True,True
c:\Users\Alan\python\MMIP\week3\data\Dataset\cow\cow (316).jpeg,cow,0.7745,cow,0.7745,cow (0.7745),horse (0.0935),sheep (0.0411),elephant (0.0352),chicken (0.0145),True,True
c:\Users\Alan\python\MMIP\week3\data\Dataset\cow\cow (102).jpeg,cow,0.9485,cow,0.9485,cow (0.9485),dog (0.0146),squirrel (0.0073),butterfly (0.0063),chicken (0.0056),True,True
c:\Users\Alan\python\MMIP\week3\data\Dataset\cow\cow (1754).jpeg,cow,0.8944,cow,0.8944,cow (0.8944),elephant (0.0283),horse (0.0210),dog (0.0178),sheep (0.0143),True,True
c:\Users\Alan\python\MMIP\week3\data\Dataset\cow\cow (1523).jpeg,cow,0.8526,cow,0.8526,cow (0.8526),elephant (0.0532),squirrel (0.0300),spider (0.0152),butterfly (0.0150),True,True
c:\Users\Alan\python\MMIP\week3\data\Dataset\cow\cow (1192).jpeg,cow,0.8825,cow,0.8825,cow (0.8825),spider (0.0351),chicken (0.0322),butterfly (0.0094),cat (0.0082),True,True
c:\Users\Alan\python\MMIP\week3\data\Dataset\cow\cow (713).jpeg,cow,0.7936,cow,0.7936,cow (0.7936),squirrel (0.0933),dog (0.0383),sheep (0.0294),horse (0.0123),True,True
c:\Users\Alan\python\MMIP\week3\data\Dataset\cow\cow (864).jpeg,cow,0.2555,cow,0.2555,cow (0.2555),horse (0.2175),elephant (0.1433),squirrel (0.1157),sheep (0.0776),True,True
c:\Users\Alan\python\MMIP\week3\data\Dataset\cow\cow (1295).jpeg,cow,0.3945,horse,0.442,horse (0.4420),cow (0.3945),sheep (0.0275),cat (0.0274),elephant (0.0260),False,True
c:\Users\Alan\python\MMIP\week3\data\Dataset\cow\cow (1428).jpeg,cow,0.975,cow,0.975,cow (0.9750),sheep (0.0168),chicken (0.0022),butterfly (0.0014),horse (0.0011),True,True
c:\Users\Alan\python\MMIP\week3\data\Dataset\cow\cow (348).jpeg,cow,0.7411,cow,0.7411,cow (0.7411),dog (0.1276),horse (0.0259),elephant (0.0245),sheep (0.0204),True,True
c:\Users\Alan\python\MMIP\week3\data\Dataset\cow\cow (1803).jpeg,cow,0.8726,cow,0.8726,cow (0.8726),elephant (0.0415),butterfly (0.0216),dog (0.0145),cat (0.0113),True,True
c:\Users\Alan\python\MMIP\week3\data\Dataset\cow\cow (1367).jpeg,cow,0.9142,cow,0.9142,cow (0.9142),dog (0.0288),cat (0.0234),squirrel (0.0109),elephant (0.0059),True,True
c:\Users\Alan\python\MMIP\week3\data\Dataset\cow\cow (1499).jpeg,cow,0.9835,cow,0.9835,cow (0.9835),chicken (0.0031),squirrel (0.0029),butterfly (0.0026),sheep (0.0018),True,True
c:\Users\Alan\python\MMIP\week3\data\Dataset\cow\cow (349).jpeg,cow,0.4918,cow,0.4918,cow (0.4918),chicken (0.1690),cat (0.0657),spider (0.0592),horse (0.0569),True,True
c:\Users\Alan\python\MMIP\week3\data\Dataset\cow\cow (1826).jpeg,cow,0.9096,cow,0.9096,cow (0.9096),sheep (0.0396),elephant (0.0164),squirrel (0.0088),butterfly (0.0066),True,True
c:\Users\Alan\python\MMIP\week3\data\Dataset\cow\cow (943).jpeg,cow,0.8476,cow,0.8476,cow (0.8476),spider (0.0384),horse (0.0383),elephant (0.0186),sheep (0.0122),True,True
c:\Users\Alan\python\MMIP\week3\data\Dataset\cow\cow (1569).jpeg,cow,0.7886,cow,0.7886,cow (0.7886),sheep (0.0879),dog (0.0349),cat (0.0308),elephant (0.0253),True,True
c:\Users\Alan\python\MMIP\week3\data\Dataset\cow\cow (1664).jpeg,cow,0.928,cow,0.928,cow (0.9280),sheep (0.0250),horse (0.0091),butterfly (0.0089),elephant (0.0081),True,True
c:\Users\Alan\python\MMIP\week3\data\Dataset\cow\cow (1782).jpeg,cow,0.921,cow,0.921,cow (0.9210),butterfly (0.0186),horse (0.0148),chicken (0.0107),squirrel (0.0091),True,True
c:\Users\Alan\python\MMIP\week3\data\Dataset\cow\cow (985).jpeg,cow,0.9559,cow,0.9559,cow (0.9559),horse (0.0119),cat (0.0080),sheep (0.0069),dog (0.0039),True,True
c:\Users\Alan\python\MMIP\week3\data\Dataset\cow\cow (1767).jpeg,cow,0.9014,cow,0.9014,cow (0.9014),horse (0.0321),cat (0.0155),dog (0.0131),squirrel (0.0124),True,True
c:\Users\Alan\python\MMIP\week3\data\Dataset\cow\cow (256).jpeg,cow,0.4929,cow,0.4929,cow (0.4929),dog (0.2154),sheep (0.0751),elephant (0.0572),horse (0.0435),True,True
c:\Users\Alan\python\MMIP\week3\data\Dataset\cow\cow (578).jpeg,cow,0.6792,cow,0.6792,cow (0.6792),chicken (0.1274),sheep (0.0983),squirrel (0.0248),cat (0.0155),True,True
c:\Users\Alan\python\MMIP\week3\data\Dataset\cow\cow (827).jpeg,cow,0.2914,dog,0.3493,dog (0.3493),cow (0.2914),horse (0.1224),chicken (0.0667),elephant (0.0457),False,True
c:\Users\Alan\python\MMIP\week3\data\Dataset\cow\cow (598).jpeg,cow,0.6748,cow,0.6748,cow (0.6748),dog (0.0543),cat (0.0488),butterfly (0.0440),spider (0.0418),True,True
c:\Users\Alan\python\MMIP\week3\data\Dataset\cow\cow (1609).jpeg,cow,0.648,cow,0.648,cow (0.6480),dog (0.1407),chicken (0.0499),butterfly (0.0329),horse (0.0300),True,True
c:\Users\Alan\python\MMIP\week3\data\Dataset\cow\cow (1768).jpeg,cow,0.7689,cow,0.7689,cow (0.7689),dog (0.0492),horse (0.0397),chicken (0.0271),butterfly (0.0263),True,True
c:\Users\Alan\python\MMIP\week3\data\Dataset\cow\cow (374).jpeg,cow,0.9449,cow,0.9449,cow (0.9449),squirrel (0.0130),dog (0.0127),elephant (0.0091),horse (0.0054),True,True
c:\Users\Alan\python\MMIP\week3\data\Dataset\cow\cow (312).jpeg,cow,0.92,cow,0.92,cow (0.9200),sheep (0.0230),horse (0.0153),squirrel (0.0107),cat (0.0103),True,True
c:\Users\Alan\python\MMIP\week3\data\Dataset\cow\cow (1119).jpeg,cow,0.9353,cow,0.9353,cow (0.9353),dog (0.0160),horse (0.0097),cat (0.0096),elephant (0.0086),True,True
c:\Users\Alan\python\MMIP\week3\data\Dataset\cow\cow (1397).jpeg,cow,0.8035,cow,0.8035,cow (0.8035),dog (0.0713),elephant (0.0408),horse (0.0361),sheep (0.0131),True,True
c:\Users\Alan\python\MMIP\week3\data\Dataset\cow\cow (937).jpeg,cow,0.4987,cow,0.4987,cow (0.4987),horse (0.1421),sheep (0.1203),spider (0.0838),chicken (0.0453),True,True
c:\Users\Alan\python\MMIP\week3\data\Dataset\cow\cow (449).jpeg,cow,0.7308,cow,0.7308,cow (0.7308),horse (0.0932),sheep (0.0506),squirrel (0.0464),dog (0.0192),True,True
c:\Users\Alan\python\MMIP\week3\data\Dataset\cow\cow (1616).jpeg,cow,0.7796,cow,0.7796,cow (0.7796),squirrel (0.0381),spider (0.0364),dog (0.0317),horse (0.0256),True,True
c:\Users\Alan\python\MMIP\week3\data\Dataset\cow\cow (257).jpeg,cow,0.2678,sheep,0.3183,sheep (0.3183),cow (0.2678),horse (0.1727),squirrel (0.0451),chicken (0.0418),False,True
c:\Users\Alan\python\MMIP\week3\data\Dataset\cow\cow (62).jpeg,cow,0.3796,cow,0.3796,cow (0.3796),horse (0.2000),dog (0.1362),spider (0.1047),chicken (0.0589),True,True
c:\Users\Alan\python\MMIP\week3\data\Dataset\cow\cow (1695).jpeg,cow,0.8313,cow,0.8313,cow (0.8313),dog (0.0622),sheep (0.0254),elephant (0.0179),horse (0.0167),True,True
c:\Users\Alan\python\MMIP\week3\data\Dataset\cow\cow (171).jpeg,cow,0.955,cow,0.955,cow (0.9550),butterfly (0.0183),spider (0.0056),squirrel (0.0046),elephant (0.0033),True,True
c:\Users\Alan\python\MMIP\week3\data\Dataset\cow\cow (693).jpeg,cow,0.9827,cow,0.9827,cow (0.9827),dog (0.0051),chicken (0.0025),butterfly (0.0024),spider (0.0019),True,True
c:\Users\Alan\python\MMIP\week3\data\Dataset\cow\cow (1757).jpeg,cow,0.8865,cow,0.8865,cow (0.8865),squirrel (0.0304),dog (0.0272),horse (0.0221),butterfly (0.0156),True,True
c:\Users\Alan\python\MMIP\week3\data\Dataset\cow\cow (953).jpeg,cow,0.446,cow,0.446,cow (0.4460),dog (0.1010),horse (0.0970),elephant (0.0618),sheep (0.0589),True,True
c:\Users\Alan\python\MMIP\week3\data\Dataset\cow\cow (170).jpeg,cow,0.9298,cow,0.9298,cow (0.9298),butterfly (0.0160),squirrel (0.0139),spider (0.0090),chicken (0.0082),True,True
c:\Users\Alan\python\MMIP\week3\data\Dataset\cow\cow (258).jpeg,cow,0.9345,cow,0.9345,cow (0.9345),dog (0.0296),sheep (0.0137),squirrel (0.0091),elephant (0.0030),True,True
c:\Users\Alan\python\MMIP\week3\data\Dataset\cow\cow (1411).jpeg,cow,0.8005,cow,0.8005,cow (0.8005),dog (0.0957),cat (0.0245),elephant (0.0218),horse (0.0133),True,True
c:\Users\Alan\python\MMIP\week3\data\Dataset\cow\cow (932).jpeg,cow,0.8225,cow,0.8225,cow (0.8225),horse (0.1086),squirrel (0.0149),butterfly (0.0120),elephant (0.0087),True,True
c:\Users\Alan\python\MMIP\week3\data\Dataset\cow\cow (1126).jpeg,cow,0.482,cow,0.482,cow (0.4820),horse (0.2023),spider (0.0660),squirrel (0.0511),sheep (0.0448),True,True
c:\Users\Alan\python\MMIP\week3\data\Dataset\cow\cow (1203).jpeg,cow,0.8811,cow,0.8811,cow (0.8811),horse (0.0475),dog (0.0379),cat (0.0084),butterfly (0.0070),True,True
c:\Users\Alan\python\MMIP\week3\data\Dataset\cow\cow (1842).jpeg,cow,0.8687,cow,0.8687,cow (0.8687),dog (0.0263),sheep (0.0206),cat (0.0194),horse (0.0152),True,True
c:\Users\Alan\python\MMIP\week3\data\Dataset\cow\cow (1362).jpeg,cow,0.8406,cow,0.8406,cow (0.8406),horse (0.0873),butterfly (0.0135),elephant (0.0113),sheep (0.0112),True,True
c:\Users\Alan\python\MMIP\week3\data\Dataset\cow\cow (591).jpeg,cow,0.8313,cow,0.8313,cow (0.8313),spider (0.1020),chicken (0.0255),sheep (0.0114),squirrel (0.0071),True,True
c:\Users\Alan\python\MMIP\week3\data\Dataset\cow\cow (901).jpeg,cow,0.9868,cow,0.9868,cow (0.9868),squirrel (0.0054),cat (0.0016),chicken (0.0012),elephant (0.0011),True,True
c:\Users\Alan\python\MMIP\week3\data\Dataset\cow\cow (1585).jpeg,cow,0.5296,cow,0.5296,cow (0.5296),sheep (0.1935),dog (0.1149),butterfly (0.0424),elephant (0.0318),True,True
c:\Users\Alan\python\MMIP\week3\data\Dataset\cow\cow (116).jpeg,cow,0.9291,cow,0.9291,cow (0.9291),cat (0.0168),horse (0.0113),sheep (0.0093),dog (0.0081),True,True
c:\Users\Alan\python\MMIP\week3\data\Dataset\cow\cow (1060).jpeg,cow,0.3408,elephant,0.3757,elephant (0.3757),cow (0.3408),dog (0.1337),squirrel (0.0485),chicken (0.0269),False,True
c:\Users\Alan\python\MMIP\week3\data\Dataset\cow\cow (831).jpeg,cow,0.9882,cow,0.9882,cow (0.9882),horse (0.0022),spider (0.0018),butterfly (0.0016),sheep (0.0015),True,True
c:\Users\Alan\python\MMIP\week3\data\Dataset\cow\cow (728).jpeg,cow,0.9344,cow,0.9344,cow (0.9344),squirrel (0.0107),horse (0.0106),elephant (0.0100),spider (0.0093),True,True
c:\Users\Alan\python\MMIP\week3\data\Dataset\cow\cow (747).jpeg,cow,0.8959,cow,0.8959,cow (0.8959),elephant (0.0269),sheep (0.0176),butterfly (0.0148),cat (0.0109),True,True
c:\Users\Alan\python\MMIP\week3\data\Dataset\cow\cow (1520).jpeg,cow,0.6728,cow,0.6728,cow (0.6728),dog (0.0982),horse (0.0470),squirrel (0.0368),sheep (0.0320),True,True
c:\Users\Alan\python\MMIP\week3\data\Dataset\cow\cow (1475).jpeg,cow,0.9016,cow,0.9016,cow (0.9016),horse (0.0229),butterfly (0.0144),cat (0.0125),spider (0.0121),True,True
c:\Users\Alan\python\MMIP\week3\data\Dataset\cow\cow (38).jpeg,cow,0.8412,cow,0.8412,cow (0.8412),horse (0.0480),squirrel (0.0223),chicken (0.0193),butterfly (0.0156),True,True
c:\Users\Alan\python\MMIP\week3\data\Dataset\cow\cow (641).jpeg,cow,0.7043,cow,0.7043,cow (0.7043),horse (0.1149),dog (0.0739),butterfly (0.0222),cat (0.0197),True,True
c:\Users\Alan\python\MMIP\week3\data\Dataset\cow\cow (1075).jpeg,cow,0.9803,cow,0.9803,cow (0.9803),sheep (0.0055),spider (0.0037),dog (0.0023),butterfly (0.0020),True,True
c:\Users\Alan\python\MMIP\week3\data\Dataset\cow\cow (480).jpeg,cow,0.8369,cow,0.8369,cow (0.8369),sheep (0.0605),horse (0.0362),cat (0.0159),dog (0.0142),True,True
c:\Users\Alan\python\MMIP\week3\data\Dataset\cow\cow (356).jpeg,cow,0.4356,cow,0.4356,cow (0.4356),horse (0.2106),dog (0.0833),sheep (0.0694),elephant (0.0670),True,True
c:\Users\Alan\python\MMIP\week3\data\Dataset\cow\cow (1580).jpeg,cow,0.9551,cow,0.9551,cow (0.9551),sheep (0.0130),chicken (0.0081),cat (0.0064),horse (0.0046),True,True
c:\Users\Alan\python\MMIP\week3\data\Dataset\cow\cow (744).jpeg,cow,0.6548,cow,0.6548,cow (0.6548),dog (0.1852),butterfly (0.0465),chicken (0.0295),spider (0.0254),True,True
c:\Users\Alan\python\MMIP\week3\data\Dataset\cow\cow (139).jpeg,cow,0.8715,cow,0.8715,cow (0.8715),elephant (0.0340),sheep (0.0223),horse (0.0198),dog (0.0148),True,True
c:\Users\Alan\python\MMIP\week3\data\Dataset\cow\cow (1799).jpeg,cow,0.8079,cow,0.8079,cow (0.8079),cat (0.0908),dog (0.0252),sheep (0.0207),elephant (0.0170),True,True
c:\Users\Alan\python\MMIP\week3\data\Dataset\cow\cow (1778).jpeg,cow,0.5623,cow,0.5623,cow (0.5623),chicken (0.0798),horse (0.0796),sheep (0.0642),spider (0.0624),True,True
c:\Users\Alan\python\MMIP\week3\data\Dataset\cow\cow (1468).jpeg,cow,0.9783,cow,0.9783,cow (0.9783),butterfly (0.0073),cat (0.0032),sheep (0.0025),spider (0.0023),True,True
c:\Users\Alan\python\MMIP\week3\data\Dataset\cow\cow (1566).jpeg,cow,0.8862,cow,0.8862,cow (0.8862),elephant (0.0330),horse (0.0227),sheep (0.0163),cat (0.0158),True,True
c:\Users\Alan\python\MMIP\week3\data\Dataset\cow\cow (639).jpeg,cow,0.9386,cow,0.9386,cow (0.9386),chicken (0.0095),spider (0.0088),butterfly (0.0080),cat (0.0070),True,True
c:\Users\Alan\python\MMIP\week3\data\Dataset\cow\cow (1306).jpeg,cow,0.9589,cow,0.9589,cow (0.9589),horse (0.0147),sheep (0.0052),squirrel (0.0048),butterfly (0.0043),True,True
c:\Users\Alan\python\MMIP\week3\data\Dataset\cow\cow (1763).jpeg,cow,0.2741,cow,0.2741,cow (0.2741),sheep (0.2692),spider (0.0907),horse (0.0882),dog (0.0848),True,True
c:\Users\Alan\python\MMIP\week3\data\Dataset\cow\cow (301).jpeg,cow,0.7653,cow,0.7653,cow (0.7653),dog (0.0531),chicken (0.0378),horse (0.0358),elephant (0.0324),True,True
c:\Users\Alan\python\MMIP\week3\data\Dataset\cow\cow (233).jpeg,cow,0.5363,cow,0.5363,cow (0.5363),dog (0.1221),chicken (0.0739),sheep (0.0644),horse (0.0503),True,True
c:\Users\Alan\python\MMIP\week3\data\Dataset\cow\cow (1534).jpeg,cow,0.8394,cow,0.8394,cow (0.8394),chicken (0.0600),butterfly (0.0209),spider (0.0184),elephant (0.0166),True,True
c:\Users\Alan\python\MMIP\week3\data\Dataset\cow\cow (1276).jpeg,cow,0.0999,sheep,0.6725,sheep (0.6725),cow (0.0999),elephant (0.0830),dog (0.0364),horse (0.0349),False,True
c:\Users\Alan\python\MMIP\week3\data\Dataset\cow\cow (1073).jpeg,cow,0.952,cow,0.952,cow (0.9520),butterfly (0.0111),spider (0.0079),elephant (0.0063),cat (0.0059),True,True
c:\Users\Alan\python\MMIP\week3\data\Dataset\cow\cow (454).jpeg,cow,0.4839,cow,0.4839,cow (0.4839),dog (0.1739),sheep (0.0932),horse (0.0815),elephant (0.0679),True,True
c:\Users\Alan\python\MMIP\week3\data\Dataset\cow\cow (1215).jpeg,cow,0.374,cow,0.374,cow (0.3740),horse (0.2129),elephant (0.1410),dog (0.0876),squirrel (0.0418),True,True
c:\Users\Alan\python\MMIP\week3\data\Dataset\cow\cow (797).jpeg,cow,0.7675,cow,0.7675,cow (0.7675),dog (0.0472),butterfly (0.0378),cat (0.0344),spider (0.0342),True,True
c:\Users\Alan\python\MMIP\week3\data\Dataset\cow\cow (431).jpeg,cow,0.6471,cow,0.6471,cow (0.6471),dog (0.0990),sheep (0.0565),chicken (0.0514),cat (0.0415),True,True
c:\Users\Alan\python\MMIP\week3\data\Dataset\cow\cow (1032).jpeg,cow,0.7878,cow,0.7878,cow (0.7878),sheep (0.1344),horse (0.0197),spider (0.0187),squirrel (0.0088),True,True
c:\Users\Alan\python\MMIP\week3\data\Dataset\cow\cow (1077).jpeg,cow,0.8255,cow,0.8255,cow (0.8255),sheep (0.1076),butterfly (0.0125),spider (0.0115),horse (0.0110),True,True
c:\Users\Alan\python\MMIP\week3\data\Dataset\cow\cow (1675).jpeg,cow,0.9292,cow,0.9292,cow (0.9292),sheep (0.0172),elephant (0.0148),chicken (0.0092),butterfly (0.0071),True,True
c:\Users\Alan\python\MMIP\week3\data\Dataset\cow\cow (584).jpeg,cow,0.022,dog,0.6437,dog (0.6437),chicken (0.0854),squirrel (0.0606),spider (0.0486),cat (0.0385),False,False
c:\Users\Alan\python\MMIP\week3\data\Dataset\cow\cow (1319).jpeg,cow,0.4996,cow,0.4996,cow (0.4996),chicken (0.0709),elephant (0.0705),butterfly (0.0683),spider (0.0670),True,True
c:\Users\Alan\python\MMIP\week3\data\Dataset\cow\cow (1274).jpeg,cow,0.9411,cow,0.9411,cow (0.9411),dog (0.0240),elephant (0.0070),cat (0.0057),horse (0.0049),True,True
c:\Users\Alan\python\MMIP\week3\data\Dataset\cow\cow (1732).jpeg,cow,0.7719,cow,0.7719,cow (0.7719),dog (0.0620),elephant (0.0439),chicken (0.0282),cat (0.0213),True,True
c:\Users\Alan\python\MMIP\week3\data\Dataset\cow\cow (835).jpeg,cow,0.2462,elephant,0.5087,elephant (0.5087),cow (0.2462),spider (0.0999),horse (0.0429),squirrel (0.0329),False,True
c:\Users\Alan\python\MMIP\week3\data\Dataset\cow\cow (1506).jpeg,cow,0.9859,cow,0.9859,cow (0.9859),sheep (0.0048),cat (0.0016),elephant (0.0014),dog (0.0014),True,True
c:\Users\Alan\python\MMIP\week3\data\Dataset\cow\cow (768).jpeg,cow,0.9401,cow,0.9401,cow (0.9401),horse (0.0251),butterfly (0.0083),spider (0.0064),chicken (0.0047),True,True
c:\Users\Alan\python\MMIP\week3\data\Dataset\cow\cow (1793).jpeg,cow,0.9297,cow,0.9297,cow (0.9297),horse (0.0138),butterfly (0.0123),squirrel (0.0099),cat (0.0093),True,True
c:\Users\Alan\python\MMIP\week3\data\Dataset\cow\cow (1252).jpeg,cow,0.7408,cow,0.7408,cow (0.7408),sheep (0.0776),horse (0.0661),squirrel (0.0403),elephant (0.0321),True,True
c:\Users\Alan\python\MMIP\week3\data\Dataset\cow\cow (1699).jpeg,cow,0.6133,cow,0.6133,cow (0.6133),horse (0.3045),spider (0.0212),butterfly (0.0148),elephant (0.0120),True,True
c:\Users\Alan\python\MMIP\week3\data\Dataset\cow\cow (123).jpeg,cow,0.9333,cow,0.9333,cow (0.9333),horse (0.0218),elephant (0.0113),butterfly (0.0069),chicken (0.0069),True,True
c:\Users\Alan\python\MMIP\week3\data\Dataset\cow\cow (503).jpeg,cow,0.7206,cow,0.7206,cow (0.7206),horse (0.1378),elephant (0.0367),cat (0.0239),squirrel (0.0213),True,True
c:\Users\Alan\python\MMIP\week3\data\Dataset\cow\cow (250).jpeg,cow,0.8766,cow,0.8766,cow (0.8766),sheep (0.0543),horse (0.0164),chicken (0.0156),squirrel (0.0141),True,True
c:\Users\Alan\python\MMIP\week3\data\Dataset\cow\cow (1679).jpeg,cow,0.794,cow,0.794,cow (0.7940),dog (0.0571),squirrel (0.0357),chicken (0.0275),spider (0.0189),True,True
c:\Users\Alan\python\MMIP\week3\data\Dataset\cow\cow (1474).jpeg,cow,0.3004,dog,0.3296,dog (0.3296),cow (0.3004),horse (0.2089),elephant (0.0320),spider (0.0320),False,True
c:\Users\Alan\python\MMIP\week3\data\Dataset\cow\cow (1427).jpeg,cow,0.5482,cow,0.5482,cow (0.5482),horse (0.2745),spider (0.0510),sheep (0.0378),butterfly (0.0256),True,True
c:\Users\Alan\python\MMIP\week3\data\Dataset\cow\cow (248).jpeg,cow,0.9351,cow,0.9351,cow (0.9351),chicken (0.0208),dog (0.0128),cat (0.0080),butterfly (0.0072),True,True
c:\Users\Alan\python\MMIP\week3\data\Dataset\cow\cow (1571).jpeg,cow,0.5337,cow,0.5337,cow (0.5337),elephant (0.1537),spider (0.0927),squirrel (0.0602),butterfly (0.0457),True,True
c:\Users\Alan\python\MMIP\week3\data\Dataset\cow\cow (515).jpeg,cow,0.7859,cow,0.7859,cow (0.7859),dog (0.1355),squirrel (0.0245),horse (0.0135),sheep (0.0130),True,True
c:\Users\Alan\python\MMIP\week3\data\Dataset\cow\cow (1555).jpeg,cow,0.5177,cow,0.5177,cow (0.5177),horse (0.1507),elephant (0.1105),dog (0.0890),cat (0.0523),True,True
c:\Users\Alan\python\MMIP\week3\data\Dataset\cow\cow (1462).jpeg,cow,0.7853,cow,0.7853,cow (0.7853),sheep (0.0494),butterfly (0.0442),elephant (0.0318),spider (0.0262),True,True
c:\Users\Alan\python\MMIP\week3\data\Dataset\cow\cow (642).jpeg,cow,0.9811,cow,0.9811,cow (0.9811),chicken (0.0065),sheep (0.0035),butterfly (0.0020),spider (0.0019),True,True
c:\Users\Alan\python\MMIP\week3\data\Dataset\cow\cow (970).jpeg,cow,0.3343,sheep,0.4365,sheep (0.4365),cow (0.3343),squirrel (0.0665),spider (0.0488),dog (0.0339),False,True
c:\Users\Alan\python\MMIP\week3\data\Dataset\cow\cow (71).jpeg,cow,0.6721,cow,0.6721,cow (0.6721),cat (0.0646),dog (0.0581),elephant (0.0547),butterfly (0.0425),True,True
c:\Users\Alan\python\MMIP\week3\data\Dataset\cow\cow (1314).jpeg,cow,0.8056,cow,0.8056,cow (0.8056),dog (0.0859),elephant (0.0296),sheep (0.0263),spider (0.0160),True,True
c:\Users\Alan\python\MMIP\week3\data\Dataset\cow\cow (1170).jpeg,cow,0.593,cow,0.593,cow (0.5930),horse (0.1714),dog (0.0605),chicken (0.0466),cat (0.0312),True,True
c:\Users\Alan\python\MMIP\week3\data\Dataset\cow\cow (1570).jpeg,cow,0.8872,cow,0.8872,cow (0.8872),elephant (0.0576),dog (0.0143),cat (0.0107),horse (0.0081),True,True
c:\Users\Alan\python\MMIP\week3\data\Dataset\cow\cow (1225).jpeg,cow,0.9658,cow,0.9658,cow (0.9658),sheep (0.0089),squirrel (0.0077),spider (0.0034),cat (0.0028),True,True
c:\Users\Alan\python\MMIP\week3\data\Dataset\cow\cow (1488).jpeg,cow,0.4916,cow,0.4916,cow (0.4916),dog (0.1594),sheep (0.0758),butterfly (0.0537),squirrel (0.0519),True,True
c:\Users\Alan\python\MMIP\week3\data\Dataset\cow\cow (1097).jpeg,cow,0.6901,cow,0.6901,cow (0.6901),sheep (0.0977),dog (0.0678),chicken (0.0563),cat (0.0255),True,True
c:\Users\Alan\python\MMIP\week3\data\Dataset\cow\cow (463).jpeg,cow,0.9173,cow,0.9173,cow (0.9173),horse (0.0269),butterfly (0.0131),spider (0.0117),elephant (0.0117),True,True
c:\Users\Alan\python\MMIP\week3\data\Dataset\cow\cow (504).jpeg,cow,0.0814,horse,0.5348,horse (0.5348),dog (0.1440),chicken (0.0912),cow (0.0814),butterfly (0.0448),False,True
c:\Users\Alan\python\MMIP\week3\data\Dataset\cow\cow (136).jpeg,cow,0.968,cow,0.968,cow (0.9680),chicken (0.0086),sheep (0.0065),cat (0.0040),horse (0.0035),True,True
c:\Users\Alan\python\MMIP\week3\data\Dataset\cow\cow (142).jpeg,cow,0.9183,cow,0.9183,cow (0.9183),butterfly (0.0242),chicken (0.0176),cat (0.0096),squirrel (0.0086),True,True
c:\Users\Alan\python\MMIP\week3\data\Dataset\cow\cow (1662).jpeg,cow,0.908,cow,0.908,cow (0.9080),chicken (0.0344),butterfly (0.0156),spider (0.0130),horse (0.0085),True,True
c:\Users\Alan\python\MMIP\week3\data\Dataset\cow\cow (634).jpeg,cow,0.8111,cow,0.8111,cow (0.8111),dog (0.0627),sheep (0.0332),elephant (0.0315),squirrel (0.0183),True,True
c:\Users\Alan\python\MMIP\week3\data\Dataset\cow\cow (1490).jpeg,cow,0.8452,cow,0.8452,cow (0.8452),horse (0.0435),spider (0.0195),dog (0.0173),elephant (0.0157),True,True
c:\Users\Alan\python\MMIP\week3\data\Dataset\cow\cow (1812).jpeg,cow,0.8757,cow,0.8757,cow (0.8757),horse (0.0501),dog (0.0187),butterfly (0.0150),elephant (0.0148),True,True
c:\Users\Alan\python\MMIP\week3\data\Dataset\cow\cow (241).jpeg,cow,0.8832,cow,0.8832,cow (0.8832),cat (0.0338),elephant (0.0249),sheep (0.0168),butterfly (0.0102),True,True
c:\Users\Alan\python\MMIP\week3\data\Dataset\cow\cow (484).jpeg,cow,0.1278,sheep,0.2013,sheep (0.2013),horse (0.1921),dog (0.1375),cow (0.1278),elephant (0.0811),False,True
c:\Users\Alan\python\MMIP\week3\data\Dataset\cow\cow (1721).jpeg,cow,0.6498,cow,0.6498,cow (0.6498),elephant (0.1760),squirrel (0.0496),horse (0.0401),sheep (0.0238),True,True
c:\Users\Alan\python\MMIP\week3\data\Dataset\cow\cow (1190).jpeg,cow,0.9766,cow,0.9766,cow (0.9766),dog (0.0067),squirrel (0.0030),butterfly (0.0028),elephant (0.0025),True,True
c:\Users\Alan\python\MMIP\week3\data\Dataset\cow\cow (443).jpeg,cow,0.4836,cow,0.4836,cow (0.4836),horse (0.2309),dog (0.0612),elephant (0.0521),spider (0.0515),True,True
c:\Users\Alan\python\MMIP\week3\data\Dataset\cow\cow (508).jpeg,cow,0.9725,cow,0.9725,cow (0.9725),dog (0.0071),spider (0.0048),horse (0.0044),butterfly (0.0041),True,True
c:\Users\Alan\python\MMIP\week3\data\Dataset\cow\cow (1576).jpeg,cow,0.9852,cow,0.9852,cow (0.9852),elephant (0.0030),butterfly (0.0019),sheep (0.0019),horse (0.0018),True,True
c:\Users\Alan\python\MMIP\week3\data\Dataset\cow\cow (518).jpeg,cow,0.8001,cow,0.8001,cow (0.8001),horse (0.1008),chicken (0.0256),elephant (0.0172),spider (0.0136),True,True
c:\Users\Alan\python\MMIP\week3\data\Dataset\cow\cow (237).jpeg,cow,0.9319,cow,0.9319,cow (0.9319),dog (0.0222),elephant (0.0111),horse (0.0108),cat (0.0064),True,True
c:\Users\Alan\python\MMIP\week3\data\Dataset\cow\cow (1350).jpeg,cow,0.3364,dog,0.354,dog (0.3540),cow (0.3364),horse (0.0889),sheep (0.0604),chicken (0.0556),False,True
c:\Users\Alan\python\MMIP\week3\data\Dataset\cow\cow (148).jpeg,cow,0.96,cow,0.96,cow (0.9600),squirrel (0.0153),dog (0.0110),butterfly (0.0042),chicken (0.0034),True,True
c:\Users\Alan\python\MMIP\week3\data\Dataset\cow\cow (826).jpeg,cow,0.8445,cow,0.8445,cow (0.8445),chicken (0.0582),dog (0.0317),horse (0.0210),squirrel (0.0108),True,True
c:\Users\Alan\python\MMIP\week3\data\Dataset\cow\cow (252).jpeg,cow,0.1083,sheep,0.3373,sheep (0.3373),cat (0.3226),cow (0.1083),elephant (0.0494),horse (0.0480),False,True
c:\Users\Alan\python\MMIP\week3\data\Dataset\cow\cow (891).jpeg,cow,0.8813,cow,0.8813,cow (0.8813),horse (0.0417),chicken (0.0183),butterfly (0.0179),cat (0.0119),True,True
c:\Users\Alan\python\MMIP\week3\data\Dataset\cow\cow (149).jpeg,cow,0.9435,cow,0.9435,cow (0.9435),elephant (0.0147),butterfly (0.0093),dog (0.0078),cat (0.0058),True,True
c:\Users\Alan\python\MMIP\week3\data\Dataset\cow\cow (1865).jpeg,cow,0.5231,cow,0.5231,cow (0.5231),sheep (0.1121),dog (0.1046),chicken (0.0656),butterfly (0.0642),True,True
c:\Users\Alan\python\MMIP\week3\data\Dataset\cow\cow (1081).jpeg,cow,0.8791,cow,0.8791,cow (0.8791),sheep (0.0590),horse (0.0270),dog (0.0122),butterfly (0.0057),True,True
c:\Users\Alan\python\MMIP\week3\data\Dataset\cow\cow (1189).jpeg,cow,0.9886,cow,0.9886,cow (0.9886),sheep (0.0028),squirrel (0.0016),dog (0.0014),butterfly (0.0014),True,True
c:\Users\Alan\python\MMIP\week3\data\Dataset\cow\cow (200).jpeg,cow,0.9652,cow,0.9652,cow (0.9652),dog (0.0095),spider (0.0057),cat (0.0055),butterfly (0.0040),True,True
c:\Users\Alan\python\MMIP\week3\data\Dataset\cow\cow (740).jpeg,cow,0.8266,cow,0.8266,cow (0.8266),horse (0.0306),chicken (0.0228),butterfly (0.0198),dog (0.0194),True,True
c:\Users\Alan\python\MMIP\week3\data\Dataset\cow\cow (379).jpeg,cow,0.9036,cow,0.9036,cow (0.9036),chicken (0.0362),horse (0.0147),butterfly (0.0132),sheep (0.0103),True,True
c:\Users\Alan\python\MMIP\week3\data\Dataset\dog\dog (2981).jpeg,dog,0.8456,dog,0.8456,dog (0.8456),chicken (0.0415),cat (0.0286),sheep (0.0276),elephant (0.0176),True,True
c:\Users\Alan\python\MMIP\week3\data\Dataset\dog\dog (4586).jpeg,dog,0.8878,dog,0.8878,dog (0.8878),horse (0.0259),cow (0.0172),spider (0.0171),chicken (0.0128),True,True
c:\Users\Alan\python\MMIP\week3\data\Dataset\dog\dog (4010).jpeg,dog,0.9241,dog,0.9241,dog (0.9241),cow (0.0158),butterfly (0.0111),sheep (0.0098),elephant (0.0094),True,True
c:\Users\Alan\python\MMIP\week3\data\Dataset\dog\dog (1917).jpeg,dog,0.7031,dog,0.7031,dog (0.7031),chicken (0.0727),spider (0.0618),butterfly (0.0347),elephant (0.0320),True,True
c:\Users\Alan\python\MMIP\week3\data\Dataset\dog\dog (2183).jpeg,dog,0.518,dog,0.518,dog (0.5180),cow (0.2815),horse (0.0723),squirrel (0.0284),butterfly (0.0229),True,True
c:\Users\Alan\python\MMIP\week3\data\Dataset\dog\dog (3017).jpeg,dog,0.8875,dog,0.8875,dog (0.8875),cat (0.0357),chicken (0.0158),horse (0.0139),spider (0.0122),True,True
c:\Users\Alan\python\MMIP\week3\data\Dataset\dog\dog (2425).jpeg,dog,0.9491,dog,0.9491,dog (0.9491),spider (0.0113),butterfly (0.0078),sheep (0.0071),cow (0.0058),True,True
c:\Users\Alan\python\MMIP\week3\data\Dataset\dog\dog (4740).jpeg,dog,0.613,dog,0.613,dog (0.6130),chicken (0.0634),spider (0.0617),elephant (0.0615),cow (0.0541),True,True
c:\Users\Alan\python\MMIP\week3\data\Dataset\dog\dog (1350).jpeg,dog,0.921,dog,0.921,dog (0.9210),spider (0.0212),elephant (0.0101),sheep (0.0100),butterfly (0.0082),True,True
c:\Users\Alan\python\MMIP\week3\data\Dataset\dog\dog (2491).jpeg,dog,0.8011,dog,0.8011,dog (0.8011),cat (0.0546),squirrel (0.0446),cow (0.0209),butterfly (0.0205),True,True
c:\Users\Alan\python\MMIP\week3\data\Dataset\dog\dog (4371).jpeg,dog,0.8263,dog,0.8263,dog (0.8263),chicken (0.0505),sheep (0.0437),butterfly (0.0219),cow (0.0173),True,True
c:\Users\Alan\python\MMIP\week3\data\Dataset\dog\dog (4095).jpeg,dog,0.9178,dog,0.9178,dog (0.9178),sheep (0.0231),chicken (0.0120),cow (0.0108),butterfly (0.0102),True,True
c:\Users\Alan\python\MMIP\week3\data\Dataset\dog\dog (174).jpeg,dog,0.9602,dog,0.9602,dog (0.9602),spider (0.0092),chicken (0.0059),sheep (0.0056),elephant (0.0042),True,True
c:\Users\Alan\python\MMIP\week3\data\Dataset\dog\dog (1902).jpeg,dog,0.6924,dog,0.6924,dog (0.6924),cat (0.1709),sheep (0.0400),elephant (0.0239),cow (0.0215),True,True
c:\Users\Alan\python\MMIP\week3\data\Dataset\dog\dog (300).jpeg,dog,0.8239,dog,0.8239,dog (0.8239),cow (0.0638),elephant (0.0353),squirrel (0.0200),butterfly (0.0154),True,True
c:\Users\Alan\python\MMIP\week3\data\Dataset\dog\dog (4367).jpeg,dog,0.9655,dog,0.9655,dog (0.9655),cow (0.0125),spider (0.0046),squirrel (0.0045),butterfly (0.0044),True,True
c:\Users\Alan\python\MMIP\week3\data\Dataset\dog\dog (4216).jpeg,dog,0.9786,dog,0.9786,dog (0.9786),spider (0.0054),butterfly (0.0048),chicken (0.0033),elephant (0.0028),True,True
c:\Users\Alan\python\MMIP\week3\data\Dataset\dog\dog (590).jpeg,dog,0.9035,dog,0.9035,dog (0.9035),horse (0.0415),cow (0.0146),butterfly (0.0086),chicken (0.0068),True,True
c:\Users\Alan\python\MMIP\week3\data\Dataset\dog\dog (2587).jpeg,dog,0.8081,dog,0.8081,dog (0.8081),butterfly (0.0496),elephant (0.0271),squirrel (0.0229),sheep (0.0223),True,True
c:\Users\Alan\python\MMIP\week3\data\Dataset\dog\dog (647).jpeg,dog,0.8837,dog,0.8837,dog (0.8837),chicken (0.0223),cow (0.0205),sheep (0.0185),squirrel (0.0144),True,True
c:\Users\Alan\python\MMIP\week3\data\Dataset\dog\dog (2595).jpeg,dog,0.9184,dog,0.9184,dog (0.9184),chicken (0.0244),cat (0.0202),cow (0.0124),sheep (0.0073),True,True
c:\Users\Alan\python\MMIP\week3\data\Dataset\dog\dog (2744).jpeg,dog,0.7815,dog,0.7815,dog (0.7815),sheep (0.0405),cow (0.0353),horse (0.0349),squirrel (0.0272),True,True
c:\Users\Alan\python\MMIP\week3\data\Dataset\dog\dog (3135).jpeg,dog,0.9086,dog,0.9086,dog (0.9086),spider (0.0300),sheep (0.0130),butterfly (0.0109),cow (0.0100),True,True
c:\Users\Alan\python\MMIP\week3\data\Dataset\dog\dog (4555).jpeg,dog,0.9343,dog,0.9343,dog (0.9343),spider (0.0104),cow (0.0097),cat (0.0096),squirrel (0.0073),True,True
c:\Users\Alan\python\MMIP\week3\data\Dataset\dog\dog (3318).jpeg,dog,0.9313,dog,0.9313,dog (0.9313),chicken (0.0150),squirrel (0.0142),spider (0.0131),butterfly (0.0099),True,True
c:\Users\Alan\python\MMIP\week3\data\Dataset\dog\dog (1894).jpeg,dog,0.8606,dog,0.8606,dog (0.8606),cat (0.0646),butterfly (0.0154),cow (0.0128),squirrel (0.0110),True,True
c:\Users\Alan\python\MMIP\week3\data\Dataset\dog\dog (1998).jpeg,dog,0.9402,dog,0.9402,dog (0.9402),elephant (0.0178),squirrel (0.0107),cat (0.0071),spider (0.0063),True,True
c:\Users\Alan\python\MMIP\week3\data\Dataset\dog\dog (1643).jpeg,dog,0.8,dog,0.8,dog (0.8000),cat (0.0661),spider (0.0461),sheep (0.0189),butterfly (0.0188),True,True
c:\Users\Alan\python\MMIP\week3\data\Dataset\dog\dog (3198).jpeg,dog,0.167,chicken,0.2681,chicken (0.2681),spider (0.1682),dog (0.1670),cat (0.1226),squirrel (0.0978),False,True
c:\Users\Alan\python\MMIP\week3\data\Dataset\dog\dog (3945).jpeg,dog,0.9419,dog,0.9419,dog (0.9419),horse (0.0097),elephant (0.0089),cat (0.0082),squirrel (0.0073),True,True
c:\Users\Alan\python\MMIP\week3\data\Dataset\dog\dog (2689).jpeg,dog,0.8595,dog,0.8595,dog (0.8595),squirrel (0.0583),spider (0.0269),butterfly (0.0161),elephant (0.0103),True,True
c:\Users\Alan\python\MMIP\week3\data\Dataset\dog\dog (1536).jpeg,dog,0.9489,dog,0.9489,dog (0.9489),butterfly (0.0098),spider (0.0097),sheep (0.0090),horse (0.0060),True,True
c:\Users\Alan\python\MMIP\week3\data\Dataset\dog\dog (4053).jpeg,dog,0.9651,dog,0.9651,dog (0.9651),cat (0.0101),horse (0.0041),squirrel (0.0039),sheep (0.0033),True,True
c:\Users\Alan\python\MMIP\week3\data\Dataset\dog\dog (3970).jpeg,dog,0.9839,dog,0.9839,dog (0.9839),chicken (0.0045),butterfly (0.0025),spider (0.0018),cow (0.0017),True,True
c:\Users\Alan\python\MMIP\week3\data\Dataset\dog\dog (1170).jpeg,dog,0.8904,dog,0.8904,dog (0.8904),cat (0.0326),elephant (0.0176),horse (0.0145),sheep (0.0135),True,True
c:\Users\Alan\python\MMIP\week3\data\Dataset\dog\dog (4221).jpeg,dog,0.9346,dog,0.9346,dog (0.9346),sheep (0.0138),spider (0.0129),cow (0.0082),cat (0.0068),True,True
c:\Users\Alan\python\MMIP\week3\data\Dataset\dog\dog (96).jpeg,dog,0.9646,dog,0.9646,dog (0.9646),elephant (0.0085),squirrel (0.0073),cow (0.0046),cat (0.0039),True,True
c:\Users\Alan\python\MMIP\week3\data\Dataset\dog\dog (4844).jpeg,dog,0.8424,dog,0.8424,dog (0.8424),cat (0.0673),butterfly (0.0254),horse (0.0125),spider (0.0116),True,True
c:\Users\Alan\python\MMIP\week3\data\Dataset\dog\dog (3384).jpeg,dog,0.8921,dog,0.8921,dog (0.8921),horse (0.0240),cat (0.0161),squirrel (0.0125),spider (0.0124),True,True
c:\Users\Alan\python\MMIP\week3\data\Dataset\dog\dog (407).jpeg,dog,0.865,dog,0.865,dog (0.8650),cow (0.0321),spider (0.0250),chicken (0.0250),squirrel (0.0119),True,True
c:\Users\Alan\python\MMIP\week3\data\Dataset\dog\dog (875).jpeg,dog,0.7218,dog,0.7218,dog (0.7218),horse (0.0922),cat (0.0516),sheep (0.0329),squirrel (0.0262),True,True
c:\Users\Alan\python\MMIP\week3\data\Dataset\dog\dog (694).jpeg,dog,0.7701,dog,0.7701,dog (0.7701),horse (0.0491),chicken (0.0445),elephant (0.0385),cow (0.0226),True,True
c:\Users\Alan\python\MMIP\week3\data\Dataset\dog\dog (1466).jpeg,dog,0.5283,dog,0.5283,dog (0.5283),cat (0.2297),butterfly (0.0720),chicken (0.0515),horse (0.0496),True,True
c:\Users\Alan\python\MMIP\week3\data\Dataset\dog\dog (4850).jpeg,dog,0.9288,dog,0.9288,dog (0.9288),chicken (0.0129),cat (0.0114),squirrel (0.0113),sheep (0.0098),True,True
c:\Users\Alan\python\MMIP\week3\data\Dataset\dog\dog (3975).jpeg,dog,0.9554,dog,0.9554,dog (0.9554),elephant (0.0212),chicken (0.0064),spider (0.0050),cow (0.0034),True,True
c:\Users\Alan\python\MMIP\week3\data\Dataset\dog\dog (4858).jpeg,dog,0.8289,dog,0.8289,dog (0.8289),cat (0.0710),sheep (0.0288),cow (0.0288),squirrel (0.0140),True,True
c:\Users\Alan\python\MMIP\week3\data\Dataset\dog\dog (4505).jpeg,dog,0.9101,dog,0.9101,dog (0.9101),cat (0.0208),horse (0.0135),cow (0.0125),sheep (0.0111),True,True
c:\Users\Alan\python\MMIP\week3\data\Dataset\dog\dog (563).jpeg,dog,0.726,dog,0.726,dog (0.7260),cow (0.0793),sheep (0.0508),horse (0.0414),butterfly (0.0309),True,True
c:\Users\Alan\python\MMIP\week3\data\Dataset\dog\dog (3754).jpeg,dog,0.6645,dog,0.6645,dog (0.6645),cat (0.1098),chicken (0.0698),elephant (0.0505),horse (0.0243),True,True
c:\Users\Alan\python\MMIP\week3\data\Dataset\dog\dog (3550).jpeg,dog,0.9835,dog,0.9835,dog (0.9835),butterfly (0.0040),squirrel (0.0038),elephant (0.0033),sheep (0.0019),True,True
c:\Users\Alan\python\MMIP\week3\data\Dataset\dog\dog (2294).jpeg,dog,0.6724,dog,0.6724,dog (0.6724),spider (0.1191),squirrel (0.0520),horse (0.0447),cow (0.0298),True,True
c:\Users\Alan\python\MMIP\week3\data\Dataset\dog\dog (2485).jpeg,dog,0.9346,dog,0.9346,dog (0.9346),sheep (0.0158),cow (0.0102),cat (0.0066),chicken (0.0065),True,True
c:\Users\Alan\python\MMIP\week3\data\Dataset\dog\dog (1481).jpeg,dog,0.9306,dog,0.9306,dog (0.9306),butterfly (0.0168),cow (0.0141),sheep (0.0123),squirrel (0.0057),True,True
c:\Users\Alan\python\MMIP\week3\data\Dataset\dog\dog (4539).jpeg,dog,0.8449,dog,0.8449,dog (0.8449),cow (0.0296),squirrel (0.0234),elephant (0.0223),horse (0.0180),True,True
c:\Users\Alan\python\MMIP\week3\data\Dataset\dog\dog (4145).jpeg,dog,0.9545,dog,0.9545,dog (0.9545),spider (0.0118),sheep (0.0091),squirrel (0.0065),elephant (0.0043),True,True
c:\Users\Alan\python\MMIP\week3\data\Dataset\dog\dog (3561).jpeg,dog,0.8876,dog,0.8876,dog (0.8876),squirrel (0.0234),chicken (0.0184),butterfly (0.0142),elephant (0.0126),True,True
c:\Users\Alan\python\MMIP\week3\data\Dataset\dog\dog (403).jpeg,dog,0.9145,dog,0.9145,dog (0.9145),chicken (0.0211),cow (0.0163),sheep (0.0127),cat (0.0085),True,True
c:\Users\Alan\python\MMIP\week3\data\Dataset\dog\dog (3866).jpeg,dog,0.9521,dog,0.9521,dog (0.9521),chicken (0.0189),cow (0.0049),sheep (0.0045),squirrel (0.0043),True,True
c:\Users\Alan\python\MMIP\week3\data\Dataset\dog\dog (2594).jpeg,dog,0.922,dog,0.922,dog (0.9220),spider (0.0198),sheep (0.0127),butterfly (0.0119),elephant (0.0092),True,True
c:\Users\Alan\python\MMIP\week3\data\Dataset\dog\dog (1727).jpeg,dog,0.7201,dog,0.7201,dog (0.7201),squirrel (0.1638),chicken (0.0315),butterfly (0.0218),cat (0.0151),True,True
c:\Users\Alan\python\MMIP\week3\data\Dataset\dog\dog (1948).jpeg,dog,0.9224,dog,0.9224,dog (0.9224),cat (0.0217),sheep (0.0160),horse (0.0104),butterfly (0.0072),True,True
c:\Users\Alan\python\MMIP\week3\data\Dataset\dog\dog (3624).jpeg,dog,0.2308,chicken,0.2814,chicken (0.2814),dog (0.2308),horse (0.1655),cow (0.1113),elephant (0.0900),False,True
c:\Users\Alan\python\MMIP\week3\data\Dataset\dog\dog (1541).jpeg,dog,0.4518,dog,0.4518,dog (0.4518),horse (0.3033),squirrel (0.0720),cat (0.0440),chicken (0.0404),True,True
c:\Users\Alan\python\MMIP\week3\data\Dataset\dog\dog (4827).jpeg,dog,0.9119,dog,0.9119,dog (0.9119),squirrel (0.0296),butterfly (0.0189),spider (0.0103),cow (0.0078),True,True
c:\Users\Alan\python\MMIP\week3\data\Dataset\dog\dog (3701).jpeg,dog,0.3877,dog,0.3877,dog (0.3877),cat (0.1973),sheep (0.1305),chicken (0.0706),squirrel (0.0691),True,True
c:\Users\Alan\python\MMIP\week3\data\Dataset\dog\dog (1087).jpeg,dog,0.8728,dog,0.8728,dog (0.8728),horse (0.0428),butterfly (0.0139),elephant (0.0122),squirrel (0.0118),True,True
c:\Users\Alan\python\MMIP\week3\data\Dataset\dog\dog (2579).jpeg,dog,0.7396,dog,0.7396,dog (0.7396),cow (0.0966),butterfly (0.0418),chicken (0.0388),cat (0.0313),True,True
c:\Users\Alan\python\MMIP\week3\data\Dataset\dog\dog (241).jpeg,dog,0.9603,dog,0.9603,dog (0.9603),sheep (0.0149),butterfly (0.0044),elephant (0.0039),chicken (0.0039),True,True
c:\Users\Alan\python\MMIP\week3\data\Dataset\dog\dog (599).jpeg,dog,0.893,dog,0.893,dog (0.8930),horse (0.0387),elephant (0.0231),sheep (0.0190),butterfly (0.0076),True,True
c:\Users\Alan\python\MMIP\week3\data\Dataset\dog\dog (2043).jpeg,dog,0.9816,dog,0.9816,dog (0.9816),butterfly (0.0040),elephant (0.0033),horse (0.0029),cow (0.0023),True,True
c:\Users\Alan\python\MMIP\week3\data\Dataset\dog\dog (4365).jpeg,dog,0.9375,dog,0.9375,dog (0.9375),sheep (0.0125),cat (0.0110),cow (0.0081),horse (0.0077),True,True
c:\Users\Alan\python\MMIP\week3\data\Dataset\dog\dog (569).jpeg,dog,0.951,dog,0.951,dog (0.9510),cat (0.0087),butterfly (0.0077),squirrel (0.0067),cow (0.0067),True,True
c:\Users\Alan\python\MMIP\week3\data\Dataset\dog\dog (3931).jpeg,dog,0.5534,dog,0.5534,dog (0.5534),cow (0.1263),elephant (0.0739),cat (0.0717),squirrel (0.0620),True,True
c:\Users\Alan\python\MMIP\week3\data\Dataset\dog\dog (4426).jpeg,dog,0.9466,dog,0.9466,dog (0.9466),cow (0.0133),squirrel (0.0079),elephant (0.0061),chicken (0.0052),True,True
c:\Users\Alan\python\MMIP\week3\data\Dataset\dog\dog (3460).jpeg,dog,0.6909,dog,0.6909,dog (0.6909),cow (0.0691),squirrel (0.0679),spider (0.0674),butterfly (0.0281),True,True
c:\Users\Alan\python\MMIP\week3\data\Dataset\dog\dog (832).jpeg,dog,0.9017,dog,0.9017,dog (0.9017),horse (0.0198),sheep (0.0169),elephant (0.0139),cow (0.0116),True,True
c:\Users\Alan\python\MMIP\week3\data\Dataset\dog\dog (3386).jpeg,dog,0.9657,dog,0.9657,dog (0.9657),elephant (0.0067),cow (0.0062),sheep (0.0047),butterfly (0.0036),True,True
c:\Users\Alan\python\MMIP\week3\data\Dataset\dog\dog (2463).jpeg,dog,0.9514,dog,0.9514,dog (0.9514),horse (0.0113),chicken (0.0096),cat (0.0078),squirrel (0.0062),True,True
c:\Users\Alan\python\MMIP\week3\data\Dataset\dog\dog (3888).jpeg,dog,0.9391,dog,0.9391,dog (0.9391),cat (0.0138),horse (0.0103),chicken (0.0097),butterfly (0.0077),True,True
c:\Users\Alan\python\MMIP\week3\data\Dataset\dog\dog (4031).jpeg,dog,0.9295,dog,0.9295,dog (0.9295),elephant (0.0150),cow (0.0117),spider (0.0116),chicken (0.0101),True,True
c:\Users\Alan\python\MMIP\week3\data\Dataset\dog\dog (1785).jpeg,dog,0.9005,dog,0.9005,dog (0.9005),cat (0.0201),sheep (0.0154),cow (0.0141),chicken (0.0133),True,True
c:\Users\Alan\python\MMIP\week3\data\Dataset\dog\dog (364).jpeg,dog,0.6622,dog,0.6622,dog (0.6622),sheep (0.1953),cow (0.0410),horse (0.0301),elephant (0.0176),True,True
c:\Users\Alan\python\MMIP\week3\data\Dataset\dog\dog (2841).jpeg,dog,0.9833,dog,0.9833,dog (0.9833),cat (0.0034),sheep (0.0021),butterfly (0.0021),chicken (0.0017),True,True
c:\Users\Alan\python\MMIP\week3\data\Dataset\dog\dog (479).jpeg,dog,0.9687,dog,0.9687,dog (0.9687),squirrel (0.0051),cow (0.0050),sheep (0.0045),chicken (0.0039),True,True
c:\Users\Alan\python\MMIP\week3\data\Dataset\dog\dog (3978).jpeg,dog,0.935,dog,0.935,dog (0.9350),cow (0.0301),chicken (0.0075),elephant (0.0063),spider (0.0062),True,True
c:\Users\Alan\python\MMIP\week3\data\Dataset\dog\dog (1597).jpeg,dog,0.9152,dog,0.9152,dog (0.9152),chicken (0.0169),sheep (0.0123),cat (0.0116),butterfly (0.0106),True,True
c:\Users\Alan\python\MMIP\week3\data\Dataset\dog\dog (2349).jpeg,dog,0.3912,dog,0.3912,dog (0.3912),cat (0.1857),chicken (0.1387),sheep (0.0641),horse (0.0571),True,True
c:\Users\Alan\python\MMIP\week3\data\Dataset\dog\dog (852).jpeg,dog,0.8918,dog,0.8918,dog (0.8918),squirrel (0.0266),elephant (0.0234),chicken (0.0229),sheep (0.0078),True,True
c:\Users\Alan\python\MMIP\week3\data\Dataset\dog\dog (851).jpeg,dog,0.9802,dog,0.9802,dog (0.9802),cat (0.0041),squirrel (0.0037),butterfly (0.0021),horse (0.0021),True,True
c:\Users\Alan\python\MMIP\week3\data\Dataset\dog\dog (1616).jpeg,dog,0.8303,dog,0.8303,dog (0.8303),spider (0.0336),cow (0.0258),cat (0.0254),elephant (0.0222),True,True
c:\Users\Alan\python\MMIP\week3\data\Dataset\dog\dog (4318).jpeg,dog,0.9772,dog,0.9772,dog (0.9772),spider (0.0040),chicken (0.0035),cat (0.0032),cow (0.0028),True,True
c:\Users\Alan\python\MMIP\week3\data\Dataset\dog\dog (4632).jpeg,dog,0.9518,dog,0.9518,dog (0.9518),chicken (0.0094),horse (0.0076),cat (0.0073),elephant (0.0065),True,True
c:\Users\Alan\python\MMIP\week3\data\Dataset\dog\dog (2586).jpeg,dog,0.8659,dog,0.8659,dog (0.8659),elephant (0.0357),sheep (0.0282),spider (0.0164),cow (0.0137),True,True
c:\Users\Alan\python\MMIP\week3\data\Dataset\dog\dog (1202).jpeg,dog,0.9486,dog,0.9486,dog (0.9486),elephant (0.0116),spider (0.0071),butterfly (0.0066),chicken (0.0066),True,True
c:\Users\Alan\python\MMIP\week3\data\Dataset\dog\dog (1542).jpeg,dog,0.9425,dog,0.9425,dog (0.9425),cat (0.0167),squirrel (0.0087),spider (0.0062),chicken (0.0058),True,True
c:\Users\Alan\python\MMIP\week3\data\Dataset\dog\dog (3059).jpeg,dog,0.7918,dog,0.7918,dog (0.7918),horse (0.0415),spider (0.0396),squirrel (0.0372),cat (0.0356),True,True
c:\Users\Alan\python\MMIP\week3\data\Dataset\dog\dog (15).jpeg,dog,0.9622,dog,0.9622,dog (0.9622),sheep (0.0109),elephant (0.0067),cow (0.0039),squirrel (0.0035),True,True
c:\Users\Alan\python\MMIP\week3\data\Dataset\dog\dog (3456).jpeg,dog,0.9899,dog,0.9899,dog (0.9899),squirrel (0.0020),cow (0.0017),butterfly (0.0013),cat (0.0010),True,True
c:\Users\Alan\python\MMIP\week3\data\Dataset\dog\dog (4598).jpeg,dog,0.6102,dog,0.6102,dog (0.6102),squirrel (0.1651),cat (0.1256),chicken (0.0263),butterfly (0.0185),True,True
c:\Users\Alan\python\MMIP\week3\data\Dataset\dog\dog (265).jpeg,dog,0.9363,dog,0.9363,dog (0.9363),squirrel (0.0137),elephant (0.0108),cow (0.0087),sheep (0.0078),True,True
c:\Users\Alan\python\MMIP\week3\data\Dataset\dog\dog (1275).jpeg,dog,0.7648,dog,0.7648,dog (0.7648),cat (0.1013),sheep (0.0297),cow (0.0287),squirrel (0.0272),True,True
c:\Users\Alan\python\MMIP\week3\data\Dataset\dog\dog (924).jpeg,dog,0.8955,dog,0.8955,dog (0.8955),sheep (0.0214),cow (0.0171),spider (0.0159),chicken (0.0127),True,True
c:\Users\Alan\python\MMIP\week3\data\Dataset\dog\dog (2888).jpeg,dog,0.3347,dog,0.3347,dog (0.3347),cat (0.1553),spider (0.1128),elephant (0.1025),cow (0.0790),True,True
c:\Users\Alan\python\MMIP\week3\data\Dataset\dog\dog (3033).jpeg,dog,0.9514,dog,0.9514,dog (0.9514),elephant (0.0140),cow (0.0081),squirrel (0.0067),horse (0.0062),True,True
c:\Users\Alan\python\MMIP\week3\data\Dataset\dog\dog (4189).jpeg,dog,0.251,cat,0.487,cat (0.4870),dog (0.2510),cow (0.0514),sheep (0.0504),chicken (0.0433),False,True
c:\Users\Alan\python\MMIP\week3\data\Dataset\dog\dog (4363).jpeg,dog,0.9147,dog,0.9147,dog (0.9147),spider (0.0227),sheep (0.0100),chicken (0.0096),cow (0.0092),True,True
c:\Users\Alan\python\MMIP\week3\data\Dataset\dog\dog (702).jpeg,dog,0.5867,dog,0.5867,dog (0.5867),cat (0.0867),butterfly (0.0679),chicken (0.0639),elephant (0.0580),True,True
c:\Users\Alan\python\MMIP\week3\data\Dataset\dog\dog (3961).jpeg,dog,0.9562,dog,0.9562,dog (0.9562),cat (0.0140),horse (0.0086),elephant (0.0050),squirrel (0.0047),True,True
c:\Users\Alan\python\MMIP\week3\data\Dataset\dog\dog (1352).jpeg,dog,0.3347,dog,0.3347,dog (0.3347),squirrel (0.1820),horse (0.1165),cat (0.1114),spider (0.0798),True,True
c:\Users\Alan\python\MMIP\week3\data\Dataset\dog\dog (1225).jpeg,dog,0.9631,dog,0.9631,dog (0.9631),elephant (0.0105),cow (0.0089),squirrel (0.0064),chicken (0.0033),True,True
c:\Users\Alan\python\MMIP\week3\data\Dataset\dog\dog (2185).jpeg,dog,0.9528,dog,0.9528,dog (0.9528),sheep (0.0081),cow (0.0067),cat (0.0067),horse (0.0057),True,True
c:\Users\Alan\python\MMIP\week3\data\Dataset\dog\dog (2976).jpeg,dog,0.9528,dog,0.9528,dog (0.9528),spider (0.0086),butterfly (0.0077),elephant (0.0069),cow (0.0055),True,True
c:\Users\Alan\python\MMIP\week3\data\Dataset\dog\dog (447).jpeg,dog,0.9853,dog,0.9853,dog (0.9853),butterfly (0.0024),cat (0.0022),squirrel (0.0021),spider (0.0021),True,True
c:\Users\Alan\python\MMIP\week3\data\Dataset\dog\dog (1538).jpeg,dog,0.9798,dog,0.9798,dog (0.9798),chicken (0.0058),cow (0.0032),elephant (0.0031),butterfly (0.0023),True,True
c:\Users\Alan\python\MMIP\week3\data\Dataset\dog\dog (1742).jpeg,dog,0.4659,dog,0.4659,dog (0.4659),cow (0.1032),cat (0.0973),horse (0.0764),squirrel (0.0613),True,True
c:\Users\Alan\python\MMIP\week3\data\Dataset\dog\dog (1171).jpeg,dog,0.5611,dog,0.5611,dog (0.5611),horse (0.2940),cat (0.0321),sheep (0.0269),cow (0.0249),True,True
c:\Users\Alan\python\MMIP\week3\data\Dataset\dog\dog (2679).jpeg,dog,0.881,dog,0.881,dog (0.8810),elephant (0.0394),cow (0.0201),cat (0.0100),chicken (0.0098),True,True
c:\Users\Alan\python\MMIP\week3\data\Dataset\dog\dog (230).jpeg,dog,0.504,dog,0.504,dog (0.5040),butterfly (0.2784),horse (0.0627),cat (0.0470),cow (0.0401),True,True
c:\Users\Alan\python\MMIP\week3\data\Dataset\dog\dog (1049).jpeg,dog,0.9056,dog,0.9056,dog (0.9056),squirrel (0.0197),elephant (0.0180),cow (0.0127),sheep (0.0110),True,True
c:\Users\Alan\python\MMIP\week3\data\Dataset\dog\dog (2987).jpeg,dog,0.2002,cow,0.6056,cow (0.6056),dog (0.2002),sheep (0.0483),chicken (0.0473),spider (0.0255),False,True
c:\Users\Alan\python\MMIP\week3\data\Dataset\dog\dog (1319).jpeg,dog,0.7823,dog,0.7823,dog (0.7823),spider (0.0469),butterfly (0.0420),chicken (0.0295),horse (0.0279),True,True
c:\Users\Alan\python\MMIP\week3\data\Dataset\dog\dog (2276).jpeg,dog,0.9111,dog,0.9111,dog (0.9111),chicken (0.0283),squirrel (0.0144),cat (0.0111),elephant (0.0085),True,True
c:\Users\Alan\python\MMIP\week3\data\Dataset\dog\dog (3192).jpeg,dog,0.6562,dog,0.6562,dog (0.6562),chicken (0.1052),cat (0.1019),sheep (0.0448),cow (0.0309),True,True
c:\Users\Alan\python\MMIP\week3\data\Dataset\dog\dog (2780).jpeg,dog,0.8796,dog,0.8796,dog (0.8796),cow (0.0397),chicken (0.0241),squirrel (0.0155),sheep (0.0101),True,True
c:\Users\Alan\python\MMIP\week3\data\Dataset\dog\dog (2751).jpeg,dog,0.4397,dog,0.4397,dog (0.4397),cow (0.2201),chicken (0.1452),cat (0.0614),butterfly (0.0301),True,True
c:\Users\Alan\python\MMIP\week3\data\Dataset\dog\dog (158).jpeg,dog,0.9488,dog,0.9488,dog (0.9488),cat (0.0194),sheep (0.0066),elephant (0.0052),cow (0.0044),True,True
c:\Users\Alan\python\MMIP\week3\data\Dataset\dog\dog (387).jpeg,dog,0.8847,dog,0.8847,dog (0.8847),cow (0.0271),horse (0.0246),spider (0.0229),cat (0.0096),True,True
c:\Users\Alan\python\MMIP\week3\data\Dataset\dog\dog (227).jpeg,dog,0.864,dog,0.864,dog (0.8640),cat (0.0286),cow (0.0232),sheep (0.0209),butterfly (0.0161),True,True
c:\Users\Alan\python\MMIP\week3\data\Dataset\dog\dog (66).jpeg,dog,0.6158,dog,0.6158,dog (0.6158),spider (0.0842),cat (0.0703),chicken (0.0467),squirrel (0.0447),True,True
c:\Users\Alan\python\MMIP\week3\data\Dataset\dog\dog (2552).jpeg,dog,0.9305,dog,0.9305,dog (0.9305),cow (0.0125),sheep (0.0124),squirrel (0.0121),butterfly (0.0084),True,True
c:\Users\Alan\python\MMIP\week3\data\Dataset\dog\dog (136).jpeg,dog,0.9882,dog,0.9882,dog (0.9882),cat (0.0021),horse (0.0018),spider (0.0016),butterfly (0.0016),True,True
c:\Users\Alan\python\MMIP\week3\data\Dataset\dog\dog (289).jpeg,dog,0.8804,dog,0.8804,dog (0.8804),cat (0.0241),squirrel (0.0195),cow (0.0178),elephant (0.0149),True,True
c:\Users\Alan\python\MMIP\week3\data\Dataset\dog\dog (501).jpeg,dog,0.9182,dog,0.9182,dog (0.9182),cow (0.0234),spider (0.0132),chicken (0.0104),cat (0.0103),True,True
c:\Users\Alan\python\MMIP\week3\data\Dataset\dog\dog (774).jpeg,dog,0.8885,dog,0.8885,dog (0.8885),sheep (0.0347),chicken (0.0158),cat (0.0158),cow (0.0158),True,True
c:\Users\Alan\python\MMIP\week3\data\Dataset\dog\dog (4045).jpeg,dog,0.3953,chicken,0.4197,chicken (0.4197),dog (0.3953),elephant (0.0622),cow (0.0364),butterfly (0.0214),False,True
c:\Users\Alan\python\MMIP\week3\data\Dataset\dog\dog (3521).jpeg,dog,0.8485,dog,0.8485,dog (0.8485),horse (0.0350),elephant (0.0229),squirrel (0.0228),cat (0.0194),True,True
c:\Users\Alan\python\MMIP\week3\data\Dataset\dog\dog (2465).jpeg,dog,0.2933,cow,0.3259,cow (0.3259),dog (0.2933),horse (0.1207),sheep (0.0619),elephant (0.0465),False,True
c:\Users\Alan\python\MMIP\week3\data\Dataset\dog\dog (2176).jpeg,dog,0.4181,dog,0.4181,dog (0.4181),chicken (0.3174),sheep (0.0570),horse (0.0451),cat (0.0306),True,True
c:\Users\Alan\python\MMIP\week3\data\Dataset\dog\dog (3913).jpeg,dog,0.9916,dog,0.9916,dog (0.9916),elephant (0.0017),cow (0.0014),squirrel (0.0013),sheep (0.0009),True,True
c:\Users\Alan\python\MMIP\week3\data\Dataset\dog\dog (1979).jpeg,dog,0.6482,dog,0.6482,dog (0.6482),cat (0.2117),chicken (0.0515),butterfly (0.0239),elephant (0.0154),True,True
c:\Users\Alan\python\MMIP\week3\data\Dataset\dog\dog (748).jpeg,dog,0.8507,dog,0.8507,dog (0.8507),spider (0.0442),squirrel (0.0211),butterfly (0.0174),chicken (0.0153),True,True
c:\Users\Alan\python\MMIP\week3\data\Dataset\dog\dog (1093).jpeg,dog,0.9369,dog,0.9369,dog (0.9369),horse (0.0239),cow (0.0128),elephant (0.0078),squirrel (0.0067),True,True
c:\Users\Alan\python\MMIP\week3\data\Dataset\dog\dog (3581).jpeg,dog,0.8319,dog,0.8319,dog (0.8319),cow (0.0401),cat (0.0367),horse (0.0237),chicken (0.0208),True,True
c:\Users\Alan\python\MMIP\week3\data\Dataset\dog\dog (3991).jpeg,dog,0.7207,dog,0.7207,dog (0.7207),cat (0.0776),chicken (0.0500),butterfly (0.0470),horse (0.0321),True,True
c:\Users\Alan\python\MMIP\week3\data\Dataset\dog\dog (2957).jpeg,dog,0.8843,dog,0.8843,dog (0.8843),horse (0.0261),elephant (0.0209),sheep (0.0144),spider (0.0137),True,True
c:\Users\Alan\python\MMIP\week3\data\Dataset\dog\dog (1460).jpeg,dog,0.6733,dog,0.6733,dog (0.6733),sheep (0.0859),cat (0.0620),chicken (0.0562),squirrel (0.0471),True,True
c:\Users\Alan\python\MMIP\week3\data\Dataset\dog\dog (3315).jpeg,dog,0.6034,dog,0.6034,dog (0.6034),squirrel (0.1283),spider (0.0707),sheep (0.0456),chicken (0.0357),True,True
c:\Users\Alan\python\MMIP\week3\data\Dataset\dog\dog (3759).jpeg,dog,0.8175,dog,0.8175,dog (0.8175),chicken (0.0503),sheep (0.0385),squirrel (0.0249),cow (0.0171),True,True
c:\Users\Alan\python\MMIP\week3\data\Dataset\dog\dog (2702).jpeg,dog,0.9558,dog,0.9558,dog (0.9558),cow (0.0112),sheep (0.0080),chicken (0.0055),elephant (0.0050),True,True
c:\Users\Alan\python\MMIP\week3\data\Dataset\dog\dog (4836).jpeg,dog,0.939,dog,0.939,dog (0.9390),horse (0.0382),elephant (0.0039),sheep (0.0038),cow (0.0034),True,True
c:\Users\Alan\python\MMIP\week3\data\Dataset\dog\dog (68).jpeg,dog,0.614,dog,0.614,dog (0.6140),spider (0.1522),chicken (0.0550),cat (0.0327),squirrel (0.0317),True,True
c:\Users\Alan\python\MMIP\week3\data\Dataset\dog\dog (4284).jpeg,dog,0.1363,horse,0.2155,horse (0.2155),cat (0.2113),spider (0.1596),dog (0.1363),squirrel (0.1001),False,True
c:\Users\Alan\python\MMIP\week3\data\Dataset\dog\dog (16).jpeg,dog,0.873,dog,0.873,dog (0.8730),butterfly (0.0230),horse (0.0215),squirrel (0.0201),sheep (0.0152),True,True
c:\Users\Alan\python\MMIP\week3\data\Dataset\dog\dog (1757).jpeg,dog,0.0493,cow,0.7912,cow (0.7912),chicken (0.0524),dog (0.0493),horse (0.0248),sheep (0.0220),False,True
c:\Users\Alan\python\MMIP\week3\data\Dataset\dog\dog (3189).jpeg,dog,0.1634,chicken,0.3151,chicken (0.3151),dog (0.1634),cow (0.1568),elephant (0.1063),spider (0.0828),False,True
c:\Users\Alan\python\MMIP\week3\data\Dataset\dog\dog (4170).jpeg,dog,0.7751,dog,0.7751,dog (0.7751),cat (0.0763),spider (0.0306),horse (0.0236),cow (0.0200),True,True
c:\Users\Alan\python\MMIP\week3\data\Dataset\dog\dog (3259).jpeg,dog,0.9246,dog,0.9246,dog (0.9246),cow (0.0379),elephant (0.0105),horse (0.0070),butterfly (0.0046),True,True
c:\Users\Alan\python\MMIP\week3\data\Dataset\dog\dog (3405).jpeg,dog,0.8174,dog,0.8174,dog (0.8174),spider (0.1081),horse (0.0265),elephant (0.0121),butterfly (0.0094),True,True
c:\Users\Alan\python\MMIP\week3\data\Dataset\dog\dog (2630).jpeg,dog,0.0103,chicken,0.8692,chicken (0.8692),spider (0.0388),cow (0.0225),horse (0.0170),elephant (0.0121),False,False
c:\Users\Alan\python\MMIP\week3\data\Dataset\dog\dog (186).jpeg,dog,0.4812,dog,0.4812,dog (0.4812),horse (0.1952),cow (0.1205),chicken (0.0955),sheep (0.0428),True,True
c:\Users\Alan\python\MMIP\week3\data\Dataset\dog\dog (3113).jpeg,dog,0.7779,dog,0.7779,dog (0.7779),horse (0.0662),spider (0.0310),elephant (0.0263),chicken (0.0253),True,True
c:\Users\Alan\python\MMIP\week3\data\Dataset\dog\dog (4644).jpeg,dog,0.8037,dog,0.8037,dog (0.8037),horse (0.1028),sheep (0.0270),elephant (0.0218),cow (0.0187),True,True
c:\Users\Alan\python\MMIP\week3\data\Dataset\dog\dog (405).jpeg,dog,0.6289,dog,0.6289,dog (0.6289),horse (0.1245),cow (0.0560),elephant (0.0558),sheep (0.0437),True,True
c:\Users\Alan\python\MMIP\week3\data\Dataset\dog\dog (4643).jpeg,dog,0.6281,dog,0.6281,dog (0.6281),chicken (0.1131),cow (0.0491),butterfly (0.0489),spider (0.0416),True,True
c:\Users\Alan\python\MMIP\week3\data\Dataset\dog\dog (3597).jpeg,dog,0.9608,dog,0.9608,dog (0.9608),cow (0.0125),butterfly (0.0073),cat (0.0039),chicken (0.0034),True,True
c:\Users\Alan\python\MMIP\week3\data\Dataset\dog\dog (4834).jpeg,dog,0.9079,dog,0.9079,dog (0.9079),elephant (0.0303),sheep (0.0246),horse (0.0126),cow (0.0066),True,True
c:\Users\Alan\python\MMIP\week3\data\Dataset\dog\dog (196).jpeg,dog,0.8665,dog,0.8665,dog (0.8665),butterfly (0.0342),spider (0.0190),squirrel (0.0182),chicken (0.0179),True,True
c:\Users\Alan\python\MMIP\week3\data\Dataset\dog\dog (3132).jpeg,dog,0.3225,dog,0.3225,dog (0.3225),spider (0.1658),chicken (0.1010),butterfly (0.0994),squirrel (0.0869),True,True
c:\Users\Alan\python\MMIP\week3\data\Dataset\dog\dog (3582).jpeg,dog,0.9332,dog,0.9332,dog (0.9332),cat (0.0213),chicken (0.0098),squirrel (0.0074),butterfly (0.0058),True,True
c:\Users\Alan\python\MMIP\week3\data\Dataset\dog\dog (1827).jpeg,dog,0.8842,dog,0.8842,dog (0.8842),cat (0.0695),horse (0.0127),squirrel (0.0064),sheep (0.0062),True,True
c:\Users\Alan\python\MMIP\week3\data\Dataset\dog\dog (1758).jpeg,dog,0.9184,dog,0.9184,dog (0.9184),cat (0.0212),squirrel (0.0139),cow (0.0110),horse (0.0093),True,True
c:\Users\Alan\python\MMIP\week3\data\Dataset\dog\dog (922).jpeg,dog,0.9571,dog,0.9571,dog (0.9571),spider (0.0112),elephant (0.0070),sheep (0.0060),horse (0.0047),True,True
c:\Users\Alan\python\MMIP\week3\data\Dataset\dog\dog (3464).jpeg,dog,0.964,dog,0.964,dog (0.9640),chicken (0.0095),sheep (0.0062),butterfly (0.0052),cat (0.0040),True,True
c:\Users\Alan\python\MMIP\week3\data\Dataset\dog\dog (995).jpeg,dog,0.9819,dog,0.9819,dog (0.9819),chicken (0.0035),squirrel (0.0024),sheep (0.0023),horse (0.0023),True,True
c:\Users\Alan\python\MMIP\week3\data\Dataset\dog\dog (4677).jpeg,dog,0.8621,dog,0.8621,dog (0.8621),cat (0.0513),chicken (0.0203),squirrel (0.0182),spider (0.0117),True,True
c:\Users\Alan\python\MMIP\week3\data\Dataset\dog\dog (3856).jpeg,dog,0.9601,dog,0.9601,dog (0.9601),cat (0.0082),chicken (0.0067),butterfly (0.0048),cow (0.0047),True,True
c:\Users\Alan\python\MMIP\week3\data\Dataset\dog\dog (664).jpeg,dog,0.906,dog,0.906,dog (0.9060),cat (0.0429),chicken (0.0090),sheep (0.0079),butterfly (0.0078),True,True
c:\Users\Alan\python\MMIP\week3\data\Dataset\dog\dog (1238).jpeg,dog,0.7983,dog,0.7983,dog (0.7983),cat (0.0609),elephant (0.0498),sheep (0.0201),chicken (0.0181),True,True
c:\Users\Alan\python\MMIP\week3\data\Dataset\dog\dog (617).jpeg,dog,0.8648,dog,0.8648,dog (0.8648),horse (0.0302),elephant (0.0214),spider (0.0177),squirrel (0.0155),True,True
c:\Users\Alan\python\MMIP\week3\data\Dataset\dog\dog (2414).jpeg,dog,0.7073,dog,0.7073,dog (0.7073),sheep (0.0639),cat (0.0447),spider (0.0439),horse (0.0345),True,True
c:\Users\Alan\python\MMIP\week3\data\Dataset\dog\dog (3687).jpeg,dog,0.8203,dog,0.8203,dog (0.8203),cat (0.0527),horse (0.0227),spider (0.0217),chicken (0.0180),True,True
c:\Users\Alan\python\MMIP\week3\data\Dataset\dog\dog (4116).jpeg,dog,0.951,dog,0.951,dog (0.9510),squirrel (0.0157),horse (0.0087),cat (0.0079),cow (0.0041),True,True
c:\Users\Alan\python\MMIP\week3\data\Dataset\dog\dog (318).jpeg,dog,0.871,dog,0.871,dog (0.8710),elephant (0.0322),sheep (0.0318),horse (0.0164),butterfly (0.0111),True,True
c:\Users\Alan\python\MMIP\week3\data\Dataset\dog\dog (1097).jpeg,dog,0.7265,dog,0.7265,dog (0.7265),chicken (0.1060),squirrel (0.0447),horse (0.0324),sheep (0.0250),True,True
c:\Users\Alan\python\MMIP\week3\data\Dataset\dog\dog (2969).jpeg,dog,0.7783,dog,0.7783,dog (0.7783),sheep (0.0862),cow (0.0319),cat (0.0316),horse (0.0283),True,True
c:\Users\Alan\python\MMIP\week3\data\Dataset\dog\dog (1709).jpeg,dog,0.6439,dog,0.6439,dog (0.6439),spider (0.1065),butterfly (0.0567),elephant (0.0505),chicken (0.0433),True,True
c:\Users\Alan\python\MMIP\week3\data\Dataset\dog\dog (3860).jpeg,dog,0.5444,dog,0.5444,dog (0.5444),horse (0.1528),cat (0.0919),butterfly (0.0571),cow (0.0408),True,True
c:\Users\Alan\python\MMIP\week3\data\Dataset\dog\dog (3811).jpeg,dog,0.51,dog,0.51,dog (0.5100),spider (0.2677),cow (0.0672),squirrel (0.0520),sheep (0.0262),True,True
c:\Users\Alan\python\MMIP\week3\data\Dataset\dog\dog (4268).jpeg,dog,0.3055,dog,0.3055,dog (0.3055),cat (0.2001),squirrel (0.1141),butterfly (0.1080),chicken (0.0913),True,True
c:\Users\Alan\python\MMIP\week3\data\Dataset\dog\dog (911).jpeg,dog,0.9903,dog,0.9903,dog (0.9903),cow (0.0023),sheep (0.0020),elephant (0.0015),butterfly (0.0011),True,True
c:\Users\Alan\python\MMIP\week3\data\Dataset\dog\dog (2370).jpeg,dog,0.9386,dog,0.9386,dog (0.9386),cow (0.0147),horse (0.0123),sheep (0.0077),butterfly (0.0072),True,True
c:\Users\Alan\python\MMIP\week3\data\Dataset\dog\dog (1048).jpeg,dog,0.8824,dog,0.8824,dog (0.8824),butterfly (0.0215),spider (0.0193),squirrel (0.0183),cat (0.0176),True,True
c:\Users\Alan\python\MMIP\week3\data\Dataset\dog\dog (834).jpeg,dog,0.6861,dog,0.6861,dog (0.6861),cow (0.1631),elephant (0.0456),butterfly (0.0251),horse (0.0250),True,True
c:\Users\Alan\python\MMIP\week3\data\Dataset\dog\dog (4265).jpeg,dog,0.925,dog,0.925,dog (0.9250),cat (0.0163),cow (0.0114),chicken (0.0092),elephant (0.0091),True,True
c:\Users\Alan\python\MMIP\week3\data\Dataset\dog\dog (4147).jpeg,dog,0.8702,dog,0.8702,dog (0.8702),horse (0.0230),chicken (0.0196),sheep (0.0170),elephant (0.0169),True,True
c:\Users\Alan\python\MMIP\week3\data\Dataset\dog\dog (3601).jpeg,dog,0.719,dog,0.719,dog (0.7190),chicken (0.1012),sheep (0.0519),cat (0.0351),squirrel (0.0330),True,True
c:\Users\Alan\python\MMIP\week3\data\Dataset\dog\dog (391).jpeg,dog,0.9064,dog,0.9064,dog (0.9064),cat (0.0174),butterfly (0.0142),horse (0.0119),sheep (0.0110),True,True
c:\Users\Alan\python\MMIP\week3\data\Dataset\dog\dog (2012).jpeg,dog,0.943,dog,0.943,dog (0.9430),horse (0.0095),squirrel (0.0091),cow (0.0076),butterfly (0.0074),True,True
c:\Users\Alan\python\MMIP\week3\data\Dataset\dog\dog (588).jpeg,dog,0.2695,dog,0.2695,dog (0.2695),elephant (0.1917),cow (0.1750),butterfly (0.1091),horse (0.0911),True,True
c:\Users\Alan\python\MMIP\week3\data\Dataset\dog\dog (3569).jpeg,dog,0.9631,dog,0.9631,dog (0.9631),cat (0.0099),cow (0.0080),horse (0.0039),butterfly (0.0035),True,True
c:\Users\Alan\python\MMIP\week3\data\Dataset\dog\dog (2804).jpeg,dog,0.8776,dog,0.8776,dog (0.8776),sheep (0.0494),squirrel (0.0125),butterfly (0.0116),cow (0.0114),True,True
c:\Users\Alan\python\MMIP\week3\data\Dataset\dog\dog (1991).jpeg,dog,0.8892,dog,0.8892,dog (0.8892),horse (0.0452),elephant (0.0119),sheep (0.0118),cat (0.0098),True,True
c:\Users\Alan\python\MMIP\week3\data\Dataset\dog\dog (4863).jpeg,dog,0.8853,dog,0.8853,dog (0.8853),spider (0.0240),cat (0.0169),butterfly (0.0168),horse (0.0152),True,True
c:\Users\Alan\python\MMIP\week3\data\Dataset\dog\dog (3429).jpeg,dog,0.8128,dog,0.8128,dog (0.8128),cat (0.0686),chicken (0.0238),squirrel (0.0201),spider (0.0174),True,True
c:\Users\Alan\python\MMIP\week3\data\Dataset\dog\dog (476).jpeg,dog,0.4426,dog,0.4426,dog (0.4426),cat (0.4152),squirrel (0.0556),horse (0.0219),chicken (0.0184),True,True
c:\Users\Alan\python\MMIP\week3\data\Dataset\dog\dog (388).jpeg,dog,0.9526,dog,0.9526,dog (0.9526),horse (0.0234),cow (0.0073),elephant (0.0043),squirrel (0.0038),True,True
c:\Users\Alan\python\MMIP\week3\data\Dataset\dog\dog (3623).jpeg,dog,0.5199,dog,0.5199,dog (0.5199),elephant (0.2105),horse (0.1892),cow (0.0386),cat (0.0105),True,True
c:\Users\Alan\python\MMIP\week3\data\Dataset\dog\dog (97).jpeg,dog,0.3485,dog,0.3485,dog (0.3485),cow (0.3328),cat (0.1020),horse (0.0595),butterfly (0.0431),True,True
c:\Users\Alan\python\MMIP\week3\data\Dataset\dog\dog (1911).jpeg,dog,0.9954,dog,0.9954,dog (0.9954),butterfly (0.0008),squirrel (0.0007),chicken (0.0007),spider (0.0006),True,True
c:\Users\Alan\python\MMIP\week3\data\Dataset\dog\dog (3936).jpeg,dog,0.8771,dog,0.8771,dog (0.8771),horse (0.0691),cat (0.0120),squirrel (0.0118),cow (0.0063),True,True
c:\Users\Alan\python\MMIP\week3\data\Dataset\dog\dog (863).jpeg,dog,0.7455,dog,0.7455,dog (0.7455),horse (0.1052),cow (0.0372),squirrel (0.0235),spider (0.0218),True,True
c:\Users\Alan\python\MMIP\week3\data\Dataset\dog\dog (613).jpeg,dog,0.8195,dog,0.8195,dog (0.8195),horse (0.0418),cow (0.0394),spider (0.0246),elephant (0.0196),True,True
c:\Users\Alan\python\MMIP\week3\data\Dataset\dog\dog (4574).jpeg,dog,0.7014,dog,0.7014,dog (0.7014),cow (0.1150),horse (0.0492),elephant (0.0424),butterfly (0.0207),True,True
c:\Users\Alan\python\MMIP\week3\data\Dataset\dog\dog (634).jpeg,dog,0.9635,dog,0.9635,dog (0.9635),cow (0.0066),squirrel (0.0065),horse (0.0049),chicken (0.0048),True,True
c:\Users\Alan\python\MMIP\week3\data\Dataset\dog\dog (2852).jpeg,dog,0.6073,dog,0.6073,dog (0.6073),cow (0.0822),spider (0.0570),horse (0.0537),sheep (0.0464),True,True
c:\Users\Alan\python\MMIP\week3\data\Dataset\dog\dog (3250).jpeg,dog,0.934,dog,0.934,dog (0.9340),horse (0.0115),cow (0.0115),spider (0.0090),elephant (0.0083),True,True
c:\Users\Alan\python\MMIP\week3\data\Dataset\dog\dog (4534).jpeg,dog,0.9353,dog,0.9353,dog (0.9353),butterfly (0.0120),cow (0.0081),elephant (0.0080),horse (0.0080),True,True
c:\Users\Alan\python\MMIP\week3\data\Dataset\dog\dog (1992).jpeg,dog,0.085,spider,0.7349,spider (0.7349),dog (0.0850),horse (0.0477),chicken (0.0384),squirrel (0.0342),False,True
c:\Users\Alan\python\MMIP\week3\data\Dataset\dog\dog (1528).jpeg,dog,0.9018,dog,0.9018,dog (0.9018),spider (0.0255),sheep (0.0176),horse (0.0133),squirrel (0.0117),True,True
c:\Users\Alan\python\MMIP\week3\data\Dataset\dog\dog (3680).jpeg,dog,0.9639,dog,0.9639,dog (0.9639),chicken (0.0090),squirrel (0.0061),elephant (0.0056),cow (0.0046),True,True
c:\Users\Alan\python\MMIP\week3\data\Dataset\dog\dog (2832).jpeg,dog,0.324,cow,0.3447,cow (0.3447),dog (0.3240),sheep (0.0912),chicken (0.0533),cat (0.0405),False,True
c:\Users\Alan\python\MMIP\week3\data\Dataset\dog\dog (1092).jpeg,dog,0.8412,dog,0.8412,dog (0.8412),horse (0.0567),sheep (0.0222),cat (0.0166),squirrel (0.0166),True,True
c:\Users\Alan\python\MMIP\week3\data\Dataset\dog\dog (1199).jpeg,dog,0.8576,dog,0.8576,dog (0.8576),cat (0.0451),squirrel (0.0212),cow (0.0191),butterfly (0.0157),True,True
c:\Users\Alan\python\MMIP\week3\data\Dataset\dog\dog (818).jpeg,dog,0.374,dog,0.374,dog (0.3740),spider (0.2086),chicken (0.0954),elephant (0.0791),sheep (0.0761),True,True
c:\Users\Alan\python\MMIP\week3\data\Dataset\dog\dog (4832).jpeg,dog,0.9904,dog,0.9904,dog (0.9904),cow (0.0020),elephant (0.0014),butterfly (0.0014),spider (0.0011),True,True
c:\Users\Alan\python\MMIP\week3\data\Dataset\dog\dog (2548).jpeg,dog,0.8664,dog,0.8664,dog (0.8664),squirrel (0.0248),cow (0.0244),chicken (0.0225),sheep (0.0225),True,True
c:\Users\Alan\python\MMIP\week3\data\Dataset\dog\dog (1876).jpeg,dog,0.8775,dog,0.8775,dog (0.8775),cat (0.0199),sheep (0.0197),squirrel (0.0192),spider (0.0157),True,True
c:\Users\Alan\python\MMIP\week3\data\Dataset\dog\dog (4050).jpeg,dog,0.9254,dog,0.9254,dog (0.9254),chicken (0.0177),squirrel (0.0111),sheep (0.0098),spider (0.0082),True,True
c:\Users\Alan\python\MMIP\week3\data\Dataset\dog\dog (1354).jpeg,dog,0.9334,dog,0.9334,dog (0.9334),cat (0.0183),butterfly (0.0081),spider (0.0075),squirrel (0.0066),True,True
c:\Users\Alan\python\MMIP\week3\data\Dataset\dog\dog (2106).jpeg,dog,0.9185,dog,0.9185,dog (0.9185),chicken (0.0163),spider (0.0138),cow (0.0133),butterfly (0.0110),True,True
c:\Users\Alan\python\MMIP\week3\data\Dataset\dog\dog (4664).jpeg,dog,0.8068,dog,0.8068,dog (0.8068),chicken (0.1286),horse (0.0187),cow (0.0121),sheep (0.0093),True,True
c:\Users\Alan\python\MMIP\week3\data\Dataset\dog\dog (4087).jpeg,dog,0.7014,dog,0.7014,dog (0.7014),spider (0.0656),cow (0.0416),chicken (0.0384),sheep (0.0378),True,True
c:\Users\Alan\python\MMIP\week3\data\Dataset\dog\dog (2687).jpeg,dog,0.9225,dog,0.9225,dog (0.9225),horse (0.0168),cow (0.0153),sheep (0.0112),butterfly (0.0086),True,True
c:\Users\Alan\python\MMIP\week3\data\Dataset\dog\dog (1777).jpeg,dog,0.2742,spider,0.3476,spider (0.3476),dog (0.2742),squirrel (0.1076),chicken (0.0929),butterfly (0.0464),False,True
c:\Users\Alan\python\MMIP\week3\data\Dataset\dog\dog (2242).jpeg,dog,0.5702,dog,0.5702,dog (0.5702),cat (0.0997),elephant (0.0744),horse (0.0602),spider (0.0580),True,True
c:\Users\Alan\python\MMIP\week3\data\Dataset\dog\dog (2216).jpeg,dog,0.5346,dog,0.5346,dog (0.5346),cow (0.1848),elephant (0.0830),squirrel (0.0527),horse (0.0409),True,True
c:\Users\Alan\python\MMIP\week3\data\Dataset\dog\dog (1389).jpeg,dog,0.8349,dog,0.8349,dog (0.8349),chicken (0.0463),sheep (0.0264),cat (0.0186),spider (0.0185),True,True
c:\Users\Alan\python\MMIP\week3\data\Dataset\dog\dog (3880).jpeg,dog,0.9044,dog,0.9044,dog (0.9044),chicken (0.0176),squirrel (0.0162),cat (0.0151),horse (0.0114),True,True
c:\Users\Alan\python\MMIP\week3\data\Dataset\dog\dog (1703).jpeg,dog,0.5089,dog,0.5089,dog (0.5089),cow (0.1578),elephant (0.1171),horse (0.0579),sheep (0.0365),True,True
c:\Users\Alan\python\MMIP\week3\data\Dataset\dog\dog (2775).jpeg,dog,0.977,dog,0.977,dog (0.9770),sheep (0.0083),cow (0.0064),spider (0.0020),horse (0.0018),True,True
c:\Users\Alan\python\MMIP\week3\data\Dataset\dog\dog (340).jpeg,dog,0.7734,dog,0.7734,dog (0.7734),elephant (0.1507),cat (0.0217),spider (0.0164),sheep (0.0091),True,True
c:\Users\Alan\python\MMIP\week3\data\Dataset\dog\dog (2378).jpeg,dog,0.9441,dog,0.9441,dog (0.9441),horse (0.0203),cow (0.0092),cat (0.0069),butterfly (0.0054),True,True
c:\Users\Alan\python\MMIP\week3\data\Dataset\dog\dog (3260).jpeg,dog,0.8234,dog,0.8234,dog (0.8234),chicken (0.0892),squirrel (0.0239),cat (0.0179),elephant (0.0139),True,True
c:\Users\Alan\python\MMIP\week3\data\Dataset\dog\dog (1018).jpeg,dog,0.979,dog,0.979,dog (0.9790),squirrel (0.0034),elephant (0.0032),sheep (0.0030),cow (0.0027),True,True
c:\Users\Alan\python\MMIP\week3\data\Dataset\dog\dog (3089).jpeg,dog,0.9368,dog,0.9368,dog (0.9368),cow (0.0116),chicken (0.0108),butterfly (0.0071),cat (0.0070),True,True
c:\Users\Alan\python\MMIP\week3\data\Dataset\dog\dog (164).jpeg,dog,0.9147,dog,0.9147,dog (0.9147),elephant (0.0149),cat (0.0141),horse (0.0135),cow (0.0117),True,True
c:\Users\Alan\python\MMIP\week3\data\Dataset\dog\dog (4571).jpeg,dog,0.6516,dog,0.6516,dog (0.6516),cow (0.1750),sheep (0.0676),horse (0.0351),spider (0.0264),True,True
c:\Users\Alan\python\MMIP\week3\data\Dataset\dog\dog (304).jpeg,dog,0.7086,dog,0.7086,dog (0.7086),cat (0.1109),elephant (0.0338),horse (0.0335),squirrel (0.0326),True,True
c:\Users\Alan\python\MMIP\week3\data\Dataset\dog\dog (1079).jpeg,dog,0.6116,dog,0.6116,dog (0.6116),cat (0.1000),spider (0.0764),cow (0.0752),squirrel (0.0482),True,True
c:\Users\Alan\python\MMIP\week3\data\Dataset\dog\dog (2461).jpeg,dog,0.4284,dog,0.4284,dog (0.4284),cow (0.3352),chicken (0.0681),spider (0.0570),butterfly (0.0449),True,True
c:\Users\Alan\python\MMIP\week3\data\Dataset\dog\dog (4192).jpeg,dog,0.8188,dog,0.8188,dog (0.8188),cat (0.0511),sheep (0.0317),horse (0.0279),cow (0.0238),True,True
c:\Users\Alan\python\MMIP\week3\data\Dataset\dog\dog (1267).jpeg,dog,0.9536,dog,0.9536,dog (0.9536),sheep (0.0264),squirrel (0.0037),horse (0.0034),spider (0.0033),True,True
c:\Users\Alan\python\MMIP\week3\data\Dataset\dog\dog (1970).jpeg,dog,0.9263,dog,0.9263,dog (0.9263),elephant (0.0356),butterfly (0.0088),sheep (0.0067),chicken (0.0066),True,True
c:\Users\Alan\python\MMIP\week3\data\Dataset\dog\dog (4297).jpeg,dog,0.9851,dog,0.9851,dog (0.9851),horse (0.0026),cow (0.0025),elephant (0.0021),squirrel (0.0021),True,True
c:\Users\Alan\python\MMIP\week3\data\Dataset\dog\dog (804).jpeg,dog,0.8905,dog,0.8905,dog (0.8905),sheep (0.0252),squirrel (0.0215),chicken (0.0113),cat (0.0107),True,True
c:\Users\Alan\python\MMIP\week3\data\Dataset\dog\dog (2041).jpeg,dog,0.7042,dog,0.7042,dog (0.7042),squirrel (0.0635),cow (0.0515),sheep (0.0422),horse (0.0362),True,True
c:\Users\Alan\python\MMIP\week3\data\Dataset\dog\dog (543).jpeg,dog,0.3409,dog,0.3409,dog (0.3409),cat (0.2576),squirrel (0.1220),elephant (0.0576),spider (0.0568),True,True
c:\Users\Alan\python\MMIP\week3\data\Dataset\dog\dog (2087).jpeg,dog,0.968,dog,0.968,dog (0.9680),elephant (0.0059),butterfly (0.0050),spider (0.0048),sheep (0.0041),True,True
c:\Users\Alan\python\MMIP\week3\data\Dataset\dog\dog (2882).jpeg,dog,0.9295,dog,0.9295,dog (0.9295),cow (0.0208),chicken (0.0131),squirrel (0.0104),elephant (0.0087),True,True
c:\Users\Alan\python\MMIP\week3\data\Dataset\dog\dog (1716).jpeg,dog,0.7995,dog,0.7995,dog (0.7995),sheep (0.0359),cat (0.0290),cow (0.0277),horse (0.0237),True,True
c:\Users\Alan\python\MMIP\week3\data\Dataset\dog\dog (3876).jpeg,dog,0.4393,dog,0.4393,dog (0.4393),squirrel (0.1507),butterfly (0.1087),spider (0.0864),cow (0.0690),True,True
c:\Users\Alan\python\MMIP\week3\data\Dataset\dog\dog (4432).jpeg,dog,0.8485,dog,0.8485,dog (0.8485),horse (0.0446),sheep (0.0253),chicken (0.0183),butterfly (0.0180),True,True
c:\Users\Alan\python\MMIP\week3\data\Dataset\dog\dog (2761).jpeg,dog,0.8354,dog,0.8354,dog (0.8354),squirrel (0.0560),horse (0.0293),cow (0.0282),chicken (0.0145),True,True
c:\Users\Alan\python\MMIP\week3\data\Dataset\dog\dog (2628).jpeg,dog,0.9879,dog,0.9879,dog (0.9879),cow (0.0038),squirrel (0.0017),sheep (0.0016),elephant (0.0012),True,True
c:\Users\Alan\python\MMIP\week3\data\Dataset\dog\dog (170).jpeg,dog,0.759,dog,0.759,dog (0.7590),chicken (0.0930),cat (0.0505),sheep (0.0283),squirrel (0.0181),True,True
c:\Users\Alan\python\MMIP\week3\data\Dataset\dog\dog (523).jpeg,dog,0.9417,dog,0.9417,dog (0.9417),sheep (0.0223),cow (0.0085),butterfly (0.0058),chicken (0.0056),True,True
c:\Users\Alan\python\MMIP\week3\data\Dataset\dog\dog (945).jpeg,dog,0.7986,dog,0.7986,dog (0.7986),butterfly (0.0450),horse (0.0337),chicken (0.0302),cow (0.0189),True,True
c:\Users\Alan\python\MMIP\week3\data\Dataset\dog\dog (2002).jpeg,dog,0.1968,chicken,0.5458,chicken (0.5458),dog (0.1968),sheep (0.0821),cat (0.0658),cow (0.0339),False,True
c:\Users\Alan\python\MMIP\week3\data\Dataset\dog\dog (4764).jpeg,dog,0.2195,dog,0.2195,dog (0.2195),cat (0.1779),squirrel (0.1643),spider (0.0899),sheep (0.0863),True,True
c:\Users\Alan\python\MMIP\week3\data\Dataset\dog\dog (4594).jpeg,dog,0.9312,dog,0.9312,dog (0.9312),cow (0.0129),sheep (0.0117),chicken (0.0088),elephant (0.0079),True,True
c:\Users\Alan\python\MMIP\week3\data\Dataset\dog\dog (3895).jpeg,dog,0.8246,dog,0.8246,dog (0.8246),chicken (0.0529),squirrel (0.0319),sheep (0.0234),butterfly (0.0147),True,True
c:\Users\Alan\python\MMIP\week3\data\Dataset\dog\dog (2329).jpeg,dog,0.4129,dog,0.4129,dog (0.4129),cat (0.2495),squirrel (0.0780),sheep (0.0598),chicken (0.0514),True,True
c:\Users\Alan\python\MMIP\week3\data\Dataset\dog\dog (1241).jpeg,dog,0.9141,dog,0.9141,dog (0.9141),spider (0.0158),squirrel (0.0145),butterfly (0.0122),cat (0.0115),True,True
c:\Users\Alan\python\MMIP\week3\data\Dataset\dog\dog (3551).jpeg,dog,0.6535,dog,0.6535,dog (0.6535),cat (0.0944),horse (0.0631),chicken (0.0483),squirrel (0.0479),True,True
c:\Users\Alan\python\MMIP\week3\data\Dataset\dog\dog (4604).jpeg,dog,0.9149,dog,0.9149,dog (0.9149),spider (0.0151),sheep (0.0135),squirrel (0.0117),cat (0.0107),True,True
c:\Users\Alan\python\MMIP\week3\data\Dataset\dog\dog (2528).jpeg,dog,0.82,dog,0.82,dog (0.8200),horse (0.0490),cow (0.0434),spider (0.0322),butterfly (0.0279),True,True
c:\Users\Alan\python\MMIP\week3\data\Dataset\dog\dog (3168).jpeg,dog,0.7747,dog,0.7747,dog (0.7747),squirrel (0.0438),cat (0.0428),chicken (0.0387),horse (0.0211),True,True
c:\Users\Alan\python\MMIP\week3\data\Dataset\dog\dog (4302).jpeg,dog,0.8444,dog,0.8444,dog (0.8444),cow (0.0573),elephant (0.0267),horse (0.0153),cat (0.0152),True,True
c:\Users\Alan\python\MMIP\week3\data\Dataset\dog\dog (1340).jpeg,dog,0.8655,dog,0.8655,dog (0.8655),cat (0.0515),squirrel (0.0368),horse (0.0181),chicken (0.0061),True,True
c:\Users\Alan\python\MMIP\week3\data\Dataset\dog\dog (366).jpeg,dog,0.8617,dog,0.8617,dog (0.8617),horse (0.0389),squirrel (0.0219),sheep (0.0209),cow (0.0177),True,True
c:\Users\Alan\python\MMIP\week3\data\Dataset\dog\dog (946).jpeg,dog,0.9416,dog,0.9416,dog (0.9416),spider (0.0192),squirrel (0.0104),sheep (0.0088),cow (0.0052),True,True
c:\Users\Alan\python\MMIP\week3\data\Dataset\dog\dog (1291).jpeg,dog,0.8592,dog,0.8592,dog (0.8592),horse (0.0343),sheep (0.0285),cow (0.0230),butterfly (0.0175),True,True
c:\Users\Alan\python\MMIP\week3\data\Dataset\dog\dog (18).jpeg,dog,0.2034,sheep,0.2875,sheep (0.2875),squirrel (0.2556),dog (0.2034),chicken (0.1258),elephant (0.0339),False,True
c:\Users\Alan\python\MMIP\week3\data\Dataset\dog\dog (1850).jpeg,dog,0.6501,dog,0.6501,dog (0.6501),sheep (0.2111),horse (0.0266),squirrel (0.0264),elephant (0.0235),True,True
c:\Users\Alan\python\MMIP\week3\data\Dataset\dog\dog (3261).jpeg,dog,0.9099,dog,0.9099,dog (0.9099),elephant (0.0157),horse (0.0145),spider (0.0121),chicken (0.0116),True,True
c:\Users\Alan\python\MMIP\week3\data\Dataset\dog\dog (4553).jpeg,dog,0.9856,dog,0.9856,dog (0.9856),sheep (0.0030),spider (0.0027),elephant (0.0024),butterfly (0.0014),True,True
c:\Users\Alan\python\MMIP\week3\data\Dataset\dog\dog (2779).jpeg,dog,0.9574,dog,0.9574,dog (0.9574),chicken (0.0096),squirrel (0.0079),sheep (0.0060),cow (0.0059),True,True
c:\Users\Alan\python\MMIP\week3\data\Dataset\dog\dog (490).jpeg,dog,0.9661,dog,0.9661,dog (0.9661),horse (0.0127),cow (0.0043),sheep (0.0042),butterfly (0.0031),True,True
c:\Users\Alan\python\MMIP\week3\data\Dataset\dog\dog (3065).jpeg,dog,0.8303,dog,0.8303,dog (0.8303),elephant (0.0517),sheep (0.0334),chicken (0.0243),horse (0.0179),True,True
c:\Users\Alan\python\MMIP\week3\data\Dataset\dog\dog (1129).jpeg,dog,0.5107,dog,0.5107,dog (0.5107),cat (0.1375),cow (0.0674),chicken (0.0645),horse (0.0567),True,True
c:\Users\Alan\python\MMIP\week3\data\Dataset\dog\dog (769).jpeg,dog,0.9087,dog,0.9087,dog (0.9087),sheep (0.0216),cow (0.0127),horse (0.0121),elephant (0.0121),True,True
c:\Users\Alan\python\MMIP\week3\data\Dataset\dog\dog (12).jpeg,dog,0.8701,dog,0.8701,dog (0.8701),butterfly (0.0387),chicken (0.0264),spider (0.0148),sheep (0.0112),True,True
c:\Users\Alan\python\MMIP\week3\data\Dataset\dog\dog (2212).jpeg,dog,0.941,dog,0.941,dog (0.9410),chicken (0.0132),cat (0.0124),butterfly (0.0115),horse (0.0093),True,True
c:\Users\Alan\python\MMIP\week3\data\Dataset\dog\dog (480).jpeg,dog,0.8805,dog,0.8805,dog (0.8805),chicken (0.0511),sheep (0.0166),elephant (0.0116),spider (0.0098),True,True
c:\Users\Alan\python\MMIP\week3\data\Dataset\dog\dog (2388).jpeg,dog,0.8284,dog,0.8284,dog (0.8284),spider (0.0840),cow (0.0160),horse (0.0141),squirrel (0.0140),True,True
c:\Users\Alan\python\MMIP\week3\data\Dataset\dog\dog (3416).jpeg,dog,0.7083,dog,0.7083,dog (0.7083),spider (0.0938),squirrel (0.0451),sheep (0.0382),chicken (0.0330),True,True
c:\Users\Alan\python\MMIP\week3\data\Dataset\dog\dog (4406).jpeg,dog,0.8904,dog,0.8904,dog (0.8904),cat (0.0230),cow (0.0222),butterfly (0.0113),chicken (0.0113),True,True
c:\Users\Alan\python\MMIP\week3\data\Dataset\dog\dog (3037).jpeg,dog,0.9385,dog,0.9385,dog (0.9385),chicken (0.0160),cow (0.0106),squirrel (0.0094),cat (0.0054),True,True
c:\Users\Alan\python\MMIP\week3\data\Dataset\dog\dog (4463).jpeg,dog,0.92,dog,0.92,dog (0.9200),sheep (0.0287),cow (0.0145),chicken (0.0120),cat (0.0056),True,True
c:\Users\Alan\python\MMIP\week3\data\Dataset\dog\dog (4025).jpeg,dog,0.9351,dog,0.9351,dog (0.9351),cat (0.0176),elephant (0.0089),chicken (0.0089),sheep (0.0079),True,True
c:\Users\Alan\python\MMIP\week3\data\Dataset\dog\dog (969).jpeg,dog,0.8654,dog,0.8654,dog (0.8654),cat (0.0364),elephant (0.0348),chicken (0.0131),spider (0.0115),True,True
c:\Users\Alan\python\MMIP\week3\data\Dataset\dog\dog (790).jpeg,dog,0.9109,dog,0.9109,dog (0.9109),chicken (0.0141),butterfly (0.0141),horse (0.0125),cow (0.0110),True,True
c:\Users\Alan\python\MMIP\week3\data\Dataset\dog\dog (515).jpeg,dog,0.7463,dog,0.7463,dog (0.7463),squirrel (0.0447),sheep (0.0395),cow (0.0334),butterfly (0.0304),True,True
c:\Users\Alan\python\MMIP\week3\data\Dataset\dog\dog (2320).jpeg,dog,0.9849,dog,0.9849,dog (0.9849),elephant (0.0039),chicken (0.0022),cow (0.0020),squirrel (0.0018),True,True
c:\Users\Alan\python\MMIP\week3\data\Dataset\dog\dog (4315).jpeg,dog,0.9563,dog,0.9563,dog (0.9563),cat (0.0142),butterfly (0.0074),horse (0.0055),spider (0.0041),True,True
c:\Users\Alan\python\MMIP\week3\data\Dataset\dog\dog (1618).jpeg,dog,0.9251,dog,0.9251,dog (0.9251),spider (0.0174),horse (0.0158),chicken (0.0081),cow (0.0076),True,True
c:\Users\Alan\python\MMIP\week3\data\Dataset\dog\dog (1029).jpeg,dog,0.8231,dog,0.8231,dog (0.8231),chicken (0.0864),cat (0.0266),butterfly (0.0237),sheep (0.0137),True,True
c:\Users\Alan\python\MMIP\week3\data\Dataset\dog\dog (1359).jpeg,dog,0.8636,dog,0.8636,dog (0.8636),cat (0.0350),squirrel (0.0207),sheep (0.0185),cow (0.0140),True,True
c:\Users\Alan\python\MMIP\week3\data\Dataset\dog\dog (2253).jpeg,dog,0.1312,squirrel,0.3039,squirrel (0.3039),cat (0.2306),dog (0.1312),spider (0.1098),sheep (0.0636),False,True
c:\Users\Alan\python\MMIP\week3\data\Dataset\dog\dog (3439).jpeg,dog,0.9403,dog,0.9403,dog (0.9403),sheep (0.0175),horse (0.0112),elephant (0.0101),squirrel (0.0054),True,True
c:\Users\Alan\python\MMIP\week3\data\Dataset\dog\dog (4634).jpeg,dog,0.8521,dog,0.8521,dog (0.8521),sheep (0.0464),cat (0.0328),butterfly (0.0134),chicken (0.0127),True,True
c:\Users\Alan\python\MMIP\week3\data\Dataset\dog\dog (2822).jpeg,dog,0.7636,dog,0.7636,dog (0.7636),cat (0.0790),spider (0.0327),squirrel (0.0251),elephant (0.0222),True,True
c:\Users\Alan\python\MMIP\week3\data\Dataset\dog\dog (451).jpeg,dog,0.9529,dog,0.9529,dog (0.9529),cow (0.0070),cat (0.0070),spider (0.0063),sheep (0.0058),True,True
c:\Users\Alan\python\MMIP\week3\data\Dataset\dog\dog (121).jpeg,dog,0.8962,dog,0.8962,dog (0.8962),sheep (0.0219),chicken (0.0183),cat (0.0174),cow (0.0121),True,True
c:\Users\Alan\python\MMIP\week3\data\Dataset\dog\dog (1131).jpeg,dog,0.9103,dog,0.9103,dog (0.9103),cat (0.0205),chicken (0.0149),squirrel (0.0118),elephant (0.0100),True,True
c:\Users\Alan\python\MMIP\week3\data\Dataset\dog\dog (1226).jpeg,dog,0.9619,dog,0.9619,dog (0.9619),squirrel (0.0105),chicken (0.0079),cow (0.0059),spider (0.0054),True,True
c:\Users\Alan\python\MMIP\week3\data\Dataset\dog\dog (1017).jpeg,dog,0.9543,dog,0.9543,dog (0.9543),cat (0.0085),cow (0.0085),horse (0.0053),spider (0.0046),True,True
c:\Users\Alan\python\MMIP\week3\data\Dataset\dog\dog (4399).jpeg,dog,0.7016,dog,0.7016,dog (0.7016),cat (0.1548),spider (0.0343),chicken (0.0331),squirrel (0.0266),True,True
c:\Users\Alan\python\MMIP\week3\data\Dataset\dog\dog (1208).jpeg,dog,0.8378,dog,0.8378,dog (0.8378),cat (0.0659),cow (0.0369),chicken (0.0195),horse (0.0089),True,True
c:\Users\Alan\python\MMIP\week3\data\Dataset\dog\dog (1436).jpeg,dog,0.9029,dog,0.9029,dog (0.9029),horse (0.0310),elephant (0.0153),sheep (0.0141),squirrel (0.0089),True,True
c:\Users\Alan\python\MMIP\week3\data\Dataset\dog\dog (1551).jpeg,dog,0.7677,dog,0.7677,dog (0.7677),horse (0.0987),cat (0.0348),chicken (0.0206),sheep (0.0199),True,True
c:\Users\Alan\python\MMIP\week3\data\Dataset\dog\dog (3564).jpeg,dog,0.7369,dog,0.7369,dog (0.7369),cat (0.1594),spider (0.0354),squirrel (0.0141),sheep (0.0134),True,True
c:\Users\Alan\python\MMIP\week3\data\Dataset\dog\dog (597).jpeg,dog,0.5887,dog,0.5887,dog (0.5887),chicken (0.1767),sheep (0.0497),butterfly (0.0495),cow (0.0345),True,True
c:\Users\Alan\python\MMIP\week3\data\Dataset\dog\dog (4023).jpeg,dog,0.5129,dog,0.5129,dog (0.5129),spider (0.3184),elephant (0.0327),cat (0.0320),squirrel (0.0303),True,True
c:\Users\Alan\python\MMIP\week3\data\Dataset\dog\dog (4476).jpeg,dog,0.9226,dog,0.9226,dog (0.9226),butterfly (0.0128),cow (0.0126),chicken (0.0123),cat (0.0098),True,True
c:\Users\Alan\python\MMIP\week3\data\Dataset\dog\dog (1925).jpeg,dog,0.9182,dog,0.9182,dog (0.9182),butterfly (0.0155),elephant (0.0146),spider (0.0119),squirrel (0.0082),True,True
c:\Users\Alan\python\MMIP\week3\data\Dataset\dog\dog (3937).jpeg,dog,0.5164,dog,0.5164,dog (0.5164),cow (0.1560),horse (0.0874),sheep (0.0661),elephant (0.0514),True,True
c:\Users\Alan\python\MMIP\week3\data\Dataset\dog\dog (1722).jpeg,dog,0.2028,dog,0.2028,dog (0.2028),chicken (0.1851),sheep (0.1617),cow (0.1395),cat (0.0962),True,True
c:\Users\Alan\python\MMIP\week3\data\Dataset\dog\dog (222).jpeg,dog,0.6372,dog,0.6372,dog (0.6372),horse (0.0905),sheep (0.0683),spider (0.0590),elephant (0.0449),True,True
c:\Users\Alan\python\MMIP\week3\data\Dataset\dog\dog (3144).jpeg,dog,0.9111,dog,0.9111,dog (0.9111),elephant (0.0204),sheep (0.0200),cat (0.0111),squirrel (0.0087),True,True
c:\Users\Alan\python\MMIP\week3\data\Dataset\dog\dog (4521).jpeg,dog,0.9814,dog,0.9814,dog (0.9814),horse (0.0052),squirrel (0.0028),spider (0.0022),butterfly (0.0020),True,True
c:\Users\Alan\python\MMIP\week3\data\Dataset\dog\dog (1346).jpeg,dog,0.9173,dog,0.9173,dog (0.9173),cat (0.0147),sheep (0.0140),spider (0.0123),squirrel (0.0097),True,True
c:\Users\Alan\python\MMIP\week3\data\Dataset\dog\dog (3047).jpeg,dog,0.904,dog,0.904,dog (0.9040),cat (0.0170),chicken (0.0147),squirrel (0.0120),horse (0.0108),True,True
c:\Users\Alan\python\MMIP\week3\data\Dataset\dog\dog (1789).jpeg,dog,0.8659,dog,0.8659,dog (0.8659),cat (0.0373),squirrel (0.0269),sheep (0.0170),elephant (0.0166),True,True
c:\Users\Alan\python\MMIP\week3\data\Dataset\dog\dog (4735).jpeg,dog,0.8292,dog,0.8292,dog (0.8292),sheep (0.0434),chicken (0.0389),butterfly (0.0189),horse (0.0184),True,True
c:\Users\Alan\python\MMIP\week3\data\Dataset\dog\dog (958).jpeg,dog,0.8782,dog,0.8782,dog (0.8782),horse (0.0683),cow (0.0159),chicken (0.0075),squirrel (0.0073),True,True
c:\Users\Alan\python\MMIP\week3\data\Dataset\dog\dog (4259).jpeg,dog,0.9881,dog,0.9881,dog (0.9881),spider (0.0029),cow (0.0021),sheep (0.0017),butterfly (0.0013),True,True
c:\Users\Alan\python\MMIP\week3\data\Dataset\dog\dog (3750).jpeg,dog,0.9006,dog,0.9006,dog (0.9006),elephant (0.0360),cat (0.0161),sheep (0.0111),horse (0.0091),True,True
c:\Users\Alan\python\MMIP\week3\data\Dataset\dog\dog (2377).jpeg,dog,0.956,dog,0.956,dog (0.9560),spider (0.0091),sheep (0.0078),butterfly (0.0066),cow (0.0049),True,True
c:\Users\Alan\python\MMIP\week3\data\Dataset\dog\dog (363).jpeg,dog,0.8891,dog,0.8891,dog (0.8891),elephant (0.0207),cow (0.0202),cat (0.0155),sheep (0.0137),True,True
c:\Users\Alan\python\MMIP\week3\data\Dataset\dog\dog (715).jpeg,dog,0.9213,dog,0.9213,dog (0.9213),spider (0.0157),sheep (0.0126),cat (0.0087),elephant (0.0084),True,True
c:\Users\Alan\python\MMIP\week3\data\Dataset\dog\dog (838).jpeg,dog,0.5369,dog,0.5369,dog (0.5369),sheep (0.0953),cow (0.0856),cat (0.0587),butterfly (0.0521),True,True
c:\Users\Alan\python\MMIP\week3\data\Dataset\dog\dog (305).jpeg,dog,0.9776,dog,0.9776,dog (0.9776),elephant (0.0047),horse (0.0040),sheep (0.0033),spider (0.0032),True,True
c:\Users\Alan\python\MMIP\week3\data\Dataset\dog\dog (4603).jpeg,dog,0.898,dog,0.898,dog (0.8980),elephant (0.0235),squirrel (0.0179),horse (0.0136),cat (0.0115),True,True
c:\Users\Alan\python\MMIP\week3\data\Dataset\dog\dog (793).jpeg,dog,0.7923,dog,0.7923,dog (0.7923),cow (0.0505),horse (0.0309),elephant (0.0285),cat (0.0226),True,True
c:\Users\Alan\python\MMIP\week3\data\Dataset\dog\dog (481).jpeg,dog,0.8686,dog,0.8686,dog (0.8686),squirrel (0.0404),sheep (0.0228),cow (0.0190),butterfly (0.0132),True,True
c:\Users\Alan\python\MMIP\week3\data\Dataset\dog\dog (71).jpeg,dog,0.2269,spider,0.3136,spider (0.3136),dog (0.2269),elephant (0.1431),chicken (0.0986),cat (0.0605),False,True
c:\Users\Alan\python\MMIP\week3\data\Dataset\dog\dog (726).jpeg,dog,0.9497,dog,0.9497,dog (0.9497),sheep (0.0261),chicken (0.0094),squirrel (0.0055),butterfly (0.0032),True,True
c:\Users\Alan\python\MMIP\week3\data\Dataset\dog\dog (1869).jpeg,dog,0.1077,horse,0.6175,horse (0.6175),cow (0.1385),dog (0.1077),elephant (0.0492),sheep (0.0212),False,True
c:\Users\Alan\python\MMIP\week3\data\Dataset\dog\dog (4849).jpeg,dog,0.9495,dog,0.9495,dog (0.9495),cow (0.0154),horse (0.0084),sheep (0.0058),elephant (0.0049),True,True
c:\Users\Alan\python\MMIP\week3\data\Dataset\dog\dog (662).jpeg,dog,0.8643,dog,0.8643,dog (0.8643),cow (0.0383),butterfly (0.0350),cat (0.0168),spider (0.0104),True,True
c:\Users\Alan\python\MMIP\week3\data\Dataset\dog\dog (2265).jpeg,dog,0.9467,dog,0.9467,dog (0.9467),squirrel (0.0146),elephant (0.0104),cat (0.0096),horse (0.0052),True,True
c:\Users\Alan\python\MMIP\week3\data\Dataset\dog\dog (3472).jpeg,dog,0.1172,squirrel,0.3323,squirrel (0.3323),spider (0.1844),dog (0.1172),chicken (0.1004),butterfly (0.0932),False,True
c:\Users\Alan\python\MMIP\week3\data\Dataset\dog\dog (930).jpeg,dog,0.1657,horse,0.4679,horse (0.4679),dog (0.1657),sheep (0.0940),spider (0.0583),squirrel (0.0546),False,True
c:\Users\Alan\python\MMIP\week3\data\Dataset\dog\dog (2530).jpeg,dog,0.8849,dog,0.8849,dog (0.8849),butterfly (0.0254),horse (0.0206),spider (0.0144),chicken (0.0136),True,True
c:\Users\Alan\python\MMIP\week3\data\Dataset\dog\dog (706).jpeg,dog,0.9275,dog,0.9275,dog (0.9275),cat (0.0168),butterfly (0.0139),cow (0.0080),elephant (0.0071),True,True
c:\Users\Alan\python\MMIP\week3\data\Dataset\dog\dog (760).jpeg,dog,0.7889,dog,0.7889,dog (0.7889),cat (0.0677),cow (0.0370),spider (0.0245),chicken (0.0218),True,True
c:\Users\Alan\python\MMIP\week3\data\Dataset\dog\dog (4390).jpeg,dog,0.8795,dog,0.8795,dog (0.8795),chicken (0.0289),sheep (0.0230),cow (0.0158),squirrel (0.0146),True,True
c:\Users\Alan\python\MMIP\week3\data\Dataset\dog\dog (2177).jpeg,dog,0.6442,dog,0.6442,dog (0.6442),cow (0.1209),sheep (0.0752),elephant (0.0488),squirrel (0.0372),True,True
c:\Users\Alan\python\MMIP\week3\data\Dataset\dog\dog (3916).jpeg,dog,0.3137,horse,0.3147,horse (0.3147),dog (0.3137),chicken (0.1062),elephant (0.0716),sheep (0.0439),False,True
c:\Users\Alan\python\MMIP\week3\data\Dataset\dog\dog (2766).jpeg,dog,0.9698,dog,0.9698,dog (0.9698),spider (0.0051),elephant (0.0049),cat (0.0047),chicken (0.0037),True,True
c:\Users\Alan\python\MMIP\week3\data\Dataset\dog\dog (4240).jpeg,dog,0.6315,dog,0.6315,dog (0.6315),horse (0.1210),sheep (0.1049),cow (0.0679),elephant (0.0186),True,True
c:\Users\Alan\python\MMIP\week3\data\Dataset\dog\dog (4361).jpeg,dog,0.8228,dog,0.8228,dog (0.8228),horse (0.0724),sheep (0.0270),cow (0.0241),cat (0.0164),True,True
c:\Users\Alan\python\MMIP\week3\data\Dataset\dog\dog (2296).jpeg,dog,0.2076,sheep,0.242,sheep (0.2420),dog (0.2076),chicken (0.1569),spider (0.0871),cow (0.0815),False,True
c:\Users\Alan\python\MMIP\week3\data\Dataset\dog\dog (4408).jpeg,dog,0.8832,dog,0.8832,dog (0.8832),elephant (0.0425),cow (0.0168),cat (0.0135),spider (0.0111),True,True
c:\Users\Alan\python\MMIP\week3\data\Dataset\dog\dog (1080).jpeg,dog,0.6079,dog,0.6079,dog (0.6079),horse (0.1153),squirrel (0.1070),cat (0.0783),cow (0.0291),True,True
c:\Users\Alan\python\MMIP\week3\data\Dataset\dog\dog (1117).jpeg,dog,0.8519,dog,0.8519,dog (0.8519),cat (0.0551),squirrel (0.0245),cow (0.0204),chicken (0.0132),True,True
c:\Users\Alan\python\MMIP\week3\data\Dataset\dog\dog (3616).jpeg,dog,0.7279,dog,0.7279,dog (0.7279),cat (0.1619),chicken (0.0262),sheep (0.0221),spider (0.0170),True,True
c:\Users\Alan\python\MMIP\week3\data\Dataset\dog\dog (2923).jpeg,dog,0.615,dog,0.615,dog (0.6150),cow (0.1586),sheep (0.0488),squirrel (0.0452),chicken (0.0334),True,True
c:\Users\Alan\python\MMIP\week3\data\Dataset\dog\dog (4345).jpeg,dog,0.8747,dog,0.8747,dog (0.8747),cow (0.0272),cat (0.0260),chicken (0.0182),horse (0.0126),True,True
c:\Users\Alan\python\MMIP\week3\data\Dataset\dog\dog (2427).jpeg,dog,0.8925,dog,0.8925,dog (0.8925),chicken (0.0246),squirrel (0.0214),sheep (0.0197),elephant (0.0121),True,True
c:\Users\Alan\python\MMIP\week3\data\Dataset\dog\dog (1200).jpeg,dog,0.8248,dog,0.8248,dog (0.8248),sheep (0.0903),spider (0.0204),butterfly (0.0129),cow (0.0110),True,True
c:\Users\Alan\python\MMIP\week3\data\Dataset\dog\dog (4059).jpeg,dog,0.1848,horse,0.7202,horse (0.7202),dog (0.1848),cow (0.0193),elephant (0.0172),cat (0.0137),False,True
c:\Users\Alan\python\MMIP\week3\data\Dataset\dog\dog (3610).jpeg,dog,0.9853,dog,0.9853,dog (0.9853),horse (0.0035),elephant (0.0027),cow (0.0024),squirrel (0.0014),True,True
c:\Users\Alan\python\MMIP\week3\data\Dataset\dog\dog (4257).jpeg,dog,0.4831,dog,0.4831,dog (0.4831),cow (0.3543),spider (0.0532),elephant (0.0354),squirrel (0.0263),True,True
c:\Users\Alan\python\MMIP\week3\data\Dataset\dog\dog (3870).jpeg,dog,0.9145,dog,0.9145,dog (0.9145),squirrel (0.0206),elephant (0.0150),chicken (0.0130),butterfly (0.0093),True,True
c:\Users\Alan\python\MMIP\week3\data\Dataset\dog\dog (1633).jpeg,dog,0.955,dog,0.955,dog (0.9550),cow (0.0126),horse (0.0068),sheep (0.0059),elephant (0.0055),True,True
c:\Users\Alan\python\MMIP\week3\data\Dataset\dog\dog (3343).jpeg,dog,0.5023,dog,0.5023,dog (0.5023),cow (0.2136),horse (0.0963),cat (0.0571),butterfly (0.0411),True,True
c:\Users\Alan\python\MMIP\week3\data\Dataset\dog\dog (1717).jpeg,dog,0.9648,dog,0.9648,dog (0.9648),sheep (0.0072),cow (0.0050),horse (0.0046),squirrel (0.0040),True,True
c:\Users\Alan\python\MMIP\week3\data\Dataset\dog\dog (359).jpeg,dog,0.7976,dog,0.7976,dog (0.7976),squirrel (0.1044),elephant (0.0245),sheep (0.0156),cat (0.0124),True,True
c:\Users\Alan\python\MMIP\week3\data\Dataset\dog\dog (1967).jpeg,dog,0.6455,dog,0.6455,dog (0.6455),cow (0.0718),elephant (0.0623),sheep (0.0451),chicken (0.0391),True,True
c:\Users\Alan\python\MMIP\week3\data\Dataset\dog\dog (1877).jpeg,dog,0.9599,dog,0.9599,dog (0.9599),sheep (0.0150),spider (0.0059),horse (0.0047),chicken (0.0039),True,True
c:\Users\Alan\python\MMIP\week3\data\Dataset\dog\dog (2639).jpeg,dog,0.8479,dog,0.8479,dog (0.8479),cat (0.0385),squirrel (0.0302),elephant (0.0240),cow (0.0229),True,True
c:\Users\Alan\python\MMIP\week3\data\Dataset\dog\dog (2509).jpeg,dog,0.9704,dog,0.9704,dog (0.9704),elephant (0.0056),cow (0.0048),chicken (0.0041),spider (0.0033),True,True
c:\Users\Alan\python\MMIP\week3\data\Dataset\dog\dog (3486).jpeg,dog,0.8656,dog,0.8656,dog (0.8656),elephant (0.0304),cat (0.0250),spider (0.0166),cow (0.0124),True,True
c:\Users\Alan\python\MMIP\week3\data\Dataset\dog\dog (2017).jpeg,dog,0.9241,dog,0.9241,dog (0.9241),chicken (0.0222),butterfly (0.0117),cow (0.0082),horse (0.0078),True,True
c:\Users\Alan\python\MMIP\week3\data\Dataset\dog\dog (4631).jpeg,dog,0.9162,dog,0.9162,dog (0.9162),chicken (0.0160),cat (0.0146),butterfly (0.0128),squirrel (0.0106),True,True
c:\Users\Alan\python\MMIP\week3\data\Dataset\dog\dog (2499).jpeg,dog,0.7407,dog,0.7407,dog (0.7407),chicken (0.0442),spider (0.0431),sheep (0.0379),elephant (0.0336),True,True
c:\Users\Alan\python\MMIP\week3\data\Dataset\dog\dog (472).jpeg,dog,0.8678,dog,0.8678,dog (0.8678),sheep (0.0473),cow (0.0186),spider (0.0146),horse (0.0143),True,True
c:\Users\Alan\python\MMIP\week3\data\Dataset\dog\dog (4458).jpeg,dog,0.9249,dog,0.9249,dog (0.9249),elephant (0.0250),spider (0.0122),sheep (0.0084),squirrel (0.0076),True,True
c:\Users\Alan\python\MMIP\week3\data\Dataset\dog\dog (2066).jpeg,dog,0.5303,dog,0.5303,dog (0.5303),horse (0.1945),elephant (0.0599),cow (0.0536),spider (0.0449),True,True
c:\Users\Alan\python\MMIP\week3\data\Dataset\dog\dog (4662).jpeg,dog,0.7747,dog,0.7747,dog (0.7747),squirrel (0.0666),sheep (0.0483),cat (0.0313),spider (0.0177),True,True
c:\Users\Alan\python\MMIP\week3\data\Dataset\dog\dog (3688).jpeg,dog,0.9243,dog,0.9243,dog (0.9243),horse (0.0310),spider (0.0099),squirrel (0.0065),butterfly (0.0065),True,True
c:\Users\Alan\python\MMIP\week3\data\Dataset\dog\dog (2410).jpeg,dog,0.8503,dog,0.8503,dog (0.8503),cat (0.0640),chicken (0.0197),horse (0.0182),cow (0.0138),True,True
c:\Users\Alan\python\MMIP\week3\data\Dataset\dog\dog (2222).jpeg,dog,0.9405,dog,0.9405,dog (0.9405),chicken (0.0229),elephant (0.0086),cat (0.0051),spider (0.0050),True,True
c:\Users\Alan\python\MMIP\week3\data\Dataset\dog\dog (127).jpeg,dog,0.2462,cat,0.3089,cat (0.3089),dog (0.2462),squirrel (0.1309),chicken (0.0765),cow (0.0690),False,True
c:\Users\Alan\python\MMIP\week3\data\Dataset\dog\dog (2435).jpeg,dog,0.9133,dog,0.9133,dog (0.9133),cow (0.0214),sheep (0.0139),squirrel (0.0099),spider (0.0088),True,True
c:\Users\Alan\python\MMIP\week3\data\Dataset\dog\dog (626).jpeg,dog,0.9829,dog,0.9829,dog (0.9829),cow (0.0028),butterfly (0.0025),chicken (0.0023),cat (0.0023),True,True
c:\Users\Alan\python\MMIP\week3\data\Dataset\dog\dog (4126).jpeg,dog,0.3388,dog,0.3388,dog (0.3388),squirrel (0.2008),sheep (0.0944),horse (0.0937),cow (0.0725),True,True
c:\Users\Alan\python\MMIP\week3\data\Dataset\dog\dog (3387).jpeg,dog,0.9048,dog,0.9048,dog (0.9048),horse (0.0306),cow (0.0144),cat (0.0104),squirrel (0.0096),True,True
c:\Users\Alan\python\MMIP\week3\data\Dataset\dog\dog (4791).jpeg,dog,0.9202,dog,0.9202,dog (0.9202),cat (0.0138),squirrel (0.0132),spider (0.0131),chicken (0.0110),True,True
c:\Users\Alan\python\MMIP\week3\data\Dataset\dog\dog (3003).jpeg,dog,0.4014,dog,0.4014,dog (0.4014),squirrel (0.1204),cow (0.1024),horse (0.0938),cat (0.0799),True,True
c:\Users\Alan\python\MMIP\week3\data\Dataset\dog\dog (4679).jpeg,dog,0.5355,dog,0.5355,dog (0.5355),squirrel (0.0750),cat (0.0645),cow (0.0622),horse (0.0594),True,True
c:\Users\Alan\python\MMIP\week3\data\Dataset\dog\dog (2380).jpeg,dog,0.8599,dog,0.8599,dog (0.8599),spider (0.0252),cow (0.0235),cat (0.0189),squirrel (0.0169),True,True
c:\Users\Alan\python\MMIP\week3\data\Dataset\dog\dog (1308).jpeg,dog,0.9709,dog,0.9709,dog (0.9709),horse (0.0056),spider (0.0046),cow (0.0038),butterfly (0.0032),True,True
c:\Users\Alan\python\MMIP\week3\data\Dataset\dog\dog (2219).jpeg,dog,0.9569,dog,0.9569,dog (0.9569),cow (0.0090),horse (0.0060),elephant (0.0057),butterfly (0.0051),True,True
c:\Users\Alan\python\MMIP\week3\data\Dataset\dog\dog (1212).jpeg,dog,0.3294,dog,0.3294,dog (0.3294),cat (0.2322),spider (0.1766),butterfly (0.1059),chicken (0.0493),True,True
c:\Users\Alan\python\MMIP\week3\data\Dataset\dog\dog (3124).jpeg,dog,0.2679,chicken,0.4717,chicken (0.4717),dog (0.2679),sheep (0.0681),cow (0.0671),butterfly (0.0274),False,True
c:\Users\Alan\python\MMIP\week3\data\Dataset\dog\dog (4729).jpeg,dog,0.8463,dog,0.8463,dog (0.8463),cat (0.0621),spider (0.0217),butterfly (0.0170),cow (0.0123),True,True
c:\Users\Alan\python\MMIP\week3\data\Dataset\dog\dog (1783).jpeg,dog,0.9264,dog,0.9264,dog (0.9264),elephant (0.0179),sheep (0.0129),chicken (0.0112),squirrel (0.0097),True,True
c:\Users\Alan\python\MMIP\week3\data\Dataset\dog\dog (2613).jpeg,dog,0.6454,dog,0.6454,dog (0.6454),chicken (0.0852),elephant (0.0824),horse (0.0476),squirrel (0.0328),True,True
c:\Users\Alan\python\MMIP\week3\data\Dataset\dog\dog (4392).jpeg,dog,0.8764,dog,0.8764,dog (0.8764),horse (0.0227),cow (0.0206),chicken (0.0189),elephant (0.0179),True,True
c:\Users\Alan\python\MMIP\week3\data\Dataset\dog\dog (4409).jpeg,dog,0.7217,dog,0.7217,dog (0.7217),cat (0.1699),chicken (0.0271),squirrel (0.0193),sheep (0.0179),True,True
c:\Users\Alan\python\MMIP\week3\data\Dataset\dog\dog (2918).jpeg,dog,0.4596,dog,0.4596,dog (0.4596),cow (0.3717),chicken (0.0610),squirrel (0.0223),spider (0.0182),True,True
c:\Users\Alan\python\MMIP\week3\data\Dataset\dog\dog (4494).jpeg,dog,0.9073,dog,0.9073,dog (0.9073),horse (0.0470),spider (0.0137),cow (0.0085),cat (0.0067),True,True
c:\Users\Alan\python\MMIP\week3\data\Dataset\dog\dog (1598).jpeg,dog,0.4194,dog,0.4194,dog (0.4194),horse (0.2175),chicken (0.1283),elephant (0.0671),cow (0.0539),True,True
c:\Users\Alan\python\MMIP\week3\data\Dataset\dog\dog (3048).jpeg,dog,0.9596,dog,0.9596,dog (0.9596),elephant (0.0094),squirrel (0.0086),cat (0.0070),chicken (0.0043),True,True
c:\Users\Alan\python\MMIP\week3\data\Dataset\dog\dog (1414).jpeg,dog,0.8401,dog,0.8401,dog (0.8401),butterfly (0.0796),horse (0.0157),chicken (0.0136),elephant (0.0118),True,True
c:\Users\Alan\python\MMIP\week3\data\Dataset\dog\dog (4482).jpeg,dog,0.8577,dog,0.8577,dog (0.8577),chicken (0.0225),spider (0.0211),cat (0.0202),cow (0.0193),True,True
c:\Users\Alan\python\MMIP\week3\data\Dataset\dog\dog (2561).jpeg,dog,0.3705,dog,0.3705,dog (0.3705),squirrel (0.1363),cat (0.1240),chicken (0.1099),elephant (0.0933),True,True
c:\Users\Alan\python\MMIP\week3\data\Dataset\dog\dog (1513).jpeg,dog,0.9738,dog,0.9738,dog (0.9738),sheep (0.0075),chicken (0.0033),squirrel (0.0033),cow (0.0031),True,True
c:\Users\Alan\python\MMIP\week3\data\Dataset\dog\dog (49).jpeg,dog,0.9807,dog,0.9807,dog (0.9807),horse (0.0037),elephant (0.0033),cow (0.0025),spider (0.0023),True,True
c:\Users\Alan\python\MMIP\week3\data\Dataset\dog\dog (2722).jpeg,dog,0.5279,dog,0.5279,dog (0.5279),squirrel (0.1217),spider (0.0863),horse (0.0675),cow (0.0540),True,True
c:\Users\Alan\python\MMIP\week3\data\Dataset\dog\dog (3955).jpeg,dog,0.8104,dog,0.8104,dog (0.8104),sheep (0.0483),cow (0.0300),cat (0.0235),horse (0.0233),True,True
c:\Users\Alan\python\MMIP\week3\data\Dataset\dog\dog (4162).jpeg,dog,0.6737,dog,0.6737,dog (0.6737),cat (0.1091),chicken (0.0799),squirrel (0.0270),butterfly (0.0241),True,True
c:\Users\Alan\python\MMIP\week3\data\Dataset\dog\dog (1378).jpeg,dog,0.8864,dog,0.8864,dog (0.8864),cat (0.0269),elephant (0.0205),spider (0.0124),squirrel (0.0121),True,True
c:\Users\Alan\python\MMIP\week3\data\Dataset\dog\dog (3463).jpeg,dog,0.9749,dog,0.9749,dog (0.9749),squirrel (0.0076),cow (0.0063),butterfly (0.0036),chicken (0.0020),True,True
c:\Users\Alan\python\MMIP\week3\data\Dataset\dog\dog (3485).jpeg,dog,0.7951,dog,0.7951,dog (0.7951),cow (0.0578),sheep (0.0407),spider (0.0385),squirrel (0.0235),True,True
c:\Users\Alan\python\MMIP\week3\data\Dataset\dog\dog (791).jpeg,dog,0.8999,dog,0.8999,dog (0.8999),elephant (0.0364),horse (0.0212),cow (0.0108),sheep (0.0098),True,True
c:\Users\Alan\python\MMIP\week3\data\Dataset\dog\dog (1600).jpeg,dog,0.9399,dog,0.9399,dog (0.9399),chicken (0.0118),spider (0.0110),squirrel (0.0087),cat (0.0077),True,True
c:\Users\Alan\python\MMIP\week3\data\Dataset\dog\dog (1430).jpeg,dog,0.9323,dog,0.9323,dog (0.9323),elephant (0.0171),cow (0.0137),sheep (0.0091),spider (0.0083),True,True
c:\Users\Alan\python\MMIP\week3\data\Dataset\dog\dog (4276).jpeg,dog,0.9528,dog,0.9528,dog (0.9528),cat (0.0119),squirrel (0.0066),sheep (0.0065),horse (0.0053),True,True
c:\Users\Alan\python\MMIP\week3\data\Dataset\dog\dog (1278).jpeg,dog,0.3748,dog,0.3748,dog (0.3748),butterfly (0.1432),cat (0.1357),squirrel (0.0911),spider (0.0888),True,True
c:\Users\Alan\python\MMIP\week3\data\Dataset\dog\dog (1261).jpeg,dog,0.9546,dog,0.9546,dog (0.9546),sheep (0.0073),squirrel (0.0071),cat (0.0071),butterfly (0.0055),True,True
c:\Users\Alan\python\MMIP\week3\data\Dataset\dog\dog (1667).jpeg,dog,0.8832,dog,0.8832,dog (0.8832),chicken (0.0328),cow (0.0209),sheep (0.0202),spider (0.0113),True,True
c:\Users\Alan\python\MMIP\week3\data\Dataset\dog\dog (3837).jpeg,dog,0.6846,dog,0.6846,dog (0.6846),chicken (0.1402),cat (0.0515),squirrel (0.0353),sheep (0.0234),True,True
c:\Users\Alan\python\MMIP\week3\data\Dataset\dog\dog (446).jpeg,dog,0.8549,dog,0.8549,dog (0.8549),spider (0.0457),cow (0.0290),sheep (0.0252),butterfly (0.0185),True,True
c:\Users\Alan\python\MMIP\week3\data\Dataset\dog\dog (1959).jpeg,dog,0.5812,dog,0.5812,dog (0.5812),sheep (0.2871),horse (0.0287),butterfly (0.0178),spider (0.0178),True,True
c:\Users\Alan\python\MMIP\week3\data\Dataset\dog\dog (421).jpeg,dog,0.706,dog,0.706,dog (0.7060),cat (0.1136),chicken (0.0424),cow (0.0332),sheep (0.0254),True,True
c:\Users\Alan\python\MMIP\week3\data\Dataset\dog\dog (1752).jpeg,dog,0.5552,dog,0.5552,dog (0.5552),cow (0.1201),horse (0.0779),sheep (0.0592),cat (0.0501),True,True
c:\Users\Alan\python\MMIP\week3\data\Dataset\dog\dog (4044).jpeg,dog,0.9608,dog,0.9608,dog (0.9608),horse (0.0094),squirrel (0.0066),cat (0.0045),elephant (0.0039),True,True
c:\Users\Alan\python\MMIP\week3\data\Dataset\dog\dog (4283).jpeg,dog,0.4717,dog,0.4717,dog (0.4717),elephant (0.1435),horse (0.0958),squirrel (0.0835),cow (0.0770),True,True
c:\Users\Alan\python\MMIP\week3\data\Dataset\dog\dog (2406).jpeg,dog,0.9022,dog,0.9022,dog (0.9022),horse (0.0233),cat (0.0133),sheep (0.0116),chicken (0.0112),True,True
c:\Users\Alan\python\MMIP\week3\data\Dataset\dog\dog (1023).jpeg,dog,0.9686,dog,0.9686,dog (0.9686),cat (0.0099),sheep (0.0051),elephant (0.0034),squirrel (0.0025),True,True
c:\Users\Alan\python\MMIP\week3\data\Dataset\dog\dog (2583).jpeg,dog,0.8309,dog,0.8309,dog (0.8309),cow (0.0748),sheep (0.0346),horse (0.0165),elephant (0.0123),True,True
c:\Users\Alan\python\MMIP\week3\data\Dataset\dog\dog (4833).jpeg,dog,0.9548,dog,0.9548,dog (0.9548),cow (0.0156),squirrel (0.0078),chicken (0.0041),cat (0.0039),True,True
c:\Users\Alan\python\MMIP\week3\data\Dataset\dog\dog (1409).jpeg,dog,0.8845,dog,0.8845,dog (0.8845),cat (0.0508),butterfly (0.0121),chicken (0.0112),sheep (0.0104),True,True
c:\Users\Alan\python\MMIP\week3\data\Dataset\dog\dog (1668).jpeg,dog,0.9079,dog,0.9079,dog (0.9079),butterfly (0.0266),elephant (0.0212),sheep (0.0157),spider (0.0095),True,True
c:\Users\Alan\python\MMIP\week3\data\Dataset\dog\dog (1187).jpeg,dog,0.8238,dog,0.8238,dog (0.8238),sheep (0.0271),cat (0.0264),horse (0.0251),spider (0.0238),True,True
c:\Users\Alan\python\MMIP\week3\data\Dataset\dog\dog (3214).jpeg,dog,0.7198,dog,0.7198,dog (0.7198),cow (0.1138),sheep (0.0602),butterfly (0.0242),spider (0.0203),True,True
c:\Users\Alan\python\MMIP\week3\data\Dataset\dog\dog (1961).jpeg,dog,0.9165,dog,0.9165,dog (0.9165),horse (0.0234),cow (0.0188),sheep (0.0114),squirrel (0.0076),True,True
c:\Users\Alan\python\MMIP\week3\data\Dataset\dog\dog (2254).jpeg,dog,0.8164,dog,0.8164,dog (0.8164),squirrel (0.0509),sheep (0.0312),cow (0.0266),chicken (0.0227),True,True
c:\Users\Alan\python\MMIP\week3\data\Dataset\dog\dog (4097).jpeg,dog,0.6938,dog,0.6938,dog (0.6938),spider (0.0553),chicken (0.0508),cow (0.0461),squirrel (0.0403),True,True
c:\Users\Alan\python\MMIP\week3\data\Dataset\dog\dog (2400).jpeg,dog,0.913,dog,0.913,dog (0.9130),cat (0.0223),sheep (0.0167),cow (0.0096),elephant (0.0093),True,True
c:\Users\Alan\python\MMIP\week3\data\Dataset\dog\dog (2014).jpeg,dog,0.9715,dog,0.9715,dog (0.9715),elephant (0.0058),cat (0.0054),butterfly (0.0046),sheep (0.0033),True,True
c:\Users\Alan\python\MMIP\week3\data\Dataset\dog\dog (3358).jpeg,dog,0.9533,dog,0.9533,dog (0.9533),spider (0.0086),sheep (0.0070),cow (0.0067),butterfly (0.0061),True,True
c:\Users\Alan\python\MMIP\week3\data\Dataset\dog\dog (2497).jpeg,dog,0.4843,dog,0.4843,dog (0.4843),chicken (0.3192),cow (0.0352),elephant (0.0348),cat (0.0344),True,True
c:\Users\Alan\python\MMIP\week3\data\Dataset\dog\dog (2703).jpeg,dog,0.985,dog,0.985,dog (0.9850),elephant (0.0052),squirrel (0.0032),chicken (0.0018),butterfly (0.0018),True,True
c:\Users\Alan\python\MMIP\week3\data\Dataset\dog\dog (4353).jpeg,dog,0.9621,dog,0.9621,dog (0.9621),spider (0.0064),elephant (0.0063),squirrel (0.0058),butterfly (0.0050),True,True
c:\Users\Alan\python\MMIP\week3\data\Dataset\dog\dog (4325).jpeg,dog,0.9219,dog,0.9219,dog (0.9219),butterfly (0.0145),chicken (0.0142),sheep (0.0128),elephant (0.0110),True,True
c:\Users\Alan\python\MMIP\week3\data\Dataset\dog\dog (1331).jpeg,dog,0.914,dog,0.914,dog (0.9140),cat (0.0177),sheep (0.0166),squirrel (0.0117),butterfly (0.0080),True,True
c:\Users\Alan\python\MMIP\week3\data\Dataset\dog\dog (2856).jpeg,dog,0.8199,dog,0.8199,dog (0.8199),squirrel (0.0628),cow (0.0311),elephant (0.0216),cat (0.0210),True,True
c:\Users\Alan\python\MMIP\week3\data\Dataset\dog\dog (724).jpeg,dog,0.9714,dog,0.9714,dog (0.9714),spider (0.0061),squirrel (0.0044),butterfly (0.0039),elephant (0.0038),True,True
c:\Users\Alan\python\MMIP\week3\data\Dataset\dog\dog (3050).jpeg,dog,0.9827,dog,0.9827,dog (0.9827),chicken (0.0048),cow (0.0027),squirrel (0.0021),elephant (0.0020),True,True
c:\Users\Alan\python\MMIP\week3\data\Dataset\dog\dog (1019).jpeg,dog,0.9224,dog,0.9224,dog (0.9224),squirrel (0.0130),sheep (0.0130),cow (0.0125),butterfly (0.0125),True,True
c:\Users\Alan\python\MMIP\week3\data\Dataset\dog\dog (4607).jpeg,dog,0.7605,dog,0.7605,dog (0.7605),elephant (0.1017),cow (0.0351),horse (0.0272),chicken (0.0200),True,True
c:\Users\Alan\python\MMIP\week3\data\Dataset\dog\dog (417).jpeg,dog,0.8965,dog,0.8965,dog (0.8965),chicken (0.0473),butterfly (0.0136),spider (0.0099),sheep (0.0090),True,True
c:\Users\Alan\python\MMIP\week3\data\Dataset\dog\dog (1118).jpeg,dog,0.6017,dog,0.6017,dog (0.6017),cat (0.1133),horse (0.0857),sheep (0.0444),chicken (0.0436),True,True
c:\Users\Alan\python\MMIP\week3\data\Dataset\dog\dog (3412).jpeg,dog,0.8529,dog,0.8529,dog (0.8529),cow (0.0786),chicken (0.0142),squirrel (0.0114),horse (0.0109),True,True
c:\Users\Alan\python\MMIP\week3\data\Dataset\dog\dog (2205).jpeg,dog,0.9405,dog,0.9405,dog (0.9405),squirrel (0.0138),cat (0.0106),elephant (0.0075),chicken (0.0053),True,True
c:\Users\Alan\python\MMIP\week3\data\Dataset\dog\dog (3238).jpeg,dog,0.9339,dog,0.9339,dog (0.9339),squirrel (0.0319),sheep (0.0071),horse (0.0057),chicken (0.0051),True,True
c:\Users\Alan\python\MMIP\week3\data\Dataset\dog\dog (3043).jpeg,dog,0.8953,dog,0.8953,dog (0.8953),cow (0.0252),butterfly (0.0170),horse (0.0142),elephant (0.0114),True,True
c:\Users\Alan\python\MMIP\week3\data\Dataset\dog\dog (1672).jpeg,dog,0.3604,sheep,0.5114,sheep (0.5114),dog (0.3604),cat (0.0536),cow (0.0176),horse (0.0173),False,True
c:\Users\Alan\python\MMIP\week3\data\Dataset\dog\dog (1494).jpeg,dog,0.8905,dog,0.8905,dog (0.8905),spider (0.0238),cow (0.0140),chicken (0.0139),butterfly (0.0122),True,True
c:\Users\Alan\python\MMIP\week3\data\Dataset\dog\dog (3553).jpeg,dog,0.8387,dog,0.8387,dog (0.8387),cat (0.0443),chicken (0.0294),sheep (0.0193),horse (0.0187),True,True
c:\Users\Alan\python\MMIP\week3\data\Dataset\dog\dog (3376).jpeg,dog,0.6997,dog,0.6997,dog (0.6997),cat (0.1038),cow (0.0827),chicken (0.0357),sheep (0.0277),True,True
c:\Users\Alan\python\MMIP\week3\data\Dataset\dog\dog (9).jpeg,dog,0.9226,dog,0.9226,dog (0.9226),cow (0.0239),spider (0.0103),butterfly (0.0101),chicken (0.0074),True,True
c:\Users\Alan\python\MMIP\week3\data\Dataset\dog\dog (2717).jpeg,dog,0.5068,dog,0.5068,dog (0.5068),spider (0.2342),chicken (0.0699),butterfly (0.0384),cat (0.0383),True,True
c:\Users\Alan\python\MMIP\week3\data\Dataset\dog\dog (4061).jpeg,dog,0.9955,dog,0.9955,dog (0.9955),sheep (0.0010),cow (0.0008),squirrel (0.0006),butterfly (0.0005),True,True
c:\Users\Alan\python\MMIP\week3\data\Dataset\dog\dog (2225).jpeg,dog,0.8705,dog,0.8705,dog (0.8705),cow (0.0689),cat (0.0285),sheep (0.0077),butterfly (0.0053),True,True
c:\Users\Alan\python\MMIP\week3\data\Dataset\dog\dog (1143).jpeg,dog,0.9648,dog,0.9648,dog (0.9648),cow (0.0127),chicken (0.0055),butterfly (0.0052),sheep (0.0040),True,True
c:\Users\Alan\python\MMIP\week3\data\Dataset\dog\dog (3340).jpeg,dog,0.9216,dog,0.9216,dog (0.9216),spider (0.0186),squirrel (0.0120),chicken (0.0107),sheep (0.0096),True,True
c:\Users\Alan\python\MMIP\week3\data\Dataset\dog\dog (1561).jpeg,dog,0.9233,dog,0.9233,dog (0.9233),chicken (0.0195),sheep (0.0138),spider (0.0106),elephant (0.0103),True,True
c:\Users\Alan\python\MMIP\week3\data\Dataset\dog\dog (1320).jpeg,dog,0.926,dog,0.926,dog (0.9260),sheep (0.0204),cow (0.0126),elephant (0.0092),spider (0.0089),True,True
c:\Users\Alan\python\MMIP\week3\data\Dataset\dog\dog (377).jpeg,dog,0.7282,dog,0.7282,dog (0.7282),horse (0.0605),chicken (0.0558),sheep (0.0539),elephant (0.0263),True,True
c:\Users\Alan\python\MMIP\week3\data\Dataset\dog\dog (1521).jpeg,dog,0.9731,dog,0.9731,dog (0.9731),spider (0.0075),butterfly (0.0046),squirrel (0.0030),cow (0.0029),True,True
c:\Users\Alan\python\MMIP\week3\data\Dataset\elephant\elephant (979).jpeg,elephant,0.603,elephant,0.603,elephant (0.6030),horse (0.1385),dog (0.0815),squirrel (0.0471),cow (0.0430),True,True
c:\Users\Alan\python\MMIP\week3\data\Dataset\elephant\elephant (882).jpeg,elephant,0.2975,elephant,0.2975,elephant (0.2975),horse (0.1415),cow (0.1330),dog (0.1216),squirrel (0.0828),True,True
c:\Users\Alan\python\MMIP\week3\data\Dataset\elephant\elephant (959).jpeg,elephant,0.1928,chicken,0.2686,chicken (0.2686),elephant (0.1928),squirrel (0.1648),sheep (0.0947),spider (0.0906),False,True
c:\Users\Alan\python\MMIP\week3\data\Dataset\elephant\elephant (389).jpeg,elephant,0.7405,elephant,0.7405,elephant (0.7405),cow (0.0759),dog (0.0441),sheep (0.0416),horse (0.0343),True,True
c:\Users\Alan\python\MMIP\week3\data\Dataset\elephant\elephant (27).jpg,elephant,0.9615,elephant,0.9615,elephant (0.9615),sheep (0.0119),cat (0.0057),spider (0.0057),horse (0.0054),True,True
c:\Users\Alan\python\MMIP\week3\data\Dataset\elephant\elephant (34).jpeg,elephant,0.8404,elephant,0.8404,elephant (0.8404),dog (0.0921),squirrel (0.0150),cat (0.0116),cow (0.0087),True,True
c:\Users\Alan\python\MMIP\week3\data\Dataset\elephant\elephant (136).jpg,elephant,0.9153,elephant,0.9153,elephant (0.9153),cat (0.0261),spider (0.0207),chicken (0.0119),butterfly (0.0086),True,True
c:\Users\Alan\python\MMIP\week3\data\Dataset\elephant\elephant (216).jpg,elephant,0.908,elephant,0.908,elephant (0.9080),sheep (0.0238),chicken (0.0184),horse (0.0131),squirrel (0.0111),True,True
c:\Users\Alan\python\MMIP\week3\data\Dataset\elephant\elephant (117).jpeg,elephant,0.7482,elephant,0.7482,elephant (0.7482),cow (0.0581),sheep (0.0497),squirrel (0.0456),horse (0.0279),True,True
c:\Users\Alan\python\MMIP\week3\data\Dataset\elephant\elephant (958).jpeg,elephant,0.1383,chicken,0.3935,chicken (0.3935),elephant (0.1383),horse (0.1138),dog (0.1135),cow (0.0659),False,True
c:\Users\Alan\python\MMIP\week3\data\Dataset\elephant\elephant (993).jpeg,elephant,0.931,elephant,0.931,elephant (0.9310),chicken (0.0116),spider (0.0115),cow (0.0093),cat (0.0088),True,True
c:\Users\Alan\python\MMIP\week3\data\Dataset\elephant\elephant (372).jpeg,elephant,0.9148,elephant,0.9148,elephant (0.9148),horse (0.0225),squirrel (0.0221),cat (0.0108),dog (0.0088),True,True
c:\Users\Alan\python\MMIP\week3\data\Dataset\elephant\elephant (533).jpeg,elephant,0.7829,elephant,0.7829,elephant (0.7829),horse (0.0670),squirrel (0.0443),dog (0.0274),spider (0.0191),True,True
c:\Users\Alan\python\MMIP\week3\data\Dataset\elephant\elephant (1059).jpeg,elephant,0.7643,elephant,0.7643,elephant (0.7643),horse (0.0517),sheep (0.0496),dog (0.0450),cow (0.0313),True,True
c:\Users\Alan\python\MMIP\week3\data\Dataset\elephant\elephant (629).jpeg,elephant,0.4557,elephant,0.4557,elephant (0.4557),horse (0.1828),dog (0.1171),cat (0.0623),squirrel (0.0457),True,True
c:\Users\Alan\python\MMIP\week3\data\Dataset\elephant\elephant (715).jpeg,elephant,0.9623,elephant,0.9623,elephant (0.9623),butterfly (0.0072),dog (0.0067),spider (0.0059),cow (0.0045),True,True
c:\Users\Alan\python\MMIP\week3\data\Dataset\elephant\elephant (271).jpeg,elephant,0.8285,elephant,0.8285,elephant (0.8285),sheep (0.0348),squirrel (0.0250),horse (0.0244),spider (0.0200),True,True
c:\Users\Alan\python\MMIP\week3\data\Dataset\elephant\elephant (1020).jpeg,elephant,0.9191,elephant,0.9191,elephant (0.9191),spider (0.0151),cow (0.0116),butterfly (0.0093),dog (0.0092),True,True
c:\Users\Alan\python\MMIP\week3\data\Dataset\elephant\elephant (580).jpeg,elephant,0.3939,elephant,0.3939,elephant (0.3939),spider (0.2943),chicken (0.0846),horse (0.0772),cat (0.0344),True,True
c:\Users\Alan\python\MMIP\week3\data\Dataset\elephant\elephant (530).jpeg,elephant,0.7059,elephant,0.7059,elephant (0.7059),cow (0.0772),chicken (0.0579),horse (0.0361),cat (0.0291),True,True
c:\Users\Alan\python\MMIP\week3\data\Dataset\elephant\elephant (68).jpeg,elephant,0.1414,cow,0.2874,cow (0.2874),sheep (0.2672),elephant (0.1414),horse (0.1212),spider (0.0552),False,True
c:\Users\Alan\python\MMIP\week3\data\Dataset\elephant\elephant (701).jpeg,elephant,0.9438,elephant,0.9438,elephant (0.9438),dog (0.0222),spider (0.0058),chicken (0.0056),butterfly (0.0048),True,True
c:\Users\Alan\python\MMIP\week3\data\Dataset\elephant\elephant (872).jpeg,elephant,0.9693,elephant,0.9693,elephant (0.9693),butterfly (0.0079),horse (0.0042),cat (0.0041),cow (0.0038),True,True
c:\Users\Alan\python\MMIP\week3\data\Dataset\elephant\elephant (416).jpeg,elephant,0.8935,elephant,0.8935,elephant (0.8935),dog (0.0196),sheep (0.0164),squirrel (0.0145),butterfly (0.0112),True,True
c:\Users\Alan\python\MMIP\week3\data\Dataset\elephant\elephant (497).jpeg,elephant,0.8457,elephant,0.8457,elephant (0.8457),dog (0.0627),cow (0.0187),chicken (0.0148),butterfly (0.0124),True,True
c:\Users\Alan\python\MMIP\week3\data\Dataset\elephant\elephant (1047).jpeg,elephant,0.8775,elephant,0.8775,elephant (0.8775),spider (0.0529),cow (0.0171),cat (0.0143),chicken (0.0109),True,True
c:\Users\Alan\python\MMIP\week3\data\Dataset\elephant\elephant (109).jpeg,elephant,0.9133,elephant,0.9133,elephant (0.9133),sheep (0.0218),squirrel (0.0155),butterfly (0.0096),chicken (0.0093),True,True
c:\Users\Alan\python\MMIP\week3\data\Dataset\elephant\elephant (684).jpeg,elephant,0.9566,elephant,0.9566,elephant (0.9566),butterfly (0.0095),spider (0.0080),cat (0.0059),cow (0.0051),True,True
c:\Users\Alan\python\MMIP\week3\data\Dataset\elephant\elephant (660).jpeg,elephant,0.7113,elephant,0.7113,elephant (0.7113),cow (0.0891),sheep (0.0835),cat (0.0487),horse (0.0174),True,True
c:\Users\Alan\python\MMIP\week3\data\Dataset\elephant\elephant (301).jpeg,elephant,0.8053,elephant,0.8053,elephant (0.8053),horse (0.1024),cow (0.0298),spider (0.0191),cat (0.0115),True,True
c:\Users\Alan\python\MMIP\week3\data\Dataset\elephant\elephant (653).jpeg,elephant,0.6232,elephant,0.6232,elephant (0.6232),cow (0.1290),sheep (0.0669),butterfly (0.0570),horse (0.0279),True,True
c:\Users\Alan\python\MMIP\week3\data\Dataset\elephant\elephant (24).jpg,elephant,0.9296,elephant,0.9296,elephant (0.9296),dog (0.0162),cow (0.0104),sheep (0.0086),cat (0.0081),True,True
c:\Users\Alan\python\MMIP\week3\data\Dataset\elephant\elephant (527).jpeg,elephant,0.4264,elephant,0.4264,elephant (0.4264),squirrel (0.1480),horse (0.1457),sheep (0.0802),cat (0.0457),True,True
c:\Users\Alan\python\MMIP\week3\data\Dataset\elephant\elephant (641).jpeg,elephant,0.583,elephant,0.583,elephant (0.5830),dog (0.0950),chicken (0.0639),horse (0.0594),cow (0.0514),True,True
c:\Users\Alan\python\MMIP\week3\data\Dataset\elephant\elephant (76).jpeg,elephant,0.9725,elephant,0.9725,elephant (0.9725),cow (0.0068),squirrel (0.0044),chicken (0.0041),butterfly (0.0029),True,True
c:\Users\Alan\python\MMIP\week3\data\Dataset\elephant\elephant (627).jpeg,elephant,0.9847,elephant,0.9847,elephant (0.9847),butterfly (0.0024),squirrel (0.0024),chicken (0.0023),cat (0.0023),True,True
c:\Users\Alan\python\MMIP\week3\data\Dataset\elephant\elephant (577).jpeg,elephant,0.7917,elephant,0.7917,elephant (0.7917),cat (0.0802),squirrel (0.0453),chicken (0.0183),butterfly (0.0165),True,True
c:\Users\Alan\python\MMIP\week3\data\Dataset\elephant\elephant (291).jpeg,elephant,0.8099,elephant,0.8099,elephant (0.8099),horse (0.0642),sheep (0.0319),chicken (0.0248),dog (0.0204),True,True
c:\Users\Alan\python\MMIP\week3\data\Dataset\elephant\elephant (335).jpeg,elephant,0.9025,elephant,0.9025,elephant (0.9025),sheep (0.0207),squirrel (0.0147),dog (0.0146),chicken (0.0119),True,True
c:\Users\Alan\python\MMIP\week3\data\Dataset\elephant\elephant (192).jpeg,elephant,0.9383,elephant,0.9383,elephant (0.9383),cow (0.0157),sheep (0.0144),squirrel (0.0084),chicken (0.0073),True,True
c:\Users\Alan\python\MMIP\week3\data\Dataset\elephant\elephant (1066).jpeg,elephant,0.6209,elephant,0.6209,elephant (0.6209),cow (0.1992),sheep (0.0534),spider (0.0404),butterfly (0.0252),True,True
c:\Users\Alan\python\MMIP\week3\data\Dataset\elephant\elephant (794).jpeg,elephant,0.9361,elephant,0.9361,elephant (0.9361),sheep (0.0153),spider (0.0116),cat (0.0092),chicken (0.0064),True,True
c:\Users\Alan\python\MMIP\week3\data\Dataset\elephant\elephant (133).jpeg,elephant,0.9817,elephant,0.9817,elephant (0.9817),squirrel (0.0046),horse (0.0031),cow (0.0029),cat (0.0020),True,True
c:\Users\Alan\python\MMIP\week3\data\Dataset\elephant\elephant (282).jpeg,elephant,0.8619,elephant,0.8619,elephant (0.8619),cow (0.0402),horse (0.0260),cat (0.0174),sheep (0.0156),True,True
c:\Users\Alan\python\MMIP\week3\data\Dataset\elephant\elephant (140).jpeg,elephant,0.9411,elephant,0.9411,elephant (0.9411),cow (0.0189),horse (0.0085),cat (0.0073),butterfly (0.0067),True,True
c:\Users\Alan\python\MMIP\week3\data\Dataset\elephant\elephant (54).jpeg,elephant,0.2096,dog,0.3287,dog (0.3287),elephant (0.2096),squirrel (0.1528),horse (0.1254),cow (0.0547),False,True
c:\Users\Alan\python\MMIP\week3\data\Dataset\elephant\elephant (608).jpeg,elephant,0.9902,elephant,0.9902,elephant (0.9902),butterfly (0.0022),chicken (0.0015),cat (0.0013),spider (0.0011),True,True
c:\Users\Alan\python\MMIP\week3\data\Dataset\elephant\elephant (211).jpg,elephant,0.8802,elephant,0.8802,elephant (0.8802),cow (0.0343),sheep (0.0253),butterfly (0.0139),cat (0.0131),True,True
c:\Users\Alan\python\MMIP\week3\data\Dataset\elephant\elephant (349).jpg,elephant,0.8341,elephant,0.8341,elephant (0.8341),spider (0.0362),chicken (0.0226),butterfly (0.0207),dog (0.0201),True,True
c:\Users\Alan\python\MMIP\week3\data\Dataset\elephant\elephant (203).jpg,elephant,0.7791,elephant,0.7791,elephant (0.7791),butterfly (0.0915),cat (0.0348),sheep (0.0205),dog (0.0205),True,True
c:\Users\Alan\python\MMIP\week3\data\Dataset\elephant\elephant (129).jpg,elephant,0.8775,elephant,0.8775,elephant (0.8775),sheep (0.0547),squirrel (0.0194),horse (0.0177),cat (0.0086),True,True
c:\Users\Alan\python\MMIP\week3\data\Dataset\elephant\elephant (110).jpeg,elephant,0.1532,dog,0.3689,dog (0.3689),elephant (0.1532),chicken (0.1330),squirrel (0.0843),sheep (0.0728),False,True
c:\Users\Alan\python\MMIP\week3\data\Dataset\elephant\elephant (88).jpg,elephant,0.9579,elephant,0.9579,elephant (0.9579),butterfly (0.0071),cat (0.0067),cow (0.0059),horse (0.0056),True,True
c:\Users\Alan\python\MMIP\week3\data\Dataset\elephant\elephant (337).jpeg,elephant,0.5337,elephant,0.5337,elephant (0.5337),horse (0.2450),dog (0.0971),squirrel (0.0281),butterfly (0.0244),True,True
c:\Users\Alan\python\MMIP\week3\data\Dataset\elephant\elephant (366).jpeg,elephant,0.0771,spider,0.616,spider (0.6160),elephant (0.0771),chicken (0.0599),cat (0.0546),butterfly (0.0487),False,True
c:\Users\Alan\python\MMIP\week3\data\Dataset\elephant\elephant (205).jpg,elephant,0.9713,elephant,0.9713,elephant (0.9713),butterfly (0.0053),cat (0.0044),squirrel (0.0042),cow (0.0041),True,True
c:\Users\Alan\python\MMIP\week3\data\Dataset\elephant\elephant (173).jpeg,elephant,0.441,elephant,0.441,elephant (0.4410),dog (0.1944),sheep (0.1456),spider (0.0566),cow (0.0541),True,True
c:\Users\Alan\python\MMIP\week3\data\Dataset\elephant\elephant (43).jpg,elephant,0.9681,elephant,0.9681,elephant (0.9681),sheep (0.0072),cat (0.0058),cow (0.0049),horse (0.0039),True,True
c:\Users\Alan\python\MMIP\week3\data\Dataset\elephant\elephant (978).jpeg,elephant,0.4988,elephant,0.4988,elephant (0.4988),squirrel (0.1062),cow (0.0808),spider (0.0658),chicken (0.0642),True,True
c:\Users\Alan\python\MMIP\week3\data\Dataset\elephant\elephant (185).jpeg,elephant,0.8635,elephant,0.8635,elephant (0.8635),dog (0.0299),chicken (0.0188),spider (0.0163),butterfly (0.0142),True,True
c:\Users\Alan\python\MMIP\week3\data\Dataset\elephant\elephant (924).jpeg,elephant,0.9631,elephant,0.9631,elephant (0.9631),cow (0.0099),butterfly (0.0054),spider (0.0047),sheep (0.0046),True,True
c:\Users\Alan\python\MMIP\week3\data\Dataset\elephant\elephant (2).jpeg,elephant,0.3824,elephant,0.3824,elephant (0.3824),horse (0.2237),dog (0.1823),cow (0.0774),sheep (0.0424),True,True
c:\Users\Alan\python\MMIP\week3\data\Dataset\elephant\elephant (196).jpeg,elephant,0.7983,elephant,0.7983,elephant (0.7983),cow (0.0685),spider (0.0325),horse (0.0195),chicken (0.0193),True,True
c:\Users\Alan\python\MMIP\week3\data\Dataset\elephant\elephant (96).jpeg,elephant,0.3253,horse,0.4607,horse (0.4607),elephant (0.3253),sheep (0.0561),squirrel (0.0395),cow (0.0313),False,True
c:\Users\Alan\python\MMIP\week3\data\Dataset\elephant\elephant (876).jpeg,elephant,0.2159,elephant,0.2159,elephant (0.2159),squirrel (0.1961),dog (0.1707),horse (0.1153),chicken (0.0784),True,True
c:\Users\Alan\python\MMIP\week3\data\Dataset\elephant\elephant (692).jpeg,elephant,0.4549,elephant,0.4549,elephant (0.4549),horse (0.1537),cow (0.1264),dog (0.1107),chicken (0.0546),True,True
c:\Users\Alan\python\MMIP\week3\data\Dataset\elephant\elephant (631).jpeg,elephant,0.8294,elephant,0.8294,elephant (0.8294),dog (0.0622),sheep (0.0334),cat (0.0206),squirrel (0.0141),True,True
c:\Users\Alan\python\MMIP\week3\data\Dataset\elephant\elephant (98).jpeg,elephant,0.7216,elephant,0.7216,elephant (0.7216),dog (0.0941),chicken (0.0420),squirrel (0.0371),horse (0.0312),True,True
c:\Users\Alan\python\MMIP\week3\data\Dataset\elephant\elephant (106).jpeg,elephant,0.9132,elephant,0.9132,elephant (0.9132),dog (0.0364),cow (0.0178),squirrel (0.0113),horse (0.0071),True,True
c:\Users\Alan\python\MMIP\week3\data\Dataset\elephant\elephant (362).jpeg,elephant,0.1363,dog,0.2566,dog (0.2566),sheep (0.2320),elephant (0.1363),horse (0.1066),cow (0.0917),False,True
c:\Users\Alan\python\MMIP\week3\data\Dataset\elephant\elephant (247).jpeg,elephant,0.8955,elephant,0.8955,elephant (0.8955),horse (0.0364),chicken (0.0188),dog (0.0121),cow (0.0115),True,True
c:\Users\Alan\python\MMIP\week3\data\Dataset\elephant\elephant (11).jpg,elephant,0.4771,elephant,0.4771,elephant (0.4771),dog (0.3316),chicken (0.0419),horse (0.0390),butterfly (0.0317),True,True
c:\Users\Alan\python\MMIP\week3\data\Dataset\elephant\elephant (267).jpg,elephant,0.8852,elephant,0.8852,elephant (0.8852),sheep (0.0290),cat (0.0269),butterfly (0.0124),chicken (0.0113),True,True
c:\Users\Alan\python\MMIP\week3\data\Dataset\elephant\elephant (159).jpg,elephant,0.771,elephant,0.771,elephant (0.7710),sheep (0.0658),cat (0.0313),dog (0.0250),cow (0.0248),True,True
c:\Users\Alan\python\MMIP\week3\data\Dataset\elephant\elephant (125).jpg,elephant,0.6021,elephant,0.6021,elephant (0.6021),horse (0.0900),dog (0.0846),sheep (0.0838),squirrel (0.0483),True,True
c:\Users\Alan\python\MMIP\week3\data\Dataset\elephant\elephant (550).jpeg,elephant,0.9578,elephant,0.9578,elephant (0.9578),cow (0.0146),chicken (0.0052),sheep (0.0050),horse (0.0037),True,True
c:\Users\Alan\python\MMIP\week3\data\Dataset\elephant\elephant (270).jpg,elephant,0.2527,cow,0.2969,cow (0.2969),elephant (0.2527),sheep (0.2155),dog (0.0502),cat (0.0339),False,True
c:\Users\Alan\python\MMIP\week3\data\Dataset\elephant\elephant (233).jpg,elephant,0.9039,elephant,0.9039,elephant (0.9039),sheep (0.0236),cat (0.0136),chicken (0.0125),butterfly (0.0120),True,True
c:\Users\Alan\python\MMIP\week3\data\Dataset\elephant\elephant (788).jpeg,elephant,0.9691,elephant,0.9691,elephant (0.9691),chicken (0.0053),cat (0.0048),butterfly (0.0046),squirrel (0.0040),True,True
c:\Users\Alan\python\MMIP\week3\data\Dataset\elephant\elephant (241).jpg,elephant,0.9539,elephant,0.9539,elephant (0.9539),butterfly (0.0098),squirrel (0.0066),cat (0.0066),sheep (0.0065),True,True
c:\Users\Alan\python\MMIP\week3\data\Dataset\elephant\elephant (52).jpeg,elephant,0.93,elephant,0.93,elephant (0.9300),horse (0.0279),cow (0.0121),cat (0.0073),dog (0.0059),True,True
c:\Users\Alan\python\MMIP\week3\data\Dataset\elephant\elephant (99).jpeg,elephant,0.475,elephant,0.475,elephant (0.4750),spider (0.2633),squirrel (0.0560),dog (0.0500),chicken (0.0443),True,True
c:\Users\Alan\python\MMIP\week3\data\Dataset\elephant\elephant (44).jpg,elephant,0.6912,elephant,0.6912,elephant (0.6912),sheep (0.0726),horse (0.0696),cow (0.0458),dog (0.0249),True,True
c:\Users\Alan\python\MMIP\week3\data\Dataset\elephant\elephant (240).jpeg,elephant,0.6107,elephant,0.6107,elephant (0.6107),cow (0.1234),spider (0.0957),horse (0.0634),dog (0.0536),True,True
c:\Users\Alan\python\MMIP\week3\data\Dataset\elephant\elephant (328).jpeg,elephant,0.2702,elephant,0.2702,elephant (0.2702),chicken (0.2059),squirrel (0.1774),dog (0.1006),horse (0.0582),True,True
c:\Users\Alan\python\MMIP\week3\data\Dataset\elephant\elephant (219).jpeg,elephant,0.8886,elephant,0.8886,elephant (0.8886),horse (0.0245),sheep (0.0228),cow (0.0170),squirrel (0.0139),True,True
c:\Users\Alan\python\MMIP\week3\data\Dataset\elephant\elephant (1060).jpeg,elephant,0.8666,elephant,0.8666,elephant (0.8666),horse (0.0314),chicken (0.0227),squirrel (0.0154),butterfly (0.0139),True,True
c:\Users\Alan\python\MMIP\week3\data\Dataset\elephant\elephant (172).jpg,elephant,0.9849,elephant,0.9849,elephant (0.9849),horse (0.0028),chicken (0.0026),sheep (0.0025),squirrel (0.0023),True,True
c:\Users\Alan\python\MMIP\week3\data\Dataset\elephant\elephant (77).jpeg,elephant,0.7446,elephant,0.7446,elephant (0.7446),horse (0.0687),sheep (0.0568),dog (0.0317),butterfly (0.0263),True,True
c:\Users\Alan\python\MMIP\week3\data\Dataset\elephant\elephant (464).jpeg,elephant,0.7923,elephant,0.7923,elephant (0.7923),dog (0.0602),horse (0.0481),squirrel (0.0281),chicken (0.0237),True,True
c:\Users\Alan\python\MMIP\week3\data\Dataset\elephant\elephant (45).jpg,elephant,0.8273,elephant,0.8273,elephant (0.8273),sheep (0.0400),cat (0.0287),horse (0.0268),cow (0.0162),True,True
c:\Users\Alan\python\MMIP\week3\data\Dataset\elephant\elephant (941).jpeg,elephant,0.7801,elephant,0.7801,elephant (0.7801),dog (0.0821),cat (0.0337),cow (0.0320),chicken (0.0183),True,True
c:\Users\Alan\python\MMIP\week3\data\Dataset\elephant\elephant (992).jpeg,elephant,0.9701,elephant,0.9701,elephant (0.9701),squirrel (0.0057),horse (0.0049),dog (0.0043),cow (0.0039),True,True
c:\Users\Alan\python\MMIP\week3\data\Dataset\elephant\elephant (797).jpeg,elephant,0.9082,elephant,0.9082,elephant (0.9082),horse (0.0412),squirrel (0.0119),dog (0.0102),cow (0.0088),True,True
c:\Users\Alan\python\MMIP\week3\data\Dataset\elephant\elephant (1022).jpeg,elephant,0.9172,elephant,0.9172,elephant (0.9172),cow (0.0406),dog (0.0112),squirrel (0.0064),horse (0.0063),True,True
c:\Users\Alan\python\MMIP\week3\data\Dataset\elephant\elephant (72).jpg,elephant,0.9697,elephant,0.9697,elephant (0.9697),butterfly (0.0082),cat (0.0066),sheep (0.0033),squirrel (0.0030),True,True
c:\Users\Alan\python\MMIP\week3\data\Dataset\elephant\elephant (172).jpeg,elephant,0.962,elephant,0.962,elephant (0.9620),chicken (0.0063),dog (0.0056),spider (0.0049),cow (0.0047),True,True
c:\Users\Alan\python\MMIP\week3\data\Dataset\elephant\elephant (514).jpeg,elephant,0.9164,elephant,0.9164,elephant (0.9164),squirrel (0.0145),cat (0.0138),sheep (0.0129),butterfly (0.0117),True,True
c:\Users\Alan\python\MMIP\week3\data\Dataset\elephant\elephant (190).jpeg,elephant,0.7726,elephant,0.7726,elephant (0.7726),horse (0.0989),cow (0.0596),spider (0.0200),cat (0.0117),True,True
c:\Users\Alan\python\MMIP\week3\data\Dataset\elephant\elephant (295).jpeg,elephant,0.5106,elephant,0.5106,elephant (0.5106),sheep (0.3396),cat (0.0367),cow (0.0258),squirrel (0.0210),True,True
c:\Users\Alan\python\MMIP\week3\data\Dataset\elephant\elephant (415).jpeg,elephant,0.6439,elephant,0.6439,elephant (0.6439),sheep (0.1216),dog (0.0531),chicken (0.0471),spider (0.0296),True,True
c:\Users\Alan\python\MMIP\week3\data\Dataset\elephant\elephant (723).jpeg,elephant,0.6912,elephant,0.6912,elephant (0.6912),horse (0.0529),dog (0.0481),cow (0.0476),chicken (0.0342),True,True
c:\Users\Alan\python\MMIP\week3\data\Dataset\elephant\elephant (275).jpg,elephant,0.9935,elephant,0.9935,elephant (0.9935),squirrel (0.0012),sheep (0.0011),butterfly (0.0010),chicken (0.0010),True,True
c:\Users\Alan\python\MMIP\week3\data\Dataset\elephant\elephant (396).jpeg,elephant,0.9065,elephant,0.9065,elephant (0.9065),cow (0.0187),spider (0.0157),chicken (0.0154),sheep (0.0085),True,True
c:\Users\Alan\python\MMIP\week3\data\Dataset\elephant\elephant (737).jpeg,elephant,0.9073,elephant,0.9073,elephant (0.9073),horse (0.0519),cow (0.0155),squirrel (0.0052),cat (0.0051),True,True
c:\Users\Alan\python\MMIP\week3\data\Dataset\elephant\elephant (600).jpeg,elephant,0.9871,elephant,0.9871,elephant (0.9871),spider (0.0025),dog (0.0021),horse (0.0019),cat (0.0015),True,True
c:\Users\Alan\python\MMIP\week3\data\Dataset\elephant\elephant (107).jpeg,elephant,0.7848,elephant,0.7848,elephant (0.7848),horse (0.0563),cow (0.0384),dog (0.0290),sheep (0.0283),True,True
c:\Users\Alan\python\MMIP\week3\data\Dataset\elephant\elephant (560).jpeg,elephant,0.937,elephant,0.937,elephant (0.9370),chicken (0.0256),cow (0.0064),squirrel (0.0060),cat (0.0056),True,True
c:\Users\Alan\python\MMIP\week3\data\Dataset\elephant\elephant (839).jpeg,elephant,0.3973,elephant,0.3973,elephant (0.3973),squirrel (0.1650),sheep (0.1368),spider (0.0951),chicken (0.0630),True,True
c:\Users\Alan\python\MMIP\week3\data\Dataset\elephant\elephant (145).jpg,elephant,0.9908,elephant,0.9908,elephant (0.9908),horse (0.0023),butterfly (0.0017),cat (0.0014),spider (0.0011),True,True
c:\Users\Alan\python\MMIP\week3\data\Dataset\elephant\elephant (68).jpg,elephant,0.8636,elephant,0.8636,elephant (0.8636),horse (0.0496),dog (0.0230),cat (0.0175),spider (0.0107),True,True
c:\Users\Alan\python\MMIP\week3\data\Dataset\elephant\elephant (459).jpeg,elephant,0.8309,elephant,0.8309,elephant (0.8309),squirrel (0.0461),horse (0.0256),spider (0.0217),butterfly (0.0194),True,True
c:\Users\Alan\python\MMIP\week3\data\Dataset\elephant\elephant (46).jpg,elephant,0.5952,elephant,0.5952,elephant (0.5952),horse (0.0831),cat (0.0701),dog (0.0676),cow (0.0515),True,True
c:\Users\Alan\python\MMIP\week3\data\Dataset\elephant\elephant (667).jpeg,elephant,0.9277,elephant,0.9277,elephant (0.9277),squirrel (0.0173),butterfly (0.0099),dog (0.0093),cow (0.0069),True,True
c:\Users\Alan\python\MMIP\week3\data\Dataset\elephant\elephant (39).jpeg,elephant,0.4789,elephant,0.4789,elephant (0.4789),dog (0.1521),horse (0.0867),cow (0.0647),butterfly (0.0501),True,True
c:\Users\Alan\python\MMIP\week3\data\Dataset\elephant\elephant (11).jpeg,elephant,0.8598,elephant,0.8598,elephant (0.8598),horse (0.0333),sheep (0.0294),spider (0.0208),cow (0.0138),True,True
c:\Users\Alan\python\MMIP\week3\data\Dataset\elephant\elephant (7).jpg,elephant,0.9687,elephant,0.9687,elephant (0.9687),cat (0.0074),chicken (0.0058),butterfly (0.0041),sheep (0.0030),True,True
c:\Users\Alan\python\MMIP\week3\data\Dataset\elephant\elephant (605).jpeg,elephant,0.641,elephant,0.641,elephant (0.6410),dog (0.1507),cat (0.0499),cow (0.0408),chicken (0.0358),True,True
c:\Users\Alan\python\MMIP\week3\data\Dataset\elephant\elephant (212).jpg,elephant,0.875,elephant,0.875,elephant (0.8750),sheep (0.0450),spider (0.0377),cat (0.0125),horse (0.0084),True,True
c:\Users\Alan\python\MMIP\week3\data\Dataset\elephant\elephant (208).jpeg,elephant,0.4959,elephant,0.4959,elephant (0.4959),dog (0.1846),horse (0.0715),cow (0.0632),sheep (0.0615),True,True
c:\Users\Alan\python\MMIP\week3\data\Dataset\elephant\elephant (30).jpeg,elephant,0.8311,elephant,0.8311,elephant (0.8311),dog (0.0524),squirrel (0.0370),cat (0.0348),cow (0.0178),True,True
c:\Users\Alan\python\MMIP\week3\data\Dataset\elephant\elephant (355).jpeg,elephant,0.7298,elephant,0.7298,elephant (0.7298),dog (0.0982),cow (0.0446),chicken (0.0283),horse (0.0280),True,True
c:\Users\Alan\python\MMIP\week3\data\Dataset\elephant\elephant (243).jpeg,elephant,0.6619,elephant,0.6619,elephant (0.6619),spider (0.1705),horse (0.0532),cow (0.0241),cat (0.0238),True,True
c:\Users\Alan\python\MMIP\week3\data\Dataset\elephant\elephant (719).jpeg,elephant,0.6823,elephant,0.6823,elephant (0.6823),dog (0.0762),cow (0.0675),cat (0.0458),squirrel (0.0441),True,True
c:\Users\Alan\python\MMIP\week3\data\Dataset\elephant\elephant (1032).jpeg,elephant,0.9695,elephant,0.9695,elephant (0.9695),cat (0.0047),horse (0.0046),squirrel (0.0045),butterfly (0.0037),True,True
c:\Users\Alan\python\MMIP\week3\data\Dataset\elephant\elephant (717).jpeg,elephant,0.7081,elephant,0.7081,elephant (0.7081),cow (0.1389),dog (0.0374),squirrel (0.0265),spider (0.0232),True,True
c:\Users\Alan\python\MMIP\week3\data\Dataset\elephant\elephant (271).jpg,elephant,0.9177,elephant,0.9177,elephant (0.9177),butterfly (0.0170),cat (0.0153),horse (0.0107),squirrel (0.0088),True,True
c:\Users\Alan\python\MMIP\week3\data\Dataset\elephant\elephant (288).jpeg,elephant,0.9794,elephant,0.9794,elephant (0.9794),horse (0.0034),cow (0.0031),butterfly (0.0030),cat (0.0029),True,True
c:\Users\Alan\python\MMIP\week3\data\Dataset\elephant\elephant (1037).jpeg,elephant,0.9838,elephant,0.9838,elephant (0.9838),cat (0.0038),squirrel (0.0037),chicken (0.0020),butterfly (0.0017),True,True
c:\Users\Alan\python\MMIP\week3\data\Dataset\elephant\elephant (856).jpeg,elephant,0.9137,elephant,0.9137,elephant (0.9137),horse (0.0253),chicken (0.0144),dog (0.0104),sheep (0.0075),True,True
c:\Users\Alan\python\MMIP\week3\data\Dataset\elephant\elephant (71).jpg,elephant,0.9356,elephant,0.9356,elephant (0.9356),spider (0.0118),butterfly (0.0109),cat (0.0094),chicken (0.0069),True,True
c:\Users\Alan\python\MMIP\week3\data\Dataset\elephant\elephant (1058).jpeg,elephant,0.1695,dog,0.4591,dog (0.4591),elephant (0.1695),sheep (0.0739),cow (0.0582),chicken (0.0558),False,True
c:\Users\Alan\python\MMIP\week3\data\Dataset\elephant\elephant (317).jpg,elephant,0.9476,elephant,0.9476,elephant (0.9476),sheep (0.0106),butterfly (0.0095),squirrel (0.0076),cat (0.0071),True,True
c:\Users\Alan\python\MMIP\week3\data\Dataset\elephant\elephant (548).jpeg,elephant,0.5336,elephant,0.5336,elephant (0.5336),horse (0.1323),dog (0.0894),cat (0.0742),cow (0.0475),True,True
c:\Users\Alan\python\MMIP\week3\data\Dataset\elephant\elephant (407).jpeg,elephant,0.791,elephant,0.791,elephant (0.7910),dog (0.0724),spider (0.0271),cat (0.0253),butterfly (0.0243),True,True
c:\Users\Alan\python\MMIP\week3\data\Dataset\elephant\elephant (383).jpeg,elephant,0.3022,elephant,0.3022,elephant (0.3022),sheep (0.2761),squirrel (0.1920),dog (0.0854),horse (0.0334),True,True
c:\Users\Alan\python\MMIP\week3\data\Dataset\elephant\elephant (634).jpeg,elephant,0.9364,elephant,0.9364,elephant (0.9364),horse (0.0126),spider (0.0116),dog (0.0107),butterfly (0.0090),True,True
c:\Users\Alan\python\MMIP\week3\data\Dataset\elephant\elephant (200).jpg,elephant,0.9819,elephant,0.9819,elephant (0.9819),butterfly (0.0038),cat (0.0027),chicken (0.0027),spider (0.0026),True,True
c:\Users\Alan\python\MMIP\week3\data\Dataset\elephant\elephant (15).jpeg,elephant,0.9634,elephant,0.9634,elephant (0.9634),cow (0.0064),horse (0.0055),sheep (0.0042),butterfly (0.0042),True,True
c:\Users\Alan\python\MMIP\week3\data\Dataset\elephant\elephant (598).jpeg,elephant,0.8932,elephant,0.8932,elephant (0.8932),dog (0.0280),cow (0.0175),squirrel (0.0155),sheep (0.0133),True,True
c:\Users\Alan\python\MMIP\week3\data\Dataset\elephant\elephant (616).jpeg,elephant,0.9722,elephant,0.9722,elephant (0.9722),cow (0.0069),dog (0.0057),horse (0.0035),chicken (0.0028),True,True
c:\Users\Alan\python\MMIP\week3\data\Dataset\elephant\elephant (736).jpeg,elephant,0.495,elephant,0.495,elephant (0.4950),cow (0.1613),butterfly (0.0733),sheep (0.0505),spider (0.0501),True,True
c:\Users\Alan\python\MMIP\week3\data\Dataset\elephant\elephant (748).jpeg,elephant,0.9342,elephant,0.9342,elephant (0.9342),sheep (0.0131),spider (0.0102),cat (0.0085),cow (0.0078),True,True
c:\Users\Alan\python\MMIP\week3\data\Dataset\elephant\elephant (7).png,elephant,0.8405,elephant,0.8405,elephant (0.8405),spider (0.0429),butterfly (0.0328),sheep (0.0237),horse (0.0194),True,True
c:\Users\Alan\python\MMIP\week3\data\Dataset\elephant\elephant (35).jpeg,elephant,0.9639,elephant,0.9639,elephant (0.9639),butterfly (0.0069),squirrel (0.0054),sheep (0.0053),chicken (0.0049),True,True
c:\Users\Alan\python\MMIP\week3\data\Dataset\horse\horse (1172).jpeg,horse,0.8986,horse,0.8986,horse (0.8986),dog (0.0383),squirrel (0.0123),cow (0.0120),sheep (0.0114),True,True
c:\Users\Alan\python\MMIP\week3\data\Dataset\horse\horse (1310).jpeg,horse,0.949,horse,0.949,horse (0.9490),spider (0.0146),cow (0.0144),cat (0.0062),dog (0.0044),True,True
c:\Users\Alan\python\MMIP\week3\data\Dataset\horse\horse (1332).jpeg,horse,0.9116,horse,0.9116,horse (0.9116),cow (0.0249),elephant (0.0227),cat (0.0115),dog (0.0089),True,True
c:\Users\Alan\python\MMIP\week3\data\Dataset\horse\horse (410).jpeg,horse,0.7326,horse,0.7326,horse (0.7326),elephant (0.0639),squirrel (0.0426),spider (0.0424),dog (0.0298),True,True
c:\Users\Alan\python\MMIP\week3\data\Dataset\horse\horse (13).jpeg,horse,0.7138,horse,0.7138,horse (0.7138),dog (0.1996),cat (0.0369),spider (0.0104),squirrel (0.0093),True,True
c:\Users\Alan\python\MMIP\week3\data\Dataset\horse\horse (2485).jpeg,horse,0.9461,horse,0.9461,horse (0.9461),cow (0.0183),squirrel (0.0139),dog (0.0056),cat (0.0040),True,True
c:\Users\Alan\python\MMIP\week3\data\Dataset\horse\horse (1662).jpeg,horse,0.7324,horse,0.7324,horse (0.7324),butterfly (0.0919),dog (0.0641),chicken (0.0424),cow (0.0291),True,True
c:\Users\Alan\python\MMIP\week3\data\Dataset\horse\horse (2298).jpeg,horse,0.7677,horse,0.7677,horse (0.7677),cow (0.0783),sheep (0.0279),dog (0.0244),cat (0.0205),True,True
c:\Users\Alan\python\MMIP\week3\data\Dataset\horse\horse (707).jpeg,horse,0.2394,cow,0.5325,cow (0.5325),horse (0.2394),elephant (0.0809),sheep (0.0471),squirrel (0.0331),False,True
c:\Users\Alan\python\MMIP\week3\data\Dataset\horse\horse (1163).jpeg,horse,0.6321,horse,0.6321,horse (0.6321),sheep (0.1156),cow (0.1094),dog (0.0575),elephant (0.0185),True,True
c:\Users\Alan\python\MMIP\week3\data\Dataset\horse\horse (2366).jpeg,horse,0.2947,horse,0.2947,horse (0.2947),elephant (0.1376),cow (0.1368),chicken (0.0951),squirrel (0.0908),True,True
c:\Users\Alan\python\MMIP\week3\data\Dataset\horse\horse (1857).jpeg,horse,0.771,horse,0.771,horse (0.7710),dog (0.0791),cow (0.0307),spider (0.0275),butterfly (0.0245),True,True
c:\Users\Alan\python\MMIP\week3\data\Dataset\horse\horse (2117).jpeg,horse,0.7682,horse,0.7682,horse (0.7682),spider (0.0924),cow (0.0438),dog (0.0214),sheep (0.0194),True,True
c:\Users\Alan\python\MMIP\week3\data\Dataset\horse\horse (1592).jpeg,horse,0.8167,horse,0.8167,horse (0.8167),cow (0.0551),chicken (0.0308),elephant (0.0304),squirrel (0.0220),True,True
c:\Users\Alan\python\MMIP\week3\data\Dataset\horse\horse (263).jpeg,horse,0.6347,horse,0.6347,horse (0.6347),cow (0.1070),chicken (0.0585),cat (0.0484),dog (0.0378),True,True
c:\Users\Alan\python\MMIP\week3\data\Dataset\horse\horse (27).jpeg,horse,0.8265,horse,0.8265,horse (0.8265),cow (0.1228),sheep (0.0169),cat (0.0086),elephant (0.0051),True,True
c:\Users\Alan\python\MMIP\week3\data\Dataset\horse\horse (1259).jpeg,horse,0.9818,horse,0.9818,horse (0.9818),spider (0.0034),elephant (0.0028),squirrel (0.0025),chicken (0.0024),True,True
c:\Users\Alan\python\MMIP\week3\data\Dataset\horse\horse (1490).jpeg,horse,0.9805,horse,0.9805,horse (0.9805),butterfly (0.0034),cat (0.0030),elephant (0.0028),squirrel (0.0026),True,True
c:\Users\Alan\python\MMIP\week3\data\Dataset\horse\horse (1420).jpeg,horse,0.7906,horse,0.7906,horse (0.7906),chicken (0.0352),dog (0.0313),cat (0.0292),butterfly (0.0264),True,True
c:\Users\Alan\python\MMIP\week3\data\Dataset\horse\horse (1476).jpeg,horse,0.7919,horse,0.7919,horse (0.7919),spider (0.0577),dog (0.0439),cat (0.0226),chicken (0.0176),True,True
c:\Users\Alan\python\MMIP\week3\data\Dataset\horse\horse (1999).jpeg,horse,0.1437,cow,0.3362,cow (0.3362),dog (0.3021),horse (0.1437),cat (0.0661),elephant (0.0336),False,True
c:\Users\Alan\python\MMIP\week3\data\Dataset\horse\horse (1080).jpeg,horse,0.9774,horse,0.9774,horse (0.9774),sheep (0.0054),cow (0.0049),squirrel (0.0025),chicken (0.0022),True,True
c:\Users\Alan\python\MMIP\week3\data\Dataset\horse\horse (404).jpeg,horse,0.8859,horse,0.8859,horse (0.8859),elephant (0.0446),cat (0.0118),dog (0.0097),chicken (0.0093),True,True
c:\Users\Alan\python\MMIP\week3\data\Dataset\horse\horse (988).jpeg,horse,0.9408,horse,0.9408,horse (0.9408),cat (0.0109),dog (0.0101),spider (0.0088),chicken (0.0085),True,True
c:\Users\Alan\python\MMIP\week3\data\Dataset\horse\horse (1168).jpeg,horse,0.9654,horse,0.9654,horse (0.9654),squirrel (0.0112),sheep (0.0059),butterfly (0.0058),elephant (0.0040),True,True
c:\Users\Alan\python\MMIP\week3\data\Dataset\horse\horse (1851).jpeg,horse,0.6002,horse,0.6002,horse (0.6002),chicken (0.0978),spider (0.0897),dog (0.0595),elephant (0.0516),True,True
c:\Users\Alan\python\MMIP\week3\data\Dataset\horse\horse (2357).jpeg,horse,0.9329,horse,0.9329,horse (0.9329),squirrel (0.0163),cow (0.0137),butterfly (0.0097),cat (0.0057),True,True
c:\Users\Alan\python\MMIP\week3\data\Dataset\horse\horse (618).jpeg,horse,0.741,horse,0.741,horse (0.7410),cow (0.0489),dog (0.0362),sheep (0.0359),butterfly (0.0311),True,True
c:\Users\Alan\python\MMIP\week3\data\Dataset\horse\horse (936).jpeg,horse,0.9487,horse,0.9487,horse (0.9487),butterfly (0.0084),squirrel (0.0081),elephant (0.0080),sheep (0.0073),True,True
c:\Users\Alan\python\MMIP\week3\data\Dataset\horse\horse (1573).jpeg,horse,0.95,horse,0.95,horse (0.9500),chicken (0.0085),sheep (0.0085),spider (0.0077),butterfly (0.0076),True,True
c:\Users\Alan\python\MMIP\week3\data\Dataset\horse\horse (2498).jpeg,horse,0.8425,horse,0.8425,horse (0.8425),sheep (0.0285),chicken (0.0253),squirrel (0.0223),cat (0.0210),True,True
c:\Users\Alan\python\MMIP\week3\data\Dataset\horse\horse (81).jpeg,horse,0.9422,horse,0.9422,horse (0.9422),dog (0.0181),elephant (0.0107),sheep (0.0078),cat (0.0051),True,True
c:\Users\Alan\python\MMIP\week3\data\Dataset\horse\horse (326).jpeg,horse,0.4791,horse,0.4791,horse (0.4791),elephant (0.1306),spider (0.1129),sheep (0.0569),dog (0.0518),True,True
c:\Users\Alan\python\MMIP\week3\data\Dataset\horse\horse (1302).jpeg,horse,0.9324,horse,0.9324,horse (0.9324),elephant (0.0173),cow (0.0147),dog (0.0142),squirrel (0.0139),True,True
c:\Users\Alan\python\MMIP\week3\data\Dataset\horse\horse (479).jpeg,horse,0.8884,horse,0.8884,horse (0.8884),cow (0.0260),butterfly (0.0147),sheep (0.0147),chicken (0.0135),True,True
c:\Users\Alan\python\MMIP\week3\data\Dataset\horse\horse (509).jpeg,horse,0.9399,horse,0.9399,horse (0.9399),chicken (0.0097),spider (0.0080),butterfly (0.0075),squirrel (0.0074),True,True
c:\Users\Alan\python\MMIP\week3\data\Dataset\horse\horse (2340).jpeg,horse,0.9022,horse,0.9022,horse (0.9022),elephant (0.0253),cow (0.0200),chicken (0.0123),spider (0.0100),True,True
c:\Users\Alan\python\MMIP\week3\data\Dataset\horse\horse (804).jpeg,horse,0.8668,horse,0.8668,horse (0.8668),elephant (0.0379),dog (0.0258),cat (0.0192),spider (0.0097),True,True
c:\Users\Alan\python\MMIP\week3\data\Dataset\horse\horse (2050).jpeg,horse,0.2641,horse,0.2641,horse (0.2641),cat (0.2291),dog (0.2084),chicken (0.1035),spider (0.0485),True,True
c:\Users\Alan\python\MMIP\week3\data\Dataset\horse\horse (1618).jpeg,horse,0.8513,horse,0.8513,horse (0.8513),dog (0.0444),cow (0.0250),squirrel (0.0186),spider (0.0141),True,True
c:\Users\Alan\python\MMIP\week3\data\Dataset\horse\horse (209).jpeg,horse,0.8392,horse,0.8392,horse (0.8392),dog (0.0659),cow (0.0251),butterfly (0.0209),squirrel (0.0138),True,True
c:\Users\Alan\python\MMIP\week3\data\Dataset\horse\horse (1984).jpeg,horse,0.3473,horse,0.3473,horse (0.3473),elephant (0.1482),dog (0.1166),sheep (0.0811),cow (0.0782),True,True
c:\Users\Alan\python\MMIP\week3\data\Dataset\horse\horse (2437).jpeg,horse,0.1737,cow,0.4992,cow (0.4992),horse (0.1737),dog (0.0913),cat (0.0667),sheep (0.0598),False,True
c:\Users\Alan\python\MMIP\week3\data\Dataset\horse\horse (1295).jpeg,horse,0.8583,horse,0.8583,horse (0.8583),elephant (0.0443),cow (0.0238),chicken (0.0178),cat (0.0146),True,True
c:\Users\Alan\python\MMIP\week3\data\Dataset\horse\horse (2607).jpeg,horse,0.946,horse,0.946,horse (0.9460),spider (0.0077),chicken (0.0075),butterfly (0.0074),squirrel (0.0065),True,True
c:\Users\Alan\python\MMIP\week3\data\Dataset\horse\horse (1177).jpeg,horse,0.8847,horse,0.8847,horse (0.8847),dog (0.0206),cow (0.0179),squirrel (0.0165),spider (0.0138),True,True
c:\Users\Alan\python\MMIP\week3\data\Dataset\horse\horse (398).jpeg,horse,0.9235,horse,0.9235,horse (0.9235),dog (0.0151),cow (0.0124),cat (0.0113),chicken (0.0076),True,True
c:\Users\Alan\python\MMIP\week3\data\Dataset\horse\horse (1296).jpeg,horse,0.8757,horse,0.8757,horse (0.8757),squirrel (0.0380),sheep (0.0177),elephant (0.0174),butterfly (0.0128),True,True
c:\Users\Alan\python\MMIP\week3\data\Dataset\horse\horse (492).jpeg,horse,0.5221,horse,0.5221,horse (0.5221),cow (0.2109),chicken (0.0517),dog (0.0450),cat (0.0428),True,True
c:\Users\Alan\python\MMIP\week3\data\Dataset\horse\horse (1331).jpeg,horse,0.926,horse,0.926,horse (0.9260),elephant (0.0341),spider (0.0099),cow (0.0065),squirrel (0.0063),True,True
c:\Users\Alan\python\MMIP\week3\data\Dataset\horse\horse (267).jpeg,horse,0.8556,horse,0.8556,horse (0.8556),elephant (0.0490),dog (0.0244),chicken (0.0200),sheep (0.0172),True,True
c:\Users\Alan\python\MMIP\week3\data\Dataset\horse\horse (1131).jpeg,horse,0.9767,horse,0.9767,horse (0.9767),butterfly (0.0052),elephant (0.0031),cow (0.0030),cat (0.0027),True,True
c:\Users\Alan\python\MMIP\week3\data\Dataset\horse\horse (688).jpeg,horse,0.3796,horse,0.3796,horse (0.3796),chicken (0.2703),cow (0.0885),dog (0.0826),cat (0.0820),True,True
c:\Users\Alan\python\MMIP\week3\data\Dataset\horse\horse (111).jpeg,horse,0.8399,horse,0.8399,horse (0.8399),dog (0.0368),chicken (0.0248),squirrel (0.0231),elephant (0.0189),True,True
c:\Users\Alan\python\MMIP\week3\data\Dataset\horse\horse (2397).jpeg,horse,0.9014,horse,0.9014,horse (0.9014),sheep (0.0201),chicken (0.0171),cow (0.0133),elephant (0.0128),True,True
c:\Users\Alan\python\MMIP\week3\data\Dataset\horse\horse (781).jpeg,horse,0.889,horse,0.889,horse (0.8890),dog (0.0240),chicken (0.0169),butterfly (0.0145),elephant (0.0138),True,True
c:\Users\Alan\python\MMIP\week3\data\Dataset\horse\horse (2112).jpeg,horse,0.9492,horse,0.9492,horse (0.9492),spider (0.0113),squirrel (0.0081),cat (0.0064),sheep (0.0058),True,True
c:\Users\Alan\python\MMIP\week3\data\Dataset\horse\horse (488).jpeg,horse,0.9441,horse,0.9441,horse (0.9441),chicken (0.0260),cat (0.0072),spider (0.0049),sheep (0.0041),True,True
c:\Users\Alan\python\MMIP\week3\data\Dataset\horse\horse (1195).jpeg,horse,0.8452,horse,0.8452,horse (0.8452),cow (0.0821),spider (0.0221),cat (0.0107),butterfly (0.0101),True,True
c:\Users\Alan\python\MMIP\week3\data\Dataset\horse\horse (2503).jpeg,horse,0.9697,horse,0.9697,horse (0.9697),chicken (0.0090),squirrel (0.0071),cat (0.0048),butterfly (0.0042),True,True
c:\Users\Alan\python\MMIP\week3\data\Dataset\horse\horse (2324).jpeg,horse,0.9501,horse,0.9501,horse (0.9501),cow (0.0135),butterfly (0.0070),chicken (0.0058),elephant (0.0054),True,True
c:\Users\Alan\python\MMIP\week3\data\Dataset\horse\horse (607).jpeg,horse,0.8543,horse,0.8543,horse (0.8543),chicken (0.0319),sheep (0.0309),butterfly (0.0191),squirrel (0.0156),True,True
c:\Users\Alan\python\MMIP\week3\data\Dataset\horse\horse (1519).jpeg,horse,0.2898,horse,0.2898,horse (0.2898),dog (0.2038),chicken (0.1608),cow (0.0852),elephant (0.0742),True,True
c:\Users\Alan\python\MMIP\week3\data\Dataset\horse\horse (403).jpeg,horse,0.9448,horse,0.9448,horse (0.9448),dog (0.0220),sheep (0.0072),spider (0.0071),squirrel (0.0045),True,True
c:\Users\Alan\python\MMIP\week3\data\Dataset\horse\horse (2172).jpeg,horse,0.8737,horse,0.8737,horse (0.8737),cow (0.0369),dog (0.0342),sheep (0.0157),spider (0.0106),True,True
c:\Users\Alan\python\MMIP\week3\data\Dataset\horse\horse (718).jpeg,horse,0.868,horse,0.868,horse (0.8680),sheep (0.0326),chicken (0.0222),butterfly (0.0191),cow (0.0138),True,True
c:\Users\Alan\python\MMIP\week3\data\Dataset\horse\horse (1045).jpeg,horse,0.6769,horse,0.6769,horse (0.6769),dog (0.1405),elephant (0.0617),cat (0.0236),chicken (0.0223),True,True
c:\Users\Alan\python\MMIP\week3\data\Dataset\horse\horse (2222).jpeg,horse,0.4064,horse,0.4064,horse (0.4064),cow (0.1605),sheep (0.1065),chicken (0.0990),spider (0.0835),True,True
c:\Users\Alan\python\MMIP\week3\data\Dataset\horse\horse (2508).jpeg,horse,0.9557,horse,0.9557,horse (0.9557),spider (0.0085),squirrel (0.0080),cow (0.0080),elephant (0.0064),True,True
c:\Users\Alan\python\MMIP\week3\data\Dataset\horse\horse (782).jpeg,horse,0.3308,dog,0.3419,dog (0.3419),horse (0.3308),cow (0.0853),sheep (0.0843),squirrel (0.0424),False,True
c:\Users\Alan\python\MMIP\week3\data\Dataset\horse\horse (1298).jpeg,horse,0.8794,horse,0.8794,horse (0.8794),elephant (0.0225),dog (0.0196),squirrel (0.0188),cat (0.0167),True,True
c:\Users\Alan\python\MMIP\week3\data\Dataset\horse\horse (196).jpeg,horse,0.5978,horse,0.5978,horse (0.5978),cow (0.2083),elephant (0.0386),dog (0.0291),squirrel (0.0250),True,True
c:\Users\Alan\python\MMIP\week3\data\Dataset\horse\horse (1133).jpeg,horse,0.8834,horse,0.8834,horse (0.8834),cow (0.0334),dog (0.0192),cat (0.0185),elephant (0.0161),True,True
c:\Users\Alan\python\MMIP\week3\data\Dataset\horse\horse (705).jpeg,horse,0.9339,horse,0.9339,horse (0.9339),spider (0.0115),cow (0.0091),elephant (0.0089),squirrel (0.0082),True,True
c:\Users\Alan\python\MMIP\week3\data\Dataset\horse\horse (1171).jpeg,horse,0.8506,horse,0.8506,horse (0.8506),dog (0.0369),cow (0.0253),chicken (0.0247),elephant (0.0193),True,True
c:\Users\Alan\python\MMIP\week3\data\Dataset\horse\horse (2014).jpeg,horse,0.5122,horse,0.5122,horse (0.5122),dog (0.2968),squirrel (0.0368),spider (0.0306),cat (0.0286),True,True
c:\Users\Alan\python\MMIP\week3\data\Dataset\horse\horse (2158).jpeg,horse,0.9858,horse,0.9858,horse (0.9858),cat (0.0038),sheep (0.0021),spider (0.0018),squirrel (0.0017),True,True
c:\Users\Alan\python\MMIP\week3\data\Dataset\horse\horse (1890).jpeg,horse,0.9679,horse,0.9679,horse (0.9679),cat (0.0054),dog (0.0048),butterfly (0.0040),spider (0.0039),True,True
c:\Users\Alan\python\MMIP\week3\data\Dataset\horse\horse (1176).jpeg,horse,0.9696,horse,0.9696,horse (0.9696),squirrel (0.0067),butterfly (0.0051),cat (0.0047),sheep (0.0044),True,True
c:\Users\Alan\python\MMIP\week3\data\Dataset\horse\horse (1702).jpeg,horse,0.8847,horse,0.8847,horse (0.8847),butterfly (0.0255),elephant (0.0195),cat (0.0125),spider (0.0122),True,True
c:\Users\Alan\python\MMIP\week3\data\Dataset\horse\horse (2604).jpeg,horse,0.7366,horse,0.7366,horse (0.7366),dog (0.0747),squirrel (0.0405),cow (0.0313),sheep (0.0302),True,True
c:\Users\Alan\python\MMIP\week3\data\Dataset\horse\horse (2389).jpeg,horse,0.8675,horse,0.8675,horse (0.8675),dog (0.0277),cat (0.0223),elephant (0.0175),chicken (0.0173),True,True
c:\Users\Alan\python\MMIP\week3\data\Dataset\horse\horse (2120).jpeg,horse,0.4882,horse,0.4882,horse (0.4882),cow (0.2952),spider (0.0647),elephant (0.0410),dog (0.0375),True,True
c:\Users\Alan\python\MMIP\week3\data\Dataset\horse\horse (232).jpeg,horse,0.9496,horse,0.9496,horse (0.9496),dog (0.0122),elephant (0.0067),squirrel (0.0060),cow (0.0060),True,True
c:\Users\Alan\python\MMIP\week3\data\Dataset\horse\horse (1904).jpeg,horse,0.8729,horse,0.8729,horse (0.8729),dog (0.0507),cat (0.0151),chicken (0.0133),elephant (0.0101),True,True
c:\Users\Alan\python\MMIP\week3\data\Dataset\horse\horse (510).jpeg,horse,0.9547,horse,0.9547,horse (0.9547),squirrel (0.0064),cat (0.0061),cow (0.0058),spider (0.0056),True,True
c:\Users\Alan\python\MMIP\week3\data\Dataset\horse\horse (1219).jpeg,horse,0.7203,horse,0.7203,horse (0.7203),cow (0.0730),spider (0.0677),cat (0.0293),squirrel (0.0248),True,True
c:\Users\Alan\python\MMIP\week3\data\Dataset\horse\horse (2027).jpeg,horse,0.7558,horse,0.7558,horse (0.7558),sheep (0.0700),elephant (0.0533),cow (0.0298),chicken (0.0275),True,True
c:\Users\Alan\python\MMIP\week3\data\Dataset\horse\horse (1684).jpeg,horse,0.9144,horse,0.9144,horse (0.9144),dog (0.0291),chicken (0.0100),cow (0.0096),squirrel (0.0086),True,True
c:\Users\Alan\python\MMIP\week3\data\Dataset\horse\horse (1885).jpeg,horse,0.8194,horse,0.8194,horse (0.8194),cow (0.0518),sheep (0.0277),elephant (0.0240),cat (0.0162),True,True
c:\Users\Alan\python\MMIP\week3\data\Dataset\horse\horse (1287).jpeg,horse,0.8055,horse,0.8055,horse (0.8055),sheep (0.0622),spider (0.0380),cow (0.0225),dog (0.0170),True,True
c:\Users\Alan\python\MMIP\week3\data\Dataset\horse\horse (1025).jpeg,horse,0.1005,sheep,0.5534,sheep (0.5534),horse (0.1005),cow (0.0838),elephant (0.0701),dog (0.0485),False,True
c:\Users\Alan\python\MMIP\week3\data\Dataset\horse\horse (2497).jpeg,horse,0.9624,horse,0.9624,horse (0.9624),spider (0.0085),cow (0.0070),dog (0.0061),squirrel (0.0040),True,True
c:\Users\Alan\python\MMIP\week3\data\Dataset\horse\horse (241).jpeg,horse,0.8898,horse,0.8898,horse (0.8898),cow (0.0538),squirrel (0.0099),spider (0.0089),sheep (0.0084),True,True
c:\Users\Alan\python\MMIP\week3\data\Dataset\horse\horse (1758).jpeg,horse,0.9572,horse,0.9572,horse (0.9572),chicken (0.0146),spider (0.0081),squirrel (0.0050),sheep (0.0044),True,True
c:\Users\Alan\python\MMIP\week3\data\Dataset\horse\horse (1858).jpeg,horse,0.9067,horse,0.9067,horse (0.9067),cow (0.0143),dog (0.0140),squirrel (0.0135),cat (0.0124),True,True
c:\Users\Alan\python\MMIP\week3\data\Dataset\horse\horse (2477).jpeg,horse,0.9832,horse,0.9832,horse (0.9832),butterfly (0.0035),sheep (0.0033),cow (0.0027),cat (0.0016),True,True
c:\Users\Alan\python\MMIP\week3\data\Dataset\horse\horse (1542).jpeg,horse,0.832,horse,0.832,horse (0.8320),elephant (0.0489),cow (0.0283),dog (0.0236),spider (0.0221),True,True
c:\Users\Alan\python\MMIP\week3\data\Dataset\horse\horse (211).jpeg,horse,0.9259,horse,0.9259,horse (0.9259),cow (0.0285),chicken (0.0113),spider (0.0078),dog (0.0071),True,True
c:\Users\Alan\python\MMIP\week3\data\Dataset\horse\horse (1913).jpeg,horse,0.8763,horse,0.8763,horse (0.8763),chicken (0.0227),elephant (0.0200),dog (0.0199),squirrel (0.0125),True,True
c:\Users\Alan\python\MMIP\week3\data\Dataset\horse\horse (2582).jpeg,horse,0.1414,cow,0.2707,cow (0.2707),sheep (0.1510),dog (0.1461),horse (0.1414),elephant (0.0855),False,True
c:\Users\Alan\python\MMIP\week3\data\Dataset\horse\horse (780).jpeg,horse,0.4341,horse,0.4341,horse (0.4341),chicken (0.1628),dog (0.1462),spider (0.1354),sheep (0.0485),True,True
c:\Users\Alan\python\MMIP\week3\data\Dataset\horse\horse (2153).jpeg,horse,0.9631,horse,0.9631,horse (0.9631),squirrel (0.0064),elephant (0.0056),butterfly (0.0052),cat (0.0045),True,True
c:\Users\Alan\python\MMIP\week3\data\Dataset\horse\horse (813).jpeg,horse,0.4727,horse,0.4727,horse (0.4727),dog (0.1803),cow (0.1710),elephant (0.0545),cat (0.0447),True,True
c:\Users\Alan\python\MMIP\week3\data\Dataset\horse\horse (1426).jpeg,horse,0.7666,horse,0.7666,horse (0.7666),chicken (0.0812),dog (0.0481),cat (0.0286),spider (0.0187),True,True
c:\Users\Alan\python\MMIP\week3\data\Dataset\horse\horse (2263).jpeg,horse,0.9048,horse,0.9048,horse (0.9048),cat (0.0177),dog (0.0154),cow (0.0118),butterfly (0.0105),True,True
c:\Users\Alan\python\MMIP\week3\data\Dataset\horse\horse (882).jpeg,horse,0.3247,dog,0.3499,dog (0.3499),horse (0.3247),cow (0.1025),butterfly (0.0495),chicken (0.0483),False,True
c:\Users\Alan\python\MMIP\week3\data\Dataset\horse\horse (635).jpeg,horse,0.8918,horse,0.8918,horse (0.8918),cow (0.0281),sheep (0.0236),butterfly (0.0132),squirrel (0.0099),True,True
c:\Users\Alan\python\MMIP\week3\data\Dataset\horse\horse (1763).jpeg,horse,0.9103,horse,0.9103,horse (0.9103),chicken (0.0288),sheep (0.0153),cow (0.0111),cat (0.0082),True,True
c:\Users\Alan\python\MMIP\week3\data\Dataset\horse\horse (1887).jpeg,horse,0.9485,horse,0.9485,horse (0.9485),cow (0.0262),squirrel (0.0051),butterfly (0.0048),cat (0.0042),True,True
c:\Users\Alan\python\MMIP\week3\data\Dataset\horse\horse (2057).jpeg,horse,0.2566,cow,0.2813,cow (0.2813),horse (0.2566),dog (0.2186),spider (0.0511),elephant (0.0507),False,True
c:\Users\Alan\python\MMIP\week3\data\Dataset\horse\horse (858).jpeg,horse,0.902,horse,0.902,horse (0.9020),chicken (0.0223),dog (0.0161),squirrel (0.0138),elephant (0.0121),True,True
c:\Users\Alan\python\MMIP\week3\data\Dataset\horse\horse (2036).jpeg,horse,0.7263,horse,0.7263,horse (0.7263),cow (0.1252),dog (0.0418),elephant (0.0356),cat (0.0164),True,True
c:\Users\Alan\python\MMIP\week3\data\Dataset\horse\horse (2151).jpeg,horse,0.9427,horse,0.9427,horse (0.9427),sheep (0.0122),spider (0.0092),squirrel (0.0085),chicken (0.0078),True,True
c:\Users\Alan\python\MMIP\week3\data\Dataset\horse\horse (1372).jpeg,horse,0.8331,horse,0.8331,horse (0.8331),cow (0.0692),sheep (0.0321),elephant (0.0245),cat (0.0090),True,True
c:\Users\Alan\python\MMIP\week3\data\Dataset\horse\horse (2408).jpeg,horse,0.8534,horse,0.8534,horse (0.8534),spider (0.0432),dog (0.0280),chicken (0.0179),squirrel (0.0131),True,True
c:\Users\Alan\python\MMIP\week3\data\Dataset\horse\horse (490).jpeg,horse,0.1359,dog,0.2101,dog (0.2101),sheep (0.1709),horse (0.1359),cow (0.1179),squirrel (0.1062),False,True
c:\Users\Alan\python\MMIP\week3\data\Dataset\horse\horse (2282).jpeg,horse,0.8147,horse,0.8147,horse (0.8147),dog (0.0739),cat (0.0235),spider (0.0216),elephant (0.0202),True,True
c:\Users\Alan\python\MMIP\week3\data\Dataset\horse\horse (2138).jpeg,horse,0.896,horse,0.896,horse (0.8960),chicken (0.0260),cat (0.0159),sheep (0.0147),squirrel (0.0101),True,True
c:\Users\Alan\python\MMIP\week3\data\Dataset\horse\horse (2034).jpeg,horse,0.0728,dog,0.8829,dog (0.8829),horse (0.0728),spider (0.0099),cat (0.0083),elephant (0.0067),False,True
c:\Users\Alan\python\MMIP\week3\data\Dataset\horse\horse (2412).jpeg,horse,0.9283,horse,0.9283,horse (0.9283),dog (0.0418),sheep (0.0102),chicken (0.0035),elephant (0.0030),True,True
c:\Users\Alan\python\MMIP\week3\data\Dataset\horse\horse (64).jpeg,horse,0.9772,horse,0.9772,horse (0.9772),cat (0.0036),chicken (0.0034),squirrel (0.0029),dog (0.0028),True,True
c:\Users\Alan\python\MMIP\week3\data\Dataset\horse\horse (648).jpeg,horse,0.9387,horse,0.9387,horse (0.9387),elephant (0.0122),squirrel (0.0098),cat (0.0082),cow (0.0058),True,True
c:\Users\Alan\python\MMIP\week3\data\Dataset\horse\horse (748).jpeg,horse,0.8807,horse,0.8807,horse (0.8807),elephant (0.0325),sheep (0.0285),dog (0.0132),chicken (0.0118),True,True
c:\Users\Alan\python\MMIP\week3\data\Dataset\horse\horse (1724).jpeg,horse,0.5936,horse,0.5936,horse (0.5936),chicken (0.1328),cow (0.0955),dog (0.0790),butterfly (0.0240),True,True
c:\Users\Alan\python\MMIP\week3\data\Dataset\horse\horse (1757).jpeg,horse,0.409,horse,0.409,horse (0.4090),chicken (0.1557),elephant (0.1146),cow (0.0905),dog (0.0694),True,True
c:\Users\Alan\python\MMIP\week3\data\Dataset\horse\horse (1995).jpeg,horse,0.6976,horse,0.6976,horse (0.6976),sheep (0.0731),elephant (0.0632),cow (0.0490),cat (0.0304),True,True
c:\Users\Alan\python\MMIP\week3\data\Dataset\horse\horse (1446).jpeg,horse,0.911,horse,0.911,horse (0.9110),butterfly (0.0332),squirrel (0.0193),sheep (0.0085),cat (0.0065),True,True
c:\Users\Alan\python\MMIP\week3\data\Dataset\horse\horse (93).jpeg,horse,0.872,horse,0.872,horse (0.8720),dog (0.0416),cow (0.0243),squirrel (0.0161),chicken (0.0121),True,True
c:\Users\Alan\python\MMIP\week3\data\Dataset\horse\horse (238).jpeg,horse,0.9036,horse,0.9036,horse (0.9036),sheep (0.0205),dog (0.0141),cow (0.0141),squirrel (0.0108),True,True
c:\Users\Alan\python\MMIP\week3\data\Dataset\horse\horse (1799).jpeg,horse,0.7928,horse,0.7928,horse (0.7928),dog (0.0952),spider (0.0276),elephant (0.0149),chicken (0.0142),True,True
c:\Users\Alan\python\MMIP\week3\data\Dataset\horse\horse (1957).jpeg,horse,0.9572,horse,0.9572,horse (0.9572),cow (0.0159),sheep (0.0101),chicken (0.0042),cat (0.0035),True,True
c:\Users\Alan\python\MMIP\week3\data\Dataset\horse\horse (912).jpeg,horse,0.9254,horse,0.9254,horse (0.9254),dog (0.0430),elephant (0.0085),butterfly (0.0077),squirrel (0.0041),True,True
c:\Users\Alan\python\MMIP\week3\data\Dataset\horse\horse (1187).jpeg,horse,0.9099,horse,0.9099,horse (0.9099),chicken (0.0157),dog (0.0123),squirrel (0.0118),sheep (0.0117),True,True
c:\Users\Alan\python\MMIP\week3\data\Dataset\horse\horse (794).jpeg,horse,0.9156,horse,0.9156,horse (0.9156),butterfly (0.0142),cat (0.0131),cow (0.0110),squirrel (0.0103),True,True
c:\Users\Alan\python\MMIP\week3\data\Dataset\horse\horse (1152).jpeg,horse,0.1601,cat,0.2853,cat (0.2853),butterfly (0.2639),horse (0.1601),spider (0.1139),dog (0.0627),False,True
c:\Users\Alan\python\MMIP\week3\data\Dataset\horse\horse (640).jpeg,horse,0.9547,horse,0.9547,horse (0.9547),cow (0.0112),squirrel (0.0078),sheep (0.0065),elephant (0.0057),True,True
c:\Users\Alan\python\MMIP\week3\data\Dataset\horse\horse (314).jpeg,horse,0.723,horse,0.723,horse (0.7230),dog (0.0700),cow (0.0646),butterfly (0.0329),sheep (0.0259),True,True
c:\Users\Alan\python\MMIP\week3\data\Dataset\horse\horse (1556).jpeg,horse,0.9715,horse,0.9715,horse (0.9715),squirrel (0.0045),butterfly (0.0044),sheep (0.0043),spider (0.0037),True,True
c:\Users\Alan\python\MMIP\week3\data\Dataset\horse\horse (1375).jpeg,horse,0.9601,horse,0.9601,horse (0.9601),butterfly (0.0083),sheep (0.0063),cat (0.0057),cow (0.0055),True,True
c:\Users\Alan\python\MMIP\week3\data\Dataset\horse\horse (2227).jpeg,horse,0.7903,horse,0.7903,horse (0.7903),cow (0.0566),dog (0.0423),squirrel (0.0250),elephant (0.0189),True,True
c:\Users\Alan\python\MMIP\week3\data\Dataset\horse\horse (528).jpeg,horse,0.9556,horse,0.9556,horse (0.9556),cow (0.0138),sheep (0.0070),squirrel (0.0051),spider (0.0041),True,True
c:\Users\Alan\python\MMIP\week3\data\Dataset\horse\horse (1555).jpeg,horse,0.8837,horse,0.8837,horse (0.8837),dog (0.0211),elephant (0.0166),squirrel (0.0163),cat (0.0153),True,True
c:\Users\Alan\python\MMIP\week3\data\Dataset\horse\horse (1441).jpeg,horse,0.9222,horse,0.9222,horse (0.9222),sheep (0.0148),chicken (0.0102),cat (0.0101),butterfly (0.0101),True,True
c:\Users\Alan\python\MMIP\week3\data\Dataset\horse\horse (532).jpeg,horse,0.807,horse,0.807,horse (0.8070),cow (0.1162),sheep (0.0171),spider (0.0141),cat (0.0119),True,True
c:\Users\Alan\python\MMIP\week3\data\Dataset\horse\horse (1562).jpeg,horse,0.8997,horse,0.8997,horse (0.8997),squirrel (0.0385),cow (0.0354),cat (0.0058),elephant (0.0051),True,True
c:\Users\Alan\python\MMIP\week3\data\Dataset\horse\horse (2522).jpeg,horse,0.9485,horse,0.9485,horse (0.9485),cow (0.0149),spider (0.0140),cat (0.0065),dog (0.0047),True,True
c:\Users\Alan\python\MMIP\week3\data\Dataset\horse\horse (400).jpeg,horse,0.6111,horse,0.6111,horse (0.6111),cow (0.1716),elephant (0.0446),cat (0.0303),chicken (0.0282),True,True
c:\Users\Alan\python\MMIP\week3\data\Dataset\horse\horse (1135).jpeg,horse,0.9437,horse,0.9437,horse (0.9437),chicken (0.0114),elephant (0.0087),sheep (0.0075),spider (0.0075),True,True
c:\Users\Alan\python\MMIP\week3\data\Dataset\horse\horse (53).jpeg,horse,0.9261,horse,0.9261,horse (0.9261),cow (0.0157),dog (0.0114),cat (0.0104),sheep (0.0081),True,True
c:\Users\Alan\python\MMIP\week3\data\Dataset\horse\horse (551).jpeg,horse,0.619,horse,0.619,horse (0.6190),cow (0.1707),elephant (0.1140),chicken (0.0197),squirrel (0.0177),True,True
c:\Users\Alan\python\MMIP\week3\data\Dataset\horse\horse (74).jpeg,horse,0.4581,horse,0.4581,horse (0.4581),sheep (0.1286),elephant (0.0918),dog (0.0807),chicken (0.0628),True,True
c:\Users\Alan\python\MMIP\week3\data\Dataset\horse\horse (1807).jpeg,horse,0.4964,horse,0.4964,horse (0.4964),cow (0.2175),chicken (0.0737),dog (0.0686),cat (0.0390),True,True
c:\Users\Alan\python\MMIP\week3\data\Dataset\horse\horse (1818).jpeg,horse,0.9723,horse,0.9723,horse (0.9723),dog (0.0063),cat (0.0058),chicken (0.0033),butterfly (0.0030),True,True
c:\Users\Alan\python\MMIP\week3\data\Dataset\horse\horse (764).jpeg,horse,0.9293,horse,0.9293,horse (0.9293),elephant (0.0134),squirrel (0.0108),sheep (0.0087),cat (0.0085),True,True
c:\Users\Alan\python\MMIP\week3\data\Dataset\horse\horse (253).jpeg,horse,0.9513,horse,0.9513,horse (0.9513),squirrel (0.0153),dog (0.0083),cat (0.0073),sheep (0.0062),True,True
c:\Users\Alan\python\MMIP\week3\data\Dataset\horse\horse (1626).jpeg,horse,0.3626,dog,0.4323,dog (0.4323),horse (0.3626),butterfly (0.0497),squirrel (0.0342),cow (0.0253),False,True
c:\Users\Alan\python\MMIP\week3\data\Dataset\horse\horse (2352).jpeg,horse,0.9164,horse,0.9164,horse (0.9164),chicken (0.0203),spider (0.0115),elephant (0.0099),squirrel (0.0093),True,True
c:\Users\Alan\python\MMIP\week3\data\Dataset\horse\horse (2169).jpeg,horse,0.9763,horse,0.9763,horse (0.9763),squirrel (0.0082),cat (0.0034),butterfly (0.0032),elephant (0.0023),True,True
c:\Users\Alan\python\MMIP\week3\data\Dataset\horse\horse (2355).jpeg,horse,0.9495,horse,0.9495,horse (0.9495),spider (0.0132),butterfly (0.0086),sheep (0.0060),cat (0.0057),True,True
c:\Users\Alan\python\MMIP\week3\data\Dataset\horse\horse (1450).jpeg,horse,0.8938,horse,0.8938,horse (0.8938),dog (0.0296),cat (0.0170),squirrel (0.0167),chicken (0.0138),True,True
c:\Users\Alan\python\MMIP\week3\data\Dataset\horse\horse (2217).jpeg,horse,0.9256,horse,0.9256,horse (0.9256),cat (0.0137),cow (0.0132),chicken (0.0096),sheep (0.0092),True,True
c:\Users\Alan\python\MMIP\week3\data\Dataset\horse\horse (1485).jpeg,horse,0.8134,horse,0.8134,horse (0.8134),dog (0.0762),cat (0.0503),elephant (0.0189),sheep (0.0089),True,True
c:\Users\Alan\python\MMIP\week3\data\Dataset\horse\horse (1053).jpeg,horse,0.957,horse,0.957,horse (0.9570),cow (0.0097),butterfly (0.0071),squirrel (0.0061),dog (0.0051),True,True
c:\Users\Alan\python\MMIP\week3\data\Dataset\horse\horse (415).jpeg,horse,0.9329,horse,0.9329,horse (0.9329),butterfly (0.0109),sheep (0.0105),cat (0.0104),spider (0.0093),True,True
c:\Users\Alan\python\MMIP\week3\data\Dataset\horse\horse (114).jpeg,horse,0.8689,horse,0.8689,horse (0.8689),dog (0.0431),squirrel (0.0158),sheep (0.0138),chicken (0.0132),True,True
c:\Users\Alan\python\MMIP\week3\data\Dataset\horse\horse (862).jpeg,horse,0.8137,horse,0.8137,horse (0.8137),cow (0.0404),squirrel (0.0390),sheep (0.0370),cat (0.0162),True,True
c:\Users\Alan\python\MMIP\week3\data\Dataset\horse\horse (2615).jpeg,horse,0.9352,horse,0.9352,horse (0.9352),dog (0.0185),squirrel (0.0118),butterfly (0.0077),elephant (0.0071),True,True
c:\Users\Alan\python\MMIP\week3\data\Dataset\horse\horse (714).jpeg,horse,0.7594,horse,0.7594,horse (0.7594),spider (0.0466),chicken (0.0387),dog (0.0376),cat (0.0256),True,True
c:\Users\Alan\python\MMIP\week3\data\Dataset\horse\horse (612).jpeg,horse,0.98,horse,0.98,horse (0.9800),chicken (0.0054),elephant (0.0037),squirrel (0.0026),spider (0.0024),True,True
c:\Users\Alan\python\MMIP\week3\data\Dataset\horse\horse (2614).jpeg,horse,0.9088,horse,0.9088,horse (0.9088),squirrel (0.0254),spider (0.0098),chicken (0.0097),cow (0.0094),True,True
c:\Users\Alan\python\MMIP\week3\data\Dataset\horse\horse (950).jpeg,horse,0.9901,horse,0.9901,horse (0.9901),butterfly (0.0022),sheep (0.0018),cat (0.0017),spider (0.0008),True,True
c:\Users\Alan\python\MMIP\week3\data\Dataset\horse\horse (252).jpeg,horse,0.8347,horse,0.8347,horse (0.8347),chicken (0.0719),dog (0.0219),elephant (0.0169),cat (0.0153),True,True
c:\Users\Alan\python\MMIP\week3\data\Dataset\horse\horse (447).jpeg,horse,0.7478,horse,0.7478,horse (0.7478),elephant (0.0516),chicken (0.0510),squirrel (0.0308),cow (0.0302),True,True
c:\Users\Alan\python\MMIP\week3\data\Dataset\horse\horse (2047).jpeg,horse,0.8807,horse,0.8807,horse (0.8807),dog (0.0225),cat (0.0189),chicken (0.0145),spider (0.0145),True,True
c:\Users\Alan\python\MMIP\week3\data\Dataset\horse\horse (779).jpeg,horse,0.8557,horse,0.8557,horse (0.8557),dog (0.0674),cat (0.0222),butterfly (0.0103),cow (0.0093),True,True
c:\Users\Alan\python\MMIP\week3\data\Dataset\horse\horse (454).jpeg,horse,0.8108,horse,0.8108,horse (0.8108),chicken (0.0432),cow (0.0300),sheep (0.0244),dog (0.0173),True,True
c:\Users\Alan\python\MMIP\week3\data\Dataset\horse\horse (54).jpeg,horse,0.9513,horse,0.9513,horse (0.9513),spider (0.0157),dog (0.0065),cow (0.0064),sheep (0.0048),True,True
c:\Users\Alan\python\MMIP\week3\data\Dataset\horse\horse (2354).jpeg,horse,0.9695,horse,0.9695,horse (0.9695),chicken (0.0068),cow (0.0057),butterfly (0.0048),elephant (0.0035),True,True
c:\Users\Alan\python\MMIP\week3\data\Dataset\horse\horse (2583).jpeg,horse,0.8419,horse,0.8419,horse (0.8419),elephant (0.0764),cat (0.0145),butterfly (0.0137),cow (0.0137),True,True
c:\Users\Alan\python\MMIP\week3\data\Dataset\horse\horse (205).jpeg,horse,0.9502,horse,0.9502,horse (0.9502),butterfly (0.0102),spider (0.0097),squirrel (0.0070),cat (0.0068),True,True
c:\Users\Alan\python\MMIP\week3\data\Dataset\horse\horse (2588).jpeg,horse,0.6557,horse,0.6557,horse (0.6557),cow (0.1927),chicken (0.0579),sheep (0.0362),spider (0.0137),True,True
c:\Users\Alan\python\MMIP\week3\data\Dataset\horse\horse (2436).jpeg,horse,0.9682,horse,0.9682,horse (0.9682),chicken (0.0091),butterfly (0.0042),cat (0.0036),squirrel (0.0036),True,True
c:\Users\Alan\python\MMIP\week3\data\Dataset\horse\horse (364).jpeg,horse,0.9319,horse,0.9319,horse (0.9319),dog (0.0157),cat (0.0146),elephant (0.0087),butterfly (0.0066),True,True
c:\Users\Alan\python\MMIP\week3\data\Dataset\horse\horse (778).jpeg,horse,0.6139,horse,0.6139,horse (0.6139),cow (0.0653),butterfly (0.0642),sheep (0.0590),dog (0.0565),True,True
c:\Users\Alan\python\MMIP\week3\data\Dataset\horse\horse (1861).jpeg,horse,0.9773,horse,0.9773,horse (0.9773),squirrel (0.0049),cat (0.0036),cow (0.0035),sheep (0.0029),True,True
c:\Users\Alan\python\MMIP\week3\data\Dataset\horse\horse (2020).jpeg,horse,0.8392,horse,0.8392,horse (0.8392),sheep (0.0405),chicken (0.0246),squirrel (0.0209),butterfly (0.0208),True,True
c:\Users\Alan\python\MMIP\week3\data\Dataset\horse\horse (2426).jpeg,horse,0.1604,dog,0.5025,dog (0.5025),horse (0.1604),cow (0.1000),chicken (0.0764),elephant (0.0652),False,True
c:\Users\Alan\python\MMIP\week3\data\Dataset\horse\horse (859).jpeg,horse,0.963,horse,0.963,horse (0.9630),dog (0.0086),spider (0.0076),chicken (0.0062),butterfly (0.0034),True,True
c:\Users\Alan\python\MMIP\week3\data\Dataset\horse\horse (1475).jpeg,horse,0.9331,horse,0.9331,horse (0.9331),sheep (0.0275),squirrel (0.0144),cow (0.0086),butterfly (0.0058),True,True
c:\Users\Alan\python\MMIP\week3\data\Dataset\horse\horse (2278).jpeg,horse,0.8169,horse,0.8169,horse (0.8169),chicken (0.0666),butterfly (0.0275),dog (0.0192),cow (0.0183),True,True
c:\Users\Alan\python\MMIP\week3\data\Dataset\horse\horse (2448).jpeg,horse,0.7991,horse,0.7991,horse (0.7991),sheep (0.0426),squirrel (0.0403),cow (0.0363),chicken (0.0336),True,True
c:\Users\Alan\python\MMIP\week3\data\Dataset\horse\horse (1092).jpeg,horse,0.8451,horse,0.8451,horse (0.8451),dog (0.0539),elephant (0.0361),cow (0.0175),squirrel (0.0169),True,True
c:\Users\Alan\python\MMIP\week3\data\Dataset\horse\horse (920).jpeg,horse,0.9735,horse,0.9735,horse (0.9735),sheep (0.0064),squirrel (0.0039),chicken (0.0030),dog (0.0028),True,True
c:\Users\Alan\python\MMIP\week3\data\Dataset\horse\horse (1384).jpeg,horse,0.7809,horse,0.7809,horse (0.7809),chicken (0.0605),elephant (0.0597),dog (0.0331),cat (0.0178),True,True
c:\Users\Alan\python\MMIP\week3\data\Dataset\horse\horse (1439).jpeg,horse,0.9351,horse,0.9351,horse (0.9351),dog (0.0230),cow (0.0106),squirrel (0.0095),chicken (0.0045),True,True
c:\Users\Alan\python\MMIP\week3\data\Dataset\horse\horse (1607).jpeg,horse,0.9011,horse,0.9011,horse (0.9011),cow (0.0261),spider (0.0234),butterfly (0.0142),squirrel (0.0117),True,True
c:\Users\Alan\python\MMIP\week3\data\Dataset\horse\horse (2089).jpeg,horse,0.9746,horse,0.9746,horse (0.9746),squirrel (0.0071),elephant (0.0052),sheep (0.0030),dog (0.0024),True,True
c:\Users\Alan\python\MMIP\week3\data\Dataset\horse\horse (318).jpeg,horse,0.2652,dog,0.3807,dog (0.3807),horse (0.2652),chicken (0.1244),cow (0.0710),elephant (0.0438),False,True
c:\Users\Alan\python\MMIP\week3\data\Dataset\horse\horse (1001).jpeg,horse,0.971,horse,0.971,horse (0.9710),butterfly (0.0056),squirrel (0.0055),cat (0.0040),dog (0.0034),True,True
c:\Users\Alan\python\MMIP\week3\data\Dataset\horse\horse (1696).jpeg,horse,0.6763,horse,0.6763,horse (0.6763),dog (0.1109),squirrel (0.0746),cat (0.0531),elephant (0.0264),True,True
c:\Users\Alan\python\MMIP\week3\data\Dataset\horse\horse (758).jpeg,horse,0.9604,horse,0.9604,horse (0.9604),elephant (0.0096),dog (0.0083),cat (0.0060),cow (0.0044),True,True
c:\Users\Alan\python\MMIP\week3\data\Dataset\horse\horse (1369).jpeg,horse,0.8357,horse,0.8357,horse (0.8357),squirrel (0.0274),elephant (0.0227),butterfly (0.0201),cow (0.0197),True,True
c:\Users\Alan\python\MMIP\week3\data\Dataset\horse\horse (370).jpeg,horse,0.829,horse,0.829,horse (0.8290),cat (0.0382),cow (0.0288),dog (0.0205),butterfly (0.0201),True,True
c:\Users\Alan\python\MMIP\week3\data\Dataset\horse\horse (957).jpeg,horse,0.4974,horse,0.4974,horse (0.4974),butterfly (0.1546),spider (0.1212),dog (0.0879),squirrel (0.0294),True,True
c:\Users\Alan\python\MMIP\week3\data\Dataset\horse\horse (1747).jpeg,horse,0.9657,horse,0.9657,horse (0.9657),cat (0.0058),butterfly (0.0047),dog (0.0047),spider (0.0046),True,True
c:\Users\Alan\python\MMIP\week3\data\Dataset\horse\horse (180).jpeg,horse,0.7874,horse,0.7874,horse (0.7874),spider (0.0469),elephant (0.0385),cow (0.0329),dog (0.0319),True,True
c:\Users\Alan\python\MMIP\week3\data\Dataset\horse\horse (2339).jpeg,horse,0.2503,dog,0.3329,dog (0.3329),horse (0.2503),elephant (0.1465),cow (0.0957),squirrel (0.0430),False,True
c:\Users\Alan\python\MMIP\week3\data\Dataset\horse\horse (2052).jpeg,horse,0.9512,horse,0.9512,horse (0.9512),cow (0.0174),dog (0.0069),chicken (0.0052),sheep (0.0047),True,True
c:\Users\Alan\python\MMIP\week3\data\Dataset\horse\horse (1346).jpeg,horse,0.5478,horse,0.5478,horse (0.5478),spider (0.2255),dog (0.0669),cow (0.0422),elephant (0.0285),True,True
c:\Users\Alan\python\MMIP\week3\data\Dataset\horse\horse (319).jpeg,horse,0.7715,horse,0.7715,horse (0.7715),cow (0.0692),spider (0.0517),dog (0.0268),chicken (0.0179),True,True
c:\Users\Alan\python\MMIP\week3\data\Dataset\horse\horse (941).jpeg,horse,0.9539,horse,0.9539,horse (0.9539),sheep (0.0074),squirrel (0.0071),cow (0.0063),chicken (0.0057),True,True
c:\Users\Alan\python\MMIP\week3\data\Dataset\horse\horse (2439).jpeg,horse,0.628,horse,0.628,horse (0.6280),cow (0.2142),dog (0.0478),squirrel (0.0311),sheep (0.0183),True,True
c:\Users\Alan\python\MMIP\week3\data\Dataset\horse\horse (2513).jpeg,horse,0.8892,horse,0.8892,horse (0.8892),cat (0.0259),sheep (0.0219),butterfly (0.0141),chicken (0.0138),True,True
c:\Users\Alan\python\MMIP\week3\data\Dataset\horse\horse (2186).jpeg,horse,0.956,horse,0.956,horse (0.9560),cow (0.0102),butterfly (0.0071),cat (0.0057),squirrel (0.0051),True,True
c:\Users\Alan\python\MMIP\week3\data\Dataset\horse\horse (970).jpeg,horse,0.4065,horse,0.4065,horse (0.4065),dog (0.3941),elephant (0.0407),cow (0.0359),sheep (0.0280),True,True
c:\Users\Alan\python\MMIP\week3\data\Dataset\horse\horse (1613).jpeg,horse,0.5627,horse,0.5627,horse (0.5627),spider (0.2022),elephant (0.0595),dog (0.0549),sheep (0.0320),True,True
c:\Users\Alan\python\MMIP\week3\data\Dataset\horse\horse (2124).jpeg,horse,0.822,horse,0.822,horse (0.8220),elephant (0.0598),cow (0.0224),chicken (0.0221),cat (0.0192),True,True
c:\Users\Alan\python\MMIP\week3\data\Dataset\horse\horse (2349).jpeg,horse,0.8385,horse,0.8385,horse (0.8385),elephant (0.0459),chicken (0.0344),cow (0.0203),dog (0.0197),True,True
c:\Users\Alan\python\MMIP\week3\data\Dataset\horse\horse (2223).jpeg,horse,0.9614,horse,0.9614,horse (0.9614),spider (0.0060),squirrel (0.0058),dog (0.0056),chicken (0.0048),True,True
c:\Users\Alan\python\MMIP\week3\data\Dataset\horse\horse (568).jpeg,horse,0.9275,horse,0.9275,horse (0.9275),chicken (0.0183),dog (0.0144),cat (0.0100),sheep (0.0066),True,True
c:\Users\Alan\python\MMIP\week3\data\Dataset\horse\horse (2382).jpeg,horse,0.7435,horse,0.7435,horse (0.7435),cow (0.1447),spider (0.0243),sheep (0.0210),butterfly (0.0145),True,True
c:\Users\Alan\python\MMIP\week3\data\Dataset\horse\horse (2200).jpeg,horse,0.3887,horse,0.3887,horse (0.3887),chicken (0.1127),elephant (0.1023),sheep (0.0925),dog (0.0826),True,True
c:\Users\Alan\python\MMIP\week3\data\Dataset\horse\horse (2380).jpeg,horse,0.6867,horse,0.6867,horse (0.6867),dog (0.1761),sheep (0.0333),spider (0.0264),squirrel (0.0197),True,True
c:\Users\Alan\python\MMIP\week3\data\Dataset\horse\horse (2463).jpeg,horse,0.8362,horse,0.8362,horse (0.8362),spider (0.0484),cow (0.0275),sheep (0.0230),squirrel (0.0197),True,True
c:\Users\Alan\python\MMIP\week3\data\Dataset\horse\horse (555).jpeg,horse,0.9142,horse,0.9142,horse (0.9142),sheep (0.0162),dog (0.0152),squirrel (0.0095),chicken (0.0092),True,True
c:\Users\Alan\python\MMIP\week3\data\Dataset\horse\horse (2376).jpeg,horse,0.8652,horse,0.8652,horse (0.8652),cow (0.0377),cat (0.0191),sheep (0.0172),dog (0.0163),True,True
c:\Users\Alan\python\MMIP\week3\data\Dataset\horse\horse (1081).jpeg,horse,0.6799,horse,0.6799,horse (0.6799),dog (0.1289),butterfly (0.0403),cow (0.0398),chicken (0.0351),True,True
c:\Users\Alan\python\MMIP\week3\data\Dataset\horse\horse (1484).jpeg,horse,0.9227,horse,0.9227,horse (0.9227),cow (0.0304),dog (0.0253),elephant (0.0038),squirrel (0.0036),True,True
c:\Users\Alan\python\MMIP\week3\data\Dataset\horse\horse (926).jpeg,horse,0.8075,horse,0.8075,horse (0.8075),dog (0.0430),chicken (0.0314),cow (0.0288),butterfly (0.0266),True,True
c:\Users\Alan\python\MMIP\week3\data\Dataset\horse\horse (115).jpeg,horse,0.7407,horse,0.7407,horse (0.7407),cow (0.1198),spider (0.0295),elephant (0.0251),butterfly (0.0219),True,True
c:\Users\Alan\python\MMIP\week3\data\Dataset\horse\horse (1319).jpeg,horse,0.9291,horse,0.9291,horse (0.9291),cow (0.0183),squirrel (0.0109),butterfly (0.0091),cat (0.0089),True,True
c:\Users\Alan\python\MMIP\week3\data\Dataset\horse\horse (1188).jpeg,horse,0.8841,horse,0.8841,horse (0.8841),dog (0.0272),chicken (0.0222),cat (0.0130),squirrel (0.0117),True,True
c:\Users\Alan\python\MMIP\week3\data\Dataset\horse\horse (2593).jpeg,horse,0.7292,horse,0.7292,horse (0.7292),dog (0.1305),elephant (0.0297),chicken (0.0266),cat (0.0233),True,True
c:\Users\Alan\python\MMIP\week3\data\Dataset\horse\horse (2105).jpeg,horse,0.8535,horse,0.8535,horse (0.8535),dog (0.0538),squirrel (0.0254),sheep (0.0145),cat (0.0109),True,True
c:\Users\Alan\python\MMIP\week3\data\Dataset\horse\horse (876).jpeg,horse,0.9597,horse,0.9597,horse (0.9597),elephant (0.0085),sheep (0.0079),squirrel (0.0048),dog (0.0047),True,True
c:\Users\Alan\python\MMIP\week3\data\Dataset\horse\horse (2009).jpeg,horse,0.9391,horse,0.9391,horse (0.9391),chicken (0.0199),elephant (0.0169),cat (0.0069),cow (0.0045),True,True
c:\Users\Alan\python\MMIP\week3\data\Dataset\horse\horse (1262).jpeg,horse,0.9107,horse,0.9107,horse (0.9107),squirrel (0.0171),cow (0.0140),spider (0.0128),elephant (0.0118),True,True
c:\Users\Alan\python\MMIP\week3\data\Dataset\horse\horse (2029).jpeg,horse,0.9073,horse,0.9073,horse (0.9073),spider (0.0284),cow (0.0161),dog (0.0158),chicken (0.0087),True,True
c:\Users\Alan\python\MMIP\week3\data\Dataset\horse\horse (2288).jpeg,horse,0.7722,horse,0.7722,horse (0.7722),chicken (0.0672),squirrel (0.0320),cow (0.0294),butterfly (0.0281),True,True
c:\Users\Alan\python\MMIP\week3\data\Dataset\horse\horse (25).jpeg,horse,0.8281,horse,0.8281,horse (0.8281),cow (0.0572),sheep (0.0349),spider (0.0173),dog (0.0151),True,True
c:\Users\Alan\python\MMIP\week3\data\Dataset\horse\horse (2148).jpeg,horse,0.6836,horse,0.6836,horse (0.6836),dog (0.1976),cow (0.0276),chicken (0.0234),squirrel (0.0183),True,True
c:\Users\Alan\python\MMIP\week3\data\Dataset\horse\horse (277).jpeg,horse,0.8896,horse,0.8896,horse (0.8896),dog (0.0228),cat (0.0187),cow (0.0140),squirrel (0.0123),True,True
c:\Users\Alan\python\MMIP\week3\data\Dataset\horse\horse (1012).jpeg,horse,0.9477,horse,0.9477,horse (0.9477),cow (0.0092),squirrel (0.0086),spider (0.0074),cat (0.0073),True,True
c:\Users\Alan\python\MMIP\week3\data\Dataset\horse\horse (327).jpeg,horse,0.918,horse,0.918,horse (0.9180),spider (0.0291),chicken (0.0111),squirrel (0.0098),sheep (0.0093),True,True
c:\Users\Alan\python\MMIP\week3\data\Dataset\horse\horse (1479).jpeg,horse,0.7895,horse,0.7895,horse (0.7895),cow (0.1294),elephant (0.0167),spider (0.0141),dog (0.0124),True,True
c:\Users\Alan\python\MMIP\week3\data\Dataset\horse\horse (685).jpeg,horse,0.9465,horse,0.9465,horse (0.9465),cow (0.0110),sheep (0.0097),spider (0.0076),cat (0.0056),True,True
c:\Users\Alan\python\MMIP\week3\data\Dataset\horse\horse (285).jpeg,horse,0.9897,horse,0.9897,horse (0.9897),butterfly (0.0021),cow (0.0019),chicken (0.0015),squirrel (0.0011),True,True
c:\Users\Alan\python\MMIP\week3\data\Dataset\horse\horse (1781).jpeg,horse,0.5079,horse,0.5079,horse (0.5079),cow (0.1755),dog (0.1043),elephant (0.0603),butterfly (0.0425),True,True
c:\Users\Alan\python\MMIP\week3\data\Dataset\horse\horse (1965).jpeg,horse,0.0748,dog,0.5473,dog (0.5473),chicken (0.1042),sheep (0.0761),horse (0.0748),spider (0.0639),False,True
c:\Users\Alan\python\MMIP\week3\data\Dataset\horse\horse (117).jpeg,horse,0.9795,horse,0.9795,horse (0.9795),cat (0.0039),butterfly (0.0037),sheep (0.0036),chicken (0.0032),True,True
c:\Users\Alan\python\MMIP\week3\data\Dataset\horse\horse (1903).jpeg,horse,0.9594,horse,0.9594,horse (0.9594),chicken (0.0080),butterfly (0.0070),sheep (0.0059),squirrel (0.0052),True,True
c:\Users\Alan\python\MMIP\week3\data\Dataset\horse\horse (310).jpeg,horse,0.9486,horse,0.9486,horse (0.9486),dog (0.0163),cow (0.0100),squirrel (0.0055),elephant (0.0053),True,True
c:\Users\Alan\python\MMIP\week3\data\Dataset\horse\horse (2195).jpeg,horse,0.9477,horse,0.9477,horse (0.9477),dog (0.0153),chicken (0.0099),sheep (0.0070),cat (0.0047),True,True
c:\Users\Alan\python\MMIP\week3\data\Dataset\horse\horse (642).jpeg,horse,0.8014,horse,0.8014,horse (0.8014),cat (0.0409),cow (0.0403),squirrel (0.0371),chicken (0.0310),True,True
c:\Users\Alan\python\MMIP\week3\data\Dataset\horse\horse (1447).jpeg,horse,0.8452,horse,0.8452,horse (0.8452),elephant (0.0534),squirrel (0.0242),cow (0.0197),dog (0.0170),True,True
c:\Users\Alan\python\MMIP\week3\data\Dataset\horse\horse (1436).jpeg,horse,0.8853,horse,0.8853,horse (0.8853),chicken (0.0243),dog (0.0203),cat (0.0137),spider (0.0120),True,True
c:\Users\Alan\python\MMIP\week3\data\Dataset\horse\horse (1418).jpeg,horse,0.9236,horse,0.9236,horse (0.9236),spider (0.0124),elephant (0.0113),chicken (0.0099),cat (0.0098),True,True
c:\Users\Alan\python\MMIP\week3\data\Dataset\horse\horse (1971).jpeg,horse,0.9452,horse,0.9452,horse (0.9452),dog (0.0157),elephant (0.0091),squirrel (0.0061),spider (0.0057),True,True
c:\Users\Alan\python\MMIP\week3\data\Dataset\horse\horse (316).jpeg,horse,0.9684,horse,0.9684,horse (0.9684),squirrel (0.0101),cat (0.0051),elephant (0.0038),chicken (0.0035),True,True
c:\Users\Alan\python\MMIP\week3\data\Dataset\horse\horse (586).jpeg,horse,0.9762,horse,0.9762,horse (0.9762),cow (0.0047),butterfly (0.0042),sheep (0.0037),cat (0.0032),True,True
c:\Users\Alan\python\MMIP\week3\data\Dataset\horse\horse (2106).jpeg,horse,0.7325,horse,0.7325,horse (0.7325),spider (0.2006),elephant (0.0166),cow (0.0143),butterfly (0.0083),True,True
c:\Users\Alan\python\MMIP\week3\data\Dataset\sheep\sheep (790).jpeg,sheep,0.7738,sheep,0.7738,sheep (0.7738),horse (0.1167),spider (0.0261),elephant (0.0229),butterfly (0.0181),True,True
c:\Users\Alan\python\MMIP\week3\data\Dataset\sheep\sheep (403).jpeg,sheep,0.538,sheep,0.538,sheep (0.5380),cow (0.0999),horse (0.0906),squirrel (0.0755),chicken (0.0604),True,True
c:\Users\Alan\python\MMIP\week3\data\Dataset\sheep\sheep (487).jpeg,sheep,0.5563,sheep,0.5563,sheep (0.5563),chicken (0.2698),dog (0.0626),squirrel (0.0395),spider (0.0185),True,True
c:\Users\Alan\python\MMIP\week3\data\Dataset\sheep\sheep (814).jpeg,sheep,0.9312,sheep,0.9312,sheep (0.9312),chicken (0.0245),cow (0.0241),cat (0.0046),dog (0.0046),True,True
c:\Users\Alan\python\MMIP\week3\data\Dataset\sheep\sheep (118).jpg,sheep,0.855,sheep,0.855,sheep (0.8550),horse (0.0315),cat (0.0276),elephant (0.0273),dog (0.0265),True,True
c:\Users\Alan\python\MMIP\week3\data\Dataset\sheep\sheep (1200).jpeg,sheep,0.9014,sheep,0.9014,sheep (0.9014),horse (0.0201),cow (0.0156),elephant (0.0156),spider (0.0129),True,True
c:\Users\Alan\python\MMIP\week3\data\Dataset\sheep\sheep (1235).jpeg,sheep,0.2172,sheep,0.2172,sheep (0.2172),dog (0.1346),cow (0.1253),elephant (0.1172),cat (0.0924),True,True
c:\Users\Alan\python\MMIP\week3\data\Dataset\sheep\sheep (567).jpeg,sheep,0.9957,sheep,0.9957,sheep (0.9957),butterfly (0.0015),horse (0.0005),cat (0.0005),elephant (0.0005),True,True
c:\Users\Alan\python\MMIP\week3\data\Dataset\sheep\sheep (78).jpeg,sheep,0.9525,sheep,0.9525,sheep (0.9525),chicken (0.0068),cat (0.0068),squirrel (0.0063),spider (0.0056),True,True
c:\Users\Alan\python\MMIP\week3\data\Dataset\sheep\sheep (194).jpg,sheep,0.6918,sheep,0.6918,sheep (0.6918),spider (0.0793),butterfly (0.0693),chicken (0.0401),squirrel (0.0353),True,True
c:\Users\Alan\python\MMIP\week3\data\Dataset\sheep\sheep (108).jpg,sheep,0.9817,sheep,0.9817,sheep (0.9817),dog (0.0045),butterfly (0.0032),elephant (0.0024),spider (0.0024),True,True
c:\Users\Alan\python\MMIP\week3\data\Dataset\sheep\sheep (212).jpeg,sheep,0.9716,sheep,0.9716,sheep (0.9716),spider (0.0049),cow (0.0049),dog (0.0041),butterfly (0.0041),True,True
c:\Users\Alan\python\MMIP\week3\data\Dataset\sheep\sheep (176).jpeg,sheep,0.9594,sheep,0.9594,sheep (0.9594),cow (0.0136),spider (0.0053),horse (0.0047),butterfly (0.0041),True,True
c:\Users\Alan\python\MMIP\week3\data\Dataset\sheep\sheep (301).jpg,sheep,0.9641,sheep,0.9641,sheep (0.9641),cow (0.0124),cat (0.0070),elephant (0.0041),butterfly (0.0034),True,True
c:\Users\Alan\python\MMIP\week3\data\Dataset\sheep\sheep (473).jpeg,sheep,0.9178,sheep,0.9178,sheep (0.9178),chicken (0.0172),squirrel (0.0158),butterfly (0.0103),spider (0.0097),True,True
c:\Users\Alan\python\MMIP\week3\data\Dataset\sheep\sheep (147).jpg,sheep,0.5069,sheep,0.5069,sheep (0.5069),dog (0.3210),elephant (0.0782),cow (0.0230),cat (0.0196),True,True
c:\Users\Alan\python\MMIP\week3\data\Dataset\sheep\sheep (728).jpeg,sheep,0.6139,sheep,0.6139,sheep (0.6139),horse (0.1200),cow (0.0875),dog (0.0391),elephant (0.0339),True,True
c:\Users\Alan\python\MMIP\week3\data\Dataset\sheep\sheep (1320).jpeg,sheep,0.9437,sheep,0.9437,sheep (0.9437),dog (0.0173),horse (0.0095),cow (0.0072),chicken (0.0055),True,True
c:\Users\Alan\python\MMIP\week3\data\Dataset\sheep\sheep (1107).jpeg,sheep,0.8813,sheep,0.8813,sheep (0.8813),dog (0.0452),squirrel (0.0296),chicken (0.0127),elephant (0.0103),True,True
c:\Users\Alan\python\MMIP\week3\data\Dataset\sheep\sheep (247).jpg,sheep,0.2744,sheep,0.2744,sheep (0.2744),elephant (0.2354),cow (0.1178),horse (0.0758),chicken (0.0731),True,True
c:\Users\Alan\python\MMIP\week3\data\Dataset\sheep\sheep (311).jpeg,sheep,0.7757,sheep,0.7757,sheep (0.7757),cow (0.0466),horse (0.0351),dog (0.0324),spider (0.0293),True,True
c:\Users\Alan\python\MMIP\week3\data\Dataset\sheep\sheep (1172).jpeg,sheep,0.8817,sheep,0.8817,sheep (0.8817),horse (0.0235),cow (0.0225),butterfly (0.0176),dog (0.0125),True,True
c:\Users\Alan\python\MMIP\week3\data\Dataset\sheep\sheep (1189).jpeg,sheep,0.7994,sheep,0.7994,sheep (0.7994),horse (0.0553),butterfly (0.0347),elephant (0.0313),chicken (0.0288),True,True
c:\Users\Alan\python\MMIP\week3\data\Dataset\sheep\sheep (197).jpg,sheep,0.9625,sheep,0.9625,sheep (0.9625),cat (0.0066),cow (0.0061),horse (0.0052),butterfly (0.0045),True,True
c:\Users\Alan\python\MMIP\week3\data\Dataset\sheep\sheep (47).jpeg,sheep,0.0798,squirrel,0.2139,squirrel (0.2139),chicken (0.1739),cat (0.1548),butterfly (0.1180),spider (0.1023),False,False
c:\Users\Alan\python\MMIP\week3\data\Dataset\sheep\sheep (362).jpeg,sheep,0.7263,sheep,0.7263,sheep (0.7263),dog (0.1006),spider (0.0823),squirrel (0.0260),butterfly (0.0186),True,True
c:\Users\Alan\python\MMIP\week3\data\Dataset\sheep\sheep (966).jpeg,sheep,0.8383,sheep,0.8383,sheep (0.8383),dog (0.0556),cat (0.0285),butterfly (0.0284),chicken (0.0171),True,True
c:\Users\Alan\python\MMIP\week3\data\Dataset\sheep\sheep (224).jpg,sheep,0.4904,sheep,0.4904,sheep (0.4904),cow (0.1153),horse (0.1058),dog (0.0738),cat (0.0568),True,True
c:\Users\Alan\python\MMIP\week3\data\Dataset\sheep\sheep (352).jpeg,sheep,0.0197,dog,0.2486,dog (0.2486),chicken (0.2168),elephant (0.1165),spider (0.0903),cat (0.0797),False,False
c:\Users\Alan\python\MMIP\week3\data\Dataset\sheep\sheep (1077).jpeg,sheep,0.0512,cow,0.4352,cow (0.4352),horse (0.1927),elephant (0.1385),squirrel (0.0928),sheep (0.0512),False,True
c:\Users\Alan\python\MMIP\week3\data\Dataset\sheep\sheep (737).jpeg,sheep,0.9121,sheep,0.9121,sheep (0.9121),squirrel (0.0201),elephant (0.0187),cow (0.0184),butterfly (0.0110),True,True
c:\Users\Alan\python\MMIP\week3\data\Dataset\sheep\sheep (639).jpeg,sheep,0.9401,sheep,0.9401,sheep (0.9401),spider (0.0179),elephant (0.0085),cat (0.0081),chicken (0.0069),True,True
c:\Users\Alan\python\MMIP\week3\data\Dataset\sheep\sheep (508).jpeg,sheep,0.9631,sheep,0.9631,sheep (0.9631),cat (0.0087),elephant (0.0084),squirrel (0.0053),cow (0.0038),True,True
c:\Users\Alan\python\MMIP\week3\data\Dataset\sheep\sheep (1230).jpeg,sheep,0.9553,sheep,0.9553,sheep (0.9553),squirrel (0.0116),dog (0.0081),cat (0.0072),butterfly (0.0045),True,True
c:\Users\Alan\python\MMIP\week3\data\Dataset\sheep\sheep (882).jpeg,sheep,0.8153,sheep,0.8153,sheep (0.8153),squirrel (0.0518),spider (0.0399),dog (0.0361),cow (0.0197),True,True
c:\Users\Alan\python\MMIP\week3\data\Dataset\sheep\sheep (1386).jpeg,sheep,0.9319,sheep,0.9319,sheep (0.9319),squirrel (0.0163),horse (0.0123),spider (0.0076),dog (0.0065),True,True
c:\Users\Alan\python\MMIP\week3\data\Dataset\sheep\sheep (590).jpeg,sheep,0.1511,dog,0.5508,dog (0.5508),sheep (0.1511),elephant (0.0760),squirrel (0.0638),horse (0.0416),False,True
c:\Users\Alan\python\MMIP\week3\data\Dataset\sheep\sheep (1324).jpeg,sheep,0.9568,sheep,0.9568,sheep (0.9568),dog (0.0107),squirrel (0.0076),cat (0.0066),butterfly (0.0045),True,True
c:\Users\Alan\python\MMIP\week3\data\Dataset\sheep\sheep (1346).jpeg,sheep,0.9841,sheep,0.9841,sheep (0.9841),butterfly (0.0031),horse (0.0027),cat (0.0023),elephant (0.0021),True,True
c:\Users\Alan\python\MMIP\week3\data\Dataset\sheep\sheep (1297).jpeg,sheep,0.9105,sheep,0.9105,sheep (0.9105),squirrel (0.0153),elephant (0.0123),chicken (0.0114),spider (0.0093),True,True
c:\Users\Alan\python\MMIP\week3\data\Dataset\sheep\sheep (65).jpg,sheep,0.9008,sheep,0.9008,sheep (0.9008),dog (0.0380),spider (0.0171),butterfly (0.0126),squirrel (0.0094),True,True
c:\Users\Alan\python\MMIP\week3\data\Dataset\sheep\sheep (202).jpeg,sheep,0.644,sheep,0.644,sheep (0.6440),elephant (0.0752),squirrel (0.0669),cow (0.0511),horse (0.0459),True,True
c:\Users\Alan\python\MMIP\week3\data\Dataset\sheep\sheep (371).jpg,sheep,0.7858,sheep,0.7858,sheep (0.7858),elephant (0.0626),chicken (0.0368),dog (0.0326),cow (0.0233),True,True
c:\Users\Alan\python\MMIP\week3\data\Dataset\sheep\sheep (813).jpeg,sheep,0.9343,sheep,0.9343,sheep (0.9343),dog (0.0179),horse (0.0118),butterfly (0.0070),cat (0.0070),True,True
c:\Users\Alan\python\MMIP\week3\data\Dataset\sheep\sheep (1208).jpeg,sheep,0.6709,sheep,0.6709,sheep (0.6709),elephant (0.1459),dog (0.0456),butterfly (0.0300),cow (0.0286),True,True
c:\Users\Alan\python\MMIP\week3\data\Dataset\sheep\sheep (152).jpeg,sheep,0.9896,sheep,0.9896,sheep (0.9896),chicken (0.0026),butterfly (0.0015),spider (0.0015),squirrel (0.0011),True,True
c:\Users\Alan\python\MMIP\week3\data\Dataset\sheep\sheep (285).jpg,sheep,0.919,sheep,0.919,sheep (0.9190),dog (0.0174),chicken (0.0140),butterfly (0.0124),elephant (0.0110),True,True
c:\Users\Alan\python\MMIP\week3\data\Dataset\sheep\sheep (895).jpeg,sheep,0.1475,horse,0.2183,horse (0.2183),dog (0.1993),cow (0.1561),sheep (0.1475),spider (0.0656),False,True
c:\Users\Alan\python\MMIP\week3\data\Dataset\sheep\sheep (1012).jpeg,sheep,0.5523,sheep,0.5523,sheep (0.5523),horse (0.1471),chicken (0.0743),squirrel (0.0414),cow (0.0395),True,True
c:\Users\Alan\python\MMIP\week3\data\Dataset\sheep\sheep (842).jpeg,sheep,0.6898,sheep,0.6898,sheep (0.6898),cow (0.1615),horse (0.0399),butterfly (0.0231),squirrel (0.0176),True,True
c:\Users\Alan\python\MMIP\week3\data\Dataset\sheep\sheep (1019).jpeg,sheep,0.9788,sheep,0.9788,sheep (0.9788),chicken (0.0057),dog (0.0042),spider (0.0030),butterfly (0.0029),True,True
c:\Users\Alan\python\MMIP\week3\data\Dataset\sheep\sheep (89).jpeg,sheep,0.295,sheep,0.295,sheep (0.2950),dog (0.1644),horse (0.1487),cow (0.0992),chicken (0.0859),True,True
c:\Users\Alan\python\MMIP\week3\data\Dataset\sheep\sheep (900).jpeg,sheep,0.9635,sheep,0.9635,sheep (0.9635),butterfly (0.0073),spider (0.0071),cat (0.0047),squirrel (0.0036),True,True
c:\Users\Alan\python\MMIP\week3\data\Dataset\sheep\sheep (344).jpg,sheep,0.8482,sheep,0.8482,sheep (0.8482),dog (0.0290),cat (0.0238),elephant (0.0229),cow (0.0178),True,True
c:\Users\Alan\python\MMIP\week3\data\Dataset\sheep\sheep (1018).jpeg,sheep,0.8038,sheep,0.8038,sheep (0.8038),dog (0.0438),horse (0.0421),butterfly (0.0209),spider (0.0202),True,True
c:\Users\Alan\python\MMIP\week3\data\Dataset\sheep\sheep (109).jpg,sheep,0.6526,sheep,0.6526,sheep (0.6526),cat (0.1302),spider (0.0810),squirrel (0.0393),elephant (0.0295),True,True
c:\Users\Alan\python\MMIP\week3\data\Dataset\sheep\sheep (1403).jpeg,sheep,0.7744,sheep,0.7744,sheep (0.7744),chicken (0.0940),cat (0.0538),dog (0.0409),cow (0.0109),True,True
c:\Users\Alan\python\MMIP\week3\data\Dataset\sheep\sheep (375).jpeg,sheep,0.9651,sheep,0.9651,sheep (0.9651),spider (0.0059),squirrel (0.0050),cat (0.0048),elephant (0.0046),True,True
c:\Users\Alan\python\MMIP\week3\data\Dataset\sheep\sheep (849).jpeg,sheep,0.954,sheep,0.954,sheep (0.9540),dog (0.0094),squirrel (0.0076),horse (0.0059),cow (0.0055),True,True
c:\Users\Alan\python\MMIP\week3\data\Dataset\sheep\sheep (178).jpg,sheep,0.2608,dog,0.6829,dog (0.6829),sheep (0.2608),cat (0.0191),cow (0.0103),butterfly (0.0088),False,True
c:\Users\Alan\python\MMIP\week3\data\Dataset\sheep\sheep (547).jpeg,sheep,0.8897,sheep,0.8897,sheep (0.8897),cow (0.0698),horse (0.0097),squirrel (0.0067),elephant (0.0050),True,True
c:\Users\Alan\python\MMIP\week3\data\Dataset\sheep\sheep (385).jpeg,sheep,0.9101,sheep,0.9101,sheep (0.9101),cow (0.0301),dog (0.0218),chicken (0.0104),butterfly (0.0090),True,True
c:\Users\Alan\python\MMIP\week3\data\Dataset\sheep\sheep (213).jpg,sheep,0.9746,sheep,0.9746,sheep (0.9746),cat (0.0058),butterfly (0.0043),squirrel (0.0035),spider (0.0035),True,True
c:\Users\Alan\python\MMIP\week3\data\Dataset\sheep\sheep (77).jpg,sheep,0.9572,sheep,0.9572,sheep (0.9572),butterfly (0.0103),spider (0.0080),elephant (0.0064),horse (0.0057),True,True
c:\Users\Alan\python\MMIP\week3\data\Dataset\sheep\sheep (1206).jpeg,sheep,0.5804,sheep,0.5804,sheep (0.5804),dog (0.1330),elephant (0.0642),horse (0.0588),cat (0.0418),True,True
c:\Users\Alan\python\MMIP\week3\data\Dataset\sheep\sheep (1087).jpeg,sheep,0.4222,sheep,0.4222,sheep (0.4222),cow (0.1630),chicken (0.1485),squirrel (0.0698),elephant (0.0520),True,True
c:\Users\Alan\python\MMIP\week3\data\Dataset\sheep\sheep (217).jpeg,sheep,0.9623,sheep,0.9623,sheep (0.9623),cow (0.0165),butterfly (0.0043),squirrel (0.0041),dog (0.0030),True,True
c:\Users\Alan\python\MMIP\week3\data\Dataset\sheep\sheep (1126).jpeg,sheep,0.6673,sheep,0.6673,sheep (0.6673),horse (0.0638),dog (0.0605),elephant (0.0409),squirrel (0.0380),True,True
c:\Users\Alan\python\MMIP\week3\data\Dataset\sheep\sheep (200).jpg,sheep,0.9337,sheep,0.9337,sheep (0.9337),cat (0.0137),elephant (0.0110),horse (0.0107),cow (0.0079),True,True
c:\Users\Alan\python\MMIP\week3\data\Dataset\sheep\sheep (782).jpeg,sheep,0.9552,sheep,0.9552,sheep (0.9552),butterfly (0.0168),spider (0.0097),elephant (0.0066),cat (0.0047),True,True
c:\Users\Alan\python\MMIP\week3\data\Dataset\sheep\sheep (1084).jpeg,sheep,0.9651,sheep,0.9651,sheep (0.9651),elephant (0.0094),butterfly (0.0063),spider (0.0039),horse (0.0035),True,True
c:\Users\Alan\python\MMIP\week3\data\Dataset\sheep\sheep (407).jpeg,sheep,0.9389,sheep,0.9389,sheep (0.9389),squirrel (0.0104),cow (0.0093),elephant (0.0091),butterfly (0.0079),True,True
c:\Users\Alan\python\MMIP\week3\data\Dataset\sheep\sheep (338).jpg,sheep,0.088,dog,0.1927,dog (0.1927),cat (0.1621),butterfly (0.1441),horse (0.1227),sheep (0.0880),False,True
c:\Users\Alan\python\MMIP\week3\data\Dataset\sheep\sheep (629).jpeg,sheep,0.9827,sheep,0.9827,sheep (0.9827),spider (0.0051),horse (0.0035),elephant (0.0023),butterfly (0.0021),True,True
c:\Users\Alan\python\MMIP\week3\data\Dataset\sheep\sheep (102).jpeg,sheep,0.9852,sheep,0.9852,sheep (0.9852),horse (0.0079),spider (0.0014),butterfly (0.0011),cat (0.0011),True,True
c:\Users\Alan\python\MMIP\week3\data\Dataset\sheep\sheep (977).jpeg,sheep,0.6092,sheep,0.6092,sheep (0.6092),dog (0.1859),chicken (0.0900),cat (0.0343),horse (0.0272),True,True
c:\Users\Alan\python\MMIP\week3\data\Dataset\sheep\sheep (274).jpg,sheep,0.5716,sheep,0.5716,sheep (0.5716),dog (0.2246),cow (0.0535),squirrel (0.0383),elephant (0.0370),True,True
c:\Users\Alan\python\MMIP\week3\data\Dataset\sheep\sheep (925).jpeg,sheep,0.9263,sheep,0.9263,sheep (0.9263),chicken (0.0114),horse (0.0101),spider (0.0100),cat (0.0090),True,True
c:\Users\Alan\python\MMIP\week3\data\Dataset\sheep\sheep (441).jpeg,sheep,0.7217,sheep,0.7217,sheep (0.7217),horse (0.0614),cow (0.0484),elephant (0.0473),dog (0.0303),True,True
c:\Users\Alan\python\MMIP\week3\data\Dataset\sheep\sheep (1306).jpeg,sheep,0.5514,sheep,0.5514,sheep (0.5514),cow (0.1693),horse (0.0878),dog (0.0720),butterfly (0.0363),True,True
c:\Users\Alan\python\MMIP\week3\data\Dataset\sheep\sheep (336).jpg,sheep,0.6763,sheep,0.6763,sheep (0.6763),elephant (0.0766),dog (0.0687),squirrel (0.0380),cat (0.0319),True,True
c:\Users\Alan\python\MMIP\week3\data\Dataset\sheep\sheep (56).jpg,sheep,0.1461,elephant,0.4264,elephant (0.4264),cow (0.1518),sheep (0.1461),horse (0.1093),spider (0.0668),False,True
c:\Users\Alan\python\MMIP\week3\data\Dataset\sheep\sheep (1362).jpeg,sheep,0.344,sheep,0.344,sheep (0.3440),chicken (0.1981),spider (0.1870),squirrel (0.1075),dog (0.0446),True,True
c:\Users\Alan\python\MMIP\week3\data\Dataset\sheep\sheep (224).jpeg,sheep,0.9637,sheep,0.9637,sheep (0.9637),horse (0.0078),cat (0.0053),squirrel (0.0041),butterfly (0.0041),True,True
c:\Users\Alan\python\MMIP\week3\data\Dataset\sheep\sheep (219).jpg,sheep,0.6061,sheep,0.6061,sheep (0.6061),elephant (0.0730),cow (0.0701),dog (0.0582),spider (0.0473),True,True
c:\Users\Alan\python\MMIP\week3\data\Dataset\sheep\sheep (1222).jpeg,sheep,0.8449,sheep,0.8449,sheep (0.8449),cow (0.0490),horse (0.0335),elephant (0.0166),butterfly (0.0156),True,True
c:\Users\Alan\python\MMIP\week3\data\Dataset\sheep\sheep (712).jpeg,sheep,0.9392,sheep,0.9392,sheep (0.9392),spider (0.0188),chicken (0.0118),dog (0.0075),butterfly (0.0065),True,True
c:\Users\Alan\python\MMIP\week3\data\Dataset\sheep\sheep (1020).jpeg,sheep,0.6524,sheep,0.6524,sheep (0.6524),horse (0.1937),cat (0.0453),butterfly (0.0270),chicken (0.0257),True,True
c:\Users\Alan\python\MMIP\week3\data\Dataset\sheep\sheep (121).jpeg,sheep,0.8391,sheep,0.8391,sheep (0.8391),cow (0.0450),cat (0.0396),squirrel (0.0201),horse (0.0178),True,True
c:\Users\Alan\python\MMIP\week3\data\Dataset\sheep\sheep (665).jpeg,sheep,0.9787,sheep,0.9787,sheep (0.9787),chicken (0.0064),cow (0.0043),dog (0.0029),horse (0.0027),True,True
c:\Users\Alan\python\MMIP\week3\data\Dataset\sheep\sheep (787).jpeg,sheep,0.084,horse,0.5086,horse (0.5086),dog (0.1346),sheep (0.0840),cow (0.0825),squirrel (0.0713),False,True
c:\Users\Alan\python\MMIP\week3\data\Dataset\sheep\sheep (591).jpeg,sheep,0.3625,sheep,0.3625,sheep (0.3625),chicken (0.3480),dog (0.0776),horse (0.0561),cow (0.0529),True,True
c:\Users\Alan\python\MMIP\week3\data\Dataset\sheep\sheep (283).jpg,sheep,0.7248,sheep,0.7248,sheep (0.7248),cow (0.0802),dog (0.0478),chicken (0.0398),butterfly (0.0253),True,True
c:\Users\Alan\python\MMIP\week3\data\Dataset\sheep\sheep (578).jpeg,sheep,0.5793,sheep,0.5793,sheep (0.5793),horse (0.2583),cow (0.0546),spider (0.0297),butterfly (0.0200),True,True
c:\Users\Alan\python\MMIP\week3\data\Dataset\sheep\sheep (1149).jpeg,sheep,0.5326,sheep,0.5326,sheep (0.5326),dog (0.1889),chicken (0.0778),cat (0.0743),spider (0.0440),True,True
c:\Users\Alan\python\MMIP\week3\data\Dataset\sheep\sheep (910).jpeg,sheep,0.9064,sheep,0.9064,sheep (0.9064),squirrel (0.0301),chicken (0.0147),cow (0.0135),butterfly (0.0077),True,True
c:\Users\Alan\python\MMIP\week3\data\Dataset\sheep\sheep (206).jpg,sheep,0.7206,sheep,0.7206,sheep (0.7206),cow (0.0833),chicken (0.0561),horse (0.0323),dog (0.0295),True,True
c:\Users\Alan\python\MMIP\week3\data\Dataset\sheep\sheep (252).jpeg,sheep,0.9586,sheep,0.9586,sheep (0.9586),dog (0.0168),squirrel (0.0067),cat (0.0047),butterfly (0.0028),True,True
c:\Users\Alan\python\MMIP\week3\data\Dataset\sheep\sheep (227).jpeg,sheep,0.1924,dog,0.4798,dog (0.4798),sheep (0.1924),cow (0.0817),horse (0.0681),chicken (0.0648),False,True
c:\Users\Alan\python\MMIP\week3\data\Dataset\sheep\sheep (770).jpeg,sheep,0.9331,sheep,0.9331,sheep (0.9331),elephant (0.0208),chicken (0.0100),spider (0.0087),squirrel (0.0076),True,True
c:\Users\Alan\python\MMIP\week3\data\Dataset\sheep\sheep (268).jpg,sheep,0.5497,sheep,0.5497,sheep (0.5497),dog (0.2789),cat (0.0522),elephant (0.0356),squirrel (0.0328),True,True
c:\Users\Alan\python\MMIP\week3\data\Dataset\sheep\sheep (104).jpg,sheep,0.3305,sheep,0.3305,sheep (0.3305),dog (0.2696),cat (0.1366),cow (0.0935),squirrel (0.0923),True,True
c:\Users\Alan\python\MMIP\week3\data\Dataset\sheep\sheep (182).jpeg,sheep,0.7002,sheep,0.7002,sheep (0.7002),cow (0.1644),elephant (0.0289),squirrel (0.0241),horse (0.0233),True,True
c:\Users\Alan\python\MMIP\week3\data\Dataset\sheep\sheep (443).jpeg,sheep,0.8807,sheep,0.8807,sheep (0.8807),horse (0.0216),dog (0.0195),chicken (0.0179),elephant (0.0144),True,True
c:\Users\Alan\python\MMIP\week3\data\Dataset\sheep\sheep (310).jpg,sheep,0.5443,sheep,0.5443,sheep (0.5443),cat (0.1598),spider (0.0683),dog (0.0453),chicken (0.0428),True,True
c:\Users\Alan\python\MMIP\week3\data\Dataset\sheep\sheep (225).jpeg,sheep,0.954,sheep,0.954,sheep (0.9540),dog (0.0102),chicken (0.0077),cat (0.0075),squirrel (0.0051),True,True
c:\Users\Alan\python\MMIP\week3\data\Dataset\sheep\sheep (42).jpg,sheep,0.8139,sheep,0.8139,sheep (0.8139),cat (0.0912),dog (0.0211),butterfly (0.0182),elephant (0.0158),True,True
c:\Users\Alan\python\MMIP\week3\data\Dataset\sheep\sheep (92).jpg,sheep,0.5301,sheep,0.5301,sheep (0.5301),dog (0.1693),cat (0.0862),elephant (0.0418),chicken (0.0400),True,True
c:\Users\Alan\python\MMIP\week3\data\Dataset\sheep\sheep (149).jpeg,sheep,0.4028,sheep,0.4028,sheep (0.4028),horse (0.1630),dog (0.1461),squirrel (0.1335),cow (0.0671),True,True
c:\Users\Alan\python\MMIP\week3\data\Dataset\sheep\sheep (239).jpg,sheep,0.8192,sheep,0.8192,sheep (0.8192),spider (0.0330),squirrel (0.0323),dog (0.0321),cat (0.0286),True,True
c:\Users\Alan\python\MMIP\week3\data\Dataset\sheep\sheep (1332).jpeg,sheep,0.9009,sheep,0.9009,sheep (0.9009),squirrel (0.0294),cat (0.0255),cow (0.0151),spider (0.0074),True,True
c:\Users\Alan\python\MMIP\week3\data\Dataset\sheep\sheep (424).jpeg,sheep,0.7853,sheep,0.7853,sheep (0.7853),spider (0.0556),horse (0.0458),cow (0.0334),chicken (0.0203),True,True
c:\Users\Alan\python\MMIP\week3\data\Dataset\sheep\sheep (117).jpg,sheep,0.1382,dog,0.2934,dog (0.2934),cow (0.1497),sheep (0.1382),spider (0.0946),squirrel (0.0875),False,True
c:\Users\Alan\python\MMIP\week3\data\Dataset\sheep\sheep (1322).jpeg,sheep,0.1379,dog,0.577,dog (0.5770),sheep (0.1379),horse (0.0798),cow (0.0629),cat (0.0513),False,True
c:\Users\Alan\python\MMIP\week3\data\Dataset\sheep\sheep (1279).jpeg,sheep,0.9697,sheep,0.9697,sheep (0.9697),cat (0.0052),squirrel (0.0051),butterfly (0.0043),chicken (0.0040),True,True
c:\Users\Alan\python\MMIP\week3\data\Dataset\sheep\sheep (860).jpeg,sheep,0.0445,butterfly,0.2266,butterfly (0.2266),chicken (0.2070),horse (0.1603),dog (0.1014),squirrel (0.0989),False,False
c:\Users\Alan\python\MMIP\week3\data\Dataset\sheep\sheep (166).jpg,sheep,0.9091,sheep,0.9091,sheep (0.9091),cow (0.0293),horse (0.0253),butterfly (0.0093),cat (0.0063),True,True
c:\Users\Alan\python\MMIP\week3\data\Dataset\sheep\sheep (758).jpeg,sheep,0.9385,sheep,0.9385,sheep (0.9385),horse (0.0146),squirrel (0.0112),butterfly (0.0067),spider (0.0067),True,True
c:\Users\Alan\python\MMIP\week3\data\Dataset\sheep\sheep (613).jpeg,sheep,0.474,sheep,0.474,sheep (0.4740),cow (0.1332),chicken (0.1092),elephant (0.0750),butterfly (0.0484),True,True
c:\Users\Alan\python\MMIP\week3\data\Dataset\sheep\sheep (275).jpg,sheep,0.1704,cat,0.3957,cat (0.3957),dog (0.1887),sheep (0.1704),chicken (0.0867),squirrel (0.0544),False,True
c:\Users\Alan\python\MMIP\week3\data\Dataset\sheep\sheep (1376).jpeg,sheep,0.3293,sheep,0.3293,sheep (0.3293),dog (0.1772),horse (0.1198),cow (0.0856),chicken (0.0812),True,True
c:\Users\Alan\python\MMIP\week3\data\Dataset\sheep\sheep (504).jpeg,sheep,0.9868,sheep,0.9868,sheep (0.9868),spider (0.0036),cat (0.0026),butterfly (0.0022),chicken (0.0019),True,True
c:\Users\Alan\python\MMIP\week3\data\Dataset\sheep\sheep (697).jpeg,sheep,0.8849,sheep,0.8849,sheep (0.8849),cat (0.0282),spider (0.0202),butterfly (0.0157),dog (0.0156),True,True
c:\Users\Alan\python\MMIP\week3\data\Dataset\sheep\sheep (373).jpeg,sheep,0.3683,sheep,0.3683,sheep (0.3683),dog (0.2199),cow (0.1165),chicken (0.0897),cat (0.0891),True,True
c:\Users\Alan\python\MMIP\week3\data\Dataset\sheep\sheep (161).jpg,sheep,0.2109,sheep,0.2109,sheep (0.2109),spider (0.1614),chicken (0.1598),butterfly (0.1243),horse (0.1003),True,True
c:\Users\Alan\python\MMIP\week3\data\Dataset\sheep\sheep (550).jpeg,sheep,0.8501,sheep,0.8501,sheep (0.8501),elephant (0.0641),butterfly (0.0167),chicken (0.0130),cat (0.0127),True,True
c:\Users\Alan\python\MMIP\week3\data\Dataset\sheep\sheep (351).jpeg,sheep,0.8534,sheep,0.8534,sheep (0.8534),dog (0.0394),butterfly (0.0196),horse (0.0154),spider (0.0144),True,True
c:\Users\Alan\python\MMIP\week3\data\Dataset\sheep\sheep (1328).jpeg,sheep,0.9591,sheep,0.9591,sheep (0.9591),cow (0.0134),elephant (0.0047),cat (0.0045),butterfly (0.0043),True,True
c:\Users\Alan\python\MMIP\week3\data\Dataset\sheep\sheep (514).jpeg,sheep,0.9849,sheep,0.9849,sheep (0.9849),cow (0.0031),horse (0.0024),butterfly (0.0024),chicken (0.0017),True,True
c:\Users\Alan\python\MMIP\week3\data\Dataset\sheep\sheep (37).jpg,sheep,0.9891,sheep,0.9891,sheep (0.9891),chicken (0.0024),butterfly (0.0023),spider (0.0016),cow (0.0011),True,True
c:\Users\Alan\python\MMIP\week3\data\Dataset\sheep\sheep (205).jpg,sheep,0.8175,sheep,0.8175,sheep (0.8175),cow (0.0632),cat (0.0299),elephant (0.0180),butterfly (0.0169),True,True
c:\Users\Alan\python\MMIP\week3\data\Dataset\sheep\sheep (157).jpg,sheep,0.8977,sheep,0.8977,sheep (0.8977),cat (0.0503),butterfly (0.0154),chicken (0.0073),elephant (0.0066),True,True
c:\Users\Alan\python\MMIP\week3\data\Dataset\sheep\sheep (6).jpeg,sheep,0.9468,sheep,0.9468,sheep (0.9468),cow (0.0208),chicken (0.0073),elephant (0.0072),horse (0.0055),True,True
c:\Users\Alan\python\MMIP\week3\data\Dataset\sheep\sheep (716).jpeg,sheep,0.9174,sheep,0.9174,sheep (0.9174),spider (0.0247),elephant (0.0138),squirrel (0.0110),horse (0.0108),True,True
c:\Users\Alan\python\MMIP\week3\data\Dataset\sheep\sheep (386).jpeg,sheep,0.9554,sheep,0.9554,sheep (0.9554),butterfly (0.0099),spider (0.0089),chicken (0.0058),dog (0.0053),True,True
c:\Users\Alan\python\MMIP\week3\data\Dataset\sheep\sheep (762).jpeg,sheep,0.8757,sheep,0.8757,sheep (0.8757),spider (0.0598),horse (0.0134),squirrel (0.0102),butterfly (0.0097),True,True
c:\Users\Alan\python\MMIP\week3\data\Dataset\sheep\sheep (149).jpg,sheep,0.1803,dog,0.6463,dog (0.6463),sheep (0.1803),spider (0.0319),squirrel (0.0262),cow (0.0248),False,True
c:\Users\Alan\python\MMIP\week3\data\Dataset\sheep\sheep (1050).jpeg,sheep,0.205,horse,0.2933,horse (0.2933),sheep (0.2050),cow (0.1873),chicken (0.0876),elephant (0.0547),False,True
c:\Users\Alan\python\MMIP\week3\data\Dataset\sheep\sheep (12).jpeg,sheep,0.6967,sheep,0.6967,sheep (0.6967),horse (0.1951),elephant (0.0272),cat (0.0253),dog (0.0228),True,True
c:\Users\Alan\python\MMIP\week3\data\Dataset\sheep\sheep (1244).jpeg,sheep,0.9121,sheep,0.9121,sheep (0.9121),chicken (0.0291),elephant (0.0115),butterfly (0.0101),cow (0.0098),True,True
c:\Users\Alan\python\MMIP\week3\data\Dataset\sheep\sheep (1036).jpeg,sheep,0.9644,sheep,0.9644,sheep (0.9644),cow (0.0109),chicken (0.0049),butterfly (0.0034),elephant (0.0032),True,True
c:\Users\Alan\python\MMIP\week3\data\Dataset\sheep\sheep (293).jpg,sheep,0.7954,sheep,0.7954,sheep (0.7954),spider (0.1075),squirrel (0.0222),elephant (0.0179),dog (0.0177),True,True
c:\Users\Alan\python\MMIP\week3\data\Dataset\sheep\sheep (250).jpg,sheep,0.1443,cow,0.3941,cow (0.3941),squirrel (0.2019),sheep (0.1443),spider (0.0725),butterfly (0.0551),False,True
c:\Users\Alan\python\MMIP\week3\data\Dataset\sheep\sheep (185).jpeg,sheep,0.9078,sheep,0.9078,sheep (0.9078),horse (0.0233),dog (0.0183),chicken (0.0115),butterfly (0.0085),True,True
c:\Users\Alan\python\MMIP\week3\data\Dataset\sheep\sheep (661).jpeg,sheep,0.494,sheep,0.494,sheep (0.4940),chicken (0.3144),dog (0.0400),squirrel (0.0342),cow (0.0331),True,True
c:\Users\Alan\python\MMIP\week3\data\Dataset\sheep\sheep (174).jpg,sheep,0.6928,sheep,0.6928,sheep (0.6928),cat (0.0892),squirrel (0.0551),dog (0.0336),elephant (0.0286),True,True
c:\Users\Alan\python\MMIP\week3\data\Dataset\sheep\sheep (99).jpeg,sheep,0.3138,sheep,0.3138,sheep (0.3138),squirrel (0.1698),cat (0.1316),chicken (0.1182),cow (0.0985),True,True
c:\Users\Alan\python\MMIP\week3\data\Dataset\sheep\sheep (1098).jpeg,sheep,0.8031,sheep,0.8031,sheep (0.8031),dog (0.0445),elephant (0.0392),chicken (0.0291),butterfly (0.0251),True,True
c:\Users\Alan\python\MMIP\week3\data\Dataset\sheep\sheep (267).jpeg,sheep,0.5014,sheep,0.5014,sheep (0.5014),cow (0.2163),horse (0.1073),dog (0.0448),squirrel (0.0382),True,True
c:\Users\Alan\python\MMIP\week3\data\Dataset\sheep\sheep (807).jpeg,sheep,0.2488,cow,0.4064,cow (0.4064),sheep (0.2488),horse (0.1570),chicken (0.0701),cat (0.0370),False,True
c:\Users\Alan\python\MMIP\week3\data\Dataset\sheep\sheep (1247).jpeg,sheep,0.9692,sheep,0.9692,sheep (0.9692),spider (0.0074),horse (0.0044),elephant (0.0040),butterfly (0.0034),True,True
c:\Users\Alan\python\MMIP\week3\data\Dataset\sheep\sheep (180).jpg,sheep,0.7928,sheep,0.7928,sheep (0.7928),dog (0.0830),cat (0.0381),horse (0.0267),chicken (0.0224),True,True
c:\Users\Alan\python\MMIP\week3\data\Dataset\sheep\sheep (1056).jpeg,sheep,0.99,sheep,0.99,sheep (0.9900),butterfly (0.0024),squirrel (0.0020),elephant (0.0020),spider (0.0011),True,True
c:\Users\Alan\python\MMIP\week3\data\Dataset\sheep\sheep (1122).jpeg,sheep,0.8899,sheep,0.8899,sheep (0.8899),chicken (0.0356),elephant (0.0192),cow (0.0185),dog (0.0132),True,True
c:\Users\Alan\python\MMIP\week3\data\Dataset\sheep\sheep (1142).jpeg,sheep,0.9644,sheep,0.9644,sheep (0.9644),dog (0.0153),chicken (0.0068),butterfly (0.0047),horse (0.0021),True,True
c:\Users\Alan\python\MMIP\week3\data\Dataset\sheep\sheep (769).jpeg,sheep,0.9741,sheep,0.9741,sheep (0.9741),horse (0.0050),spider (0.0035),chicken (0.0033),cat (0.0032),True,True
c:\Users\Alan\python\MMIP\week3\data\Dataset\sheep\sheep (669).jpeg,sheep,0.9767,sheep,0.9767,sheep (0.9767),butterfly (0.0064),spider (0.0048),cow (0.0026),elephant (0.0024),True,True
c:\Users\Alan\python\MMIP\week3\data\Dataset\sheep\sheep (143).jpeg,sheep,0.9263,sheep,0.9263,sheep (0.9263),cat (0.0150),dog (0.0116),elephant (0.0110),horse (0.0091),True,True
c:\Users\Alan\python\MMIP\week3\data\Dataset\sheep\sheep (644).jpeg,sheep,0.7287,sheep,0.7287,sheep (0.7287),cow (0.0748),elephant (0.0362),spider (0.0357),dog (0.0336),True,True
c:\Users\Alan\python\MMIP\week3\data\Dataset\sheep\sheep (672).jpeg,sheep,0.3586,horse,0.3785,horse (0.3785),sheep (0.3586),cow (0.1469),cat (0.0226),elephant (0.0222),False,True
c:\Users\Alan\python\MMIP\week3\data\Dataset\sheep\sheep (147).jpeg,sheep,0.8863,sheep,0.8863,sheep (0.8863),cow (0.0358),horse (0.0162),butterfly (0.0128),spider (0.0128),True,True
c:\Users\Alan\python\MMIP\week3\data\Dataset\sheep\sheep (328).jpeg,sheep,0.9726,sheep,0.9726,sheep (0.9726),squirrel (0.0052),spider (0.0046),elephant (0.0038),chicken (0.0036),True,True
c:\Users\Alan\python\MMIP\week3\data\Dataset\sheep\sheep (1387).jpeg,sheep,0.7819,sheep,0.7819,sheep (0.7819),chicken (0.0447),cow (0.0354),cat (0.0333),horse (0.0256),True,True
c:\Users\Alan\python\MMIP\week3\data\Dataset\sheep\sheep (218).jpg,sheep,0.6727,sheep,0.6727,sheep (0.6727),dog (0.1997),spider (0.0243),cat (0.0208),cow (0.0165),True,True
c:\Users\Alan\python\MMIP\week3\data\Dataset\sheep\sheep (405).jpeg,sheep,0.1,chicken,0.3098,chicken (0.3098),elephant (0.1400),squirrel (0.1322),cat (0.1032),sheep (0.1000),False,True
c:\Users\Alan\python\MMIP\week3\data\Dataset\sheep\sheep (586).jpeg,sheep,0.9217,sheep,0.9217,sheep (0.9217),spider (0.0179),horse (0.0169),butterfly (0.0133),chicken (0.0066),True,True
c:\Users\Alan\python\MMIP\week3\data\Dataset\sheep\sheep (1303).jpeg,sheep,0.9696,sheep,0.9696,sheep (0.9696),elephant (0.0067),butterfly (0.0056),horse (0.0054),squirrel (0.0042),True,True
c:\Users\Alan\python\MMIP\week3\data\Dataset\sheep\sheep (211).jpeg,sheep,0.946,sheep,0.946,sheep (0.9460),horse (0.0128),elephant (0.0091),cow (0.0082),squirrel (0.0068),True,True
c:\Users\Alan\python\MMIP\week3\data\Dataset\sheep\sheep (109).jpeg,sheep,0.7416,sheep,0.7416,sheep (0.7416),horse (0.0456),cow (0.0409),dog (0.0371),squirrel (0.0305),True,True
c:\Users\Alan\python\MMIP\week3\data\Dataset\sheep\sheep (821).jpeg,sheep,0.9746,sheep,0.9746,sheep (0.9746),cat (0.0071),chicken (0.0044),squirrel (0.0042),cow (0.0022),True,True
c:\Users\Alan\python\MMIP\week3\data\Dataset\sheep\sheep (181).jpeg,sheep,0.9169,sheep,0.9169,sheep (0.9169),cat (0.0225),squirrel (0.0219),cow (0.0133),elephant (0.0066),True,True
c:\Users\Alan\python\MMIP\week3\data\Dataset\sheep\sheep (897).jpeg,sheep,0.0369,cow,0.4562,cow (0.4562),chicken (0.1870),squirrel (0.1060),butterfly (0.0860),dog (0.0489),False,False
c:\Users\Alan\python\MMIP\week3\data\Dataset\sheep\sheep (1173).jpeg,sheep,0.968,sheep,0.968,sheep (0.9680),cow (0.0082),horse (0.0057),butterfly (0.0044),cat (0.0037),True,True
c:\Users\Alan\python\MMIP\week3\data\Dataset\sheep\sheep (1165).jpeg,sheep,0.9916,sheep,0.9916,sheep (0.9916),cat (0.0027),chicken (0.0012),cow (0.0009),dog (0.0008),True,True
c:\Users\Alan\python\MMIP\week3\data\Dataset\sheep\sheep (440).jpeg,sheep,0.5062,sheep,0.5062,sheep (0.5062),squirrel (0.1901),cat (0.1194),cow (0.0912),elephant (0.0260),True,True
c:\Users\Alan\python\MMIP\week3\data\Dataset\sheep\sheep (193).jpg,sheep,0.926,sheep,0.926,sheep (0.9260),spider (0.0208),elephant (0.0184),squirrel (0.0071),horse (0.0061),True,True
c:\Users\Alan\python\MMIP\week3\data\Dataset\sheep\sheep (270).jpg,sheep,0.9572,sheep,0.9572,sheep (0.9572),cat (0.0090),spider (0.0068),squirrel (0.0067),dog (0.0058),True,True
c:\Users\Alan\python\MMIP\week3\data\Dataset\sheep\sheep (870).jpeg,sheep,0.6079,sheep,0.6079,sheep (0.6079),dog (0.1373),cow (0.0704),elephant (0.0508),spider (0.0437),True,True
c:\Users\Alan\python\MMIP\week3\data\Dataset\sheep\sheep (33).jpg,sheep,0.9709,sheep,0.9709,sheep (0.9709),cow (0.0071),cat (0.0052),dog (0.0033),horse (0.0032),True,True
c:\Users\Alan\python\MMIP\week3\data\Dataset\sheep\sheep (1038).jpeg,sheep,0.9701,sheep,0.9701,sheep (0.9701),dog (0.0081),squirrel (0.0046),spider (0.0040),horse (0.0032),True,True
c:\Users\Alan\python\MMIP\week3\data\Dataset\sheep\sheep (280).jpeg,sheep,0.9568,sheep,0.9568,sheep (0.9568),squirrel (0.0108),cat (0.0061),spider (0.0055),chicken (0.0053),True,True
c:\Users\Alan\python\MMIP\week3\data\Dataset\sheep\sheep (912).jpeg,sheep,0.8267,sheep,0.8267,sheep (0.8267),cow (0.0682),spider (0.0397),butterfly (0.0169),chicken (0.0164),True,True
c:\Users\Alan\python\MMIP\week3\data\Dataset\spider\spider (4039).jpeg,spider,0.9764,spider,0.9764,spider (0.9764),sheep (0.0042),cat (0.0040),cow (0.0030),butterfly (0.0024),True,True
c:\Users\Alan\python\MMIP\week3\data\Dataset\spider\spider (2420).jpeg,spider,0.6916,spider,0.6916,spider (0.6916),squirrel (0.1843),chicken (0.0393),dog (0.0179),cat (0.0176),True,True
c:\Users\Alan\python\MMIP\week3\data\Dataset\spider\spider (224).jpg,spider,0.9517,spider,0.9517,spider (0.9517),horse (0.0089),butterfly (0.0073),squirrel (0.0057),cat (0.0056),True,True
c:\Users\Alan\python\MMIP\week3\data\Dataset\spider\spider (4441).jpeg,spider,0.6662,spider,0.6662,spider (0.6662),butterfly (0.1919),horse (0.0410),dog (0.0249),cat (0.0193),True,True
c:\Users\Alan\python\MMIP\week3\data\Dataset\spider\spider (1356).jpeg,spider,0.9167,spider,0.9167,spider (0.9167),cat (0.0166),butterfly (0.0133),elephant (0.0120),cow (0.0095),True,True
c:\Users\Alan\python\MMIP\week3\data\Dataset\spider\spider (511).jpeg,spider,0.8282,spider,0.8282,spider (0.8282),dog (0.0472),butterfly (0.0291),horse (0.0261),elephant (0.0165),True,True
c:\Users\Alan\python\MMIP\week3\data\Dataset\spider\spider (3651).jpeg,spider,0.8283,spider,0.8283,spider (0.8283),chicken (0.0504),butterfly (0.0375),squirrel (0.0231),horse (0.0121),True,True
c:\Users\Alan\python\MMIP\week3\data\Dataset\spider\spider (515).jpeg,spider,0.9428,spider,0.9428,spider (0.9428),dog (0.0134),squirrel (0.0108),elephant (0.0101),sheep (0.0062),True,True
c:\Users\Alan\python\MMIP\week3\data\Dataset\spider\spider (2097).jpeg,spider,0.8967,spider,0.8967,spider (0.8967),squirrel (0.0200),horse (0.0131),butterfly (0.0127),sheep (0.0124),True,True
c:\Users\Alan\python\MMIP\week3\data\Dataset\spider\spider (728).jpeg,spider,0.9421,spider,0.9421,spider (0.9421),horse (0.0177),squirrel (0.0090),cow (0.0068),dog (0.0057),True,True
c:\Users\Alan\python\MMIP\week3\data\Dataset\spider\spider (3862).jpeg,spider,0.8373,spider,0.8373,spider (0.8373),dog (0.0323),butterfly (0.0234),chicken (0.0210),sheep (0.0196),True,True
c:\Users\Alan\python\MMIP\week3\data\Dataset\spider\spider (3898).jpeg,spider,0.9187,spider,0.9187,spider (0.9187),cat (0.0194),elephant (0.0160),cow (0.0090),horse (0.0081),True,True
c:\Users\Alan\python\MMIP\week3\data\Dataset\spider\spider (1762).jpeg,spider,0.8408,spider,0.8408,spider (0.8408),butterfly (0.0463),chicken (0.0429),elephant (0.0144),cat (0.0137),True,True
c:\Users\Alan\python\MMIP\week3\data\Dataset\spider\spider (11).jpeg,spider,0.826,spider,0.826,spider (0.8260),sheep (0.0487),chicken (0.0320),cow (0.0188),horse (0.0152),True,True
c:\Users\Alan\python\MMIP\week3\data\Dataset\spider\spider (906).jpeg,spider,0.8099,spider,0.8099,spider (0.8099),butterfly (0.0728),squirrel (0.0228),elephant (0.0211),sheep (0.0157),True,True
c:\Users\Alan\python\MMIP\week3\data\Dataset\spider\spider (2611).jpeg,spider,0.9304,spider,0.9304,spider (0.9304),squirrel (0.0132),butterfly (0.0122),chicken (0.0086),horse (0.0074),True,True
c:\Users\Alan\python\MMIP\week3\data\Dataset\spider\spider (2598).jpeg,spider,0.9437,spider,0.9437,spider (0.9437),chicken (0.0098),cow (0.0088),horse (0.0087),dog (0.0076),True,True
c:\Users\Alan\python\MMIP\week3\data\Dataset\spider\spider (548).jpeg,spider,0.8893,spider,0.8893,spider (0.8893),elephant (0.0192),horse (0.0188),squirrel (0.0136),cow (0.0134),True,True
c:\Users\Alan\python\MMIP\week3\data\Dataset\spider\spider (3780).jpeg,spider,0.9597,spider,0.9597,spider (0.9597),horse (0.0069),elephant (0.0054),dog (0.0053),cat (0.0047),True,True
c:\Users\Alan\python\MMIP\week3\data\Dataset\spider\spider (2314).jpeg,spider,0.7659,spider,0.7659,spider (0.7659),chicken (0.0478),butterfly (0.0429),cow (0.0309),elephant (0.0305),True,True
c:\Users\Alan\python\MMIP\week3\data\Dataset\spider\spider (3961).jpeg,spider,0.8299,spider,0.8299,spider (0.8299),chicken (0.0390),cow (0.0300),sheep (0.0167),horse (0.0164),True,True
c:\Users\Alan\python\MMIP\week3\data\Dataset\spider\spider (187).jpg,spider,0.8951,spider,0.8951,spider (0.8951),cat (0.0261),dog (0.0229),elephant (0.0139),chicken (0.0134),True,True
c:\Users\Alan\python\MMIP\week3\data\Dataset\spider\spider (677).jpeg,spider,0.9054,spider,0.9054,spider (0.9054),squirrel (0.0214),butterfly (0.0156),cat (0.0124),elephant (0.0111),True,True
c:\Users\Alan\python\MMIP\week3\data\Dataset\spider\spider (2122).jpeg,spider,0.8244,spider,0.8244,spider (0.8244),chicken (0.0363),butterfly (0.0354),squirrel (0.0331),elephant (0.0221),True,True
c:\Users\Alan\python\MMIP\week3\data\Dataset\spider\spider (1270).jpeg,spider,0.9222,spider,0.9222,spider (0.9222),squirrel (0.0134),butterfly (0.0127),cat (0.0109),cow (0.0080),True,True
c:\Users\Alan\python\MMIP\week3\data\Dataset\spider\spider (830).jpeg,spider,0.9015,spider,0.9015,spider (0.9015),chicken (0.0174),sheep (0.0122),elephant (0.0119),cat (0.0109),True,True
c:\Users\Alan\python\MMIP\week3\data\Dataset\spider\spider (267).jpg,spider,0.9202,spider,0.9202,spider (0.9202),cat (0.0152),sheep (0.0130),squirrel (0.0109),horse (0.0104),True,True
c:\Users\Alan\python\MMIP\week3\data\Dataset\spider\spider (1612).jpeg,spider,0.8845,spider,0.8845,spider (0.8845),squirrel (0.0377),sheep (0.0157),chicken (0.0134),cat (0.0120),True,True
c:\Users\Alan\python\MMIP\week3\data\Dataset\spider\spider (4069).jpeg,spider,0.945,spider,0.945,spider (0.9450),cow (0.0148),horse (0.0093),butterfly (0.0057),elephant (0.0052),True,True
c:\Users\Alan\python\MMIP\week3\data\Dataset\spider\spider (1074).jpeg,spider,0.8293,spider,0.8293,spider (0.8293),chicken (0.0366),dog (0.0362),butterfly (0.0293),cow (0.0139),True,True
c:\Users\Alan\python\MMIP\week3\data\Dataset\spider\spider (1315).jpeg,spider,0.9038,spider,0.9038,spider (0.9038),cow (0.0206),elephant (0.0165),squirrel (0.0132),cat (0.0110),True,True
c:\Users\Alan\python\MMIP\week3\data\Dataset\spider\spider (2327).jpeg,spider,0.9316,spider,0.9316,spider (0.9316),squirrel (0.0117),dog (0.0106),elephant (0.0092),horse (0.0083),True,True
c:\Users\Alan\python\MMIP\week3\data\Dataset\spider\spider (2159).jpeg,spider,0.884,spider,0.884,spider (0.8840),dog (0.0458),squirrel (0.0167),chicken (0.0146),sheep (0.0108),True,True
c:\Users\Alan\python\MMIP\week3\data\Dataset\spider\spider (2574).jpeg,spider,0.7308,spider,0.7308,spider (0.7308),squirrel (0.1096),butterfly (0.0508),cat (0.0272),dog (0.0232),True,True
c:\Users\Alan\python\MMIP\week3\data\Dataset\spider\spider (2228).jpeg,spider,0.8819,spider,0.8819,spider (0.8819),horse (0.0331),butterfly (0.0151),elephant (0.0143),squirrel (0.0131),True,True
c:\Users\Alan\python\MMIP\week3\data\Dataset\spider\spider (2410).jpeg,spider,0.86,spider,0.86,spider (0.8600),horse (0.0348),chicken (0.0205),dog (0.0172),cat (0.0161),True,True
c:\Users\Alan\python\MMIP\week3\data\Dataset\spider\spider (198).jpeg,spider,0.9553,spider,0.9553,spider (0.9553),dog (0.0107),butterfly (0.0068),sheep (0.0068),chicken (0.0049),True,True
c:\Users\Alan\python\MMIP\week3\data\Dataset\spider\spider (2276).jpeg,spider,0.7747,spider,0.7747,spider (0.7747),dog (0.0519),chicken (0.0415),horse (0.0265),cat (0.0221),True,True
c:\Users\Alan\python\MMIP\week3\data\Dataset\spider\spider (4418).jpeg,spider,0.9099,spider,0.9099,spider (0.9099),squirrel (0.0181),butterfly (0.0124),dog (0.0124),cow (0.0119),True,True
c:\Users\Alan\python\MMIP\week3\data\Dataset\spider\spider (1794).jpeg,spider,0.9469,spider,0.9469,spider (0.9469),elephant (0.0100),butterfly (0.0082),cat (0.0069),sheep (0.0065),True,True
c:\Users\Alan\python\MMIP\week3\data\Dataset\spider\spider (3485).jpeg,spider,0.7787,spider,0.7787,spider (0.7787),butterfly (0.0537),cat (0.0430),dog (0.0243),chicken (0.0242),True,True
c:\Users\Alan\python\MMIP\week3\data\Dataset\spider\spider (4346).jpeg,spider,0.9352,spider,0.9352,spider (0.9352),elephant (0.0103),cat (0.0103),horse (0.0085),chicken (0.0084),True,True
c:\Users\Alan\python\MMIP\week3\data\Dataset\spider\spider (424).jpeg,spider,0.7763,spider,0.7763,spider (0.7763),cow (0.0744),sheep (0.0367),horse (0.0318),elephant (0.0299),True,True
c:\Users\Alan\python\MMIP\week3\data\Dataset\spider\spider (3194).jpeg,spider,0.8646,spider,0.8646,spider (0.8646),chicken (0.0514),butterfly (0.0247),cat (0.0122),cow (0.0099),True,True
c:\Users\Alan\python\MMIP\week3\data\Dataset\spider\spider (2821).jpeg,spider,0.9425,spider,0.9425,spider (0.9425),chicken (0.0129),cat (0.0069),butterfly (0.0066),elephant (0.0062),True,True
c:\Users\Alan\python\MMIP\week3\data\Dataset\spider\spider (4442).jpeg,spider,0.9315,spider,0.9315,spider (0.9315),butterfly (0.0156),squirrel (0.0124),cat (0.0086),sheep (0.0081),True,True
c:\Users\Alan\python\MMIP\week3\data\Dataset\spider\spider (3100).jpeg,spider,0.8472,spider,0.8472,spider (0.8472),horse (0.0365),dog (0.0268),sheep (0.0258),cow (0.0135),True,True
c:\Users\Alan\python\MMIP\week3\data\Dataset\spider\spider (23).jpg,spider,0.8136,spider,0.8136,spider (0.8136),sheep (0.0827),horse (0.0237),elephant (0.0206),cow (0.0194),True,True
c:\Users\Alan\python\MMIP\week3\data\Dataset\spider\spider (3472).jpeg,spider,0.7057,spider,0.7057,spider (0.7057),dog (0.0584),cow (0.0515),chicken (0.0413),elephant (0.0353),True,True
c:\Users\Alan\python\MMIP\week3\data\Dataset\spider\spider (937).jpeg,spider,0.9212,spider,0.9212,spider (0.9212),dog (0.0169),butterfly (0.0118),elephant (0.0102),horse (0.0085),True,True
c:\Users\Alan\python\MMIP\week3\data\Dataset\spider\spider (2605).jpeg,spider,0.9298,spider,0.9298,spider (0.9298),chicken (0.0134),butterfly (0.0094),cat (0.0092),cow (0.0084),True,True
c:\Users\Alan\python\MMIP\week3\data\Dataset\spider\spider (280).jpeg,spider,0.83,spider,0.83,spider (0.8300),sheep (0.0463),elephant (0.0258),squirrel (0.0182),horse (0.0164),True,True
c:\Users\Alan\python\MMIP\week3\data\Dataset\spider\spider (135).jpg,spider,0.8906,spider,0.8906,spider (0.8906),butterfly (0.0332),cat (0.0186),squirrel (0.0164),dog (0.0092),True,True
c:\Users\Alan\python\MMIP\week3\data\Dataset\spider\spider (202).jpg,spider,0.8833,spider,0.8833,spider (0.8833),horse (0.0190),squirrel (0.0186),cow (0.0160),cat (0.0158),True,True
c:\Users\Alan\python\MMIP\week3\data\Dataset\spider\spider (444).jpeg,spider,0.9276,spider,0.9276,spider (0.9276),sheep (0.0130),butterfly (0.0116),squirrel (0.0103),cat (0.0098),True,True
c:\Users\Alan\python\MMIP\week3\data\Dataset\spider\spider (3999).jpeg,spider,0.0595,chicken,0.3435,chicken (0.3435),butterfly (0.2882),dog (0.1452),cat (0.0742),spider (0.0595),False,True
c:\Users\Alan\python\MMIP\week3\data\Dataset\spider\spider (4142).jpeg,spider,0.8883,spider,0.8883,spider (0.8883),cow (0.0188),elephant (0.0168),chicken (0.0132),horse (0.0126),True,True
c:\Users\Alan\python\MMIP\week3\data\Dataset\spider\spider (4065).jpeg,spider,0.8951,spider,0.8951,spider (0.8951),squirrel (0.0163),horse (0.0129),elephant (0.0127),cat (0.0127),True,True
c:\Users\Alan\python\MMIP\week3\data\Dataset\spider\spider (4080).jpeg,spider,0.6475,spider,0.6475,spider (0.6475),chicken (0.1007),squirrel (0.0805),dog (0.0426),cat (0.0347),True,True
c:\Users\Alan\python\MMIP\week3\data\Dataset\spider\spider (2901).jpeg,spider,0.923,spider,0.923,spider (0.9230),sheep (0.0123),cow (0.0110),elephant (0.0097),cat (0.0094),True,True
c:\Users\Alan\python\MMIP\week3\data\Dataset\spider\spider (2426).jpeg,spider,0.9136,spider,0.9136,spider (0.9136),dog (0.0127),sheep (0.0123),butterfly (0.0113),chicken (0.0101),True,True
c:\Users\Alan\python\MMIP\week3\data\Dataset\spider\spider (1576).jpeg,spider,0.8452,spider,0.8452,spider (0.8452),butterfly (0.0661),cat (0.0271),dog (0.0124),elephant (0.0121),True,True
c:\Users\Alan\python\MMIP\week3\data\Dataset\spider\spider (113).jpeg,spider,0.9411,spider,0.9411,spider (0.9411),dog (0.0174),cow (0.0100),cat (0.0062),sheep (0.0053),True,True
c:\Users\Alan\python\MMIP\week3\data\Dataset\spider\spider (3775).jpeg,spider,0.9403,spider,0.9403,spider (0.9403),elephant (0.0098),sheep (0.0095),squirrel (0.0081),butterfly (0.0066),True,True
c:\Users\Alan\python\MMIP\week3\data\Dataset\spider\spider (3605).jpeg,spider,0.9162,spider,0.9162,spider (0.9162),chicken (0.0167),sheep (0.0134),butterfly (0.0118),squirrel (0.0083),True,True
c:\Users\Alan\python\MMIP\week3\data\Dataset\spider\spider (3341).jpeg,spider,0.9052,spider,0.9052,spider (0.9052),chicken (0.0196),squirrel (0.0184),cat (0.0157),cow (0.0122),True,True
c:\Users\Alan\python\MMIP\week3\data\Dataset\spider\spider (1589).jpeg,spider,0.4079,spider,0.4079,spider (0.4079),butterfly (0.1829),chicken (0.1813),elephant (0.0507),dog (0.0445),True,True
c:\Users\Alan\python\MMIP\week3\data\Dataset\spider\spider (239).jpeg,spider,0.9275,spider,0.9275,spider (0.9275),cow (0.0121),horse (0.0101),elephant (0.0098),dog (0.0083),True,True
c:\Users\Alan\python\MMIP\week3\data\Dataset\spider\spider (3197).jpeg,spider,0.9221,spider,0.9221,spider (0.9221),cow (0.0142),elephant (0.0115),cat (0.0101),horse (0.0101),True,True
c:\Users\Alan\python\MMIP\week3\data\Dataset\spider\spider (1392).jpeg,spider,0.9333,spider,0.9333,spider (0.9333),chicken (0.0185),squirrel (0.0083),elephant (0.0083),cat (0.0067),True,True
c:\Users\Alan\python\MMIP\week3\data\Dataset\spider\spider (2084).jpeg,spider,0.9452,spider,0.9452,spider (0.9452),elephant (0.0093),butterfly (0.0093),cow (0.0087),squirrel (0.0068),True,True
c:\Users\Alan\python\MMIP\week3\data\Dataset\spider\spider (3121).jpeg,spider,0.8389,spider,0.8389,spider (0.8389),dog (0.0348),horse (0.0346),squirrel (0.0244),sheep (0.0181),True,True
c:\Users\Alan\python\MMIP\week3\data\Dataset\spider\spider (3698).jpeg,spider,0.851,spider,0.851,spider (0.8510),cow (0.0445),chicken (0.0272),dog (0.0266),squirrel (0.0130),True,True
c:\Users\Alan\python\MMIP\week3\data\Dataset\spider\spider (1987).jpeg,spider,0.9085,spider,0.9085,spider (0.9085),squirrel (0.0230),sheep (0.0186),chicken (0.0104),cat (0.0095),True,True
c:\Users\Alan\python\MMIP\week3\data\Dataset\spider\spider (2224).jpeg,spider,0.8887,spider,0.8887,spider (0.8887),sheep (0.0192),elephant (0.0192),cat (0.0142),cow (0.0139),True,True
c:\Users\Alan\python\MMIP\week3\data\Dataset\spider\spider (63).jpeg,spider,0.8572,spider,0.8572,spider (0.8572),butterfly (0.0652),squirrel (0.0159),cat (0.0126),dog (0.0115),True,True
c:\Users\Alan\python\MMIP\week3\data\Dataset\spider\spider (1975).jpeg,spider,0.8735,spider,0.8735,spider (0.8735),chicken (0.0345),squirrel (0.0250),sheep (0.0125),dog (0.0120),True,True
c:\Users\Alan\python\MMIP\week3\data\Dataset\spider\spider (1015).jpeg,spider,0.7575,spider,0.7575,spider (0.7575),dog (0.0649),squirrel (0.0334),elephant (0.0329),horse (0.0315),True,True
c:\Users\Alan\python\MMIP\week3\data\Dataset\spider\spider (625).jpeg,spider,0.9427,spider,0.9427,spider (0.9427),cow (0.0109),dog (0.0085),butterfly (0.0072),horse (0.0064),True,True
c:\Users\Alan\python\MMIP\week3\data\Dataset\spider\spider (2398).jpeg,spider,0.7482,spider,0.7482,spider (0.7482),butterfly (0.1074),horse (0.0308),sheep (0.0205),squirrel (0.0201),True,True
c:\Users\Alan\python\MMIP\week3\data\Dataset\spider\spider (1475).jpeg,spider,0.8362,spider,0.8362,spider (0.8362),dog (0.0498),cat (0.0267),sheep (0.0227),butterfly (0.0170),True,True
c:\Users\Alan\python\MMIP\week3\data\Dataset\spider\spider (2875).jpeg,spider,0.5192,spider,0.5192,spider (0.5192),butterfly (0.1382),chicken (0.1045),horse (0.0605),dog (0.0528),True,True
c:\Users\Alan\python\MMIP\week3\data\Dataset\spider\spider (931).jpeg,spider,0.0354,chicken,0.4724,chicken (0.4724),squirrel (0.1674),sheep (0.0880),dog (0.0575),elephant (0.0535),False,False
c:\Users\Alan\python\MMIP\week3\data\Dataset\spider\spider (1926).jpeg,spider,0.9192,spider,0.9192,spider (0.9192),butterfly (0.0244),dog (0.0109),sheep (0.0090),elephant (0.0084),True,True
c:\Users\Alan\python\MMIP\week3\data\Dataset\spider\spider (1414).jpeg,spider,0.8276,spider,0.8276,spider (0.8276),squirrel (0.0327),horse (0.0320),chicken (0.0290),cat (0.0207),True,True
c:\Users\Alan\python\MMIP\week3\data\Dataset\spider\spider (2457).jpeg,spider,0.9097,spider,0.9097,spider (0.9097),butterfly (0.0144),squirrel (0.0131),cat (0.0116),dog (0.0103),True,True
c:\Users\Alan\python\MMIP\week3\data\Dataset\spider\spider (1195).jpeg,spider,0.4372,spider,0.4372,spider (0.4372),chicken (0.1916),cow (0.1024),horse (0.0657),squirrel (0.0553),True,True
c:\Users\Alan\python\MMIP\week3\data\Dataset\spider\spider (2766).jpeg,spider,0.8253,spider,0.8253,spider (0.8253),chicken (0.0435),sheep (0.0360),dog (0.0260),horse (0.0185),True,True
c:\Users\Alan\python\MMIP\week3\data\Dataset\spider\spider (2765).jpeg,spider,0.5702,spider,0.5702,spider (0.5702),dog (0.2035),butterfly (0.0607),cat (0.0354),chicken (0.0298),True,True
c:\Users\Alan\python\MMIP\week3\data\Dataset\spider\spider (2635).jpeg,spider,0.9012,spider,0.9012,spider (0.9012),butterfly (0.0174),chicken (0.0168),cow (0.0136),horse (0.0127),True,True
c:\Users\Alan\python\MMIP\week3\data\Dataset\spider\spider (2068).jpeg,spider,0.9084,spider,0.9084,spider (0.9084),chicken (0.0132),butterfly (0.0120),horse (0.0118),dog (0.0108),True,True
c:\Users\Alan\python\MMIP\week3\data\Dataset\spider\spider (476).jpeg,spider,0.8411,spider,0.8411,spider (0.8411),cat (0.0361),squirrel (0.0214),dog (0.0211),chicken (0.0210),True,True
c:\Users\Alan\python\MMIP\week3\data\Dataset\spider\spider (2891).jpeg,spider,0.9185,spider,0.9185,spider (0.9185),cat (0.0156),horse (0.0111),chicken (0.0110),cow (0.0098),True,True
c:\Users\Alan\python\MMIP\week3\data\Dataset\spider\spider (188).jpg,spider,0.0809,butterfly,0.7623,butterfly (0.7623),spider (0.0809),chicken (0.0269),horse (0.0239),sheep (0.0234),False,True
c:\Users\Alan\python\MMIP\week3\data\Dataset\spider\spider (3469).jpeg,spider,0.9161,spider,0.9161,spider (0.9161),dog (0.0203),chicken (0.0128),elephant (0.0118),horse (0.0095),True,True
c:\Users\Alan\python\MMIP\week3\data\Dataset\spider\spider (1351).jpeg,spider,0.7975,spider,0.7975,spider (0.7975),chicken (0.0391),squirrel (0.0318),cow (0.0295),dog (0.0240),True,True
c:\Users\Alan\python\MMIP\week3\data\Dataset\spider\spider (1953).jpeg,spider,0.8409,spider,0.8409,spider (0.8409),butterfly (0.0367),chicken (0.0242),squirrel (0.0195),elephant (0.0186),True,True
c:\Users\Alan\python\MMIP\week3\data\Dataset\spider\spider (201).jpg,spider,0.9303,spider,0.9303,spider (0.9303),sheep (0.0116),squirrel (0.0111),butterfly (0.0089),elephant (0.0083),True,True
c:\Users\Alan\python\MMIP\week3\data\Dataset\spider\spider (1118).jpeg,spider,0.8939,spider,0.8939,spider (0.8939),dog (0.0244),sheep (0.0144),horse (0.0138),cow (0.0122),True,True
c:\Users\Alan\python\MMIP\week3\data\Dataset\spider\spider (4050).jpeg,spider,0.8908,spider,0.8908,spider (0.8908),squirrel (0.0246),cat (0.0163),sheep (0.0139),chicken (0.0136),True,True
c:\Users\Alan\python\MMIP\week3\data\Dataset\spider\spider (2720).jpeg,spider,0.8814,spider,0.8814,spider (0.8814),cow (0.0198),chicken (0.0145),squirrel (0.0141),horse (0.0140),True,True
c:\Users\Alan\python\MMIP\week3\data\Dataset\spider\spider (1020).jpeg,spider,0.9053,spider,0.9053,spider (0.9053),butterfly (0.0285),squirrel (0.0135),cat (0.0116),horse (0.0088),True,True
c:\Users\Alan\python\MMIP\week3\data\Dataset\spider\spider (1946).jpeg,spider,0.8985,spider,0.8985,spider (0.8985),horse (0.0197),squirrel (0.0171),cow (0.0139),sheep (0.0128),True,True
c:\Users\Alan\python\MMIP\week3\data\Dataset\spider\spider (3395).jpeg,spider,0.8933,spider,0.8933,spider (0.8933),sheep (0.0197),cow (0.0137),dog (0.0137),squirrel (0.0133),True,True
c:\Users\Alan\python\MMIP\week3\data\Dataset\spider\spider (4314).jpeg,spider,0.9475,spider,0.9475,spider (0.9475),cow (0.0104),squirrel (0.0097),elephant (0.0061),butterfly (0.0051),True,True
c:\Users\Alan\python\MMIP\week3\data\Dataset\spider\spider (3738).jpeg,spider,0.911,spider,0.911,spider (0.9110),dog (0.0158),chicken (0.0152),elephant (0.0123),horse (0.0102),True,True
c:\Users\Alan\python\MMIP\week3\data\Dataset\spider\spider (58).jpg,spider,0.9154,spider,0.9154,spider (0.9154),chicken (0.0181),cat (0.0163),dog (0.0135),elephant (0.0104),True,True
c:\Users\Alan\python\MMIP\week3\data\Dataset\spider\spider (1780).jpeg,spider,0.9327,spider,0.9327,spider (0.9327),dog (0.0099),cow (0.0087),chicken (0.0086),sheep (0.0084),True,True
c:\Users\Alan\python\MMIP\week3\data\Dataset\spider\spider (1810).jpeg,spider,0.8699,spider,0.8699,spider (0.8699),chicken (0.0364),sheep (0.0153),cat (0.0137),horse (0.0135),True,True
c:\Users\Alan\python\MMIP\week3\data\Dataset\spider\spider (1038).jpeg,spider,0.9091,spider,0.9091,spider (0.9091),chicken (0.0171),elephant (0.0127),cat (0.0115),horse (0.0112),True,True
c:\Users\Alan\python\MMIP\week3\data\Dataset\spider\spider (3706).jpeg,spider,0.1303,chicken,0.2381,chicken (0.2381),butterfly (0.2204),dog (0.1876),spider (0.1303),horse (0.0636),False,True
c:\Users\Alan\python\MMIP\week3\data\Dataset\spider\spider (2839).jpeg,spider,0.9157,spider,0.9157,spider (0.9157),chicken (0.0146),squirrel (0.0122),dog (0.0117),horse (0.0103),True,True
c:\Users\Alan\python\MMIP\week3\data\Dataset\spider\spider (850).jpeg,spider,0.9549,spider,0.9549,spider (0.9549),horse (0.0133),butterfly (0.0061),sheep (0.0055),cow (0.0054),True,True
c:\Users\Alan\python\MMIP\week3\data\Dataset\spider\spider (4031).jpeg,spider,0.8728,spider,0.8728,spider (0.8728),chicken (0.0403),butterfly (0.0192),sheep (0.0129),horse (0.0122),True,True
c:\Users\Alan\python\MMIP\week3\data\Dataset\spider\spider (1069).jpeg,spider,0.557,spider,0.557,spider (0.5570),butterfly (0.2876),squirrel (0.0678),dog (0.0272),cat (0.0176),True,True
c:\Users\Alan\python\MMIP\week3\data\Dataset\spider\spider (1766).jpeg,spider,0.9495,spider,0.9495,spider (0.9495),sheep (0.0113),squirrel (0.0067),chicken (0.0065),cow (0.0054),True,True
c:\Users\Alan\python\MMIP\week3\data\Dataset\spider\spider (3555).jpeg,spider,0.9272,spider,0.9272,spider (0.9272),butterfly (0.0227),elephant (0.0111),squirrel (0.0083),cat (0.0070),True,True
c:\Users\Alan\python\MMIP\week3\data\Dataset\spider\spider (3840).jpeg,spider,0.8735,spider,0.8735,spider (0.8735),sheep (0.0219),horse (0.0163),cow (0.0157),chicken (0.0149),True,True
c:\Users\Alan\python\MMIP\week3\data\Dataset\spider\spider (1682).jpeg,spider,0.9176,spider,0.9176,spider (0.9176),butterfly (0.0188),squirrel (0.0180),cow (0.0113),chicken (0.0070),True,True
c:\Users\Alan\python\MMIP\week3\data\Dataset\spider\spider (2078).jpeg,spider,0.9504,spider,0.9504,spider (0.9504),horse (0.0108),butterfly (0.0082),chicken (0.0056),elephant (0.0051),True,True
c:\Users\Alan\python\MMIP\week3\data\Dataset\spider\spider (2324).jpeg,spider,0.9209,spider,0.9209,spider (0.9209),butterfly (0.0179),cow (0.0132),sheep (0.0089),horse (0.0084),True,True
c:\Users\Alan\python\MMIP\week3\data\Dataset\spider\spider (1818).jpeg,spider,0.9427,spider,0.9427,spider (0.9427),dog (0.0092),chicken (0.0085),cat (0.0084),butterfly (0.0058),True,True
c:\Users\Alan\python\MMIP\week3\data\Dataset\spider\spider (3018).jpeg,spider,0.6505,spider,0.6505,spider (0.6505),chicken (0.1158),butterfly (0.0630),horse (0.0435),cat (0.0372),True,True
c:\Users\Alan\python\MMIP\week3\data\Dataset\spider\spider (2985).jpeg,spider,0.9418,spider,0.9418,spider (0.9418),horse (0.0122),sheep (0.0084),elephant (0.0068),cow (0.0064),True,True
c:\Users\Alan\python\MMIP\week3\data\Dataset\spider\spider (3747).jpeg,spider,0.9075,spider,0.9075,spider (0.9075),butterfly (0.0151),horse (0.0142),chicken (0.0119),cow (0.0112),True,True
c:\Users\Alan\python\MMIP\week3\data\Dataset\spider\spider (2656).jpeg,spider,0.8968,spider,0.8968,spider (0.8968),elephant (0.0185),squirrel (0.0181),butterfly (0.0176),cow (0.0115),True,True
c:\Users\Alan\python\MMIP\week3\data\Dataset\spider\spider (3322).jpeg,spider,0.8781,spider,0.8781,spider (0.8781),cat (0.0230),squirrel (0.0154),chicken (0.0152),elephant (0.0149),True,True
c:\Users\Alan\python\MMIP\week3\data\Dataset\spider\spider (1831).jpeg,spider,0.9402,spider,0.9402,spider (0.9402),squirrel (0.0117),sheep (0.0079),elephant (0.0078),chicken (0.0076),True,True
c:\Users\Alan\python\MMIP\week3\data\Dataset\spider\spider (4384).jpeg,spider,0.8668,spider,0.8668,spider (0.8668),butterfly (0.0445),squirrel (0.0186),cat (0.0156),cow (0.0135),True,True
c:\Users\Alan\python\MMIP\week3\data\Dataset\spider\spider (87).jpeg,spider,0.9179,spider,0.9179,spider (0.9179),squirrel (0.0182),dog (0.0112),horse (0.0106),sheep (0.0105),True,True
c:\Users\Alan\python\MMIP\week3\data\Dataset\spider\spider (3942).jpeg,spider,0.793,spider,0.793,spider (0.7930),dog (0.0610),cow (0.0452),butterfly (0.0358),horse (0.0185),True,True
c:\Users\Alan\python\MMIP\week3\data\Dataset\spider\spider (3529).jpeg,spider,0.846,spider,0.846,spider (0.8460),sheep (0.0594),elephant (0.0166),cat (0.0163),squirrel (0.0163),True,True
c:\Users\Alan\python\MMIP\week3\data\Dataset\spider\spider (4323).jpeg,spider,0.9197,spider,0.9197,spider (0.9197),chicken (0.0132),cat (0.0115),elephant (0.0113),squirrel (0.0112),True,True
c:\Users\Alan\python\MMIP\week3\data\Dataset\spider\spider (2310).jpeg,spider,0.8397,spider,0.8397,spider (0.8397),horse (0.0289),chicken (0.0281),cat (0.0222),cow (0.0186),True,True
c:\Users\Alan\python\MMIP\week3\data\Dataset\spider\spider (276).jpeg,spider,0.9634,spider,0.9634,spider (0.9634),horse (0.0091),cow (0.0040),butterfly (0.0040),sheep (0.0040),True,True
c:\Users\Alan\python\MMIP\week3\data\Dataset\spider\spider (2918).jpeg,spider,0.9321,spider,0.9321,spider (0.9321),butterfly (0.0153),squirrel (0.0113),chicken (0.0086),elephant (0.0085),True,True
c:\Users\Alan\python\MMIP\week3\data\Dataset\spider\spider (983).jpeg,spider,0.8877,spider,0.8877,spider (0.8877),chicken (0.0423),squirrel (0.0183),butterfly (0.0152),cat (0.0091),True,True
c:\Users\Alan\python\MMIP\week3\data\Dataset\spider\spider (1643).jpeg,spider,0.9559,spider,0.9559,spider (0.9559),cow (0.0095),horse (0.0085),elephant (0.0056),squirrel (0.0050),True,True
c:\Users\Alan\python\MMIP\week3\data\Dataset\spider\spider (991).jpeg,spider,0.7364,spider,0.7364,spider (0.7364),squirrel (0.0524),sheep (0.0494),chicken (0.0470),elephant (0.0314),True,True
c:\Users\Alan\python\MMIP\week3\data\Dataset\spider\spider (3460).jpeg,spider,0.8674,spider,0.8674,spider (0.8674),sheep (0.0235),elephant (0.0217),squirrel (0.0159),cat (0.0156),True,True
c:\Users\Alan\python\MMIP\week3\data\Dataset\spider\spider (645).jpeg,spider,0.7924,spider,0.7924,spider (0.7924),cow (0.0639),dog (0.0605),elephant (0.0247),sheep (0.0193),True,True
c:\Users\Alan\python\MMIP\week3\data\Dataset\spider\spider (1690).jpeg,spider,0.9355,spider,0.9355,spider (0.9355),cow (0.0105),dog (0.0099),cat (0.0085),horse (0.0084),True,True
c:\Users\Alan\python\MMIP\week3\data\Dataset\spider\spider (4394).jpeg,spider,0.9025,spider,0.9025,spider (0.9025),chicken (0.0265),dog (0.0237),horse (0.0093),butterfly (0.0089),True,True
c:\Users\Alan\python\MMIP\week3\data\Dataset\spider\spider (2818).jpeg,spider,0.9623,spider,0.9623,spider (0.9623),sheep (0.0082),horse (0.0065),squirrel (0.0042),elephant (0.0037),True,True
c:\Users\Alan\python\MMIP\week3\data\Dataset\spider\spider (3725).jpeg,spider,0.9412,spider,0.9412,spider (0.9412),squirrel (0.0158),cow (0.0079),chicken (0.0066),dog (0.0062),True,True
c:\Users\Alan\python\MMIP\week3\data\Dataset\spider\spider (114).jpg,spider,0.9474,spider,0.9474,spider (0.9474),cat (0.0103),squirrel (0.0100),butterfly (0.0065),sheep (0.0064),True,True
c:\Users\Alan\python\MMIP\week3\data\Dataset\spider\spider (42).jpeg,spider,0.9281,spider,0.9281,spider (0.9281),horse (0.0229),elephant (0.0107),cow (0.0101),sheep (0.0054),True,True
c:\Users\Alan\python\MMIP\week3\data\Dataset\spider\spider (3662).jpeg,spider,0.9197,spider,0.9197,spider (0.9197),squirrel (0.0168),elephant (0.0117),cat (0.0101),dog (0.0084),True,True
c:\Users\Alan\python\MMIP\week3\data\Dataset\spider\spider (2935).jpeg,spider,0.902,spider,0.902,spider (0.9020),squirrel (0.0168),sheep (0.0133),elephant (0.0131),dog (0.0127),True,True
c:\Users\Alan\python\MMIP\week3\data\Dataset\spider\spider (2489).jpeg,spider,0.8879,spider,0.8879,spider (0.8879),cat (0.0325),dog (0.0199),sheep (0.0123),horse (0.0103),True,True
c:\Users\Alan\python\MMIP\week3\data\Dataset\spider\spider (186).jpeg,spider,0.953,spider,0.953,spider (0.9530),horse (0.0078),chicken (0.0077),dog (0.0064),elephant (0.0054),True,True
c:\Users\Alan\python\MMIP\week3\data\Dataset\spider\spider (326).jpeg,spider,0.6958,spider,0.6958,spider (0.6958),squirrel (0.0821),dog (0.0484),cat (0.0396),cow (0.0344),True,True
c:\Users\Alan\python\MMIP\week3\data\Dataset\spider\spider (147).jpeg,spider,0.8096,spider,0.8096,spider (0.8096),horse (0.0502),cow (0.0428),dog (0.0271),sheep (0.0204),True,True
c:\Users\Alan\python\MMIP\week3\data\Dataset\spider\spider (54).jpeg,spider,0.5048,spider,0.5048,spider (0.5048),squirrel (0.1969),butterfly (0.0698),chicken (0.0520),dog (0.0509),True,True
c:\Users\Alan\python\MMIP\week3\data\Dataset\spider\spider (3382).jpeg,spider,0.9552,spider,0.9552,spider (0.9552),horse (0.0104),squirrel (0.0060),sheep (0.0051),dog (0.0050),True,True
c:\Users\Alan\python\MMIP\week3\data\Dataset\spider\spider (4106).jpeg,spider,0.8551,spider,0.8551,spider (0.8551),horse (0.0408),elephant (0.0180),chicken (0.0174),sheep (0.0167),True,True
c:\Users\Alan\python\MMIP\week3\data\Dataset\spider\spider (3580).jpeg,spider,0.9221,spider,0.9221,spider (0.9221),chicken (0.0121),dog (0.0102),squirrel (0.0091),butterfly (0.0084),True,True
c:\Users\Alan\python\MMIP\week3\data\Dataset\spider\spider (387).jpeg,spider,0.8527,spider,0.8527,spider (0.8527),horse (0.0326),dog (0.0279),squirrel (0.0241),elephant (0.0143),True,True
c:\Users\Alan\python\MMIP\week3\data\Dataset\spider\spider (837).jpeg,spider,0.8804,spider,0.8804,spider (0.8804),elephant (0.0206),chicken (0.0191),squirrel (0.0133),horse (0.0125),True,True
c:\Users\Alan\python\MMIP\week3\data\Dataset\spider\spider (4255).jpeg,spider,0.7668,spider,0.7668,spider (0.7668),horse (0.0508),chicken (0.0493),squirrel (0.0315),dog (0.0303),True,True
c:\Users\Alan\python\MMIP\week3\data\Dataset\spider\spider (1534).jpeg,spider,0.8291,spider,0.8291,spider (0.8291),dog (0.0442),elephant (0.0300),sheep (0.0168),cat (0.0164),True,True
c:\Users\Alan\python\MMIP\week3\data\Dataset\spider\spider (4383).jpeg,spider,0.8198,spider,0.8198,spider (0.8198),squirrel (0.0772),butterfly (0.0217),sheep (0.0189),chicken (0.0188),True,True
c:\Users\Alan\python\MMIP\week3\data\Dataset\spider\spider (90).jpeg,spider,0.9301,spider,0.9301,spider (0.9301),horse (0.0216),dog (0.0128),chicken (0.0077),cat (0.0067),True,True
c:\Users\Alan\python\MMIP\week3\data\Dataset\spider\spider (4397).jpeg,spider,0.861,spider,0.861,spider (0.8610),dog (0.0491),cat (0.0189),horse (0.0146),butterfly (0.0122),True,True
c:\Users\Alan\python\MMIP\week3\data\Dataset\spider\spider (3941).jpeg,spider,0.9284,spider,0.9284,spider (0.9284),horse (0.0151),elephant (0.0100),dog (0.0077),squirrel (0.0075),True,True
c:\Users\Alan\python\MMIP\week3\data\Dataset\spider\spider (134).jpeg,spider,0.9326,spider,0.9326,spider (0.9326),butterfly (0.0144),cat (0.0090),cow (0.0078),sheep (0.0068),True,True
c:\Users\Alan\python\MMIP\week3\data\Dataset\spider\spider (2203).jpeg,spider,0.8817,spider,0.8817,spider (0.8817),dog (0.0431),chicken (0.0228),elephant (0.0146),butterfly (0.0121),True,True
c:\Users\Alan\python\MMIP\week3\data\Dataset\spider\spider (1627).jpeg,spider,0.9148,spider,0.9148,spider (0.9148),elephant (0.0123),cow (0.0117),cat (0.0115),squirrel (0.0113),True,True
c:\Users\Alan\python\MMIP\week3\data\Dataset\spider\spider (2331).jpeg,spider,0.8574,spider,0.8574,spider (0.8574),elephant (0.0240),horse (0.0200),sheep (0.0191),chicken (0.0176),True,True
c:\Users\Alan\python\MMIP\week3\data\Dataset\spider\spider (195).jpg,spider,0.9029,spider,0.9029,spider (0.9029),butterfly (0.0328),chicken (0.0117),dog (0.0109),cow (0.0102),True,True
c:\Users\Alan\python\MMIP\week3\data\Dataset\spider\spider (2849).jpeg,spider,0.5703,spider,0.5703,spider (0.5703),chicken (0.1443),butterfly (0.1008),squirrel (0.0470),sheep (0.0451),True,True
c:\Users\Alan\python\MMIP\week3\data\Dataset\spider\spider (3213).jpeg,spider,0.9612,spider,0.9612,spider (0.9612),squirrel (0.0085),horse (0.0053),chicken (0.0050),elephant (0.0048),True,True
c:\Users\Alan\python\MMIP\week3\data\Dataset\spider\spider (2286).jpeg,spider,0.9302,spider,0.9302,spider (0.9302),cow (0.0114),dog (0.0098),chicken (0.0094),squirrel (0.0085),True,True
c:\Users\Alan\python\MMIP\week3\data\Dataset\spider\spider (908).jpeg,spider,0.2312,dog,0.3658,dog (0.3658),spider (0.2312),elephant (0.0969),horse (0.0585),squirrel (0.0548),False,True
c:\Users\Alan\python\MMIP\week3\data\Dataset\spider\spider (2395).jpeg,spider,0.9381,spider,0.9381,spider (0.9381),horse (0.0095),elephant (0.0093),cat (0.0088),cow (0.0084),True,True
c:\Users\Alan\python\MMIP\week3\data\Dataset\spider\spider (3655).jpeg,spider,0.9021,spider,0.9021,spider (0.9021),sheep (0.0175),cat (0.0174),squirrel (0.0132),cow (0.0129),True,True
c:\Users\Alan\python\MMIP\week3\data\Dataset\spider\spider (1700).jpeg,spider,0.8951,spider,0.8951,spider (0.8951),butterfly (0.0435),chicken (0.0158),elephant (0.0090),dog (0.0089),True,True
c:\Users\Alan\python\MMIP\week3\data\Dataset\spider\spider (3429).jpeg,spider,0.8702,spider,0.8702,spider (0.8702),squirrel (0.0208),elephant (0.0193),horse (0.0181),cow (0.0172),True,True
c:\Users\Alan\python\MMIP\week3\data\Dataset\spider\spider (4369).jpeg,spider,0.9368,spider,0.9368,spider (0.9368),dog (0.0136),cat (0.0097),chicken (0.0068),elephant (0.0065),True,True
c:\Users\Alan\python\MMIP\week3\data\Dataset\spider\spider (2508).jpeg,spider,0.9543,spider,0.9543,spider (0.9543),cat (0.0067),cow (0.0061),squirrel (0.0056),elephant (0.0055),True,True
c:\Users\Alan\python\MMIP\week3\data\Dataset\spider\spider (2763).jpeg,spider,0.9255,spider,0.9255,spider (0.9255),chicken (0.0135),elephant (0.0117),cow (0.0106),sheep (0.0094),True,True
c:\Users\Alan\python\MMIP\week3\data\Dataset\spider\spider (2380).jpeg,spider,0.8847,spider,0.8847,spider (0.8847),squirrel (0.0211),cat (0.0170),chicken (0.0164),butterfly (0.0158),True,True
c:\Users\Alan\python\MMIP\week3\data\Dataset\spider\spider (2618).jpeg,spider,0.9423,spider,0.9423,spider (0.9423),squirrel (0.0145),cat (0.0074),chicken (0.0071),dog (0.0063),True,True
c:\Users\Alan\python\MMIP\week3\data\Dataset\spider\spider (24).jpeg,spider,0.9549,spider,0.9549,spider (0.9549),squirrel (0.0095),butterfly (0.0056),horse (0.0055),elephant (0.0053),True,True
c:\Users\Alan\python\MMIP\week3\data\Dataset\spider\spider (2767).jpeg,spider,0.9345,spider,0.9345,spider (0.9345),chicken (0.0180),squirrel (0.0088),butterfly (0.0076),cow (0.0071),True,True
c:\Users\Alan\python\MMIP\week3\data\Dataset\spider\spider (4).jpeg,spider,0.8909,spider,0.8909,spider (0.8909),butterfly (0.0203),squirrel (0.0179),horse (0.0155),elephant (0.0135),True,True
c:\Users\Alan\python\MMIP\week3\data\Dataset\spider\spider (3933).jpeg,spider,0.7513,spider,0.7513,spider (0.7513),butterfly (0.1151),chicken (0.0315),elephant (0.0266),cow (0.0161),True,True
c:\Users\Alan\python\MMIP\week3\data\Dataset\spider\spider (3067).jpeg,spider,0.51,spider,0.51,spider (0.5100),chicken (0.1318),butterfly (0.1035),squirrel (0.0779),cat (0.0696),True,True
c:\Users\Alan\python\MMIP\week3\data\Dataset\spider\spider (2343).jpeg,spider,0.7993,spider,0.7993,spider (0.7993),dog (0.0559),cat (0.0311),butterfly (0.0310),squirrel (0.0302),True,True
c:\Users\Alan\python\MMIP\week3\data\Dataset\spider\spider (2460).jpeg,spider,0.3024,spider,0.3024,spider (0.3024),chicken (0.2056),horse (0.2053),cow (0.0590),sheep (0.0529),True,True
c:\Users\Alan\python\MMIP\week3\data\Dataset\spider\spider (2471).jpeg,spider,0.8857,spider,0.8857,spider (0.8857),butterfly (0.0395),horse (0.0167),squirrel (0.0139),sheep (0.0104),True,True
c:\Users\Alan\python\MMIP\week3\data\Dataset\spider\spider (2575).jpeg,spider,0.8696,spider,0.8696,spider (0.8696),squirrel (0.0184),butterfly (0.0181),horse (0.0179),dog (0.0174),True,True
c:\Users\Alan\python\MMIP\week3\data\Dataset\spider\spider (1559).jpeg,spider,0.9047,spider,0.9047,spider (0.9047),chicken (0.0268),elephant (0.0139),butterfly (0.0120),squirrel (0.0088),True,True
c:\Users\Alan\python\MMIP\week3\data\Dataset\spider\spider (748).jpeg,spider,0.9075,spider,0.9075,spider (0.9075),cat (0.0140),elephant (0.0126),chicken (0.0125),sheep (0.0117),True,True
c:\Users\Alan\python\MMIP\week3\data\Dataset\spider\spider (1192).jpeg,spider,0.9081,spider,0.9081,spider (0.9081),dog (0.0210),horse (0.0155),squirrel (0.0145),elephant (0.0141),True,True
c:\Users\Alan\python\MMIP\week3\data\Dataset\spider\spider (2466).jpeg,spider,0.4457,spider,0.4457,spider (0.4457),horse (0.1997),dog (0.0937),butterfly (0.0752),squirrel (0.0473),True,True
c:\Users\Alan\python\MMIP\week3\data\Dataset\spider\spider (464).jpeg,spider,0.7016,spider,0.7016,spider (0.7016),dog (0.0650),chicken (0.0599),butterfly (0.0500),elephant (0.0370),True,True
c:\Users\Alan\python\MMIP\week3\data\Dataset\spider\spider (389).jpeg,spider,0.67,spider,0.67,spider (0.6700),elephant (0.1310),squirrel (0.0952),cow (0.0246),chicken (0.0198),True,True
c:\Users\Alan\python\MMIP\week3\data\Dataset\spider\spider (4018).jpeg,spider,0.9135,spider,0.9135,spider (0.9135),sheep (0.0124),cow (0.0120),dog (0.0119),horse (0.0114),True,True
c:\Users\Alan\python\MMIP\week3\data\Dataset\spider\spider (2544).jpeg,spider,0.9726,spider,0.9726,spider (0.9726),horse (0.0062),sheep (0.0043),cow (0.0040),elephant (0.0036),True,True
c:\Users\Alan\python\MMIP\week3\data\Dataset\spider\spider (1566).jpeg,spider,0.7816,spider,0.7816,spider (0.7816),sheep (0.0393),chicken (0.0355),horse (0.0319),butterfly (0.0307),True,True
c:\Users\Alan\python\MMIP\week3\data\Dataset\spider\spider (1807).jpeg,spider,0.9133,spider,0.9133,spider (0.9133),chicken (0.0148),dog (0.0130),squirrel (0.0129),elephant (0.0114),True,True
c:\Users\Alan\python\MMIP\week3\data\Dataset\spider\spider (1278).jpeg,spider,0.9301,spider,0.9301,spider (0.9301),squirrel (0.0118),chicken (0.0109),cat (0.0103),sheep (0.0080),True,True
c:\Users\Alan\python\MMIP\week3\data\Dataset\spider\spider (1886).jpeg,spider,0.9307,spider,0.9307,spider (0.9307),butterfly (0.0125),squirrel (0.0121),cat (0.0109),elephant (0.0095),True,True
c:\Users\Alan\python\MMIP\week3\data\Dataset\spider\spider (2048).jpeg,spider,0.9054,spider,0.9054,spider (0.9054),dog (0.0182),squirrel (0.0141),cat (0.0130),cow (0.0106),True,True
c:\Users\Alan\python\MMIP\week3\data\Dataset\spider\spider (3333).jpeg,spider,0.9196,spider,0.9196,spider (0.9196),butterfly (0.0166),cow (0.0105),cat (0.0088),squirrel (0.0080),True,True
c:\Users\Alan\python\MMIP\week3\data\Dataset\spider\spider (1168).jpeg,spider,0.894,spider,0.894,spider (0.8940),horse (0.0191),chicken (0.0173),cow (0.0152),cat (0.0120),True,True
c:\Users\Alan\python\MMIP\week3\data\Dataset\spider\spider (1683).jpeg,spider,0.4542,spider,0.4542,spider (0.4542),squirrel (0.1803),sheep (0.0878),elephant (0.0657),butterfly (0.0598),True,True
c:\Users\Alan\python\MMIP\week3\data\Dataset\spider\spider (1273).jpeg,spider,0.9319,spider,0.9319,spider (0.9319),dog (0.0100),squirrel (0.0097),chicken (0.0087),cat (0.0087),True,True
c:\Users\Alan\python\MMIP\week3\data\Dataset\spider\spider (1454).jpeg,spider,0.7531,spider,0.7531,spider (0.7531),elephant (0.0440),dog (0.0406),cat (0.0405),chicken (0.0329),True,True
c:\Users\Alan\python\MMIP\week3\data\Dataset\spider\spider (4289).jpeg,spider,0.6916,spider,0.6916,spider (0.6916),butterfly (0.0999),cow (0.0440),horse (0.0348),squirrel (0.0293),True,True
c:\Users\Alan\python\MMIP\week3\data\Dataset\spider\spider (1488).jpeg,spider,0.9535,spider,0.9535,spider (0.9535),chicken (0.0103),squirrel (0.0099),horse (0.0047),elephant (0.0042),True,True
c:\Users\Alan\python\MMIP\week3\data\Dataset\spider\spider (4198).jpeg,spider,0.8873,spider,0.8873,spider (0.8873),dog (0.0222),elephant (0.0212),chicken (0.0209),squirrel (0.0204),True,True
c:\Users\Alan\python\MMIP\week3\data\Dataset\spider\spider (1336).jpeg,spider,0.9246,spider,0.9246,spider (0.9246),squirrel (0.0175),sheep (0.0127),elephant (0.0093),cow (0.0089),True,True
c:\Users\Alan\python\MMIP\week3\data\Dataset\spider\spider (3442).jpeg,spider,0.8155,spider,0.8155,spider (0.8155),butterfly (0.0562),dog (0.0356),squirrel (0.0226),cat (0.0176),True,True
c:\Users\Alan\python\MMIP\week3\data\Dataset\spider\spider (2093).jpeg,spider,0.83,spider,0.83,spider (0.8300),squirrel (0.0473),butterfly (0.0351),chicken (0.0313),horse (0.0105),True,True
c:\Users\Alan\python\MMIP\week3\data\Dataset\spider\spider (2535).jpeg,spider,0.9143,spider,0.9143,spider (0.9143),squirrel (0.0344),elephant (0.0155),horse (0.0072),chicken (0.0066),True,True
c:\Users\Alan\python\MMIP\week3\data\Dataset\spider\spider (4492).jpeg,spider,0.9228,spider,0.9228,spider (0.9228),chicken (0.0147),horse (0.0144),cat (0.0126),elephant (0.0088),True,True
c:\Users\Alan\python\MMIP\week3\data\Dataset\spider\spider (2154).jpeg,spider,0.9335,spider,0.9335,spider (0.9335),butterfly (0.0123),dog (0.0110),squirrel (0.0096),sheep (0.0087),True,True
c:\Users\Alan\python\MMIP\week3\data\Dataset\spider\spider (551).jpeg,spider,0.9538,spider,0.9538,spider (0.9538),squirrel (0.0089),chicken (0.0087),elephant (0.0056),cat (0.0055),True,True
c:\Users\Alan\python\MMIP\week3\data\Dataset\spider\spider (1149).jpeg,spider,0.9321,spider,0.9321,spider (0.9321),squirrel (0.0266),cow (0.0168),sheep (0.0067),chicken (0.0045),True,True
c:\Users\Alan\python\MMIP\week3\data\Dataset\spider\spider (83).jpg,spider,0.8401,spider,0.8401,spider (0.8401),butterfly (0.0412),horse (0.0256),sheep (0.0225),cat (0.0190),True,True
c:\Users\Alan\python\MMIP\week3\data\Dataset\spider\spider (1397).jpeg,spider,0.9252,spider,0.9252,spider (0.9252),horse (0.0123),dog (0.0123),cow (0.0109),sheep (0.0092),True,True
c:\Users\Alan\python\MMIP\week3\data\Dataset\spider\spider (200).jpg,spider,0.8458,spider,0.8458,spider (0.8458),butterfly (0.0538),cat (0.0214),dog (0.0199),squirrel (0.0144),True,True
c:\Users\Alan\python\MMIP\week3\data\Dataset\spider\spider (4266).jpeg,spider,0.7015,spider,0.7015,spider (0.7015),horse (0.1198),squirrel (0.0410),cat (0.0296),elephant (0.0271),True,True
c:\Users\Alan\python\MMIP\week3\data\Dataset\spider\spider (602).jpeg,spider,0.8246,spider,0.8246,spider (0.8246),chicken (0.0643),squirrel (0.0335),butterfly (0.0258),dog (0.0170),True,True
c:\Users\Alan\python\MMIP\week3\data\Dataset\spider\spider (3909).jpeg,spider,0.9459,spider,0.9459,spider (0.9459),squirrel (0.0107),elephant (0.0098),chicken (0.0084),cow (0.0076),True,True
c:\Users\Alan\python\MMIP\week3\data\Dataset\spider\spider (349).jpeg,spider,0.5521,spider,0.5521,spider (0.5521),dog (0.1090),butterfly (0.0675),squirrel (0.0610),horse (0.0538),True,True
c:\Users\Alan\python\MMIP\week3\data\Dataset\spider\spider (921).jpeg,spider,0.935,spider,0.935,spider (0.9350),chicken (0.0150),horse (0.0102),cat (0.0095),elephant (0.0066),True,True
c:\Users\Alan\python\MMIP\week3\data\Dataset\spider\spider (963).jpeg,spider,0.9458,spider,0.9458,spider (0.9458),chicken (0.0104),cow (0.0075),butterfly (0.0071),elephant (0.0067),True,True
c:\Users\Alan\python\MMIP\week3\data\Dataset\spider\spider (314).jpg,spider,0.5109,spider,0.5109,spider (0.5109),butterfly (0.2520),dog (0.0463),chicken (0.0412),squirrel (0.0359),True,True
c:\Users\Alan\python\MMIP\week3\data\Dataset\spider\spider (3790).jpeg,spider,0.8273,spider,0.8273,spider (0.8273),butterfly (0.0370),cat (0.0279),squirrel (0.0252),sheep (0.0201),True,True
c:\Users\Alan\python\MMIP\week3\data\Dataset\spider\spider (2422).jpeg,spider,0.9464,spider,0.9464,spider (0.9464),squirrel (0.0104),sheep (0.0081),elephant (0.0066),horse (0.0066),True,True
c:\Users\Alan\python\MMIP\week3\data\Dataset\spider\spider (1702).jpeg,spider,0.9496,spider,0.9496,spider (0.9496),squirrel (0.0085),cow (0.0083),elephant (0.0064),dog (0.0061),True,True
c:\Users\Alan\python\MMIP\week3\data\Dataset\spider\spider (1531).jpeg,spider,0.8913,spider,0.8913,spider (0.8913),sheep (0.0169),cat (0.0166),horse (0.0143),chicken (0.0111),True,True
c:\Users\Alan\python\MMIP\week3\data\Dataset\spider\spider (1236).jpeg,spider,0.8998,spider,0.8998,spider (0.8998),dog (0.0177),cat (0.0133),horse (0.0128),cow (0.0123),True,True
c:\Users\Alan\python\MMIP\week3\data\Dataset\spider\spider (3158).jpeg,spider,0.9424,spider,0.9424,spider (0.9424),cat (0.0122),chicken (0.0115),butterfly (0.0066),horse (0.0055),True,True
c:\Users\Alan\python\MMIP\week3\data\Dataset\spider\spider (3782).jpeg,spider,0.8117,spider,0.8117,spider (0.8117),squirrel (0.0288),sheep (0.0248),chicken (0.0232),horse (0.0212),True,True
c:\Users\Alan\python\MMIP\week3\data\Dataset\spider\spider (3953).jpeg,spider,0.9664,spider,0.9664,spider (0.9664),sheep (0.0077),dog (0.0063),cat (0.0044),cow (0.0042),True,True
c:\Users\Alan\python\MMIP\week3\data\Dataset\spider\spider (1051).jpeg,spider,0.9478,spider,0.9478,spider (0.9478),butterfly (0.0079),squirrel (0.0077),sheep (0.0068),elephant (0.0066),True,True
c:\Users\Alan\python\MMIP\week3\data\Dataset\spider\spider (2459).jpeg,spider,0.9232,spider,0.9232,spider (0.9232),cat (0.0149),squirrel (0.0117),sheep (0.0102),horse (0.0093),True,True
c:\Users\Alan\python\MMIP\week3\data\Dataset\spider\spider (801).jpeg,spider,0.8969,spider,0.8969,spider (0.8969),sheep (0.0195),cow (0.0166),horse (0.0135),chicken (0.0115),True,True
c:\Users\Alan\python\MMIP\week3\data\Dataset\spider\spider (525).jpeg,spider,0.9023,spider,0.9023,spider (0.9023),squirrel (0.0333),butterfly (0.0278),sheep (0.0073),chicken (0.0064),True,True
c:\Users\Alan\python\MMIP\week3\data\Dataset\spider\spider (3628).jpeg,spider,0.9428,spider,0.9428,spider (0.9428),elephant (0.0118),horse (0.0108),cat (0.0063),cow (0.0059),True,True
c:\Users\Alan\python\MMIP\week3\data\Dataset\spider\spider (4463).jpeg,spider,0.8704,spider,0.8704,spider (0.8704),dog (0.0671),elephant (0.0145),butterfly (0.0106),cow (0.0082),True,True
c:\Users\Alan\python\MMIP\week3\data\Dataset\spider\spider (813).jpeg,spider,0.8976,spider,0.8976,spider (0.8976),chicken (0.0191),squirrel (0.0176),cat (0.0124),horse (0.0119),True,True
c:\Users\Alan\python\MMIP\week3\data\Dataset\spider\spider (39).jpeg,spider,0.9535,spider,0.9535,spider (0.9535),chicken (0.0127),sheep (0.0062),cow (0.0059),horse (0.0046),True,True
c:\Users\Alan\python\MMIP\week3\data\Dataset\spider\spider (4064).jpeg,spider,0.8948,spider,0.8948,spider (0.8948),butterfly (0.0301),squirrel (0.0296),cat (0.0100),cow (0.0083),True,True
c:\Users\Alan\python\MMIP\week3\data\Dataset\spider\spider (4021).jpeg,spider,0.9277,spider,0.9277,spider (0.9277),butterfly (0.0166),sheep (0.0145),cow (0.0134),chicken (0.0082),True,True
c:\Users\Alan\python\MMIP\week3\data\Dataset\spider\spider (3435).jpeg,spider,0.921,spider,0.921,spider (0.9210),elephant (0.0147),squirrel (0.0119),dog (0.0106),chicken (0.0086),True,True
c:\Users\Alan\python\MMIP\week3\data\Dataset\spider\spider (2435).jpeg,spider,0.9371,spider,0.9371,spider (0.9371),cat (0.0115),squirrel (0.0106),butterfly (0.0091),chicken (0.0079),True,True
c:\Users\Alan\python\MMIP\week3\data\Dataset\spider\spider (554).jpeg,spider,0.9041,spider,0.9041,spider (0.9041),sheep (0.0202),cow (0.0162),horse (0.0120),cat (0.0106),True,True
c:\Users\Alan\python\MMIP\week3\data\Dataset\spider\spider (3658).jpeg,spider,0.9659,spider,0.9659,spider (0.9659),squirrel (0.0087),horse (0.0051),cow (0.0038),butterfly (0.0032),True,True
c:\Users\Alan\python\MMIP\week3\data\Dataset\spider\spider (1045).jpeg,spider,0.2251,butterfly,0.5798,butterfly (0.5798),spider (0.2251),chicken (0.0340),dog (0.0339),squirrel (0.0281),False,True
c:\Users\Alan\python\MMIP\week3\data\Dataset\spider\spider (2437).jpeg,spider,0.686,spider,0.686,spider (0.6860),chicken (0.0785),squirrel (0.0514),cow (0.0393),sheep (0.0387),True,True
c:\Users\Alan\python\MMIP\week3\data\Dataset\spider\spider (2998).jpeg,spider,0.9337,spider,0.9337,spider (0.9337),chicken (0.0161),sheep (0.0115),cow (0.0096),horse (0.0065),True,True
c:\Users\Alan\python\MMIP\week3\data\Dataset\spider\spider (1573).jpeg,spider,0.882,spider,0.882,spider (0.8820),dog (0.0190),squirrel (0.0177),cow (0.0162),chicken (0.0134),True,True
c:\Users\Alan\python\MMIP\week3\data\Dataset\spider\spider (795).jpeg,spider,0.8982,spider,0.8982,spider (0.8982),chicken (0.0149),butterfly (0.0143),elephant (0.0139),cat (0.0117),True,True
c:\Users\Alan\python\MMIP\week3\data\Dataset\spider\spider (3748).jpeg,spider,0.6329,spider,0.6329,spider (0.6329),squirrel (0.1686),chicken (0.1098),butterfly (0.0198),cow (0.0129),True,True
c:\Users\Alan\python\MMIP\week3\data\Dataset\spider\spider (3238).jpeg,spider,0.9573,spider,0.9573,spider (0.9573),cow (0.0073),squirrel (0.0063),elephant (0.0058),butterfly (0.0057),True,True
c:\Users\Alan\python\MMIP\week3\data\Dataset\spider\spider (4253).jpeg,spider,0.9561,spider,0.9561,spider (0.9561),cow (0.0077),horse (0.0064),cat (0.0053),squirrel (0.0051),True,True
c:\Users\Alan\python\MMIP\week3\data\Dataset\spider\spider (1773).jpeg,spider,0.9506,spider,0.9506,spider (0.9506),elephant (0.0111),sheep (0.0101),cow (0.0052),dog (0.0049),True,True
c:\Users\Alan\python\MMIP\week3\data\Dataset\spider\spider (2734).jpeg,spider,0.8504,spider,0.8504,spider (0.8504),cow (0.0263),sheep (0.0259),chicken (0.0250),squirrel (0.0203),True,True
c:\Users\Alan\python\MMIP\week3\data\Dataset\spider\spider (2550).jpeg,spider,0.8913,spider,0.8913,spider (0.8913),squirrel (0.0273),chicken (0.0234),cat (0.0158),elephant (0.0126),True,True
c:\Users\Alan\python\MMIP\week3\data\Dataset\spider\spider (2028).jpeg,spider,0.8231,spider,0.8231,spider (0.8231),butterfly (0.0470),squirrel (0.0304),chicken (0.0260),sheep (0.0212),True,True
c:\Users\Alan\python\MMIP\week3\data\Dataset\spider\spider (971).jpeg,spider,0.9378,spider,0.9378,spider (0.9378),cow (0.0090),chicken (0.0086),sheep (0.0077),cat (0.0077),True,True
c:\Users\Alan\python\MMIP\week3\data\Dataset\spider\spider (1548).jpeg,spider,0.756,spider,0.756,spider (0.7560),butterfly (0.1401),cat (0.0212),horse (0.0186),squirrel (0.0148),True,True
c:\Users\Alan\python\MMIP\week3\data\Dataset\spider\spider (3292).jpeg,spider,0.9307,spider,0.9307,spider (0.9307),butterfly (0.0138),horse (0.0096),cat (0.0081),squirrel (0.0080),True,True
c:\Users\Alan\python\MMIP\week3\data\Dataset\spider\spider (211).jpeg,spider,0.9417,spider,0.9417,spider (0.9417),dog (0.0121),elephant (0.0086),chicken (0.0081),horse (0.0072),True,True
c:\Users\Alan\python\MMIP\week3\data\Dataset\spider\spider (24).jpg,spider,0.7324,spider,0.7324,spider (0.7324),sheep (0.1213),butterfly (0.0387),dog (0.0300),cow (0.0183),True,True
c:\Users\Alan\python\MMIP\week3\data\Dataset\spider\spider (791).jpeg,spider,0.9362,spider,0.9362,spider (0.9362),cow (0.0153),sheep (0.0130),cat (0.0078),horse (0.0061),True,True
c:\Users\Alan\python\MMIP\week3\data\Dataset\spider\spider (2601).jpeg,spider,0.8756,spider,0.8756,spider (0.8756),butterfly (0.0314),cow (0.0152),cat (0.0146),chicken (0.0110),True,True
c:\Users\Alan\python\MMIP\week3\data\Dataset\spider\spider (4030).jpeg,spider,0.8867,spider,0.8867,spider (0.8867),squirrel (0.0288),dog (0.0150),horse (0.0137),butterfly (0.0126),True,True
c:\Users\Alan\python\MMIP\week3\data\Dataset\spider\spider (2102).jpeg,spider,0.934,spider,0.934,spider (0.9340),sheep (0.0118),horse (0.0106),cow (0.0100),cat (0.0095),True,True
c:\Users\Alan\python\MMIP\week3\data\Dataset\spider\spider (721).jpeg,spider,0.9367,spider,0.9367,spider (0.9367),horse (0.0148),butterfly (0.0126),chicken (0.0095),sheep (0.0063),True,True
c:\Users\Alan\python\MMIP\week3\data\Dataset\spider\spider (2674).jpeg,spider,0.9017,spider,0.9017,spider (0.9017),chicken (0.0258),cat (0.0135),dog (0.0111),horse (0.0109),True,True
c:\Users\Alan\python\MMIP\week3\data\Dataset\spider\spider (1109).jpeg,spider,0.6668,spider,0.6668,spider (0.6668),butterfly (0.1038),horse (0.0893),sheep (0.0492),cat (0.0333),True,True
c:\Users\Alan\python\MMIP\week3\data\Dataset\spider\spider (3974).jpeg,spider,0.457,spider,0.457,spider (0.4570),cat (0.1121),squirrel (0.0811),cow (0.0651),horse (0.0602),True,True
c:\Users\Alan\python\MMIP\week3\data\Dataset\spider\spider (3857).jpeg,spider,0.9556,spider,0.9556,spider (0.9556),cow (0.0088),horse (0.0087),sheep (0.0062),elephant (0.0046),True,True
c:\Users\Alan\python\MMIP\week3\data\Dataset\spider\spider (2654).jpeg,spider,0.9292,spider,0.9292,spider (0.9292),horse (0.0146),sheep (0.0143),elephant (0.0102),dog (0.0091),True,True
c:\Users\Alan\python\MMIP\week3\data\Dataset\spider\spider (344).jpeg,spider,0.4994,spider,0.4994,spider (0.4994),chicken (0.1578),squirrel (0.0784),sheep (0.0543),cat (0.0490),True,True
c:\Users\Alan\python\MMIP\week3\data\Dataset\spider\spider (2844).jpeg,spider,0.9069,spider,0.9069,spider (0.9069),cow (0.0228),sheep (0.0138),cat (0.0123),elephant (0.0115),True,True
c:\Users\Alan\python\MMIP\week3\data\Dataset\spider\spider (3215).jpeg,spider,0.905,spider,0.905,spider (0.9050),squirrel (0.0262),elephant (0.0118),chicken (0.0114),cow (0.0113),True,True
c:\Users\Alan\python\MMIP\week3\data\Dataset\spider\spider (2267).jpeg,spider,0.8993,spider,0.8993,spider (0.8993),squirrel (0.0384),dog (0.0120),horse (0.0113),butterfly (0.0077),True,True
c:\Users\Alan\python\MMIP\week3\data\Dataset\spider\spider (3310).jpeg,spider,0.9523,spider,0.9523,spider (0.9523),horse (0.0083),cat (0.0063),sheep (0.0062),elephant (0.0056),True,True
c:\Users\Alan\python\MMIP\week3\data\Dataset\spider\spider (2483).jpeg,spider,0.8824,spider,0.8824,spider (0.8824),squirrel (0.0388),horse (0.0228),chicken (0.0118),cow (0.0114),True,True
c:\Users\Alan\python\MMIP\week3\data\Dataset\spider\spider (3088).jpeg,spider,0.8587,spider,0.8587,spider (0.8587),horse (0.0263),cow (0.0193),cat (0.0185),butterfly (0.0159),True,True
c:\Users\Alan\python\MMIP\week3\data\Dataset\spider\spider (21).jpeg,spider,0.9214,spider,0.9214,spider (0.9214),horse (0.0137),cow (0.0102),cat (0.0100),sheep (0.0093),True,True
c:\Users\Alan\python\MMIP\week3\data\Dataset\spider\spider (4453).jpeg,spider,0.8141,spider,0.8141,spider (0.8141),dog (0.0477),sheep (0.0312),elephant (0.0221),squirrel (0.0208),True,True
c:\Users\Alan\python\MMIP\week3\data\Dataset\spider\spider (2173).jpeg,spider,0.8387,spider,0.8387,spider (0.8387),butterfly (0.0538),dog (0.0204),cat (0.0176),chicken (0.0163),True,True
c:\Users\Alan\python\MMIP\week3\data\Dataset\spider\spider (3724).jpeg,spider,0.9208,spider,0.9208,spider (0.9208),chicken (0.0126),cat (0.0125),elephant (0.0109),sheep (0.0106),True,True
c:\Users\Alan\python\MMIP\week3\data\Dataset\spider\spider (1018).jpeg,spider,0.9499,spider,0.9499,spider (0.9499),elephant (0.0103),chicken (0.0096),cat (0.0060),dog (0.0055),True,True
c:\Users\Alan\python\MMIP\week3\data\Dataset\spider\spider (3654).jpeg,spider,0.9192,spider,0.9192,spider (0.9192),cow (0.0193),elephant (0.0131),sheep (0.0097),squirrel (0.0095),True,True
c:\Users\Alan\python\MMIP\week3\data\Dataset\spider\spider (3620).jpeg,spider,0.9099,spider,0.9099,spider (0.9099),butterfly (0.0218),dog (0.0156),sheep (0.0089),squirrel (0.0081),True,True
c:\Users\Alan\python\MMIP\week3\data\Dataset\spider\spider (2831).jpeg,spider,0.7986,spider,0.7986,spider (0.7986),butterfly (0.0433),horse (0.0419),chicken (0.0292),cow (0.0187),True,True
c:\Users\Alan\python\MMIP\week3\data\Dataset\spider\spider (3544).jpeg,spider,0.842,spider,0.842,spider (0.8420),dog (0.0671),horse (0.0269),elephant (0.0152),cow (0.0117),True,True
c:\Users\Alan\python\MMIP\week3\data\Dataset\spider\spider (4199).jpeg,spider,0.683,spider,0.683,spider (0.6830),butterfly (0.1677),squirrel (0.0418),chicken (0.0246),horse (0.0212),True,True
c:\Users\Alan\python\MMIP\week3\data\Dataset\spider\spider (1134).jpeg,spider,0.8821,spider,0.8821,spider (0.8821),horse (0.0336),squirrel (0.0175),butterfly (0.0156),sheep (0.0137),True,True
c:\Users\Alan\python\MMIP\week3\data\Dataset\spider\spider (3295).jpeg,spider,0.9366,spider,0.9366,spider (0.9366),cow (0.0114),sheep (0.0089),horse (0.0088),squirrel (0.0081),True,True
c:\Users\Alan\python\MMIP\week3\data\Dataset\spider\spider (1246).jpeg,spider,0.9484,spider,0.9484,spider (0.9484),cow (0.0104),elephant (0.0079),dog (0.0067),chicken (0.0057),True,True
c:\Users\Alan\python\MMIP\week3\data\Dataset\spider\spider (591).jpeg,spider,0.9283,spider,0.9283,spider (0.9283),cow (0.0110),cat (0.0105),squirrel (0.0100),dog (0.0080),True,True
c:\Users\Alan\python\MMIP\week3\data\Dataset\spider\spider (630).jpeg,spider,0.6321,spider,0.6321,spider (0.6321),dog (0.2006),horse (0.0333),elephant (0.0277),sheep (0.0269),True,True
c:\Users\Alan\python\MMIP\week3\data\Dataset\spider\spider (304).jpeg,spider,0.9571,spider,0.9571,spider (0.9571),butterfly (0.0126),cow (0.0062),sheep (0.0060),elephant (0.0049),True,True
c:\Users\Alan\python\MMIP\week3\data\Dataset\spider\spider (101).jpg,spider,0.8478,spider,0.8478,spider (0.8478),butterfly (0.0526),dog (0.0363),cat (0.0161),cow (0.0126),True,True
c:\Users\Alan\python\MMIP\week3\data\Dataset\spider\spider (2716).jpeg,spider,0.1818,butterfly,0.3917,butterfly (0.3917),spider (0.1818),chicken (0.1519),cat (0.1061),squirrel (0.0589),False,True
c:\Users\Alan\python\MMIP\week3\data\Dataset\spider\spider (376).jpeg,spider,0.6697,spider,0.6697,spider (0.6697),butterfly (0.1810),cow (0.0284),elephant (0.0236),horse (0.0222),True,True
c:\Users\Alan\python\MMIP\week3\data\Dataset\spider\spider (4025).jpeg,spider,0.9086,spider,0.9086,spider (0.9086),horse (0.0160),cow (0.0141),cat (0.0122),dog (0.0121),True,True
c:\Users\Alan\python\MMIP\week3\data\Dataset\spider\spider (1090).jpeg,spider,0.9398,spider,0.9398,spider (0.9398),dog (0.0255),horse (0.0067),elephant (0.0066),chicken (0.0048),True,True
c:\Users\Alan\python\MMIP\week3\data\Dataset\spider\spider (1873).jpeg,spider,0.8957,spider,0.8957,spider (0.8957),cow (0.0260),elephant (0.0151),squirrel (0.0123),horse (0.0122),True,True
c:\Users\Alan\python\MMIP\week3\data\Dataset\spider\spider (1582).jpeg,spider,0.9322,spider,0.9322,spider (0.9322),chicken (0.0157),dog (0.0156),cat (0.0092),elephant (0.0065),True,True
c:\Users\Alan\python\MMIP\week3\data\Dataset\spider\spider (1512).jpeg,spider,0.8039,spider,0.8039,spider (0.8039),butterfly (0.0496),chicken (0.0405),elephant (0.0217),cow (0.0209),True,True
c:\Users\Alan\python\MMIP\week3\data\Dataset\spider\spider (1871).jpeg,spider,0.9692,spider,0.9692,spider (0.9692),cow (0.0066),cat (0.0050),dog (0.0042),elephant (0.0040),True,True
c:\Users\Alan\python\MMIP\week3\data\Dataset\spider\spider (3984).jpeg,spider,0.8806,spider,0.8806,spider (0.8806),chicken (0.0174),butterfly (0.0174),dog (0.0166),horse (0.0161),True,True
c:\Users\Alan\python\MMIP\week3\data\Dataset\spider\spider (624).jpeg,spider,0.9214,spider,0.9214,spider (0.9214),squirrel (0.0174),butterfly (0.0156),dog (0.0092),chicken (0.0088),True,True
c:\Users\Alan\python\MMIP\week3\data\Dataset\spider\spider (3971).jpeg,spider,0.8166,spider,0.8166,spider (0.8166),chicken (0.0434),dog (0.0409),cat (0.0261),butterfly (0.0170),True,True
c:\Users\Alan\python\MMIP\week3\data\Dataset\spider\spider (3980).jpeg,spider,0.8608,spider,0.8608,spider (0.8608),cow (0.0201),cat (0.0187),horse (0.0177),butterfly (0.0174),True,True
c:\Users\Alan\python\MMIP\week3\data\Dataset\spider\spider (4360).jpeg,spider,0.9025,spider,0.9025,spider (0.9025),elephant (0.0160),cat (0.0144),horse (0.0125),cow (0.0112),True,True
c:\Users\Alan\python\MMIP\week3\data\Dataset\spider\spider (757).jpeg,spider,0.9315,spider,0.9315,spider (0.9315),cat (0.0117),butterfly (0.0106),squirrel (0.0092),sheep (0.0071),True,True
c:\Users\Alan\python\MMIP\week3\data\Dataset\spider\spider (2977).jpeg,spider,0.8752,spider,0.8752,spider (0.8752),dog (0.0326),butterfly (0.0302),squirrel (0.0154),chicken (0.0103),True,True
c:\Users\Alan\python\MMIP\week3\data\Dataset\spider\spider (300).jpg,spider,0.9148,spider,0.9148,spider (0.9148),cat (0.0241),chicken (0.0149),sheep (0.0111),elephant (0.0084),True,True
c:\Users\Alan\python\MMIP\week3\data\Dataset\spider\spider (4144).jpeg,spider,0.9284,spider,0.9284,spider (0.9284),squirrel (0.0132),dog (0.0108),chicken (0.0094),butterfly (0.0086),True,True
c:\Users\Alan\python\MMIP\week3\data\Dataset\spider\spider (105).jpeg,spider,0.9345,spider,0.9345,spider (0.9345),chicken (0.0192),dog (0.0155),elephant (0.0076),cat (0.0073),True,True
c:\Users\Alan\python\MMIP\week3\data\Dataset\spider\spider (3883).jpeg,spider,0.591,spider,0.591,spider (0.5910),squirrel (0.2176),dog (0.0339),sheep (0.0332),horse (0.0295),True,True
c:\Users\Alan\python\MMIP\week3\data\Dataset\spider\spider (3633).jpeg,spider,0.9391,spider,0.9391,spider (0.9391),squirrel (0.0185),sheep (0.0086),dog (0.0063),horse (0.0063),True,True
c:\Users\Alan\python\MMIP\week3\data\Dataset\spider\spider (4113).jpeg,spider,0.8962,spider,0.8962,spider (0.8962),dog (0.0170),horse (0.0168),cat (0.0146),sheep (0.0137),True,True
c:\Users\Alan\python\MMIP\week3\data\Dataset\spider\spider (2168).jpeg,spider,0.891,spider,0.891,spider (0.8910),dog (0.0285),cat (0.0183),sheep (0.0146),chicken (0.0121),True,True
c:\Users\Alan\python\MMIP\week3\data\Dataset\spider\spider (3214).jpeg,spider,0.9031,spider,0.9031,spider (0.9031),sheep (0.0155),cow (0.0144),horse (0.0138),elephant (0.0122),True,True
c:\Users\Alan\python\MMIP\week3\data\Dataset\spider\spider (3424).jpeg,spider,0.8322,spider,0.8322,spider (0.8322),horse (0.0436),dog (0.0394),butterfly (0.0232),chicken (0.0149),True,True
c:\Users\Alan\python\MMIP\week3\data\Dataset\spider\spider (704).jpeg,spider,0.9251,spider,0.9251,spider (0.9251),sheep (0.0117),cow (0.0110),elephant (0.0098),cat (0.0091),True,True
c:\Users\Alan\python\MMIP\week3\data\Dataset\spider\spider (596).jpeg,spider,0.8913,spider,0.8913,spider (0.8913),squirrel (0.0243),chicken (0.0143),cat (0.0142),horse (0.0128),True,True
c:\Users\Alan\python\MMIP\week3\data\Dataset\spider\spider (4100).jpeg,spider,0.9203,spider,0.9203,spider (0.9203),cow (0.0155),butterfly (0.0135),sheep (0.0095),chicken (0.0089),True,True
c:\Users\Alan\python\MMIP\week3\data\Dataset\spider\spider (2212).jpeg,spider,0.9379,spider,0.9379,spider (0.9379),butterfly (0.0195),horse (0.0072),chicken (0.0061),elephant (0.0060),True,True
c:\Users\Alan\python\MMIP\week3\data\Dataset\spider\spider (587).jpeg,spider,0.6374,spider,0.6374,spider (0.6374),butterfly (0.2148),horse (0.0329),elephant (0.0236),cat (0.0229),True,True
c:\Users\Alan\python\MMIP\week3\data\Dataset\spider\spider (546).jpeg,spider,0.87,spider,0.87,spider (0.8700),butterfly (0.0364),chicken (0.0189),cow (0.0181),squirrel (0.0180),True,True
c:\Users\Alan\python\MMIP\week3\data\Dataset\spider\spider (2834).jpeg,spider,0.9377,spider,0.9377,spider (0.9377),squirrel (0.0099),horse (0.0088),cow (0.0087),elephant (0.0080),True,True
c:\Users\Alan\python\MMIP\week3\data\Dataset\spider\spider (3439).jpeg,spider,0.9381,spider,0.9381,spider (0.9381),sheep (0.0112),cow (0.0090),squirrel (0.0084),elephant (0.0080),True,True
c:\Users\Alan\python\MMIP\week3\data\Dataset\spider\spider (3709).jpeg,spider,0.9534,spider,0.9534,spider (0.9534),sheep (0.0092),squirrel (0.0053),cow (0.0051),elephant (0.0051),True,True
c:\Users\Alan\python\MMIP\week3\data\Dataset\spider\spider (1469).jpeg,spider,0.9314,spider,0.9314,spider (0.9314),chicken (0.0117),dog (0.0116),sheep (0.0091),horse (0.0084),True,True
c:\Users\Alan\python\MMIP\week3\data\Dataset\spider\spider (177).jpg,spider,0.9342,spider,0.9342,spider (0.9342),elephant (0.0102),butterfly (0.0084),sheep (0.0082),cow (0.0079),True,True
c:\Users\Alan\python\MMIP\week3\data\Dataset\spider\spider (156).jpeg,spider,0.8602,spider,0.8602,spider (0.8602),butterfly (0.0454),chicken (0.0271),dog (0.0164),cat (0.0135),True,True
c:\Users\Alan\python\MMIP\week3\data\Dataset\spider\spider (1943).jpeg,spider,0.9177,spider,0.9177,spider (0.9177),sheep (0.0145),cat (0.0139),chicken (0.0094),elephant (0.0087),True,True
c:\Users\Alan\python\MMIP\week3\data\Dataset\spider\spider (3749).jpeg,spider,0.9198,spider,0.9198,spider (0.9198),butterfly (0.0166),squirrel (0.0097),chicken (0.0091),dog (0.0091),True,True
c:\Users\Alan\python\MMIP\week3\data\Dataset\spider\spider (3396).jpeg,spider,0.9437,spider,0.9437,spider (0.9437),butterfly (0.0101),cat (0.0080),sheep (0.0074),elephant (0.0073),True,True
c:\Users\Alan\python\MMIP\week3\data\Dataset\spider\spider (2505).jpeg,spider,0.9353,spider,0.9353,spider (0.9353),horse (0.0157),cat (0.0094),sheep (0.0082),elephant (0.0081),True,True
c:\Users\Alan\python\MMIP\week3\data\Dataset\spider\spider (2436).jpeg,spider,0.8773,spider,0.8773,spider (0.8773),squirrel (0.0254),sheep (0.0164),elephant (0.0157),cat (0.0140),True,True
c:\Users\Alan\python\MMIP\week3\data\Dataset\spider\spider (276).jpg,spider,0.8854,spider,0.8854,spider (0.8854),horse (0.0292),butterfly (0.0169),elephant (0.0166),sheep (0.0160),True,True
c:\Users\Alan\python\MMIP\week3\data\Dataset\spider\spider (3182).jpeg,spider,0.9301,spider,0.9301,spider (0.9301),sheep (0.0121),squirrel (0.0118),horse (0.0095),elephant (0.0088),True,True
c:\Users\Alan\python\MMIP\week3\data\Dataset\spider\spider (407).jpeg,spider,0.8527,spider,0.8527,spider (0.8527),horse (0.0272),squirrel (0.0267),cow (0.0212),chicken (0.0206),True,True
c:\Users\Alan\python\MMIP\week3\data\Dataset\spider\spider (1190).jpeg,spider,0.8867,spider,0.8867,spider (0.8867),chicken (0.0346),dog (0.0167),butterfly (0.0130),elephant (0.0117),True,True
c:\Users\Alan\python\MMIP\week3\data\Dataset\spider\spider (17).jpg,spider,0.9455,spider,0.9455,spider (0.9455),cat (0.0288),sheep (0.0042),squirrel (0.0041),elephant (0.0040),True,True
c:\Users\Alan\python\MMIP\week3\data\Dataset\spider\spider (3682).jpeg,spider,0.9503,spider,0.9503,spider (0.9503),cat (0.0083),butterfly (0.0077),elephant (0.0076),sheep (0.0056),True,True
c:\Users\Alan\python\MMIP\week3\data\Dataset\spider\spider (3024).jpeg,spider,0.9308,spider,0.9308,spider (0.9308),squirrel (0.0136),dog (0.0094),cow (0.0086),horse (0.0083),True,True
c:\Users\Alan\python\MMIP\week3\data\Dataset\spider\spider (1460).jpeg,spider,0.9184,spider,0.9184,spider (0.9184),cat (0.0233),butterfly (0.0107),elephant (0.0100),chicken (0.0092),True,True
c:\Users\Alan\python\MMIP\week3\data\Dataset\spider\spider (4120).jpeg,spider,0.8397,spider,0.8397,spider (0.8397),cow (0.0350),squirrel (0.0337),cat (0.0235),chicken (0.0170),True,True
c:\Users\Alan\python\MMIP\week3\data\Dataset\spider\spider (1384).jpeg,spider,0.9256,spider,0.9256,spider (0.9256),chicken (0.0104),dog (0.0100),cow (0.0089),cat (0.0082),True,True
c:\Users\Alan\python\MMIP\week3\data\Dataset\spider\spider (3554).jpeg,spider,0.9045,spider,0.9045,spider (0.9045),chicken (0.0290),squirrel (0.0165),cow (0.0126),butterfly (0.0078),True,True
c:\Users\Alan\python\MMIP\week3\data\Dataset\spider\spider (3828).jpeg,spider,0.8714,spider,0.8714,spider (0.8714),squirrel (0.0376),butterfly (0.0177),elephant (0.0154),sheep (0.0126),True,True
c:\Users\Alan\python\MMIP\week3\data\Dataset\spider\spider (2131).jpeg,spider,0.9612,spider,0.9612,spider (0.9612),butterfly (0.0105),horse (0.0060),elephant (0.0043),chicken (0.0039),True,True
c:\Users\Alan\python\MMIP\week3\data\Dataset\spider\spider (15).jpg,spider,0.7701,spider,0.7701,spider (0.7701),squirrel (0.0810),sheep (0.0458),cat (0.0365),dog (0.0250),True,True
c:\Users\Alan\python\MMIP\week3\data\Dataset\spider\spider (2883).jpeg,spider,0.7431,spider,0.7431,spider (0.7431),squirrel (0.0864),chicken (0.0859),cow (0.0215),horse (0.0154),True,True
c:\Users\Alan\python\MMIP\week3\data\Dataset\spider\spider (1969).jpeg,spider,0.0824,butterfly,0.7946,butterfly (0.7946),spider (0.0824),sheep (0.0282),dog (0.0218),cat (0.0196),False,True
c:\Users\Alan\python\MMIP\week3\data\Dataset\spider\spider (559).jpeg,spider,0.8616,spider,0.8616,spider (0.8616),horse (0.0228),sheep (0.0203),cow (0.0200),elephant (0.0182),True,True
c:\Users\Alan\python\MMIP\week3\data\Dataset\spider\spider (207).jpeg,spider,0.9429,spider,0.9429,spider (0.9429),cow (0.0102),cat (0.0082),sheep (0.0075),squirrel (0.0065),True,True
c:\Users\Alan\python\MMIP\week3\data\Dataset\spider\spider (3819).jpeg,spider,0.9496,spider,0.9496,spider (0.9496),chicken (0.0090),horse (0.0075),elephant (0.0073),squirrel (0.0072),True,True
c:\Users\Alan\python\MMIP\week3\data\Dataset\spider\spider (1840).jpeg,spider,0.7502,spider,0.7502,spider (0.7502),squirrel (0.0525),chicken (0.0379),elephant (0.0369),cat (0.0289),True,True
c:\Users\Alan\python\MMIP\week3\data\Dataset\spider\spider (3150).jpeg,spider,0.7263,spider,0.7263,spider (0.7263),elephant (0.0944),sheep (0.0348),squirrel (0.0300),cat (0.0290),True,True
c:\Users\Alan\python\MMIP\week3\data\Dataset\spider\spider (2158).jpeg,spider,0.7875,spider,0.7875,spider (0.7875),squirrel (0.0852),cat (0.0296),chicken (0.0219),elephant (0.0204),True,True
c:\Users\Alan\python\MMIP\week3\data\Dataset\spider\spider (1958).jpeg,spider,0.9584,spider,0.9584,spider (0.9584),chicken (0.0069),elephant (0.0056),cat (0.0052),cow (0.0051),True,True
c:\Users\Alan\python\MMIP\week3\data\Dataset\spider\spider (3556).jpeg,spider,0.9264,spider,0.9264,spider (0.9264),chicken (0.0137),cow (0.0116),butterfly (0.0104),squirrel (0.0101),True,True
c:\Users\Alan\python\MMIP\week3\data\Dataset\spider\spider (2515).jpeg,spider,0.947,spider,0.947,spider (0.9470),elephant (0.0121),cat (0.0096),squirrel (0.0085),butterfly (0.0064),True,True
c:\Users\Alan\python\MMIP\week3\data\Dataset\spider\spider (1445).jpeg,spider,0.9107,spider,0.9107,spider (0.9107),butterfly (0.0441),sheep (0.0085),elephant (0.0068),horse (0.0064),True,True
c:\Users\Alan\python\MMIP\week3\data\Dataset\spider\spider (286).jpg,spider,0.9586,spider,0.9586,spider (0.9586),horse (0.0138),butterfly (0.0066),cow (0.0046),sheep (0.0041),True,True
c:\Users\Alan\python\MMIP\week3\data\Dataset\spider\spider (4217).jpeg,spider,0.8744,spider,0.8744,spider (0.8744),chicken (0.0213),horse (0.0181),dog (0.0158),cat (0.0140),True,True
c:\Users\Alan\python\MMIP\week3\data\Dataset\spider\spider (1607).jpeg,spider,0.8282,spider,0.8282,spider (0.8282),squirrel (0.0500),chicken (0.0419),elephant (0.0201),butterfly (0.0137),True,True
c:\Users\Alan\python\MMIP\week3\data\Dataset\spider\spider (284).jpg,spider,0.9427,spider,0.9427,spider (0.9427),horse (0.0092),elephant (0.0087),cat (0.0083),cow (0.0075),True,True
c:\Users\Alan\python\MMIP\week3\data\Dataset\spider\spider (4426).jpeg,spider,0.9577,spider,0.9577,spider (0.9577),dog (0.0153),chicken (0.0070),cow (0.0049),elephant (0.0042),True,True
c:\Users\Alan\python\MMIP\week3\data\Dataset\spider\spider (2384).jpeg,spider,0.9507,spider,0.9507,spider (0.9507),butterfly (0.0079),squirrel (0.0071),sheep (0.0069),elephant (0.0066),True,True
c:\Users\Alan\python\MMIP\week3\data\Dataset\spider\spider (2162).jpeg,spider,0.9626,spider,0.9626,spider (0.9626),butterfly (0.0079),sheep (0.0051),cow (0.0044),dog (0.0039),True,True
c:\Users\Alan\python\MMIP\week3\data\Dataset\spider\spider (3880).jpeg,spider,0.1149,chicken,0.4762,chicken (0.4762),squirrel (0.1856),spider (0.1149),sheep (0.0918),elephant (0.0462),False,True
c:\Users\Alan\python\MMIP\week3\data\Dataset\spider\spider (3000).jpeg,spider,0.8187,spider,0.8187,spider (0.8187),chicken (0.0457),cat (0.0379),dog (0.0299),squirrel (0.0256),True,True
c:\Users\Alan\python\MMIP\week3\data\Dataset\spider\spider (209).jpg,spider,0.8906,spider,0.8906,spider (0.8906),cow (0.0427),cat (0.0135),chicken (0.0096),butterfly (0.0093),True,True
c:\Users\Alan\python\MMIP\week3\data\Dataset\spider\spider (1097).jpeg,spider,0.8757,spider,0.8757,spider (0.8757),horse (0.0385),cow (0.0197),sheep (0.0148),elephant (0.0132),True,True
c:\Users\Alan\python\MMIP\week3\data\Dataset\spider\spider (1498).jpeg,spider,0.8185,spider,0.8185,spider (0.8185),dog (0.0591),horse (0.0238),cow (0.0232),butterfly (0.0152),True,True
c:\Users\Alan\python\MMIP\week3\data\Dataset\spider\spider (1404).jpeg,spider,0.9308,spider,0.9308,spider (0.9308),horse (0.0122),cow (0.0100),sheep (0.0089),dog (0.0077),True,True
c:\Users\Alan\python\MMIP\week3\data\Dataset\spider\spider (2629).jpeg,spider,0.0897,butterfly,0.4701,butterfly (0.4701),cow (0.1163),chicken (0.0984),spider (0.0897),horse (0.0783),False,True
c:\Users\Alan\python\MMIP\week3\data\Dataset\spider\spider (4046).jpeg,spider,0.4861,spider,0.4861,spider (0.4861),butterfly (0.1523),cow (0.1245),squirrel (0.0834),horse (0.0403),True,True
c:\Users\Alan\python\MMIP\week3\data\Dataset\spider\spider (3643).jpeg,spider,0.7239,spider,0.7239,spider (0.7239),squirrel (0.0825),chicken (0.0604),sheep (0.0282),cow (0.0256),True,True
c:\Users\Alan\python\MMIP\week3\data\Dataset\spider\spider (1390).jpeg,spider,0.8952,spider,0.8952,spider (0.8952),elephant (0.0164),cat (0.0149),horse (0.0148),dog (0.0147),True,True
c:\Users\Alan\python\MMIP\week3\data\Dataset\spider\spider (312).jpg,spider,0.9661,spider,0.9661,spider (0.9661),cat (0.0075),cow (0.0068),horse (0.0048),chicken (0.0047),True,True
c:\Users\Alan\python\MMIP\week3\data\Dataset\spider\spider (2231).jpeg,spider,0.8739,spider,0.8739,spider (0.8739),squirrel (0.0366),chicken (0.0301),elephant (0.0108),cow (0.0102),True,True
c:\Users\Alan\python\MMIP\week3\data\Dataset\spider\spider (2836).jpeg,spider,0.9228,spider,0.9228,spider (0.9228),chicken (0.0264),dog (0.0136),sheep (0.0078),horse (0.0069),True,True
c:\Users\Alan\python\MMIP\week3\data\Dataset\spider\spider (1030).jpeg,spider,0.9507,spider,0.9507,spider (0.9507),cow (0.0085),chicken (0.0074),squirrel (0.0073),sheep (0.0058),True,True
c:\Users\Alan\python\MMIP\week3\data\Dataset\spider\spider (1461).jpeg,spider,0.9203,spider,0.9203,spider (0.9203),squirrel (0.0121),butterfly (0.0116),cat (0.0106),elephant (0.0105),True,True
c:\Users\Alan\python\MMIP\week3\data\Dataset\spider\spider (2531).jpeg,spider,0.8272,spider,0.8272,spider (0.8272),squirrel (0.0601),sheep (0.0241),cat (0.0168),elephant (0.0163),True,True
c:\Users\Alan\python\MMIP\week3\data\Dataset\spider\spider (1318).jpeg,spider,0.8113,spider,0.8113,spider (0.8113),chicken (0.0603),dog (0.0269),squirrel (0.0259),elephant (0.0216),True,True
c:\Users\Alan\python\MMIP\week3\data\Dataset\spider\spider (225).jpg,spider,0.9389,spider,0.9389,spider (0.9389),cow (0.0092),horse (0.0091),sheep (0.0080),elephant (0.0079),True,True
c:\Users\Alan\python\MMIP\week3\data\Dataset\spider\spider (4022).jpeg,spider,0.9076,spider,0.9076,spider (0.9076),cat (0.0126),chicken (0.0116),dog (0.0112),elephant (0.0106),True,True
c:\Users\Alan\python\MMIP\week3\data\Dataset\spider\spider (2717).jpeg,spider,0.9331,spider,0.9331,spider (0.9331),cow (0.0221),horse (0.0095),elephant (0.0088),sheep (0.0075),True,True
c:\Users\Alan\python\MMIP\week3\data\Dataset\spider\spider (1449).jpeg,spider,0.8659,spider,0.8659,spider (0.8659),butterfly (0.0225),chicken (0.0216),squirrel (0.0205),elephant (0.0158),True,True
c:\Users\Alan\python\MMIP\week3\data\Dataset\spider\spider (2583).jpeg,spider,0.8706,spider,0.8706,spider (0.8706),dog (0.0295),butterfly (0.0275),elephant (0.0174),cat (0.0136),True,True
c:\Users\Alan\python\MMIP\week3\data\Dataset\spider\spider (2482).jpeg,spider,0.9374,spider,0.9374,spider (0.9374),cow (0.0115),sheep (0.0100),butterfly (0.0085),horse (0.0078),True,True
c:\Users\Alan\python\MMIP\week3\data\Dataset\spider\spider (256).jpeg,spider,0.9345,spider,0.9345,spider (0.9345),dog (0.0114),cow (0.0102),squirrel (0.0077),cat (0.0077),True,True
c:\Users\Alan\python\MMIP\week3\data\Dataset\spider\spider (1620).jpeg,spider,0.9425,spider,0.9425,spider (0.9425),butterfly (0.0088),chicken (0.0081),cow (0.0071),sheep (0.0069),True,True
c:\Users\Alan\python\MMIP\week3\data\Dataset\spider\spider (1121).jpeg,spider,0.4768,spider,0.4768,spider (0.4768),chicken (0.1619),dog (0.1165),sheep (0.0665),squirrel (0.0551),True,True
c:\Users\Alan\python\MMIP\week3\data\Dataset\spider\spider (36).jpg,spider,0.9503,spider,0.9503,spider (0.9503),dog (0.0179),sheep (0.0055),squirrel (0.0052),cat (0.0050),True,True
c:\Users\Alan\python\MMIP\week3\data\Dataset\spider\spider (2176).jpeg,spider,0.9412,spider,0.9412,spider (0.9412),sheep (0.0127),squirrel (0.0090),dog (0.0087),cow (0.0068),True,True
c:\Users\Alan\python\MMIP\week3\data\Dataset\spider\spider (4287).jpeg,spider,0.8365,spider,0.8365,spider (0.8365),cat (0.0284),cow (0.0256),elephant (0.0230),dog (0.0215),True,True
c:\Users\Alan\python\MMIP\week3\data\Dataset\spider\spider (35).jpg,spider,0.9338,spider,0.9338,spider (0.9338),butterfly (0.0120),cow (0.0101),elephant (0.0097),horse (0.0081),True,True
c:\Users\Alan\python\MMIP\week3\data\Dataset\spider\spider (2545).jpeg,spider,0.9205,spider,0.9205,spider (0.9205),horse (0.0138),chicken (0.0108),dog (0.0098),cow (0.0095),True,True
c:\Users\Alan\python\MMIP\week3\data\Dataset\spider\spider (1083).jpeg,spider,0.9052,spider,0.9052,spider (0.9052),chicken (0.0141),cat (0.0138),horse (0.0130),cow (0.0128),True,True
c:\Users\Alan\python\MMIP\week3\data\Dataset\spider\spider (3095).jpeg,spider,0.9216,spider,0.9216,spider (0.9216),butterfly (0.0201),dog (0.0169),chicken (0.0128),cat (0.0087),True,True
c:\Users\Alan\python\MMIP\week3\data\Dataset\spider\spider (1568).jpeg,spider,0.6046,spider,0.6046,spider (0.6046),cow (0.1642),dog (0.1211),squirrel (0.0369),horse (0.0211),True,True
c:\Users\Alan\python\MMIP\week3\data\Dataset\spider\spider (1895).jpeg,spider,0.9267,spider,0.9267,spider (0.9267),sheep (0.0132),dog (0.0114),butterfly (0.0104),chicken (0.0090),True,True
c:\Users\Alan\python\MMIP\week3\data\Dataset\spider\spider (3908).jpeg,spider,0.8785,spider,0.8785,spider (0.8785),elephant (0.0282),chicken (0.0236),cow (0.0233),dog (0.0182),True,True
c:\Users\Alan\python\MMIP\week3\data\Dataset\spider\spider (3884).jpeg,spider,0.9384,spider,0.9384,spider (0.9384),cat (0.0091),butterfly (0.0084),dog (0.0074),squirrel (0.0074),True,True
c:\Users\Alan\python\MMIP\week3\data\Dataset\spider\spider (4172).jpeg,spider,0.2137,cat,0.2512,cat (0.2512),spider (0.2137),dog (0.1415),chicken (0.1173),horse (0.0990),False,True
c:\Users\Alan\python\MMIP\week3\data\Dataset\spider\spider (4413).jpeg,spider,0.918,spider,0.918,spider (0.9180),horse (0.0141),squirrel (0.0134),butterfly (0.0111),cow (0.0095),True,True
c:\Users\Alan\python\MMIP\week3\data\Dataset\spider\spider (3446).jpeg,spider,0.9417,spider,0.9417,spider (0.9417),sheep (0.0165),squirrel (0.0092),butterfly (0.0067),horse (0.0053),True,True
c:\Users\Alan\python\MMIP\week3\data\Dataset\spider\spider (1244).jpeg,spider,0.8883,spider,0.8883,spider (0.8883),dog (0.0216),horse (0.0167),elephant (0.0153),squirrel (0.0152),True,True
c:\Users\Alan\python\MMIP\week3\data\Dataset\spider\spider (309).jpeg,spider,0.9246,spider,0.9246,spider (0.9246),butterfly (0.0198),cow (0.0139),cat (0.0112),squirrel (0.0096),True,True
c:\Users\Alan\python\MMIP\week3\data\Dataset\spider\spider (4216).jpeg,spider,0.9455,spider,0.9455,spider (0.9455),cow (0.0082),dog (0.0074),cat (0.0070),chicken (0.0068),True,True
c:\Users\Alan\python\MMIP\week3\data\Dataset\spider\spider (1826).jpeg,spider,0.8606,spider,0.8606,spider (0.8606),sheep (0.0533),squirrel (0.0227),cat (0.0151),horse (0.0125),True,True
c:\Users\Alan\python\MMIP\week3\data\Dataset\spider\spider (3093).jpeg,spider,0.9259,spider,0.9259,spider (0.9259),chicken (0.0142),squirrel (0.0125),elephant (0.0107),cow (0.0090),True,True
c:\Users\Alan\python\MMIP\week3\data\Dataset\spider\spider (1686).jpeg,spider,0.9452,spider,0.9452,spider (0.9452),sheep (0.0099),butterfly (0.0077),cow (0.0072),horse (0.0060),True,True
c:\Users\Alan\python\MMIP\week3\data\Dataset\spider\spider (601).jpeg,spider,0.9589,spider,0.9589,spider (0.9589),elephant (0.0074),sheep (0.0066),chicken (0.0056),squirrel (0.0055),True,True
c:\Users\Alan\python\MMIP\week3\data\Dataset\spider\spider (1241).jpeg,spider,0.6772,spider,0.6772,spider (0.6772),squirrel (0.0684),sheep (0.0597),butterfly (0.0558),dog (0.0464),True,True
c:\Users\Alan\python\MMIP\week3\data\Dataset\spider\spider (73).jpeg,spider,0.9179,spider,0.9179,spider (0.9179),chicken (0.0152),sheep (0.0115),squirrel (0.0098),elephant (0.0087),True,True
c:\Users\Alan\python\MMIP\week3\data\Dataset\spider\spider (239).jpg,spider,0.0374,cat,0.3705,cat (0.3705),dog (0.1708),butterfly (0.1545),chicken (0.1040),sheep (0.0650),False,False
c:\Users\Alan\python\MMIP\week3\data\Dataset\spider\spider (600).jpeg,spider,0.9085,spider,0.9085,spider (0.9085),horse (0.0196),squirrel (0.0159),cow (0.0145),chicken (0.0103),True,True
c:\Users\Alan\python\MMIP\week3\data\Dataset\spider\spider (181).jpg,spider,0.9318,spider,0.9318,spider (0.9318),dog (0.0164),sheep (0.0110),squirrel (0.0069),cat (0.0064),True,True
c:\Users\Alan\python\MMIP\week3\data\Dataset\spider\spider (1).jpg,spider,0.9549,spider,0.9549,spider (0.9549),cow (0.0076),horse (0.0063),cat (0.0061),dog (0.0057),True,True
c:\Users\Alan\python\MMIP\week3\data\Dataset\spider\spider (4374).jpeg,spider,0.9376,spider,0.9376,spider (0.9376),dog (0.0118),chicken (0.0103),sheep (0.0088),elephant (0.0068),True,True
c:\Users\Alan\python\MMIP\week3\data\Dataset\spider\spider (3935).jpeg,spider,0.969,spider,0.969,spider (0.9690),squirrel (0.0057),elephant (0.0040),cat (0.0036),chicken (0.0036),True,True
c:\Users\Alan\python\MMIP\week3\data\Dataset\spider\spider (316).jpeg,spider,0.9391,spider,0.9391,spider (0.9391),cow (0.0121),sheep (0.0105),cat (0.0092),horse (0.0072),True,True
c:\Users\Alan\python\MMIP\week3\data\Dataset\spider\spider (2241).jpeg,spider,0.8801,spider,0.8801,spider (0.8801),chicken (0.0437),squirrel (0.0210),butterfly (0.0145),horse (0.0112),True,True
c:\Users\Alan\python\MMIP\week3\data\Dataset\spider\spider (3817).jpeg,spider,0.8947,spider,0.8947,spider (0.8947),squirrel (0.0174),cat (0.0168),sheep (0.0141),horse (0.0129),True,True
c:\Users\Alan\python\MMIP\week3\data\Dataset\spider\spider (2389).jpeg,spider,0.8701,spider,0.8701,spider (0.8701),squirrel (0.0247),chicken (0.0243),butterfly (0.0227),elephant (0.0177),True,True
c:\Users\Alan\python\MMIP\week3\data\Dataset\spider\spider (633).jpeg,spider,0.8943,spider,0.8943,spider (0.8943),dog (0.0238),butterfly (0.0203),horse (0.0160),chicken (0.0108),True,True
c:\Users\Alan\python\MMIP\week3\data\Dataset\spider\spider (1732).jpeg,spider,0.9605,spider,0.9605,spider (0.9605),horse (0.0123),cow (0.0062),butterfly (0.0042),elephant (0.0036),True,True
c:\Users\Alan\python\MMIP\week3\data\Dataset\spider\spider (856).jpeg,spider,0.7338,spider,0.7338,spider (0.7338),chicken (0.0659),dog (0.0350),sheep (0.0309),butterfly (0.0292),True,True
c:\Users\Alan\python\MMIP\week3\data\Dataset\spider\spider (722).jpeg,spider,0.9193,spider,0.9193,spider (0.9193),chicken (0.0222),horse (0.0129),squirrel (0.0091),sheep (0.0081),True,True
c:\Users\Alan\python\MMIP\week3\data\Dataset\spider\spider (298).jpg,spider,0.898,spider,0.898,spider (0.8980),cat (0.0223),horse (0.0144),chicken (0.0137),sheep (0.0134),True,True
c:\Users\Alan\python\MMIP\week3\data\Dataset\spider\spider (406).jpeg,spider,0.8234,spider,0.8234,spider (0.8234),butterfly (0.0433),horse (0.0241),cow (0.0229),sheep (0.0187),True,True
c:\Users\Alan\python\MMIP\week3\data\Dataset\spider\spider (3185).jpeg,spider,0.7419,spider,0.7419,spider (0.7419),squirrel (0.1110),dog (0.0611),sheep (0.0234),butterfly (0.0211),True,True
c:\Users\Alan\python\MMIP\week3\data\Dataset\spider\spider (4304).jpeg,spider,0.9487,spider,0.9487,spider (0.9487),dog (0.0088),cow (0.0086),sheep (0.0077),horse (0.0065),True,True
c:\Users\Alan\python\MMIP\week3\data\Dataset\spider\spider (1341).jpeg,spider,0.9579,spider,0.9579,spider (0.9579),squirrel (0.0072),butterfly (0.0060),elephant (0.0057),cat (0.0046),True,True
c:\Users\Alan\python\MMIP\week3\data\Dataset\spider\spider (2013).jpeg,spider,0.8374,spider,0.8374,spider (0.8374),elephant (0.0406),chicken (0.0333),butterfly (0.0219),cat (0.0159),True,True
c:\Users\Alan\python\MMIP\week3\data\Dataset\spider\spider (91).jpg,spider,0.9236,spider,0.9236,spider (0.9236),cow (0.0121),horse (0.0120),dog (0.0092),elephant (0.0084),True,True
c:\Users\Alan\python\MMIP\week3\data\Dataset\spider\spider (109).jpg,spider,0.9486,spider,0.9486,spider (0.9486),sheep (0.0094),elephant (0.0072),squirrel (0.0072),butterfly (0.0067),True,True
c:\Users\Alan\python\MMIP\week3\data\Dataset\spider\spider (682).jpeg,spider,0.9369,spider,0.9369,spider (0.9369),squirrel (0.0113),dog (0.0100),cat (0.0080),butterfly (0.0072),True,True
c:\Users\Alan\python\MMIP\week3\data\Dataset\spider\spider (652).jpeg,spider,0.9555,spider,0.9555,spider (0.9555),horse (0.0096),dog (0.0092),elephant (0.0049),sheep (0.0049),True,True
c:\Users\Alan\python\MMIP\week3\data\Dataset\spider\spider (167).jpeg,spider,0.8918,spider,0.8918,spider (0.8918),chicken (0.0172),elephant (0.0146),cow (0.0142),squirrel (0.0132),True,True
c:\Users\Alan\python\MMIP\week3\data\Dataset\spider\spider (2858).jpeg,spider,0.8894,spider,0.8894,spider (0.8894),butterfly (0.0413),cat (0.0124),elephant (0.0110),dog (0.0109),True,True
c:\Users\Alan\python\MMIP\week3\data\Dataset\spider\spider (1764).jpeg,spider,0.9621,spider,0.9621,spider (0.9621),squirrel (0.0065),cat (0.0063),horse (0.0050),chicken (0.0049),True,True
c:\Users\Alan\python\MMIP\week3\data\Dataset\spider\spider (3956).jpeg,spider,0.8893,spider,0.8893,spider (0.8893),butterfly (0.0375),squirrel (0.0150),cow (0.0138),sheep (0.0096),True,True
c:\Users\Alan\python\MMIP\week3\data\Dataset\spider\spider (2470).jpeg,spider,0.8644,spider,0.8644,spider (0.8644),horse (0.0306),sheep (0.0225),dog (0.0182),cow (0.0174),True,True
c:\Users\Alan\python\MMIP\week3\data\Dataset\spider\spider (1217).jpeg,spider,0.8977,spider,0.8977,spider (0.8977),squirrel (0.0417),dog (0.0191),horse (0.0110),sheep (0.0071),True,True
c:\Users\Alan\python\MMIP\week3\data\Dataset\spider\spider (4425).jpeg,spider,0.9063,spider,0.9063,spider (0.9063),dog (0.0159),horse (0.0148),cat (0.0135),squirrel (0.0121),True,True
c:\Users\Alan\python\MMIP\week3\data\Dataset\spider\spider (1222).jpeg,spider,0.9038,spider,0.9038,spider (0.9038),squirrel (0.0177),cat (0.0152),dog (0.0128),cow (0.0122),True,True
c:\Users\Alan\python\MMIP\week3\data\Dataset\spider\spider (4315).jpeg,spider,0.8513,spider,0.8513,spider (0.8513),squirrel (0.0446),butterfly (0.0374),dog (0.0144),chicken (0.0116),True,True
c:\Users\Alan\python\MMIP\week3\data\Dataset\spider\spider (656).jpeg,spider,0.9184,spider,0.9184,spider (0.9184),horse (0.0160),cow (0.0148),squirrel (0.0102),chicken (0.0099),True,True
c:\Users\Alan\python\MMIP\week3\data\Dataset\spider\spider (161).jpeg,spider,0.8515,spider,0.8515,spider (0.8515),chicken (0.0273),sheep (0.0248),elephant (0.0224),cow (0.0197),True,True
c:\Users\Alan\python\MMIP\week3\data\Dataset\spider\spider (964).jpeg,spider,0.8992,spider,0.8992,spider (0.8992),elephant (0.0163),squirrel (0.0163),chicken (0.0140),cat (0.0138),True,True
c:\Users\Alan\python\MMIP\week3\data\Dataset\spider\spider (2806).jpeg,spider,0.8183,spider,0.8183,spider (0.8183),squirrel (0.0434),chicken (0.0315),dog (0.0303),butterfly (0.0173),True,True
c:\Users\Alan\python\MMIP\week3\data\Dataset\spider\spider (4185).jpeg,spider,0.8057,spider,0.8057,spider (0.8057),butterfly (0.0541),chicken (0.0410),squirrel (0.0214),horse (0.0204),True,True
c:\Users\Alan\python\MMIP\week3\data\Dataset\spider\spider (2076).jpeg,spider,0.918,spider,0.918,spider (0.9180),butterfly (0.0213),chicken (0.0170),dog (0.0086),sheep (0.0076),True,True
c:\Users\Alan\python\MMIP\week3\data\Dataset\spider\spider (4311).jpeg,spider,0.8885,spider,0.8885,spider (0.8885),elephant (0.0222),dog (0.0190),horse (0.0164),chicken (0.0140),True,True
c:\Users\Alan\python\MMIP\week3\data\Dataset\spider\spider (3540).jpeg,spider,0.9228,spider,0.9228,spider (0.9228),cow (0.0125),horse (0.0119),elephant (0.0116),squirrel (0.0095),True,True
c:\Users\Alan\python\MMIP\week3\data\Dataset\spider\spider (1561).jpeg,spider,0.9136,spider,0.9136,spider (0.9136),squirrel (0.0178),cat (0.0107),horse (0.0105),dog (0.0097),True,True
c:\Users\Alan\python\MMIP\week3\data\Dataset\spider\spider (4454).jpeg,spider,0.9202,spider,0.9202,spider (0.9202),cow (0.0149),squirrel (0.0126),dog (0.0119),horse (0.0109),True,True
c:\Users\Alan\python\MMIP\week3\data\Dataset\spider\spider (489).jpeg,spider,0.8855,spider,0.8855,spider (0.8855),chicken (0.0350),elephant (0.0207),cat (0.0111),cow (0.0089),True,True
c:\Users\Alan\python\MMIP\week3\data\Dataset\spider\spider (2424).jpeg,spider,0.8771,spider,0.8771,spider (0.8771),chicken (0.0256),dog (0.0166),squirrel (0.0141),butterfly (0.0132),True,True
c:\Users\Alan\python\MMIP\week3\data\Dataset\spider\spider (2825).jpeg,spider,0.9289,spider,0.9289,spider (0.9289),chicken (0.0179),horse (0.0106),elephant (0.0105),cat (0.0099),True,True
c:\Users\Alan\python\MMIP\week3\data\Dataset\spider\spider (2332).jpeg,spider,0.8503,spider,0.8503,spider (0.8503),squirrel (0.0506),sheep (0.0204),horse (0.0202),elephant (0.0145),True,True
c:\Users\Alan\python\MMIP\week3\data\Dataset\spider\spider (1798).jpeg,spider,0.8944,spider,0.8944,spider (0.8944),elephant (0.0206),cat (0.0198),chicken (0.0141),sheep (0.0107),True,True
c:\Users\Alan\python\MMIP\week3\data\Dataset\spider\spider (4260).jpeg,spider,0.9071,spider,0.9071,spider (0.9071),chicken (0.0159),sheep (0.0131),cat (0.0124),horse (0.0099),True,True
c:\Users\Alan\python\MMIP\week3\data\Dataset\spider\spider (2724).jpeg,spider,0.9218,spider,0.9218,spider (0.9218),chicken (0.0213),elephant (0.0135),cat (0.0106),horse (0.0081),True,True
c:\Users\Alan\python\MMIP\week3\data\Dataset\spider\spider (3223).jpeg,spider,0.8985,spider,0.8985,spider (0.8985),horse (0.0253),squirrel (0.0147),elephant (0.0114),cat (0.0104),True,True
c:\Users\Alan\python\MMIP\week3\data\Dataset\spider\spider (35).jpeg,spider,0.8819,spider,0.8819,spider (0.8819),squirrel (0.0250),chicken (0.0190),sheep (0.0162),dog (0.0151),True,True
c:\Users\Alan\python\MMIP\week3\data\Dataset\spider\spider (2452).jpeg,spider,0.9369,spider,0.9369,spider (0.9369),squirrel (0.0185),dog (0.0090),elephant (0.0074),butterfly (0.0068),True,True
c:\Users\Alan\python\MMIP\week3\data\Dataset\spider\spider (3912).jpeg,spider,0.9547,spider,0.9547,spider (0.9547),horse (0.0069),cat (0.0066),dog (0.0064),sheep (0.0057),True,True
c:\Users\Alan\python\MMIP\week3\data\Dataset\spider\spider (76).jpg,spider,0.4142,butterfly,0.4855,butterfly (0.4855),spider (0.4142),chicken (0.0313),cat (0.0177),elephant (0.0117),False,True
c:\Users\Alan\python\MMIP\week3\data\Dataset\squirrel\squirrel (434).jpeg,squirrel,0.8474,squirrel,0.8474,squirrel (0.8474),cat (0.0428),chicken (0.0404),butterfly (0.0224),cow (0.0107),True,True
c:\Users\Alan\python\MMIP\week3\data\Dataset\squirrel\squirrel (593).jpeg,squirrel,0.7043,squirrel,0.7043,squirrel (0.7043),sheep (0.0654),elephant (0.0567),dog (0.0511),chicken (0.0359),True,True
c:\Users\Alan\python\MMIP\week3\data\Dataset\squirrel\squirrel (1160).jpeg,squirrel,0.9274,squirrel,0.9274,squirrel (0.9274),cat (0.0181),elephant (0.0152),cow (0.0091),butterfly (0.0084),True,True
c:\Users\Alan\python\MMIP\week3\data\Dataset\squirrel\squirrel (962).jpeg,squirrel,0.6988,squirrel,0.6988,squirrel (0.6988),spider (0.0642),cow (0.0630),dog (0.0559),sheep (0.0347),True,True
c:\Users\Alan\python\MMIP\week3\data\Dataset\squirrel\squirrel (1118).jpeg,squirrel,0.8258,squirrel,0.8258,squirrel (0.8258),cat (0.0576),sheep (0.0445),spider (0.0186),chicken (0.0163),True,True
c:\Users\Alan\python\MMIP\week3\data\Dataset\squirrel\squirrel (1161).jpeg,squirrel,0.8373,squirrel,0.8373,squirrel (0.8373),sheep (0.1045),chicken (0.0095),horse (0.0090),cat (0.0076),True,True
c:\Users\Alan\python\MMIP\week3\data\Dataset\squirrel\squirrel (636).jpeg,squirrel,0.924,squirrel,0.924,squirrel (0.9240),cat (0.0262),chicken (0.0208),elephant (0.0067),sheep (0.0059),True,True
c:\Users\Alan\python\MMIP\week3\data\Dataset\squirrel\squirrel (76).jpeg,squirrel,0.8093,squirrel,0.8093,squirrel (0.8093),dog (0.0540),butterfly (0.0361),chicken (0.0294),horse (0.0167),True,True
c:\Users\Alan\python\MMIP\week3\data\Dataset\squirrel\squirrel (1302).jpeg,squirrel,0.8402,squirrel,0.8402,squirrel (0.8402),cow (0.0405),butterfly (0.0273),chicken (0.0263),dog (0.0168),True,True
c:\Users\Alan\python\MMIP\week3\data\Dataset\squirrel\squirrel (1861).jpeg,squirrel,0.9247,squirrel,0.9247,squirrel (0.9247),spider (0.0178),sheep (0.0132),cat (0.0122),butterfly (0.0063),True,True
c:\Users\Alan\python\MMIP\week3\data\Dataset\squirrel\squirrel (43).jpeg,squirrel,0.8037,squirrel,0.8037,squirrel (0.8037),chicken (0.1291),butterfly (0.0127),elephant (0.0120),sheep (0.0109),True,True
c:\Users\Alan\python\MMIP\week3\data\Dataset\squirrel\squirrel (858).jpeg,squirrel,0.947,squirrel,0.947,squirrel (0.9470),butterfly (0.0118),chicken (0.0107),cat (0.0078),cow (0.0063),True,True
c:\Users\Alan\python\MMIP\week3\data\Dataset\squirrel\squirrel (1742).jpeg,squirrel,0.8656,squirrel,0.8656,squirrel (0.8656),dog (0.0533),cat (0.0282),horse (0.0182),elephant (0.0113),True,True
c:\Users\Alan\python\MMIP\week3\data\Dataset\squirrel\squirrel (103).jpeg,squirrel,0.8569,squirrel,0.8569,squirrel (0.8569),cat (0.0559),dog (0.0433),horse (0.0163),chicken (0.0079),True,True
c:\Users\Alan\python\MMIP\week3\data\Dataset\squirrel\squirrel (1240).jpeg,squirrel,0.1036,cat,0.4456,cat (0.4456),dog (0.2630),squirrel (0.1036),chicken (0.0573),cow (0.0438),False,True
c:\Users\Alan\python\MMIP\week3\data\Dataset\squirrel\squirrel (1753).jpeg,squirrel,0.924,squirrel,0.924,squirrel (0.9240),cow (0.0183),chicken (0.0137),dog (0.0089),butterfly (0.0085),True,True
c:\Users\Alan\python\MMIP\week3\data\Dataset\squirrel\squirrel (140).jpeg,squirrel,0.8937,squirrel,0.8937,squirrel (0.8937),cat (0.0237),horse (0.0194),chicken (0.0171),dog (0.0120),True,True
c:\Users\Alan\python\MMIP\week3\data\Dataset\squirrel\squirrel (1622).jpeg,squirrel,0.5372,squirrel,0.5372,squirrel (0.5372),sheep (0.1128),cat (0.0999),chicken (0.0928),horse (0.0320),True,True
c:\Users\Alan\python\MMIP\week3\data\Dataset\squirrel\squirrel (1336).jpeg,squirrel,0.9658,squirrel,0.9658,squirrel (0.9658),cat (0.0115),sheep (0.0050),cow (0.0046),butterfly (0.0032),True,True
c:\Users\Alan\python\MMIP\week3\data\Dataset\squirrel\squirrel (895).jpeg,squirrel,0.7244,squirrel,0.7244,squirrel (0.7244),spider (0.0755),cat (0.0582),dog (0.0497),butterfly (0.0243),True,True
c:\Users\Alan\python\MMIP\week3\data\Dataset\squirrel\squirrel (916).jpeg,squirrel,0.7192,squirrel,0.7192,squirrel (0.7192),dog (0.1518),chicken (0.0535),elephant (0.0217),cat (0.0204),True,True
c:\Users\Alan\python\MMIP\week3\data\Dataset\squirrel\squirrel (765).jpeg,squirrel,0.982,squirrel,0.982,squirrel (0.9820),butterfly (0.0042),chicken (0.0041),cow (0.0026),cat (0.0020),True,True
c:\Users\Alan\python\MMIP\week3\data\Dataset\squirrel\squirrel (1583).jpeg,squirrel,0.6435,squirrel,0.6435,squirrel (0.6435),dog (0.1214),chicken (0.0824),cat (0.0462),butterfly (0.0327),True,True
c:\Users\Alan\python\MMIP\week3\data\Dataset\squirrel\squirrel (382).jpeg,squirrel,0.431,squirrel,0.431,squirrel (0.4310),dog (0.3557),elephant (0.0502),cow (0.0499),cat (0.0394),True,True
c:\Users\Alan\python\MMIP\week3\data\Dataset\squirrel\squirrel (618).jpeg,squirrel,0.8582,squirrel,0.8582,squirrel (0.8582),butterfly (0.0352),elephant (0.0277),cow (0.0215),chicken (0.0145),True,True
c:\Users\Alan\python\MMIP\week3\data\Dataset\squirrel\squirrel (1713).jpeg,squirrel,0.9429,squirrel,0.9429,squirrel (0.9429),sheep (0.0132),horse (0.0106),cat (0.0098),butterfly (0.0075),True,True
c:\Users\Alan\python\MMIP\week3\data\Dataset\squirrel\squirrel (1157).jpeg,squirrel,0.9767,squirrel,0.9767,squirrel (0.9767),cow (0.0050),cat (0.0037),spider (0.0029),chicken (0.0028),True,True
c:\Users\Alan\python\MMIP\week3\data\Dataset\squirrel\squirrel (260).jpeg,squirrel,0.8212,squirrel,0.8212,squirrel (0.8212),dog (0.0462),cow (0.0428),spider (0.0177),cat (0.0172),True,True
c:\Users\Alan\python\MMIP\week3\data\Dataset\squirrel\squirrel (467).jpeg,squirrel,0.9487,squirrel,0.9487,squirrel (0.9487),dog (0.0169),chicken (0.0076),elephant (0.0069),horse (0.0054),True,True
c:\Users\Alan\python\MMIP\week3\data\Dataset\squirrel\squirrel (705).jpeg,squirrel,0.7278,squirrel,0.7278,squirrel (0.7278),horse (0.0511),chicken (0.0488),dog (0.0483),cat (0.0327),True,True
c:\Users\Alan\python\MMIP\week3\data\Dataset\squirrel\squirrel (210).jpeg,squirrel,0.7825,squirrel,0.7825,squirrel (0.7825),cow (0.0660),butterfly (0.0316),spider (0.0280),horse (0.0279),True,True
c:\Users\Alan\python\MMIP\week3\data\Dataset\squirrel\squirrel (441).jpeg,squirrel,0.874,squirrel,0.874,squirrel (0.8740),cat (0.0203),sheep (0.0192),chicken (0.0188),cow (0.0181),True,True
c:\Users\Alan\python\MMIP\week3\data\Dataset\squirrel\squirrel (237).jpeg,squirrel,0.855,squirrel,0.855,squirrel (0.8550),sheep (0.0537),dog (0.0320),chicken (0.0203),cow (0.0123),True,True
c:\Users\Alan\python\MMIP\week3\data\Dataset\squirrel\squirrel (1783).jpeg,squirrel,0.2478,spider,0.4431,spider (0.4431),squirrel (0.2478),sheep (0.1190),elephant (0.0641),butterfly (0.0562),False,True
c:\Users\Alan\python\MMIP\week3\data\Dataset\squirrel\squirrel (378).jpeg,squirrel,0.7699,squirrel,0.7699,squirrel (0.7699),spider (0.1562),elephant (0.0210),cat (0.0118),dog (0.0103),True,True
c:\Users\Alan\python\MMIP\week3\data\Dataset\squirrel\squirrel (457).jpeg,squirrel,0.5605,squirrel,0.5605,squirrel (0.5605),spider (0.1034),sheep (0.0876),cat (0.0526),chicken (0.0525),True,True
c:\Users\Alan\python\MMIP\week3\data\Dataset\squirrel\squirrel (569).jpeg,squirrel,0.8912,squirrel,0.8912,squirrel (0.8912),sheep (0.0292),dog (0.0267),chicken (0.0156),cow (0.0091),True,True
c:\Users\Alan\python\MMIP\week3\data\Dataset\squirrel\squirrel (337).jpeg,squirrel,0.8181,squirrel,0.8181,squirrel (0.8181),cow (0.0287),butterfly (0.0258),dog (0.0250),chicken (0.0210),True,True
c:\Users\Alan\python\MMIP\week3\data\Dataset\squirrel\squirrel (682).jpeg,squirrel,0.9199,squirrel,0.9199,squirrel (0.9199),sheep (0.0279),chicken (0.0159),dog (0.0080),horse (0.0066),True,True
c:\Users\Alan\python\MMIP\week3\data\Dataset\squirrel\squirrel (24).jpeg,squirrel,0.6159,squirrel,0.6159,squirrel (0.6159),horse (0.1353),elephant (0.0521),dog (0.0467),butterfly (0.0449),True,True
c:\Users\Alan\python\MMIP\week3\data\Dataset\squirrel\squirrel (1702).jpeg,squirrel,0.9007,squirrel,0.9007,squirrel (0.9007),sheep (0.0235),cat (0.0233),chicken (0.0167),cow (0.0110),True,True
c:\Users\Alan\python\MMIP\week3\data\Dataset\squirrel\squirrel (271).jpeg,squirrel,0.4075,squirrel,0.4075,squirrel (0.4075),butterfly (0.1962),chicken (0.1793),sheep (0.0445),horse (0.0384),True,True
c:\Users\Alan\python\MMIP\week3\data\Dataset\squirrel\squirrel (1837).jpeg,squirrel,0.9739,squirrel,0.9739,squirrel (0.9739),elephant (0.0051),dog (0.0050),cat (0.0041),butterfly (0.0027),True,True
c:\Users\Alan\python\MMIP\week3\data\Dataset\squirrel\squirrel (936).jpeg,squirrel,0.9182,squirrel,0.9182,squirrel (0.9182),butterfly (0.0193),cat (0.0144),chicken (0.0139),cow (0.0093),True,True
c:\Users\Alan\python\MMIP\week3\data\Dataset\squirrel\squirrel (1743).jpeg,squirrel,0.9341,squirrel,0.9341,squirrel (0.9341),dog (0.0158),elephant (0.0113),horse (0.0109),chicken (0.0082),True,True
c:\Users\Alan\python\MMIP\week3\data\Dataset\squirrel\squirrel (1619).jpeg,squirrel,0.8805,squirrel,0.8805,squirrel (0.8805),cat (0.0225),dog (0.0206),butterfly (0.0188),chicken (0.0160),True,True
c:\Users\Alan\python\MMIP\week3\data\Dataset\squirrel\squirrel (1408).jpeg,squirrel,0.9533,squirrel,0.9533,squirrel (0.9533),elephant (0.0076),horse (0.0069),butterfly (0.0066),cow (0.0064),True,True
c:\Users\Alan\python\MMIP\week3\data\Dataset\squirrel\squirrel (1777).jpeg,squirrel,0.5637,squirrel,0.5637,squirrel (0.5637),sheep (0.1289),chicken (0.0977),horse (0.0724),spider (0.0362),True,True
c:\Users\Alan\python\MMIP\week3\data\Dataset\squirrel\squirrel (253).jpeg,squirrel,0.8648,squirrel,0.8648,squirrel (0.8648),cat (0.0488),dog (0.0309),horse (0.0110),chicken (0.0105),True,True
c:\Users\Alan\python\MMIP\week3\data\Dataset\squirrel\squirrel (1446).jpeg,squirrel,0.9292,squirrel,0.9292,squirrel (0.9292),dog (0.0127),cow (0.0106),horse (0.0089),elephant (0.0079),True,True
c:\Users\Alan\python\MMIP\week3\data\Dataset\squirrel\squirrel (678).jpeg,squirrel,0.9533,squirrel,0.9533,squirrel (0.9533),cow (0.0106),cat (0.0073),elephant (0.0063),horse (0.0063),True,True
c:\Users\Alan\python\MMIP\week3\data\Dataset\squirrel\squirrel (855).jpeg,squirrel,0.2653,chicken,0.2742,chicken (0.2742),squirrel (0.2653),cat (0.1727),spider (0.1037),dog (0.0467),False,True
c:\Users\Alan\python\MMIP\week3\data\Dataset\squirrel\squirrel (1225).jpeg,squirrel,0.0678,spider,0.7295,spider (0.7295),squirrel (0.0678),butterfly (0.0435),horse (0.0432),dog (0.0391),False,True
c:\Users\Alan\python\MMIP\week3\data\Dataset\squirrel\squirrel (975).jpeg,squirrel,0.186,dog,0.3301,dog (0.3301),squirrel (0.1860),sheep (0.1725),butterfly (0.0678),chicken (0.0676),False,True
c:\Users\Alan\python\MMIP\week3\data\Dataset\squirrel\squirrel (451).jpeg,squirrel,0.5235,squirrel,0.5235,squirrel (0.5235),chicken (0.2173),sheep (0.0546),elephant (0.0472),spider (0.0460),True,True
c:\Users\Alan\python\MMIP\week3\data\Dataset\squirrel\squirrel (1386).jpeg,squirrel,0.862,squirrel,0.862,squirrel (0.8620),spider (0.0646),sheep (0.0150),cow (0.0147),elephant (0.0121),True,True
c:\Users\Alan\python\MMIP\week3\data\Dataset\squirrel\squirrel (1643).jpeg,squirrel,0.8526,squirrel,0.8526,squirrel (0.8526),chicken (0.0630),dog (0.0178),butterfly (0.0159),elephant (0.0145),True,True
c:\Users\Alan\python\MMIP\week3\data\Dataset\squirrel\squirrel (1128).jpeg,squirrel,0.253,squirrel,0.253,squirrel (0.2530),cow (0.1687),horse (0.1509),dog (0.1145),elephant (0.0946),True,True
c:\Users\Alan\python\MMIP\week3\data\Dataset\squirrel\squirrel (1683).jpeg,squirrel,0.9274,squirrel,0.9274,squirrel (0.9274),cow (0.0148),sheep (0.0111),dog (0.0110),horse (0.0089),True,True
c:\Users\Alan\python\MMIP\week3\data\Dataset\squirrel\squirrel (1058).jpeg,squirrel,0.5012,squirrel,0.5012,squirrel (0.5012),dog (0.1550),chicken (0.1109),spider (0.0627),sheep (0.0582),True,True
c:\Users\Alan\python\MMIP\week3\data\Dataset\squirrel\squirrel (353).jpeg,squirrel,0.6826,squirrel,0.6826,squirrel (0.6826),chicken (0.1121),butterfly (0.0471),cow (0.0369),dog (0.0332),True,True
c:\Users\Alan\python\MMIP\week3\data\Dataset\squirrel\squirrel (777).jpeg,squirrel,0.8422,squirrel,0.8422,squirrel (0.8422),elephant (0.0434),dog (0.0229),cow (0.0183),sheep (0.0158),True,True
c:\Users\Alan\python\MMIP\week3\data\Dataset\squirrel\squirrel (1746).jpeg,squirrel,0.9195,squirrel,0.9195,squirrel (0.9195),butterfly (0.0167),chicken (0.0117),sheep (0.0117),dog (0.0089),True,True
c:\Users\Alan\python\MMIP\week3\data\Dataset\squirrel\squirrel (1237).jpeg,squirrel,0.8503,squirrel,0.8503,squirrel (0.8503),spider (0.0362),chicken (0.0299),horse (0.0298),cat (0.0149),True,True
c:\Users\Alan\python\MMIP\week3\data\Dataset\squirrel\squirrel (1580).jpeg,squirrel,0.6898,squirrel,0.6898,squirrel (0.6898),dog (0.0848),cat (0.0792),elephant (0.0394),chicken (0.0298),True,True
c:\Users\Alan\python\MMIP\week3\data\Dataset\squirrel\squirrel (410).jpeg,squirrel,0.6413,squirrel,0.6413,squirrel (0.6413),spider (0.1210),butterfly (0.0651),dog (0.0538),cow (0.0379),True,True
c:\Users\Alan\python\MMIP\week3\data\Dataset\squirrel\squirrel (1755).jpeg,squirrel,0.8066,squirrel,0.8066,squirrel (0.8066),chicken (0.0423),spider (0.0419),cow (0.0261),elephant (0.0202),True,True
c:\Users\Alan\python\MMIP\week3\data\Dataset\squirrel\squirrel (896).jpeg,squirrel,0.9481,squirrel,0.9481,squirrel (0.9481),dog (0.0158),chicken (0.0077),spider (0.0068),sheep (0.0042),True,True
c:\Users\Alan\python\MMIP\week3\data\Dataset\squirrel\squirrel (166).jpeg,squirrel,0.3601,squirrel,0.3601,squirrel (0.3601),chicken (0.2974),elephant (0.0923),dog (0.0871),butterfly (0.0558),True,True
c:\Users\Alan\python\MMIP\week3\data\Dataset\squirrel\squirrel (1631).jpeg,squirrel,0.9788,squirrel,0.9788,squirrel (0.9788),elephant (0.0055),horse (0.0037),cow (0.0030),dog (0.0022),True,True
c:\Users\Alan\python\MMIP\week3\data\Dataset\squirrel\squirrel (207).jpeg,squirrel,0.8449,squirrel,0.8449,squirrel (0.8449),chicken (0.0700),dog (0.0201),cat (0.0150),cow (0.0125),True,True
c:\Users\Alan\python\MMIP\week3\data\Dataset\squirrel\squirrel (638).jpeg,squirrel,0.9499,squirrel,0.9499,squirrel (0.9499),sheep (0.0156),horse (0.0102),butterfly (0.0057),cat (0.0055),True,True
c:\Users\Alan\python\MMIP\week3\data\Dataset\squirrel\squirrel (546).jpeg,squirrel,0.5126,squirrel,0.5126,squirrel (0.5126),chicken (0.1377),sheep (0.0768),cat (0.0520),spider (0.0449),True,True
c:\Users\Alan\python\MMIP\week3\data\Dataset\squirrel\squirrel (597).jpeg,squirrel,0.6117,squirrel,0.6117,squirrel (0.6117),chicken (0.1054),cat (0.0903),dog (0.0580),horse (0.0385),True,True
c:\Users\Alan\python\MMIP\week3\data\Dataset\squirrel\squirrel (1364).jpeg,squirrel,0.9641,squirrel,0.9641,squirrel (0.9641),elephant (0.0106),butterfly (0.0092),cow (0.0036),spider (0.0028),True,True
c:\Users\Alan\python\MMIP\week3\data\Dataset\squirrel\squirrel (277).jpeg,squirrel,0.9442,squirrel,0.9442,squirrel (0.9442),sheep (0.0221),cat (0.0147),elephant (0.0037),horse (0.0036),True,True
c:\Users\Alan\python\MMIP\week3\data\Dataset\squirrel\squirrel (1804).jpeg,squirrel,0.9811,squirrel,0.9811,squirrel (0.9811),chicken (0.0044),cow (0.0026),horse (0.0022),cat (0.0022),True,True
c:\Users\Alan\python\MMIP\week3\data\Dataset\squirrel\squirrel (1503).jpeg,squirrel,0.9519,squirrel,0.9519,squirrel (0.9519),chicken (0.0097),elephant (0.0095),cow (0.0081),sheep (0.0055),True,True
c:\Users\Alan\python\MMIP\week3\data\Dataset\squirrel\squirrel (921).jpeg,squirrel,0.5496,squirrel,0.5496,squirrel (0.5496),dog (0.2133),cow (0.0547),elephant (0.0424),cat (0.0408),True,True
c:\Users\Alan\python\MMIP\week3\data\Dataset\squirrel\squirrel (1065).jpeg,squirrel,0.8497,squirrel,0.8497,squirrel (0.8497),chicken (0.0371),cow (0.0299),cat (0.0204),horse (0.0182),True,True
c:\Users\Alan\python\MMIP\week3\data\Dataset\squirrel\squirrel (1473).jpeg,squirrel,0.927,squirrel,0.927,squirrel (0.9270),sheep (0.0148),spider (0.0101),horse (0.0092),cow (0.0081),True,True
c:\Users\Alan\python\MMIP\week3\data\Dataset\squirrel\squirrel (683).jpeg,squirrel,0.9763,squirrel,0.9763,squirrel (0.9763),butterfly (0.0063),dog (0.0036),chicken (0.0033),spider (0.0027),True,True
c:\Users\Alan\python\MMIP\week3\data\Dataset\squirrel\squirrel (310).jpeg,squirrel,0.6897,squirrel,0.6897,squirrel (0.6897),butterfly (0.0620),cow (0.0521),spider (0.0509),horse (0.0461),True,True
c:\Users\Alan\python\MMIP\week3\data\Dataset\squirrel\squirrel (595).jpeg,squirrel,0.9853,squirrel,0.9853,squirrel (0.9853),dog (0.0033),chicken (0.0022),butterfly (0.0021),cat (0.0017),True,True
c:\Users\Alan\python\MMIP\week3\data\Dataset\squirrel\squirrel (798).jpeg,squirrel,0.9001,squirrel,0.9001,squirrel (0.9001),sheep (0.0253),horse (0.0143),spider (0.0117),chicken (0.0117),True,True
c:\Users\Alan\python\MMIP\week3\data\Dataset\squirrel\squirrel (701).jpeg,squirrel,0.8891,squirrel,0.8891,squirrel (0.8891),dog (0.0269),cat (0.0202),chicken (0.0149),cow (0.0138),True,True
c:\Users\Alan\python\MMIP\week3\data\Dataset\squirrel\squirrel (1856).jpeg,squirrel,0.9683,squirrel,0.9683,squirrel (0.9683),chicken (0.0086),sheep (0.0057),cow (0.0037),spider (0.0034),True,True
c:\Users\Alan\python\MMIP\week3\data\Dataset\squirrel\squirrel (1080).jpeg,squirrel,0.9441,squirrel,0.9441,squirrel (0.9441),butterfly (0.0094),elephant (0.0086),dog (0.0083),cow (0.0060),True,True
c:\Users\Alan\python\MMIP\week3\data\Dataset\squirrel\squirrel (355).jpeg,squirrel,0.6619,squirrel,0.6619,squirrel (0.6619),chicken (0.1964),horse (0.0308),cow (0.0293),elephant (0.0240),True,True
c:\Users\Alan\python\MMIP\week3\data\Dataset\squirrel\squirrel (887).jpeg,squirrel,0.1089,spider,0.2559,spider (0.2559),sheep (0.2325),chicken (0.2023),squirrel (0.1089),cow (0.0447),False,True
c:\Users\Alan\python\MMIP\week3\data\Dataset\squirrel\squirrel (745).jpeg,squirrel,0.9673,squirrel,0.9673,squirrel (0.9673),sheep (0.0060),cat (0.0050),chicken (0.0046),elephant (0.0042),True,True
c:\Users\Alan\python\MMIP\week3\data\Dataset\squirrel\squirrel (1413).jpeg,squirrel,0.9023,squirrel,0.9023,squirrel (0.9023),dog (0.0167),cat (0.0144),spider (0.0143),cow (0.0133),True,True
c:\Users\Alan\python\MMIP\week3\data\Dataset\squirrel\squirrel (1275).jpeg,squirrel,0.9102,squirrel,0.9102,squirrel (0.9102),chicken (0.0228),butterfly (0.0154),elephant (0.0145),cat (0.0084),True,True
c:\Users\Alan\python\MMIP\week3\data\Dataset\squirrel\squirrel (191).jpeg,squirrel,0.9066,squirrel,0.9066,squirrel (0.9066),dog (0.0183),horse (0.0165),sheep (0.0102),cat (0.0101),True,True
c:\Users\Alan\python\MMIP\week3\data\Dataset\squirrel\squirrel (1168).jpeg,squirrel,0.7433,squirrel,0.7433,squirrel (0.7433),spider (0.0689),butterfly (0.0571),chicken (0.0556),cow (0.0228),True,True
c:\Users\Alan\python\MMIP\week3\data\Dataset\squirrel\squirrel (1433).jpeg,squirrel,0.9192,squirrel,0.9192,squirrel (0.9192),spider (0.0194),butterfly (0.0111),elephant (0.0103),cow (0.0096),True,True
c:\Users\Alan\python\MMIP\week3\data\Dataset\squirrel\squirrel (759).jpeg,squirrel,0.327,dog,0.3628,dog (0.3628),squirrel (0.3270),chicken (0.1057),cat (0.0697),horse (0.0336),False,True
c:\Users\Alan\python\MMIP\week3\data\Dataset\squirrel\squirrel (1155).jpeg,squirrel,0.9614,squirrel,0.9614,squirrel (0.9614),sheep (0.0118),horse (0.0070),butterfly (0.0062),spider (0.0040),True,True
c:\Users\Alan\python\MMIP\week3\data\Dataset\squirrel\squirrel (168).jpeg,squirrel,0.6662,squirrel,0.6662,squirrel (0.6662),sheep (0.1036),dog (0.0505),elephant (0.0455),spider (0.0417),True,True
c:\Users\Alan\python\MMIP\week3\data\Dataset\squirrel\squirrel (55).jpeg,squirrel,0.4379,squirrel,0.4379,squirrel (0.4379),spider (0.1414),sheep (0.1257),cat (0.0992),butterfly (0.0486),True,True
c:\Users\Alan\python\MMIP\week3\data\Dataset\squirrel\squirrel (209).jpeg,squirrel,0.4177,squirrel,0.4177,squirrel (0.4177),chicken (0.1175),dog (0.1163),sheep (0.0664),horse (0.0643),True,True
c:\Users\Alan\python\MMIP\week3\data\Dataset\squirrel\squirrel (1363).jpeg,squirrel,0.9237,squirrel,0.9237,squirrel (0.9237),elephant (0.0175),dog (0.0123),butterfly (0.0116),chicken (0.0093),True,True
c:\Users\Alan\python\MMIP\week3\data\Dataset\squirrel\squirrel (1258).jpeg,squirrel,0.9024,squirrel,0.9024,squirrel (0.9024),butterfly (0.0212),sheep (0.0206),cat (0.0157),elephant (0.0139),True,True
c:\Users\Alan\python\MMIP\week3\data\Dataset\squirrel\squirrel (1463).jpeg,squirrel,0.6239,squirrel,0.6239,squirrel (0.6239),spider (0.1250),butterfly (0.0725),dog (0.0477),cow (0.0444),True,True
c:\Users\Alan\python\MMIP\week3\data\Dataset\squirrel\squirrel (1671).jpeg,squirrel,0.7293,squirrel,0.7293,squirrel (0.7293),chicken (0.1191),cat (0.0326),sheep (0.0276),elephant (0.0223),True,True
c:\Users\Alan\python\MMIP\week3\data\Dataset\squirrel\squirrel (92).jpeg,squirrel,0.7587,squirrel,0.7587,squirrel (0.7587),dog (0.0975),cat (0.0567),elephant (0.0184),cow (0.0159),True,True
c:\Users\Alan\python\MMIP\week3\data\Dataset\squirrel\squirrel (1424).jpeg,squirrel,0.8705,squirrel,0.8705,squirrel (0.8705),dog (0.0475),sheep (0.0141),elephant (0.0139),cat (0.0117),True,True
c:\Users\Alan\python\MMIP\week3\data\Dataset\squirrel\squirrel (291).jpeg,squirrel,0.3191,squirrel,0.3191,squirrel (0.3191),cow (0.1506),cat (0.1423),dog (0.0990),horse (0.0864),True,True
c:\Users\Alan\python\MMIP\week3\data\Dataset\squirrel\squirrel (142).jpeg,squirrel,0.9646,squirrel,0.9646,squirrel (0.9646),sheep (0.0104),cow (0.0081),horse (0.0049),elephant (0.0034),True,True
c:\Users\Alan\python\MMIP\week3\data\Dataset\squirrel\squirrel (598).jpeg,squirrel,0.7826,squirrel,0.7826,squirrel (0.7826),butterfly (0.0858),spider (0.0713),elephant (0.0131),cow (0.0101),True,True
c:\Users\Alan\python\MMIP\week3\data\Dataset\squirrel\squirrel (1832).jpeg,squirrel,0.9757,squirrel,0.9757,squirrel (0.9757),cow (0.0067),horse (0.0033),chicken (0.0031),dog (0.0028),True,True
c:\Users\Alan\python\MMIP\week3\data\Dataset\squirrel\squirrel (109).jpeg,squirrel,0.9322,squirrel,0.9322,squirrel (0.9322),chicken (0.0137),butterfly (0.0120),cat (0.0097),dog (0.0088),True,True
c:\Users\Alan\python\MMIP\week3\data\Dataset\squirrel\squirrel (90).jpeg,squirrel,0.895,squirrel,0.895,squirrel (0.8950),butterfly (0.0182),elephant (0.0181),sheep (0.0174),dog (0.0140),True,True
c:\Users\Alan\python\MMIP\week3\data\Dataset\squirrel\squirrel (285).jpeg,squirrel,0.2179,sheep,0.5649,sheep (0.5649),squirrel (0.2179),horse (0.0689),spider (0.0357),cat (0.0304),False,True
c:\Users\Alan\python\MMIP\week3\data\Dataset\squirrel\squirrel (1486).jpeg,squirrel,0.9108,squirrel,0.9108,squirrel (0.9108),horse (0.0179),sheep (0.0119),cat (0.0117),butterfly (0.0111),True,True
c:\Users\Alan\python\MMIP\week3\data\Dataset\squirrel\squirrel (919).jpeg,squirrel,0.98,squirrel,0.98,squirrel (0.9800),dog (0.0050),chicken (0.0040),cat (0.0025),elephant (0.0020),True,True
c:\Users\Alan\python\MMIP\week3\data\Dataset\squirrel\squirrel (629).jpeg,squirrel,0.7262,squirrel,0.7262,squirrel (0.7262),spider (0.0750),elephant (0.0508),sheep (0.0404),cow (0.0362),True,True
c:\Users\Alan\python\MMIP\week3\data\Dataset\squirrel\squirrel (1831).jpeg,squirrel,0.9333,squirrel,0.9333,squirrel (0.9333),chicken (0.0172),dog (0.0119),cow (0.0096),horse (0.0090),True,True
c:\Users\Alan\python\MMIP\week3\data\Dataset\squirrel\squirrel (326).jpeg,squirrel,0.934,squirrel,0.934,squirrel (0.9340),chicken (0.0243),elephant (0.0148),cat (0.0078),cow (0.0075),True,True
c:\Users\Alan\python\MMIP\week3\data\Dataset\squirrel\squirrel (788).jpeg,squirrel,0.8573,squirrel,0.8573,squirrel (0.8573),horse (0.0355),spider (0.0305),cow (0.0187),sheep (0.0127),True,True
c:\Users\Alan\python\MMIP\week3\data\Dataset\squirrel\squirrel (194).jpeg,squirrel,0.403,squirrel,0.403,squirrel (0.4030),chicken (0.1534),horse (0.1286),cow (0.0564),spider (0.0544),True,True
c:\Users\Alan\python\MMIP\week3\data\Dataset\squirrel\squirrel (1355).jpeg,squirrel,0.5729,squirrel,0.5729,squirrel (0.5729),dog (0.1186),horse (0.1019),cat (0.0451),cow (0.0450),True,True
c:\Users\Alan\python\MMIP\week3\data\Dataset\squirrel\squirrel (986).jpeg,squirrel,0.7834,squirrel,0.7834,squirrel (0.7834),chicken (0.0803),cow (0.0340),butterfly (0.0279),cat (0.0201),True,True
c:\Users\Alan\python\MMIP\week3\data\Dataset\squirrel\squirrel (767).jpeg,squirrel,0.9846,squirrel,0.9846,squirrel (0.9846),horse (0.0035),elephant (0.0024),sheep (0.0021),cow (0.0021),True,True
c:\Users\Alan\python\MMIP\week3\data\Dataset\squirrel\squirrel (183).jpeg,squirrel,0.9382,squirrel,0.9382,squirrel (0.9382),horse (0.0247),cow (0.0135),elephant (0.0088),dog (0.0034),True,True
c:\Users\Alan\python\MMIP\week3\data\Dataset\squirrel\squirrel (16).jpeg,squirrel,0.797,squirrel,0.797,squirrel (0.7970),sheep (0.0519),dog (0.0486),cat (0.0261),elephant (0.0227),True,True
c:\Users\Alan\python\MMIP\week3\data\Dataset\squirrel\squirrel (323).jpeg,squirrel,0.942,squirrel,0.942,squirrel (0.9420),cow (0.0124),dog (0.0108),chicken (0.0095),sheep (0.0068),True,True
c:\Users\Alan\python\MMIP\week3\data\Dataset\squirrel\squirrel (588).jpeg,squirrel,0.9376,squirrel,0.9376,squirrel (0.9376),chicken (0.0110),elephant (0.0104),cat (0.0080),sheep (0.0069),True,True
c:\Users\Alan\python\MMIP\week3\data\Dataset\squirrel\squirrel (1444).jpeg,squirrel,0.9932,squirrel,0.9932,squirrel (0.9932),elephant (0.0013),horse (0.0012),cow (0.0012),butterfly (0.0010),True,True
c:\Users\Alan\python\MMIP\week3\data\Dataset\squirrel\squirrel (1213).jpeg,squirrel,0.7268,squirrel,0.7268,squirrel (0.7268),chicken (0.0886),cat (0.0511),elephant (0.0433),horse (0.0269),True,True
c:\Users\Alan\python\MMIP\week3\data\Dataset\squirrel\squirrel (348).jpeg,squirrel,0.8002,squirrel,0.8002,squirrel (0.8002),horse (0.0722),dog (0.0491),cat (0.0279),cow (0.0124),True,True
c:\Users\Alan\python\MMIP\week3\data\Dataset\squirrel\squirrel (63).jpeg,squirrel,0.2944,spider,0.5684,spider (0.5684),squirrel (0.2944),cat (0.0393),chicken (0.0250),butterfly (0.0231),False,True
c:\Users\Alan\python\MMIP\week3\data\Dataset\squirrel\squirrel (1230).jpeg,squirrel,0.7794,squirrel,0.7794,squirrel (0.7794),spider (0.0531),dog (0.0404),cow (0.0247),horse (0.0246),True,True
c:\Users\Alan\python\MMIP\week3\data\Dataset\squirrel\squirrel (1845).jpeg,squirrel,0.9173,squirrel,0.9173,squirrel (0.9173),chicken (0.0239),horse (0.0131),sheep (0.0090),dog (0.0090),True,True
c:\Users\Alan\python\MMIP\week3\data\Dataset\squirrel\squirrel (1442).jpeg,squirrel,0.9645,squirrel,0.9645,squirrel (0.9645),cow (0.0075),horse (0.0056),dog (0.0047),cat (0.0046),True,True
c:\Users\Alan\python\MMIP\week3\data\Dataset\squirrel\squirrel (716).jpeg,squirrel,0.9853,squirrel,0.9853,squirrel (0.9853),cow (0.0031),cat (0.0024),chicken (0.0021),dog (0.0016),True,True
c:\Users\Alan\python\MMIP\week3\data\Dataset\squirrel\squirrel (1174).jpeg,squirrel,0.9737,squirrel,0.9737,squirrel (0.9737),spider (0.0063),cow (0.0045),dog (0.0036),horse (0.0029),True,True
c:\Users\Alan\python\MMIP\week3\data\Dataset\squirrel\squirrel (173).jpeg,squirrel,0.9671,squirrel,0.9671,squirrel (0.9671),butterfly (0.0064),cow (0.0064),horse (0.0041),elephant (0.0040),True,True
c:\Users\Alan\python\MMIP\week3\data\Dataset\squirrel\squirrel (1288).jpeg,squirrel,0.9259,squirrel,0.9259,squirrel (0.9259),spider (0.0195),cow (0.0126),horse (0.0110),dog (0.0085),True,True
c:\Users\Alan\python\MMIP\week3\data\Dataset\squirrel\squirrel (329).jpeg,squirrel,0.3197,squirrel,0.3197,squirrel (0.3197),spider (0.2653),cat (0.0878),chicken (0.0839),horse (0.0690),True,True
c:\Users\Alan\python\MMIP\week3\data\Dataset\squirrel\squirrel (1146).jpeg,squirrel,0.9329,squirrel,0.9329,squirrel (0.9329),cat (0.0256),chicken (0.0134),sheep (0.0077),cow (0.0054),True,True
c:\Users\Alan\python\MMIP\week3\data\Dataset\squirrel\squirrel (27).jpeg,squirrel,0.8818,squirrel,0.8818,squirrel (0.8818),cow (0.0317),chicken (0.0272),dog (0.0155),horse (0.0090),True,True
c:\Users\Alan\python\MMIP\week3\data\Dataset\squirrel\squirrel (845).jpeg,squirrel,0.9788,squirrel,0.9788,squirrel (0.9788),cow (0.0056),elephant (0.0055),sheep (0.0023),horse (0.0022),True,True
c:\Users\Alan\python\MMIP\week3\data\Dataset\squirrel\squirrel (900).jpeg,squirrel,0.9511,squirrel,0.9511,squirrel (0.9511),spider (0.0102),chicken (0.0089),sheep (0.0073),horse (0.0051),True,True
c:\Users\Alan\python\MMIP\week3\data\Dataset\squirrel\squirrel (460).jpeg,squirrel,0.9507,squirrel,0.9507,squirrel (0.9507),dog (0.0099),chicken (0.0097),horse (0.0086),spider (0.0057),True,True
c:\Users\Alan\python\MMIP\week3\data\Dataset\squirrel\squirrel (1256).jpeg,squirrel,0.9348,squirrel,0.9348,squirrel (0.9348),dog (0.0163),chicken (0.0135),horse (0.0090),butterfly (0.0081),True,True
c:\Users\Alan\python\MMIP\week3\data\Dataset\squirrel\squirrel (1794).jpeg,squirrel,0.9363,squirrel,0.9363,squirrel (0.9363),cat (0.0257),chicken (0.0118),sheep (0.0069),horse (0.0052),True,True
c:\Users\Alan\python\MMIP\week3\data\Dataset\squirrel\squirrel (1385).jpeg,squirrel,0.842,squirrel,0.842,squirrel (0.8420),sheep (0.0419),spider (0.0358),elephant (0.0230),butterfly (0.0216),True,True
c:\Users\Alan\python\MMIP\week3\data\Dataset\squirrel\squirrel (1840).jpeg,squirrel,0.5754,squirrel,0.5754,squirrel (0.5754),sheep (0.1658),horse (0.0567),spider (0.0423),chicken (0.0392),True,True
c:\Users\Alan\python\MMIP\week3\data\Dataset\squirrel\squirrel (1858).jpeg,squirrel,0.817,squirrel,0.817,squirrel (0.8170),dog (0.0413),cat (0.0330),sheep (0.0327),elephant (0.0198),True,True
c:\Users\Alan\python\MMIP\week3\data\Dataset\squirrel\squirrel (532).jpeg,squirrel,0.7413,squirrel,0.7413,squirrel (0.7413),cat (0.0980),cow (0.0487),sheep (0.0313),spider (0.0237),True,True
c:\Users\Alan\python\MMIP\week3\data\Dataset\squirrel\squirrel (1008).jpeg,squirrel,0.9367,squirrel,0.9367,squirrel (0.9367),spider (0.0113),elephant (0.0088),cat (0.0081),sheep (0.0079),True,True
c:\Users\Alan\python\MMIP\week3\data\Dataset\squirrel\squirrel (426).jpeg,squirrel,0.9275,squirrel,0.9275,squirrel (0.9275),cat (0.0249),chicken (0.0149),spider (0.0112),butterfly (0.0047),True,True
c:\Users\Alan\python\MMIP\week3\data\Dataset\squirrel\squirrel (616).jpeg,squirrel,0.9295,squirrel,0.9295,squirrel (0.9295),sheep (0.0115),chicken (0.0104),dog (0.0098),cat (0.0095),True,True
c:\Users\Alan\python\MMIP\week3\data\Dataset\squirrel\squirrel (1648).jpeg,squirrel,0.9431,squirrel,0.9431,squirrel (0.9431),cow (0.0151),chicken (0.0115),sheep (0.0067),spider (0.0052),True,True
c:\Users\Alan\python\MMIP\week3\data\Dataset\squirrel\squirrel (1239).jpeg,squirrel,0.9208,squirrel,0.9208,squirrel (0.9208),dog (0.0178),cow (0.0173),sheep (0.0146),chicken (0.0065),True,True
c:\Users\Alan\python\MMIP\week3\data\Dataset\squirrel\squirrel (298).jpeg,squirrel,0.6166,squirrel,0.6166,squirrel (0.6166),spider (0.1338),dog (0.0721),cat (0.0574),sheep (0.0308),True,True
c:\Users\Alan\python\MMIP\week3\data\Dataset\squirrel\squirrel (854).jpeg,squirrel,0.5267,squirrel,0.5267,squirrel (0.5267),chicken (0.1886),elephant (0.0584),spider (0.0556),sheep (0.0418),True,True
c:\Users\Alan\python\MMIP\week3\data\Dataset\squirrel\squirrel (537).jpeg,squirrel,0.9624,squirrel,0.9624,squirrel (0.9624),dog (0.0080),cat (0.0059),sheep (0.0054),cow (0.0046),True,True
c:\Users\Alan\python\MMIP\week3\data\Dataset\squirrel\squirrel (999).jpeg,squirrel,0.9822,squirrel,0.9822,squirrel (0.9822),cow (0.0031),butterfly (0.0029),cat (0.0025),horse (0.0023),True,True
c:\Users\Alan\python\MMIP\week3\data\Dataset\squirrel\squirrel (482).jpeg,squirrel,0.9554,squirrel,0.9554,squirrel (0.9554),spider (0.0100),horse (0.0100),cat (0.0069),cow (0.0043),True,True
c:\Users\Alan\python\MMIP\week3\data\Dataset\squirrel\squirrel (477).jpeg,squirrel,0.8979,squirrel,0.8979,squirrel (0.8979),dog (0.0227),chicken (0.0159),cat (0.0155),sheep (0.0141),True,True
c:\Users\Alan\python\MMIP\week3\data\Dataset\squirrel\squirrel (1579).jpeg,squirrel,0.9375,squirrel,0.9375,squirrel (0.9375),sheep (0.0156),dog (0.0115),horse (0.0084),elephant (0.0078),True,True
c:\Users\Alan\python\MMIP\week3\data\Dataset\squirrel\squirrel (950).jpeg,squirrel,0.575,squirrel,0.575,squirrel (0.5750),spider (0.1048),chicken (0.0732),butterfly (0.0655),horse (0.0449),True,True
c:\Users\Alan\python\MMIP\week3\data\Dataset\squirrel\squirrel (365).jpeg,squirrel,0.941,squirrel,0.941,squirrel (0.9410),horse (0.0115),chicken (0.0113),elephant (0.0096),dog (0.0058),True,True
c:\Users\Alan\python\MMIP\week3\data\Dataset\squirrel\squirrel (997).jpeg,squirrel,0.8341,squirrel,0.8341,squirrel (0.8341),cat (0.0357),elephant (0.0298),sheep (0.0248),cow (0.0229),True,True
c:\Users\Alan\python\MMIP\week3\data\Dataset\squirrel\squirrel (1843).jpeg,squirrel,0.9276,squirrel,0.9276,squirrel (0.9276),cat (0.0358),sheep (0.0125),butterfly (0.0058),cow (0.0046),True,True
c:\Users\Alan\python\MMIP\week3\data\Dataset\squirrel\squirrel (590).jpeg,squirrel,0.8079,squirrel,0.8079,squirrel (0.8079),dog (0.0704),cow (0.0409),spider (0.0157),cat (0.0148),True,True
c:\Users\Alan\python\MMIP\week3\data\Dataset\squirrel\squirrel (497).jpeg,squirrel,0.9663,squirrel,0.9663,squirrel (0.9663),cow (0.0134),elephant (0.0035),cat (0.0033),dog (0.0032),True,True
c:\Users\Alan\python\MMIP\week3\data\Dataset\squirrel\squirrel (85).jpeg,squirrel,0.2472,squirrel,0.2472,squirrel (0.2472),sheep (0.2100),spider (0.1898),horse (0.1047),dog (0.0719),True,True
c:\Users\Alan\python\MMIP\week3\data\Dataset\squirrel\squirrel (1173).jpeg,squirrel,0.8747,squirrel,0.8747,squirrel (0.8747),cat (0.0302),dog (0.0265),cow (0.0145),horse (0.0136),True,True
c:\Users\Alan\python\MMIP\week3\data\Dataset\squirrel\squirrel (971).jpeg,squirrel,0.938,squirrel,0.938,squirrel (0.9380),dog (0.0148),elephant (0.0116),chicken (0.0088),horse (0.0077),True,True
c:\Users\Alan\python\MMIP\week3\data\Dataset\squirrel\squirrel (144).jpeg,squirrel,0.9495,squirrel,0.9495,squirrel (0.9495),dog (0.0120),elephant (0.0101),horse (0.0076),chicken (0.0067),True,True
c:\Users\Alan\python\MMIP\week3\data\Dataset\squirrel\squirrel (208).jpeg,squirrel,0.925,squirrel,0.925,squirrel (0.9250),chicken (0.0156),spider (0.0098),cow (0.0097),elephant (0.0091),True,True
c:\Users\Alan\python\MMIP\week3\data\Dataset\squirrel\squirrel (675).jpeg,squirrel,0.8009,squirrel,0.8009,squirrel (0.8009),sheep (0.0557),chicken (0.0452),horse (0.0329),cow (0.0199),True,True
c:\Users\Alan\python\MMIP\week3\data\Dataset\squirrel\squirrel (157).jpeg,squirrel,0.9597,squirrel,0.9597,squirrel (0.9597),chicken (0.0201),elephant (0.0059),sheep (0.0030),cow (0.0023),True,True
c:\Users\Alan\python\MMIP\week3\data\Dataset\squirrel\squirrel (604).jpeg,squirrel,0.9266,squirrel,0.9266,squirrel (0.9266),dog (0.0225),elephant (0.0105),sheep (0.0104),horse (0.0093),True,True
c:\Users\Alan\python\MMIP\week3\data\Dataset\squirrel\squirrel (1387).jpeg,squirrel,0.7959,squirrel,0.7959,squirrel (0.7959),dog (0.0488),chicken (0.0307),cow (0.0289),spider (0.0280),True,True
c:\Users\Alan\python\MMIP\week3\data\Dataset\squirrel\squirrel (1626).jpeg,squirrel,0.9154,squirrel,0.9154,squirrel (0.9154),chicken (0.0285),horse (0.0135),dog (0.0127),elephant (0.0084),True,True
c:\Users\Alan\python\MMIP\week3\data\Dataset\squirrel\squirrel (1206).jpeg,squirrel,0.6694,squirrel,0.6694,squirrel (0.6694),elephant (0.0687),cat (0.0671),cow (0.0421),dog (0.0406),True,True
c:\Users\Alan\python\MMIP\week3\data\Dataset\squirrel\squirrel (998).jpeg,squirrel,0.9771,squirrel,0.9771,squirrel (0.9771),spider (0.0062),sheep (0.0039),dog (0.0026),horse (0.0024),True,True
c:\Users\Alan\python\MMIP\week3\data\Dataset\squirrel\squirrel (381).jpeg,squirrel,0.8454,squirrel,0.8454,squirrel (0.8454),spider (0.0794),dog (0.0173),cat (0.0142),butterfly (0.0107),True,True
c:\Users\Alan\python\MMIP\week3\data\Dataset\squirrel\squirrel (696).jpeg,squirrel,0.6407,squirrel,0.6407,squirrel (0.6407),chicken (0.0973),spider (0.0641),cat (0.0605),horse (0.0432),True,True
c:\Users\Alan\python\MMIP\week3\data\Dataset\squirrel\squirrel (1431).jpeg,squirrel,0.7497,squirrel,0.7497,squirrel (0.7497),dog (0.0716),butterfly (0.0418),elephant (0.0401),cat (0.0374),True,True
c:\Users\Alan\python\MMIP\week3\data\Dataset\squirrel\squirrel (868).jpeg,squirrel,0.8091,squirrel,0.8091,squirrel (0.8091),cat (0.0429),dog (0.0348),butterfly (0.0255),chicken (0.0250),True,True
c:\Users\Alan\python\MMIP\week3\data\Dataset\squirrel\squirrel (214).jpeg,squirrel,0.652,squirrel,0.652,squirrel (0.6520),dog (0.1837),horse (0.0413),chicken (0.0355),cat (0.0315),True,True
