filepath,true_label,true_prob,pred_label,confidence,top1,top2,top3,top4,top5,correct,in_top5
c:\Users\Alan\python\MMIP\week3\data\Dataset\butterfly\butterfly (575).jpeg,butterfly,0.8491,butterfly,0.8491,butterfly (0.8491),horse (0.0239),dog (0.0215),sheep (0.0194),cow (0.0174),True,True
c:\Users\Alan\python\MMIP\week3\data\Dataset\butterfly\butterfly (648).jpeg,butterfly,0.8223,butterfly,0.8223,butterfly (0.8223),spider (0.0495),cow (0.0252),sheep (0.0202),dog (0.0185),True,True
c:\Users\Alan\python\MMIP\week3\data\Dataset\butterfly\butterfly (1412).jpeg,butterfly,0.9132,butterfly,0.9132,butterfly (0.9132),squirrel (0.0125),chicken (0.0114),dog (0.0109),elephant (0.0095),True,True
c:\Users\Alan\python\MMIP\week3\data\Dataset\butterfly\butterfly (142).jpeg,butterfly,0.8774,butterfly,0.8774,butterfly (0.8774),spider (0.0276),cat (0.0188),cow (0.0140),horse (0.0131),True,True
c:\Users\Alan\python\MMIP\week3\data\Dataset\butterfly\buttfly-163.jpg,butterfly,0.9412,butterfly,0.9412,butterfly (0.9412),squirrel (0.0104),dog (0.0088),sheep (0.0076),spider (0.0076),True,True
c:\Users\Alan\python\MMIP\week3\data\Dataset\butterfly\butterfly (326).jpeg,butterfly,0.9233,butterfly,0.9233,butterfly (0.9233),dog (0.0136),horse (0.0129),cat (0.0110),chicken (0.0077),True,True
c:\Users\Alan\python\MMIP\week3\data\Dataset\butterfly\butterfly (148).jpeg,butterfly,0.8742,butterfly,0.8742,butterfly (0.8742),chicken (0.0182),sheep (0.0166),dog (0.0155),cow (0.0154),True,True
c:\Users\Alan\python\MMIP\week3\data\Dataset\butterfly\butterfly (824).jpeg,butterfly,0.9436,butterfly,0.9436,butterfly (0.9436),spider (0.0097),dog (0.0086),squirrel (0.0079),chicken (0.0063),True,True
c:\Users\Alan\python\MMIP\week3\data\Dataset\butterfly\buttfly-242.jpg,butterfly,0.8591,butterfly,0.8591,butterfly (0.8591),spider (0.0223),chicken (0.0207),elephant (0.0205),dog (0.0178),True,True
c:\Users\Alan\python\MMIP\week3\data\Dataset\butterfly\butterfly (432).jpeg,butterfly,0.908,butterfly,0.908,butterfly (0.9080),spider (0.0242),squirrel (0.0159),dog (0.0148),cat (0.0092),True,True
c:\Users\Alan\python\MMIP\week3\data\Dataset\butterfly\butterfly (1347).jpeg,butterfly,0.8797,butterfly,0.8797,butterfly (0.8797),dog (0.0197),horse (0.0182),sheep (0.0176),squirrel (0.0136),True,True
c:\Users\Alan\python\MMIP\week3\data\Dataset\butterfly\buttfly-322.jpg,butterfly,0.7984,butterfly,0.7984,butterfly (0.7984),spider (0.0868),cat (0.0219),elephant (0.0172),chicken (0.0156),True,True
c:\Users\Alan\python\MMIP\week3\data\Dataset\butterfly\butterfly (952).jpeg,butterfly,0.878,butterfly,0.878,butterfly (0.8780),spider (0.0244),squirrel (0.0223),chicken (0.0197),dog (0.0122),True,True
c:\Users\Alan\python\MMIP\week3\data\Dataset\butterfly\butterfly (1280).jpeg,butterfly,0.8437,butterfly,0.8437,butterfly (0.8437),spider (0.0410),dog (0.0223),chicken (0.0166),squirrel (0.0160),True,True
c:\Users\Alan\python\MMIP\week3\data\Dataset\butterfly\butterfly (1116).jpeg,butterfly,0.4451,butterfly,0.4451,butterfly (0.4451),spider (0.4147),horse (0.0515),elephant (0.0167),dog (0.0157),True,True
c:\Users\Alan\python\MMIP\week3\data\Dataset\butterfly\butterfly (1604).jpeg,butterfly,0.4458,butterfly,0.4458,butterfly (0.4458),cow (0.1433),horse (0.1161),chicken (0.0906),spider (0.0846),True,True
c:\Users\Alan\python\MMIP\week3\data\Dataset\butterfly\buttfly-169.jpg,butterfly,0.4012,spider,0.4172,spider (0.4172),butterfly (0.4012),horse (0.0503),chicken (0.0288),dog (0.0224),False,True
c:\Users\Alan\python\MMIP\week3\data\Dataset\butterfly\buttfly-216.jpg,butterfly,0.8236,butterfly,0.8236,butterfly (0.8236),spider (0.1048),dog (0.0140),squirrel (0.0138),elephant (0.0104),True,True
c:\Users\Alan\python\MMIP\week3\data\Dataset\butterfly\butterfly (395).jpeg,butterfly,0.8091,butterfly,0.8091,butterfly (0.8091),chicken (0.0477),spider (0.0311),squirrel (0.0242),elephant (0.0213),True,True
c:\Users\Alan\python\MMIP\week3\data\Dataset\butterfly\butterfly (407).jpeg,butterfly,0.879,butterfly,0.879,butterfly (0.8790),chicken (0.0207),dog (0.0163),horse (0.0153),elephant (0.0148),True,True
c:\Users\Alan\python\MMIP\week3\data\Dataset\butterfly\butterfly (232).jpeg,butterfly,0.866,butterfly,0.866,butterfly (0.8660),chicken (0.0192),dog (0.0164),sheep (0.0164),squirrel (0.0150),True,True
c:\Users\Alan\python\MMIP\week3\data\Dataset\butterfly\buttfly-127.jpg,butterfly,0.6535,butterfly,0.6535,butterfly (0.6535),spider (0.2285),horse (0.0220),dog (0.0219),cow (0.0163),True,True
c:\Users\Alan\python\MMIP\week3\data\Dataset\butterfly\butterfly (1181).jpeg,butterfly,0.8822,butterfly,0.8822,butterfly (0.8822),dog (0.0337),cat (0.0299),cow (0.0136),spider (0.0091),True,True
c:\Users\Alan\python\MMIP\week3\data\Dataset\butterfly\butterfly (730).jpeg,butterfly,0.8962,butterfly,0.8962,butterfly (0.8962),dog (0.0202),spider (0.0159),cow (0.0143),horse (0.0135),True,True
c:\Users\Alan\python\MMIP\week3\data\Dataset\butterfly\butterfly (1335).jpeg,butterfly,0.9263,butterfly,0.9263,butterfly (0.9263),dog (0.0108),sheep (0.0103),cat (0.0100),spider (0.0084),True,True
c:\Users\Alan\python\MMIP\week3\data\Dataset\butterfly\buttfly-389.jpg,butterfly,0.8452,butterfly,0.8452,butterfly (0.8452),spider (0.0326),squirrel (0.0320),dog (0.0257),chicken (0.0159),True,True
c:\Users\Alan\python\MMIP\week3\data\Dataset\butterfly\butterfly (1557).jpeg,butterfly,0.942,butterfly,0.942,butterfly (0.9420),spider (0.0134),dog (0.0079),cat (0.0072),chicken (0.0065),True,True
c:\Users\Alan\python\MMIP\week3\data\Dataset\butterfly\butterfly (1201).jpeg,butterfly,0.7367,butterfly,0.7367,butterfly (0.7367),chicken (0.1299),spider (0.0423),squirrel (0.0170),cow (0.0158),True,True
c:\Users\Alan\python\MMIP\week3\data\Dataset\butterfly\butterfly (609).jpeg,butterfly,0.8765,butterfly,0.8765,butterfly (0.8765),dog (0.0181),spider (0.0170),sheep (0.0157),horse (0.0141),True,True
c:\Users\Alan\python\MMIP\week3\data\Dataset\butterfly\butterfly (1525).jpeg,butterfly,0.8829,butterfly,0.8829,butterfly (0.8829),spider (0.0202),dog (0.0141),cow (0.0141),sheep (0.0139),True,True
c:\Users\Alan\python\MMIP\week3\data\Dataset\butterfly\butterfly (196).jpeg,butterfly,0.2696,spider,0.6187,spider (0.6187),butterfly (0.2696),dog (0.0259),chicken (0.0186),cow (0.0138),False,True
c:\Users\Alan\python\MMIP\week3\data\Dataset\butterfly\buttfly-23.jpg,butterfly,0.9291,butterfly,0.9291,butterfly (0.9291),horse (0.0104),dog (0.0101),sheep (0.0087),spider (0.0077),True,True
c:\Users\Alan\python\MMIP\week3\data\Dataset\butterfly\butterfly (1254).jpeg,butterfly,0.8125,butterfly,0.8125,butterfly (0.8125),dog (0.0444),cat (0.0407),spider (0.0381),elephant (0.0138),True,True
c:\Users\Alan\python\MMIP\week3\data\Dataset\butterfly\butterfly (749).jpeg,butterfly,0.9496,butterfly,0.9496,butterfly (0.9496),spider (0.0128),chicken (0.0100),dog (0.0061),horse (0.0046),True,True
c:\Users\Alan\python\MMIP\week3\data\Dataset\butterfly\butterfly (435).jpeg,butterfly,0.893,butterfly,0.893,butterfly (0.8930),spider (0.0478),squirrel (0.0113),chicken (0.0099),dog (0.0093),True,True
c:\Users\Alan\python\MMIP\week3\data\Dataset\butterfly\buttfly-66.jpg,butterfly,0.8172,butterfly,0.8172,butterfly (0.8172),cat (0.0557),spider (0.0430),squirrel (0.0175),chicken (0.0167),True,True
c:\Users\Alan\python\MMIP\week3\data\Dataset\butterfly\butterfly (20).jpeg,butterfly,0.8023,butterfly,0.8023,butterfly (0.8023),spider (0.0915),horse (0.0189),dog (0.0159),cow (0.0155),True,True
c:\Users\Alan\python\MMIP\week3\data\Dataset\butterfly\butterfly (178).jpeg,butterfly,0.6247,butterfly,0.6247,butterfly (0.6247),spider (0.2215),dog (0.0500),cat (0.0366),chicken (0.0145),True,True
c:\Users\Alan\python\MMIP\week3\data\Dataset\butterfly\butterfly (71).jpeg,butterfly,0.6314,butterfly,0.6314,butterfly (0.6314),elephant (0.0722),spider (0.0720),cow (0.0501),squirrel (0.0388),True,True
c:\Users\Alan\python\MMIP\week3\data\Dataset\butterfly\butterfly (904).jpeg,butterfly,0.0243,spider,0.7568,spider (0.7568),cat (0.1150),sheep (0.0248),butterfly (0.0243),chicken (0.0193),False,True
c:\Users\Alan\python\MMIP\week3\data\Dataset\butterfly\buttfly-214.jpg,butterfly,0.7461,butterfly,0.7461,butterfly (0.7461),spider (0.1706),squirrel (0.0303),chicken (0.0112),cat (0.0077),True,True
c:\Users\Alan\python\MMIP\week3\data\Dataset\butterfly\butterfly (1461).jpeg,butterfly,0.8187,butterfly,0.8187,butterfly (0.8187),chicken (0.0405),squirrel (0.0273),cat (0.0258),dog (0.0247),True,True
c:\Users\Alan\python\MMIP\week3\data\Dataset\butterfly\butterfly (656).jpeg,butterfly,0.2331,spider,0.3365,spider (0.3365),butterfly (0.2331),horse (0.1938),dog (0.1099),elephant (0.0269),False,True
c:\Users\Alan\python\MMIP\week3\data\Dataset\butterfly\buttfly-398.jpg,butterfly,0.8904,butterfly,0.8904,butterfly (0.8904),spider (0.0412),dog (0.0207),squirrel (0.0097),horse (0.0089),True,True
c:\Users\Alan\python\MMIP\week3\data\Dataset\butterfly\butterfly (842).jpeg,butterfly,0.8764,butterfly,0.8764,butterfly (0.8764),spider (0.0407),chicken (0.0197),dog (0.0134),horse (0.0109),True,True
c:\Users\Alan\python\MMIP\week3\data\Dataset\butterfly\butterfly (1429).jpeg,butterfly,0.8127,butterfly,0.8127,butterfly (0.8127),sheep (0.0271),dog (0.0268),horse (0.0243),elephant (0.0242),True,True
c:\Users\Alan\python\MMIP\week3\data\Dataset\butterfly\butterfly (1574).jpeg,butterfly,0.903,butterfly,0.903,butterfly (0.9030),spider (0.0151),dog (0.0136),squirrel (0.0133),horse (0.0105),True,True
c:\Users\Alan\python\MMIP\week3\data\Dataset\butterfly\buttfly-53.jpg,butterfly,0.8798,butterfly,0.8798,butterfly (0.8798),dog (0.0164),sheep (0.0159),spider (0.0150),elephant (0.0142),True,True
c:\Users\Alan\python\MMIP\week3\data\Dataset\butterfly\butterfly (1015).jpeg,butterfly,0.3271,dog,0.4195,dog (0.4195),butterfly (0.3271),spider (0.0784),sheep (0.0681),cat (0.0311),False,True
c:\Users\Alan\python\MMIP\week3\data\Dataset\butterfly\butterfly (216).jpeg,butterfly,0.9065,butterfly,0.9065,butterfly (0.9065),dog (0.0257),chicken (0.0099),cat (0.0097),elephant (0.0090),True,True
c:\Users\Alan\python\MMIP\week3\data\Dataset\butterfly\buttfly-283.jpg,butterfly,0.8343,butterfly,0.8343,butterfly (0.8343),cow (0.0246),dog (0.0228),sheep (0.0221),horse (0.0213),True,True
c:\Users\Alan\python\MMIP\week3\data\Dataset\butterfly\butterfly (428).jpeg,butterfly,0.8034,butterfly,0.8034,butterfly (0.8034),spider (0.0646),dog (0.0221),sheep (0.0203),cat (0.0193),True,True
c:\Users\Alan\python\MMIP\week3\data\Dataset\butterfly\buttfly-390.jpg,butterfly,0.8693,butterfly,0.8693,butterfly (0.8693),spider (0.0488),dog (0.0184),chicken (0.0161),horse (0.0104),True,True
c:\Users\Alan\python\MMIP\week3\data\Dataset\butterfly\butterfly (215).jpeg,butterfly,0.8919,butterfly,0.8919,butterfly (0.8919),sheep (0.0170),dog (0.0167),cow (0.0163),horse (0.0147),True,True
c:\Users\Alan\python\MMIP\week3\data\Dataset\butterfly\buttfly-337.jpg,butterfly,0.5042,butterfly,0.5042,butterfly (0.5042),spider (0.2397),chicken (0.0948),dog (0.0442),horse (0.0267),True,True
c:\Users\Alan\python\MMIP\week3\data\Dataset\butterfly\butterfly (1606).jpeg,butterfly,0.8707,butterfly,0.8707,butterfly (0.8707),cat (0.0207),dog (0.0175),cow (0.0162),spider (0.0156),True,True
c:\Users\Alan\python\MMIP\week3\data\Dataset\butterfly\butterfly (628).jpeg,butterfly,0.3,spider,0.3584,spider (0.3584),butterfly (0.3000),dog (0.1808),cat (0.0469),squirrel (0.0273),False,True
c:\Users\Alan\python\MMIP\week3\data\Dataset\butterfly\butterfly (1082).jpeg,butterfly,0.9075,butterfly,0.9075,butterfly (0.9075),squirrel (0.0174),dog (0.0137),cat (0.0123),chicken (0.0122),True,True
c:\Users\Alan\python\MMIP\week3\data\Dataset\butterfly\butterfly (223).jpeg,butterfly,0.8667,butterfly,0.8667,butterfly (0.8667),spider (0.0230),cat (0.0172),dog (0.0164),chicken (0.0152),True,True
c:\Users\Alan\python\MMIP\week3\data\Dataset\butterfly\butterfly (7).jpeg,butterfly,0.948,butterfly,0.948,butterfly (0.9480),spider (0.0163),chicken (0.0114),cat (0.0053),dog (0.0041),True,True
c:\Users\Alan\python\MMIP\week3\data\Dataset\butterfly\butterfly (364).jpeg,butterfly,0.9299,butterfly,0.9299,butterfly (0.9299),spider (0.0200),squirrel (0.0086),chicken (0.0084),dog (0.0080),True,True
c:\Users\Alan\python\MMIP\week3\data\Dataset\butterfly\butterfly (854).jpeg,butterfly,0.8869,butterfly,0.8869,butterfly (0.8869),dog (0.0214),sheep (0.0152),cow (0.0142),cat (0.0141),True,True
c:\Users\Alan\python\MMIP\week3\data\Dataset\butterfly\butterfly (957).jpeg,butterfly,0.9373,butterfly,0.9373,butterfly (0.9373),dog (0.0167),sheep (0.0105),cow (0.0076),horse (0.0068),True,True
c:\Users\Alan\python\MMIP\week3\data\Dataset\butterfly\butterfly (4).jpeg,butterfly,0.847,butterfly,0.847,butterfly (0.8470),spider (0.0250),dog (0.0204),cow (0.0180),horse (0.0176),True,True
c:\Users\Alan\python\MMIP\week3\data\Dataset\butterfly\butterfly (1054).jpeg,butterfly,0.8354,butterfly,0.8354,butterfly (0.8354),spider (0.0417),squirrel (0.0196),dog (0.0169),chicken (0.0169),True,True
c:\Users\Alan\python\MMIP\week3\data\Dataset\butterfly\butterfly (1176).jpeg,butterfly,0.7138,butterfly,0.7138,butterfly (0.7138),spider (0.0994),squirrel (0.0468),chicken (0.0448),dog (0.0265),True,True
c:\Users\Alan\python\MMIP\week3\data\Dataset\butterfly\butterfly (9).png,butterfly,0.5378,butterfly,0.5378,butterfly (0.5378),dog (0.1159),cow (0.0924),spider (0.0716),horse (0.0715),True,True
c:\Users\Alan\python\MMIP\week3\data\Dataset\butterfly\butterfly (916).jpeg,butterfly,0.6353,butterfly,0.6353,butterfly (0.6353),spider (0.0718),elephant (0.0713),cow (0.0552),chicken (0.0367),True,True
c:\Users\Alan\python\MMIP\week3\data\Dataset\butterfly\butterfly (40).png,butterfly,0.0919,spider,0.211,spider (0.2110),dog (0.1537),butterfly (0.0919),chicken (0.0900),cat (0.0891),False,True
c:\Users\Alan\python\MMIP\week3\data\Dataset\butterfly\butterfly (620).jpeg,butterfly,0.8803,butterfly,0.8803,butterfly (0.8803),dog (0.0219),chicken (0.0166),sheep (0.0132),elephant (0.0130),True,True
c:\Users\Alan\python\MMIP\week3\data\Dataset\butterfly\butterfly (173).jpeg,butterfly,0.7771,butterfly,0.7771,butterfly (0.7771),sheep (0.0331),cow (0.0329),dog (0.0269),elephant (0.0260),True,True
c:\Users\Alan\python\MMIP\week3\data\Dataset\butterfly\butterfly (5).jpeg,butterfly,0.8377,butterfly,0.8377,butterfly (0.8377),spider (0.0321),sheep (0.0236),dog (0.0207),horse (0.0189),True,True
c:\Users\Alan\python\MMIP\week3\data\Dataset\butterfly\butterfly (193).jpeg,butterfly,0.044,squirrel,0.3033,squirrel (0.3033),spider (0.2804),sheep (0.1153),elephant (0.0987),cat (0.0573),False,False
c:\Users\Alan\python\MMIP\week3\data\Dataset\butterfly\butterfly (840).jpeg,butterfly,0.6014,butterfly,0.6014,butterfly (0.6014),horse (0.0755),cow (0.0733),chicken (0.0671),spider (0.0487),True,True
c:\Users\Alan\python\MMIP\week3\data\Dataset\butterfly\butterfly (814).jpeg,butterfly,0.8871,butterfly,0.8871,butterfly (0.8871),spider (0.0341),squirrel (0.0196),dog (0.0146),chicken (0.0090),True,True
c:\Users\Alan\python\MMIP\week3\data\Dataset\butterfly\butterfly (1292).jpeg,butterfly,0.2824,spider,0.5964,spider (0.5964),butterfly (0.2824),squirrel (0.0260),cat (0.0196),elephant (0.0154),False,True
c:\Users\Alan\python\MMIP\week3\data\Dataset\butterfly\butterfly (361).jpeg,butterfly,0.8452,butterfly,0.8452,butterfly (0.8452),spider (0.0311),horse (0.0211),dog (0.0203),elephant (0.0156),True,True
c:\Users\Alan\python\MMIP\week3\data\Dataset\butterfly\butterfly (1576).jpeg,butterfly,0.8894,butterfly,0.8894,butterfly (0.8894),cat (0.0355),dog (0.0180),cow (0.0141),spider (0.0097),True,True
c:\Users\Alan\python\MMIP\week3\data\Dataset\butterfly\butterfly (468).jpeg,butterfly,0.7588,butterfly,0.7588,butterfly (0.7588),dog (0.0328),sheep (0.0305),cow (0.0300),cat (0.0298),True,True
c:\Users\Alan\python\MMIP\week3\data\Dataset\butterfly\butterfly (1494).jpeg,butterfly,0.9094,butterfly,0.9094,butterfly (0.9094),dog (0.0153),spider (0.0149),squirrel (0.0121),cow (0.0100),True,True
c:\Users\Alan\python\MMIP\week3\data\Dataset\butterfly\butterfly (380).jpeg,butterfly,0.8926,butterfly,0.8926,butterfly (0.8926),dog (0.0225),chicken (0.0164),cow (0.0133),sheep (0.0118),True,True
c:\Users\Alan\python\MMIP\week3\data\Dataset\butterfly\butterfly (163).jpeg,butterfly,0.9175,butterfly,0.9175,butterfly (0.9175),dog (0.0121),cow (0.0110),spider (0.0107),chicken (0.0103),True,True
c:\Users\Alan\python\MMIP\week3\data\Dataset\butterfly\butterfly (723).jpeg,butterfly,0.2531,spider,0.617,spider (0.6170),butterfly (0.2531),squirrel (0.0260),cat (0.0171),dog (0.0167),False,True
c:\Users\Alan\python\MMIP\week3\data\Dataset\butterfly\butterfly (946).jpeg,butterfly,0.8694,butterfly,0.8694,butterfly (0.8694),dog (0.0245),spider (0.0197),cow (0.0177),sheep (0.0149),True,True
c:\Users\Alan\python\MMIP\week3\data\Dataset\butterfly\butterfly (812).jpeg,butterfly,0.9225,butterfly,0.9225,butterfly (0.9225),spider (0.0195),dog (0.0131),horse (0.0095),cat (0.0087),True,True
c:\Users\Alan\python\MMIP\week3\data\Dataset\butterfly\buttfly-416.jpg,butterfly,0.8671,butterfly,0.8671,butterfly (0.8671),spider (0.0203),cat (0.0185),dog (0.0157),sheep (0.0148),True,True
c:\Users\Alan\python\MMIP\week3\data\Dataset\butterfly\butterfly (975).jpeg,butterfly,0.4781,butterfly,0.4781,butterfly (0.4781),spider (0.1601),dog (0.1461),horse (0.0552),squirrel (0.0445),True,True
c:\Users\Alan\python\MMIP\week3\data\Dataset\butterfly\butterfly (543).jpeg,butterfly,0.764,butterfly,0.764,butterfly (0.7640),spider (0.0417),squirrel (0.0364),sheep (0.0343),dog (0.0340),True,True
c:\Users\Alan\python\MMIP\week3\data\Dataset\butterfly\butterfly (610).jpeg,butterfly,0.3322,butterfly,0.3322,butterfly (0.3322),horse (0.2764),squirrel (0.1392),cow (0.0628),chicken (0.0605),True,True
c:\Users\Alan\python\MMIP\week3\data\Dataset\butterfly\butterfly (1177).jpeg,butterfly,0.5855,butterfly,0.5855,butterfly (0.5855),spider (0.2956),chicken (0.0299),squirrel (0.0229),cow (0.0138),True,True
c:\Users\Alan\python\MMIP\week3\data\Dataset\butterfly\butterfly (634).jpeg,butterfly,0.8695,butterfly,0.8695,butterfly (0.8695),spider (0.0219),dog (0.0210),cow (0.0141),sheep (0.0141),True,True
c:\Users\Alan\python\MMIP\week3\data\Dataset\butterfly\butterfly (748).jpeg,butterfly,0.7441,butterfly,0.7441,butterfly (0.7441),squirrel (0.0462),spider (0.0425),cat (0.0357),chicken (0.0301),True,True
c:\Users\Alan\python\MMIP\week3\data\Dataset\butterfly\butterfly (1573).jpeg,butterfly,0.9176,butterfly,0.9176,butterfly (0.9176),dog (0.0156),cat (0.0115),sheep (0.0115),cow (0.0103),True,True
c:\Users\Alan\python\MMIP\week3\data\Dataset\butterfly\buttfly-190.jpg,butterfly,0.7635,butterfly,0.7635,butterfly (0.7635),cat (0.0838),spider (0.0373),chicken (0.0302),dog (0.0185),True,True
c:\Users\Alan\python\MMIP\week3\data\Dataset\butterfly\butterfly (1623).jpeg,butterfly,0.8476,butterfly,0.8476,butterfly (0.8476),squirrel (0.0755),spider (0.0298),horse (0.0098),dog (0.0087),True,True
c:\Users\Alan\python\MMIP\week3\data\Dataset\butterfly\butterfly (855).jpeg,butterfly,0.7168,butterfly,0.7168,butterfly (0.7168),horse (0.0539),chicken (0.0513),spider (0.0453),cow (0.0399),True,True
c:\Users\Alan\python\MMIP\week3\data\Dataset\butterfly\buttfly-159.jpg,butterfly,0.5621,butterfly,0.5621,butterfly (0.5621),spider (0.3007),squirrel (0.0270),dog (0.0240),cat (0.0224),True,True
c:\Users\Alan\python\MMIP\week3\data\Dataset\butterfly\butterfly (1402).jpeg,butterfly,0.8497,butterfly,0.8497,butterfly (0.8497),spider (0.0406),squirrel (0.0234),dog (0.0233),horse (0.0164),True,True
c:\Users\Alan\python\MMIP\week3\data\Dataset\butterfly\butterfly (518).jpeg,butterfly,0.6706,butterfly,0.6706,butterfly (0.6706),cat (0.0735),dog (0.0721),spider (0.0436),chicken (0.0323),True,True
c:\Users\Alan\python\MMIP\week3\data\Dataset\butterfly\butterfly (642).jpeg,butterfly,0.9251,butterfly,0.9251,butterfly (0.9251),chicken (0.0223),cow (0.0093),dog (0.0090),spider (0.0075),True,True
c:\Users\Alan\python\MMIP\week3\data\Dataset\butterfly\butterfly (400).jpeg,butterfly,0.893,butterfly,0.893,butterfly (0.8930),spider (0.0266),chicken (0.0190),horse (0.0151),cat (0.0136),True,True
c:\Users\Alan\python\MMIP\week3\data\Dataset\butterfly\buttfly-414.jpg,butterfly,0.8902,butterfly,0.8902,butterfly (0.8902),sheep (0.0153),dog (0.0148),cow (0.0122),squirrel (0.0122),True,True
c:\Users\Alan\python\MMIP\week3\data\Dataset\butterfly\buttfly-410.jpg,butterfly,0.8942,butterfly,0.8942,butterfly (0.8942),spider (0.0226),cow (0.0136),sheep (0.0128),dog (0.0115),True,True
c:\Users\Alan\python\MMIP\week3\data\Dataset\butterfly\butterfly (456).jpeg,butterfly,0.8137,butterfly,0.8137,butterfly (0.8137),spider (0.0878),chicken (0.0305),cow (0.0129),dog (0.0122),True,True
c:\Users\Alan\python\MMIP\week3\data\Dataset\butterfly\butterfly (212).jpeg,butterfly,0.9297,butterfly,0.9297,butterfly (0.9297),chicken (0.0099),squirrel (0.0085),horse (0.0085),sheep (0.0078),True,True
c:\Users\Alan\python\MMIP\week3\data\Dataset\butterfly\buttfly-245.jpg,butterfly,0.712,butterfly,0.712,butterfly (0.7120),spider (0.1321),chicken (0.0555),cat (0.0238),dog (0.0183),True,True
c:\Users\Alan\python\MMIP\week3\data\Dataset\butterfly\butterfly (348).jpeg,butterfly,0.9311,butterfly,0.9311,butterfly (0.9311),spider (0.0213),dog (0.0129),sheep (0.0076),squirrel (0.0067),True,True
c:\Users\Alan\python\MMIP\week3\data\Dataset\butterfly\butterfly (136).jpeg,butterfly,0.5161,butterfly,0.5161,butterfly (0.5161),spider (0.2760),chicken (0.0533),squirrel (0.0420),dog (0.0325),True,True
c:\Users\Alan\python\MMIP\week3\data\Dataset\butterfly\butterfly (899).jpeg,butterfly,0.8217,butterfly,0.8217,butterfly (0.8217),spider (0.0662),squirrel (0.0297),dog (0.0172),cow (0.0126),True,True
c:\Users\Alan\python\MMIP\week3\data\Dataset\butterfly\buttfly-194.jpg,butterfly,0.9011,butterfly,0.9011,butterfly (0.9011),spider (0.0445),squirrel (0.0112),chicken (0.0085),cat (0.0069),True,True
c:\Users\Alan\python\MMIP\week3\data\Dataset\butterfly\butterfly (1346).jpeg,butterfly,0.8444,butterfly,0.8444,butterfly (0.8444),spider (0.0462),cat (0.0173),cow (0.0160),dog (0.0155),True,True
c:\Users\Alan\python\MMIP\week3\data\Dataset\butterfly\buttfly-77.jpg,butterfly,0.37,spider,0.5589,spider (0.5589),butterfly (0.3700),chicken (0.0138),elephant (0.0134),dog (0.0085),False,True
c:\Users\Alan\python\MMIP\week3\data\Dataset\butterfly\butterfly (416).jpeg,butterfly,0.2716,horse,0.4547,horse (0.4547),butterfly (0.2716),cow (0.0983),dog (0.0589),spider (0.0463),False,True
c:\Users\Alan\python\MMIP\week3\data\Dataset\butterfly\butterfly (1211).jpeg,butterfly,0.8116,butterfly,0.8116,butterfly (0.8116),spider (0.0425),cat (0.0298),chicken (0.0230),dog (0.0172),True,True
c:\Users\Alan\python\MMIP\week3\data\Dataset\butterfly\butterfly (989).jpeg,butterfly,0.8319,butterfly,0.8319,butterfly (0.8319),horse (0.0319),dog (0.0252),sheep (0.0207),spider (0.0186),True,True
c:\Users\Alan\python\MMIP\week3\data\Dataset\butterfly\butterfly (603).jpeg,butterfly,0.9153,butterfly,0.9153,butterfly (0.9153),squirrel (0.0154),spider (0.0127),dog (0.0102),cow (0.0095),True,True
c:\Users\Alan\python\MMIP\week3\data\Dataset\butterfly\butterfly (546).jpeg,butterfly,0.9663,butterfly,0.9663,butterfly (0.9663),cow (0.0054),horse (0.0050),dog (0.0044),chicken (0.0044),True,True
c:\Users\Alan\python\MMIP\week3\data\Dataset\butterfly\buttfly-287.jpg,butterfly,0.8296,butterfly,0.8296,butterfly (0.8296),spider (0.0232),squirrel (0.0226),dog (0.0198),cow (0.0193),True,True
c:\Users\Alan\python\MMIP\week3\data\Dataset\butterfly\butterfly (1465).jpeg,butterfly,0.839,butterfly,0.839,butterfly (0.8390),chicken (0.0400),spider (0.0345),dog (0.0239),squirrel (0.0229),True,True
c:\Users\Alan\python\MMIP\week3\data\Dataset\butterfly\butterfly (767).jpeg,butterfly,0.2762,spider,0.3124,spider (0.3124),butterfly (0.2762),dog (0.1083),cat (0.0929),chicken (0.0530),False,True
c:\Users\Alan\python\MMIP\week3\data\Dataset\butterfly\butterfly (892).jpeg,butterfly,0.8678,butterfly,0.8678,butterfly (0.8678),dog (0.0300),cat (0.0196),horse (0.0171),cow (0.0141),True,True
c:\Users\Alan\python\MMIP\week3\data\Dataset\butterfly\butterfly (1027).jpeg,butterfly,0.8592,butterfly,0.8592,butterfly (0.8592),spider (0.0306),cow (0.0177),dog (0.0165),sheep (0.0148),True,True
c:\Users\Alan\python\MMIP\week3\data\Dataset\butterfly\butterfly (15).png,butterfly,0.9389,butterfly,0.9389,butterfly (0.9389),chicken (0.0105),elephant (0.0081),cow (0.0079),dog (0.0078),True,True
c:\Users\Alan\python\MMIP\week3\data\Dataset\butterfly\butterfly (825).jpeg,butterfly,0.1686,elephant,0.2823,elephant (0.2823),butterfly (0.1686),dog (0.1338),spider (0.1172),sheep (0.0837),False,True
c:\Users\Alan\python\MMIP\week3\data\Dataset\butterfly\butterfly (1140).jpeg,butterfly,0.8872,butterfly,0.8872,butterfly (0.8872),spider (0.0283),elephant (0.0165),sheep (0.0129),horse (0.0120),True,True
c:\Users\Alan\python\MMIP\week3\data\Dataset\butterfly\butterfly (480).jpeg,butterfly,0.4107,spider,0.4126,spider (0.4126),butterfly (0.4107),squirrel (0.0293),dog (0.0279),cat (0.0265),False,True
c:\Users\Alan\python\MMIP\week3\data\Dataset\butterfly\buttfly-235.jpg,butterfly,0.8011,butterfly,0.8011,butterfly (0.8011),spider (0.0519),cow (0.0259),sheep (0.0222),dog (0.0214),True,True
c:\Users\Alan\python\MMIP\week3\data\Dataset\butterfly\buttfly-385.jpg,butterfly,0.8667,butterfly,0.8667,butterfly (0.8667),spider (0.0612),dog (0.0148),horse (0.0143),squirrel (0.0092),True,True
c:\Users\Alan\python\MMIP\week3\data\Dataset\butterfly\butterfly (296).jpeg,butterfly,0.9073,butterfly,0.9073,butterfly (0.9073),chicken (0.0211),spider (0.0196),dog (0.0096),cat (0.0096),True,True
c:\Users\Alan\python\MMIP\week3\data\Dataset\butterfly\butterfly (556).jpeg,butterfly,0.8756,butterfly,0.8756,butterfly (0.8756),dog (0.0169),cow (0.0164),sheep (0.0153),cat (0.0147),True,True
c:\Users\Alan\python\MMIP\week3\data\Dataset\butterfly\buttfly-224.jpg,butterfly,0.8822,butterfly,0.8822,butterfly (0.8822),cat (0.0355),horse (0.0186),dog (0.0174),chicken (0.0100),True,True
c:\Users\Alan\python\MMIP\week3\data\Dataset\butterfly\buttfly-56.jpg,butterfly,0.8891,butterfly,0.8891,butterfly (0.8891),cow (0.0174),sheep (0.0140),elephant (0.0138),chicken (0.0136),True,True
c:\Users\Alan\python\MMIP\week3\data\Dataset\butterfly\butterfly (272).jpeg,butterfly,0.8279,butterfly,0.8279,butterfly (0.8279),dog (0.0267),horse (0.0263),sheep (0.0242),elephant (0.0208),True,True
c:\Users\Alan\python\MMIP\week3\data\Dataset\butterfly\buttfly-120.jpg,butterfly,0.7944,butterfly,0.7944,butterfly (0.7944),dog (0.0811),chicken (0.0259),spider (0.0199),elephant (0.0178),True,True
c:\Users\Alan\python\MMIP\week3\data\Dataset\butterfly\butterfly (1112).jpeg,butterfly,0.9092,butterfly,0.9092,butterfly (0.9092),dog (0.0197),horse (0.0118),spider (0.0111),cat (0.0102),True,True
c:\Users\Alan\python\MMIP\week3\data\Dataset\butterfly\butterfly (450).jpeg,butterfly,0.913,butterfly,0.913,butterfly (0.9130),dog (0.0137),sheep (0.0121),horse (0.0107),cow (0.0106),True,True
c:\Users\Alan\python\MMIP\week3\data\Dataset\butterfly\butterfly (159).jpeg,butterfly,0.7583,butterfly,0.7583,butterfly (0.7583),chicken (0.0663),elephant (0.0357),spider (0.0289),dog (0.0252),True,True
c:\Users\Alan\python\MMIP\week3\data\Dataset\butterfly\butterfly (815).jpeg,butterfly,0.8912,butterfly,0.8912,butterfly (0.8912),dog (0.0160),cow (0.0158),sheep (0.0151),cat (0.0142),True,True
c:\Users\Alan\python\MMIP\week3\data\Dataset\butterfly\buttfly-40.jpg,butterfly,0.9328,butterfly,0.9328,butterfly (0.9328),spider (0.0191),squirrel (0.0070),dog (0.0069),chicken (0.0067),True,True
c:\Users\Alan\python\MMIP\week3\data\Dataset\butterfly\butterfly (737).jpeg,butterfly,0.7705,butterfly,0.7705,butterfly (0.7705),horse (0.0750),spider (0.0392),chicken (0.0318),squirrel (0.0257),True,True
c:\Users\Alan\python\MMIP\week3\data\Dataset\butterfly\butterfly (1644).jpeg,butterfly,0.9405,butterfly,0.9405,butterfly (0.9405),spider (0.0146),dog (0.0089),squirrel (0.0064),elephant (0.0058),True,True
c:\Users\Alan\python\MMIP\week3\data\Dataset\butterfly\butterfly (995).jpeg,butterfly,0.886,butterfly,0.886,butterfly (0.8860),spider (0.0247),squirrel (0.0144),chicken (0.0144),horse (0.0132),True,True
c:\Users\Alan\python\MMIP\week3\data\Dataset\butterfly\butterfly (1085).jpeg,butterfly,0.8439,butterfly,0.8439,butterfly (0.8439),dog (0.0230),elephant (0.0219),sheep (0.0215),horse (0.0170),True,True
c:\Users\Alan\python\MMIP\week3\data\Dataset\butterfly\butterfly (1511).jpeg,butterfly,0.855,butterfly,0.855,butterfly (0.8550),squirrel (0.0459),horse (0.0286),dog (0.0216),chicken (0.0160),True,True
c:\Users\Alan\python\MMIP\week3\data\Dataset\butterfly\buttfly-102.jpg,butterfly,0.9027,butterfly,0.9027,butterfly (0.9027),dog (0.0163),cat (0.0152),sheep (0.0117),chicken (0.0113),True,True
c:\Users\Alan\python\MMIP\week3\data\Dataset\butterfly\butterfly (503).jpeg,butterfly,0.563,butterfly,0.563,butterfly (0.5630),spider (0.2136),squirrel (0.0547),cat (0.0536),cow (0.0329),True,True
c:\Users\Alan\python\MMIP\week3\data\Dataset\butterfly\butterfly (645).jpeg,butterfly,0.9209,butterfly,0.9209,butterfly (0.9209),spider (0.0174),sheep (0.0117),horse (0.0095),elephant (0.0094),True,True
c:\Users\Alan\python\MMIP\week3\data\Dataset\butterfly\butterfly (713).jpeg,butterfly,0.8993,butterfly,0.8993,butterfly (0.8993),squirrel (0.0170),spider (0.0163),dog (0.0138),cat (0.0113),True,True
c:\Users\Alan\python\MMIP\week3\data\Dataset\butterfly\butterfly (351).jpeg,butterfly,0.8904,butterfly,0.8904,butterfly (0.8904),dog (0.0202),cat (0.0142),spider (0.0138),sheep (0.0129),True,True
c:\Users\Alan\python\MMIP\week3\data\Dataset\butterfly\butterfly (27).png,butterfly,0.8723,butterfly,0.8723,butterfly (0.8723),dog (0.0264),cat (0.0219),sheep (0.0159),cow (0.0150),True,True
c:\Users\Alan\python\MMIP\week3\data\Dataset\butterfly\butterfly (809).jpeg,butterfly,0.5729,butterfly,0.5729,butterfly (0.5729),spider (0.2754),squirrel (0.0444),cat (0.0300),dog (0.0262),True,True
c:\Users\Alan\python\MMIP\week3\data\Dataset\butterfly\butterfly (1543).jpeg,butterfly,0.862,butterfly,0.862,butterfly (0.8620),dog (0.0183),sheep (0.0170),cat (0.0156),cow (0.0155),True,True
c:\Users\Alan\python\MMIP\week3\data\Dataset\butterfly\butterfly (849).jpeg,butterfly,0.8773,butterfly,0.8773,butterfly (0.8773),spider (0.0453),cat (0.0117),dog (0.0117),squirrel (0.0107),True,True
c:\Users\Alan\python\MMIP\week3\data\Dataset\butterfly\buttfly-254.jpg,butterfly,0.8649,butterfly,0.8649,butterfly (0.8649),spider (0.0242),chicken (0.0224),dog (0.0184),squirrel (0.0181),True,True
c:\Users\Alan\python\MMIP\week3\data\Dataset\butterfly\buttfly-153.jpg,butterfly,0.9151,butterfly,0.9151,butterfly (0.9151),spider (0.0189),chicken (0.0107),elephant (0.0094),dog (0.0091),True,True
c:\Users\Alan\python\MMIP\week3\data\Dataset\butterfly\butterfly (596).jpeg,butterfly,0.8746,butterfly,0.8746,butterfly (0.8746),chicken (0.0314),squirrel (0.0150),dog (0.0140),cat (0.0126),True,True
c:\Users\Alan\python\MMIP\week3\data\Dataset\butterfly\butterfly (770).jpeg,butterfly,0.861,butterfly,0.861,butterfly (0.8610),sheep (0.0235),dog (0.0207),cow (0.0176),horse (0.0167),True,True
c:\Users\Alan\python\MMIP\week3\data\Dataset\butterfly\butterfly (599).jpeg,butterfly,0.8718,butterfly,0.8718,butterfly (0.8718),dog (0.0230),sheep (0.0157),cow (0.0153),horse (0.0146),True,True
c:\Users\Alan\python\MMIP\week3\data\Dataset\butterfly\butterfly (202).jpeg,butterfly,0.7926,butterfly,0.7926,butterfly (0.7926),dog (0.0533),spider (0.0511),horse (0.0257),squirrel (0.0243),True,True
c:\Users\Alan\python\MMIP\week3\data\Dataset\butterfly\butterfly (1575).jpeg,butterfly,0.9108,butterfly,0.9108,butterfly (0.9108),horse (0.0205),squirrel (0.0131),chicken (0.0125),dog (0.0114),True,True
c:\Users\Alan\python\MMIP\week3\data\Dataset\butterfly\buttfly-27.jpg,butterfly,0.7266,butterfly,0.7266,butterfly (0.7266),spider (0.1510),chicken (0.0291),horse (0.0218),dog (0.0156),True,True
c:\Users\Alan\python\MMIP\week3\data\Dataset\butterfly\butterfly (747).jpeg,butterfly,0.6497,butterfly,0.6497,butterfly (0.6497),spider (0.2257),horse (0.0346),cat (0.0204),dog (0.0184),True,True
c:\Users\Alan\python\MMIP\week3\data\Dataset\butterfly\butterfly (279).jpeg,butterfly,0.9651,butterfly,0.9651,butterfly (0.9651),spider (0.0095),chicken (0.0051),squirrel (0.0037),horse (0.0032),True,True
c:\Users\Alan\python\MMIP\week3\data\Dataset\butterfly\butterfly (179).jpeg,butterfly,0.8809,butterfly,0.8809,butterfly (0.8809),dog (0.0244),spider (0.0213),squirrel (0.0137),horse (0.0134),True,True
c:\Users\Alan\python\MMIP\week3\data\Dataset\butterfly\buttfly-42.jpg,butterfly,0.8747,butterfly,0.8747,butterfly (0.8747),spider (0.0740),cat (0.0087),dog (0.0082),chicken (0.0065),True,True
c:\Users\Alan\python\MMIP\week3\data\Dataset\butterfly\buttfly-308.jpg,butterfly,0.7982,butterfly,0.7982,butterfly (0.7982),chicken (0.0689),dog (0.0230),spider (0.0226),cat (0.0216),True,True
c:\Users\Alan\python\MMIP\week3\data\Dataset\butterfly\buttfly-401.jpg,butterfly,0.8849,butterfly,0.8849,butterfly (0.8849),spider (0.0255),chicken (0.0195),dog (0.0142),squirrel (0.0140),True,True
c:\Users\Alan\python\MMIP\week3\data\Dataset\butterfly\buttfly-202.jpg,butterfly,0.8791,butterfly,0.8791,butterfly (0.8791),dog (0.0186),sheep (0.0165),spider (0.0147),cow (0.0137),True,True
c:\Users\Alan\python\MMIP\week3\data\Dataset\butterfly\butterfly (1351).jpeg,butterfly,0.7263,butterfly,0.7263,butterfly (0.7263),squirrel (0.1302),spider (0.0360),elephant (0.0318),chicken (0.0222),True,True
c:\Users\Alan\python\MMIP\week3\data\Dataset\butterfly\butterfly (915).jpeg,butterfly,0.7722,butterfly,0.7722,butterfly (0.7722),spider (0.1141),dog (0.0266),cow (0.0181),chicken (0.0149),True,True
c:\Users\Alan\python\MMIP\week3\data\Dataset\butterfly\butterfly (1561).jpeg,butterfly,0.8246,butterfly,0.8246,butterfly (0.8246),spider (0.0646),horse (0.0231),dog (0.0190),sheep (0.0172),True,True
c:\Users\Alan\python\MMIP\week3\data\Dataset\butterfly\butterfly (1445).jpeg,butterfly,0.8813,butterfly,0.8813,butterfly (0.8813),spider (0.0299),horse (0.0202),dog (0.0123),squirrel (0.0107),True,True
c:\Users\Alan\python\MMIP\week3\data\Dataset\butterfly\buttfly-360.jpg,butterfly,0.6411,butterfly,0.6411,butterfly (0.6411),spider (0.2494),chicken (0.0274),cat (0.0166),dog (0.0145),True,True
c:\Users\Alan\python\MMIP\week3\data\Dataset\butterfly\buttfly-6.jpg,butterfly,0.9059,butterfly,0.9059,butterfly (0.9059),dog (0.0227),cat (0.0144),squirrel (0.0132),sheep (0.0118),True,True
c:\Users\Alan\python\MMIP\week3\data\Dataset\butterfly\butterfly (446).jpeg,butterfly,0.7096,butterfly,0.7096,butterfly (0.7096),spider (0.0886),chicken (0.0562),elephant (0.0398),sheep (0.0245),True,True
c:\Users\Alan\python\MMIP\week3\data\Dataset\butterfly\butterfly (829).jpeg,butterfly,0.926,butterfly,0.926,butterfly (0.9260),spider (0.0161),dog (0.0093),sheep (0.0086),cow (0.0078),True,True
c:\Users\Alan\python\MMIP\week3\data\Dataset\butterfly\butterfly (1009).jpeg,butterfly,0.8376,butterfly,0.8376,butterfly (0.8376),dog (0.0270),elephant (0.0207),cat (0.0207),sheep (0.0201),True,True
c:\Users\Alan\python\MMIP\week3\data\Dataset\butterfly\butterfly (1370).jpeg,butterfly,0.8838,butterfly,0.8838,butterfly (0.8838),dog (0.0228),cat (0.0163),sheep (0.0155),squirrel (0.0125),True,True
c:\Users\Alan\python\MMIP\week3\data\Dataset\butterfly\butterfly (847).jpeg,butterfly,0.8905,butterfly,0.8905,butterfly (0.8905),cow (0.0186),dog (0.0167),squirrel (0.0161),cat (0.0119),True,True
c:\Users\Alan\python\MMIP\week3\data\Dataset\butterfly\butterfly (46).jpeg,butterfly,0.1552,dog,0.3797,dog (0.3797),cat (0.1739),butterfly (0.1552),horse (0.0924),cow (0.0707),False,True
c:\Users\Alan\python\MMIP\week3\data\Dataset\butterfly\butterfly (706).jpeg,butterfly,0.8974,butterfly,0.8974,butterfly (0.8974),spider (0.0245),dog (0.0172),horse (0.0172),sheep (0.0115),True,True
c:\Users\Alan\python\MMIP\week3\data\Dataset\butterfly\buttfly-105.jpg,butterfly,0.8572,butterfly,0.8572,butterfly (0.8572),horse (0.0208),dog (0.0204),cow (0.0195),sheep (0.0185),True,True
c:\Users\Alan\python\MMIP\week3\data\Dataset\butterfly\buttfly-107.jpg,butterfly,0.8639,butterfly,0.8639,butterfly (0.8639),spider (0.0532),squirrel (0.0314),dog (0.0101),elephant (0.0095),True,True
c:\Users\Alan\python\MMIP\week3\data\Dataset\butterfly\butterfly (611).jpeg,butterfly,0.899,butterfly,0.899,butterfly (0.8990),spider (0.0267),horse (0.0120),dog (0.0114),sheep (0.0108),True,True
c:\Users\Alan\python\MMIP\week3\data\Dataset\butterfly\buttfly-347.jpg,butterfly,0.8478,butterfly,0.8478,butterfly (0.8478),spider (0.0330),chicken (0.0261),dog (0.0219),horse (0.0169),True,True
c:\Users\Alan\python\MMIP\week3\data\Dataset\butterfly\butterfly (81).jpeg,butterfly,0.9354,butterfly,0.9354,butterfly (0.9354),spider (0.0174),chicken (0.0110),dog (0.0070),sheep (0.0068),True,True
c:\Users\Alan\python\MMIP\week3\data\Dataset\butterfly\buttfly-358.jpg,butterfly,0.7505,butterfly,0.7505,butterfly (0.7505),spider (0.1411),dog (0.0257),horse (0.0174),cow (0.0156),True,True
c:\Users\Alan\python\MMIP\week3\data\Dataset\butterfly\butterfly (1299).jpeg,butterfly,0.9215,butterfly,0.9215,butterfly (0.9215),dog (0.0121),sheep (0.0121),cat (0.0104),cow (0.0092),True,True
c:\Users\Alan\python\MMIP\week3\data\Dataset\butterfly\butterfly (62).jpeg,butterfly,0.8688,butterfly,0.8688,butterfly (0.8688),chicken (0.0319),sheep (0.0203),cat (0.0166),dog (0.0165),True,True
c:\Users\Alan\python\MMIP\week3\data\Dataset\butterfly\butterfly (399).jpeg,butterfly,0.1139,spider,0.7965,spider (0.7965),butterfly (0.1139),dog (0.0163),horse (0.0161),chicken (0.0134),False,True
c:\Users\Alan\python\MMIP\week3\data\Dataset\butterfly\butterfly (859).jpeg,butterfly,0.7301,butterfly,0.7301,butterfly (0.7301),chicken (0.0609),spider (0.0523),dog (0.0356),squirrel (0.0282),True,True
c:\Users\Alan\python\MMIP\week3\data\Dataset\butterfly\butterfly (499).jpeg,butterfly,0.9305,butterfly,0.9305,butterfly (0.9305),squirrel (0.0248),chicken (0.0103),dog (0.0069),cat (0.0057),True,True
c:\Users\Alan\python\MMIP\week3\data\Dataset\butterfly\buttfly-270.jpg,butterfly,0.1975,spider,0.5365,spider (0.5365),butterfly (0.1975),chicken (0.0741),dog (0.0683),squirrel (0.0405),False,True
c:\Users\Alan\python\MMIP\week3\data\Dataset\butterfly\butterfly (1334).jpeg,butterfly,0.8566,butterfly,0.8566,butterfly (0.8566),spider (0.0619),dog (0.0181),cow (0.0133),chicken (0.0123),True,True
c:\Users\Alan\python\MMIP\week3\data\Dataset\butterfly\butterfly (1391).jpeg,butterfly,0.8834,butterfly,0.8834,butterfly (0.8834),squirrel (0.0272),spider (0.0224),chicken (0.0150),dog (0.0120),True,True
c:\Users\Alan\python\MMIP\week3\data\Dataset\butterfly\butterfly (1436).jpeg,butterfly,0.5192,butterfly,0.5192,butterfly (0.5192),cow (0.1016),horse (0.0956),sheep (0.0793),dog (0.0722),True,True
c:\Users\Alan\python\MMIP\week3\data\Dataset\butterfly\butterfly (190).jpeg,butterfly,0.7853,butterfly,0.7853,butterfly (0.7853),squirrel (0.0912),spider (0.0385),dog (0.0268),chicken (0.0123),True,True
c:\Users\Alan\python\MMIP\week3\data\Dataset\butterfly\butterfly (285).jpeg,butterfly,0.8799,butterfly,0.8799,butterfly (0.8799),chicken (0.0295),squirrel (0.0265),spider (0.0129),dog (0.0108),True,True
c:\Users\Alan\python\MMIP\week3\data\Dataset\butterfly\butterfly (1166).jpeg,butterfly,0.9181,butterfly,0.9181,butterfly (0.9181),chicken (0.0155),dog (0.0117),elephant (0.0105),cow (0.0100),True,True
c:\Users\Alan\python\MMIP\week3\data\Dataset\butterfly\buttfly-253.jpg,butterfly,0.703,butterfly,0.703,butterfly (0.7030),spider (0.1428),elephant (0.0493),cat (0.0359),squirrel (0.0172),True,True
c:\Users\Alan\python\MMIP\week3\data\Dataset\butterfly\butterfly (1032).jpeg,butterfly,0.0576,spider,0.4349,spider (0.4349),squirrel (0.1790),cat (0.0981),chicken (0.0876),dog (0.0617),False,False
c:\Users\Alan\python\MMIP\week3\data\Dataset\butterfly\butterfly (618).jpeg,butterfly,0.9131,butterfly,0.9131,butterfly (0.9131),elephant (0.0181),chicken (0.0154),cow (0.0091),squirrel (0.0084),True,True
c:\Users\Alan\python\MMIP\week3\data\Dataset\butterfly\butterfly (1406).jpeg,butterfly,0.6912,butterfly,0.6912,butterfly (0.6912),spider (0.2261),horse (0.0172),dog (0.0149),squirrel (0.0131),True,True
c:\Users\Alan\python\MMIP\week3\data\Dataset\butterfly\butterfly (15).jpeg,butterfly,0.7392,butterfly,0.7392,butterfly (0.7392),cow (0.0407),sheep (0.0338),dog (0.0317),spider (0.0286),True,True
c:\Users\Alan\python\MMIP\week3\data\Dataset\butterfly\butterfly (527).jpeg,butterfly,0.9288,butterfly,0.9288,butterfly (0.9288),dog (0.0191),horse (0.0085),sheep (0.0081),cat (0.0081),True,True
c:\Users\Alan\python\MMIP\week3\data\Dataset\butterfly\buttfly-298.jpg,butterfly,0.4309,spider,0.4728,spider (0.4728),butterfly (0.4309),cat (0.0202),squirrel (0.0157),chicken (0.0124),False,True
c:\Users\Alan\python\MMIP\week3\data\Dataset\butterfly\buttfly-12.jpg,butterfly,0.9073,butterfly,0.9073,butterfly (0.9073),cow (0.0126),sheep (0.0118),spider (0.0112),dog (0.0110),True,True
c:\Users\Alan\python\MMIP\week3\data\Dataset\butterfly\butterfly (547).jpeg,butterfly,0.8602,butterfly,0.8602,butterfly (0.8602),dog (0.0268),sheep (0.0201),horse (0.0200),cow (0.0159),True,True
c:\Users\Alan\python\MMIP\week3\data\Dataset\butterfly\butterfly (1532).jpeg,butterfly,0.8296,butterfly,0.8296,butterfly (0.8296),spider (0.0514),squirrel (0.0276),chicken (0.0272),cow (0.0170),True,True
c:\Users\Alan\python\MMIP\week3\data\Dataset\butterfly\butterfly (1570).jpeg,butterfly,0.8017,butterfly,0.8017,butterfly (0.8017),chicken (0.0410),horse (0.0324),spider (0.0275),cow (0.0275),True,True
c:\Users\Alan\python\MMIP\week3\data\Dataset\butterfly\butterfly (74).jpeg,butterfly,0.4861,butterfly,0.4861,butterfly (0.4861),dog (0.2263),cat (0.1578),chicken (0.0365),horse (0.0229),True,True
c:\Users\Alan\python\MMIP\week3\data\Dataset\cat\cat (375).jpeg,cat,0.8531,cat,0.8531,cat (0.8531),dog (0.0559),cow (0.0191),chicken (0.0135),butterfly (0.0133),True,True
c:\Users\Alan\python\MMIP\week3\data\Dataset\cat\cat (304).jpg,cat,0.6886,cat,0.6886,cat (0.6886),spider (0.0804),horse (0.0593),cow (0.0410),elephant (0.0293),True,True
c:\Users\Alan\python\MMIP\week3\data\Dataset\cat\cat (108).jpeg,cat,0.8897,cat,0.8897,cat (0.8897),horse (0.0157),spider (0.0152),cow (0.0142),chicken (0.0141),True,True
c:\Users\Alan\python\MMIP\week3\data\Dataset\cat\cat (532).jpeg,cat,0.238,dog,0.3637,dog (0.3637),cat (0.2380),chicken (0.0989),cow (0.0810),sheep (0.0702),False,True
c:\Users\Alan\python\MMIP\week3\data\Dataset\cat\cat (942).jpeg,cat,0.8164,cat,0.8164,cat (0.8164),dog (0.1114),butterfly (0.0138),horse (0.0106),chicken (0.0101),True,True
c:\Users\Alan\python\MMIP\week3\data\Dataset\cat\cat (22).jpeg,cat,0.8144,cat,0.8144,cat (0.8144),butterfly (0.0443),dog (0.0385),spider (0.0364),chicken (0.0193),True,True
c:\Users\Alan\python\MMIP\week3\data\Dataset\cat\cat (194).jpg,cat,0.0348,dog,0.4,dog (0.4000),horse (0.2274),chicken (0.1678),elephant (0.0514),sheep (0.0394),False,False
c:\Users\Alan\python\MMIP\week3\data\Dataset\cat\cat (996).jpeg,cat,0.9051,cat,0.9051,cat (0.9051),horse (0.0227),cow (0.0136),sheep (0.0102),spider (0.0101),True,True
c:\Users\Alan\python\MMIP\week3\data\Dataset\cat\cat (1082).jpeg,cat,0.8664,cat,0.8664,cat (0.8664),dog (0.0385),cow (0.0175),squirrel (0.0170),chicken (0.0121),True,True
c:\Users\Alan\python\MMIP\week3\data\Dataset\cat\cat (43).jpeg,cat,0.5058,cat,0.5058,cat (0.5058),dog (0.1753),spider (0.0769),squirrel (0.0747),butterfly (0.0632),True,True
c:\Users\Alan\python\MMIP\week3\data\Dataset\cat\cat (369).jpeg,cat,0.4396,cat,0.4396,cat (0.4396),elephant (0.1546),dog (0.0956),squirrel (0.0576),horse (0.0542),True,True
c:\Users\Alan\python\MMIP\week3\data\Dataset\cat\cat (519).jpeg,cat,0.4463,cat,0.4463,cat (0.4463),sheep (0.1305),spider (0.1209),dog (0.0740),cow (0.0716),True,True
c:\Users\Alan\python\MMIP\week3\data\Dataset\cat\cat (404).jpg,cat,0.4438,cat,0.4438,cat (0.4438),dog (0.4349),spider (0.0264),chicken (0.0183),butterfly (0.0154),True,True
c:\Users\Alan\python\MMIP\week3\data\Dataset\cat\cat (606).jpeg,cat,0.9006,cat,0.9006,cat (0.9006),elephant (0.0177),horse (0.0153),cow (0.0126),spider (0.0125),True,True
c:\Users\Alan\python\MMIP\week3\data\Dataset\cat\cat (352).jpg,cat,0.7073,cat,0.7073,cat (0.7073),spider (0.0775),dog (0.0729),sheep (0.0430),squirrel (0.0295),True,True
c:\Users\Alan\python\MMIP\week3\data\Dataset\cat\cat (1111).jpeg,cat,0.8476,cat,0.8476,cat (0.8476),dog (0.0310),spider (0.0246),horse (0.0187),squirrel (0.0166),True,True
c:\Users\Alan\python\MMIP\week3\data\Dataset\cat\cat (539).jpeg,cat,0.897,cat,0.897,cat (0.8970),horse (0.0160),spider (0.0138),cow (0.0133),elephant (0.0129),True,True
c:\Users\Alan\python\MMIP\week3\data\Dataset\cat\cat (758).jpeg,cat,0.622,cat,0.622,cat (0.6220),chicken (0.1610),squirrel (0.0953),dog (0.0314),horse (0.0231),True,True
c:\Users\Alan\python\MMIP\week3\data\Dataset\cat\cat (32).jpeg,cat,0.1217,spider,0.3542,spider (0.3542),squirrel (0.2159),cat (0.1217),dog (0.1173),chicken (0.0557),False,True
c:\Users\Alan\python\MMIP\week3\data\Dataset\cat\cat (920).jpeg,cat,0.8952,cat,0.8952,cat (0.8952),dog (0.0202),spider (0.0197),horse (0.0128),elephant (0.0118),True,True
c:\Users\Alan\python\MMIP\week3\data\Dataset\cat\cat (698).jpeg,cat,0.0192,dog,0.2748,dog (0.2748),horse (0.2743),cow (0.1367),elephant (0.0790),sheep (0.0545),False,False
c:\Users\Alan\python\MMIP\week3\data\Dataset\cat\cat (322).jpeg,cat,0.8653,cat,0.8653,cat (0.8653),spider (0.0291),sheep (0.0179),dog (0.0148),butterfly (0.0147),True,True
c:\Users\Alan\python\MMIP\week3\data\Dataset\cat\cat (41).jpg,cat,0.8388,cat,0.8388,cat (0.8388),spider (0.0554),butterfly (0.0268),elephant (0.0142),cow (0.0125),True,True
c:\Users\Alan\python\MMIP\week3\data\Dataset\cat\cat (294).jpeg,cat,0.839,cat,0.839,cat (0.8390),spider (0.0493),elephant (0.0188),horse (0.0183),butterfly (0.0149),True,True
c:\Users\Alan\python\MMIP\week3\data\Dataset\cat\cat (234).jpg,cat,0.8042,cat,0.8042,cat (0.8042),dog (0.1314),sheep (0.0235),cow (0.0093),squirrel (0.0076),True,True
c:\Users\Alan\python\MMIP\week3\data\Dataset\cat\cat (295).jpeg,cat,0.8099,cat,0.8099,cat (0.8099),dog (0.0797),sheep (0.0291),chicken (0.0158),spider (0.0155),True,True
c:\Users\Alan\python\MMIP\week3\data\Dataset\cat\cat (274).jpg,cat,0.8183,cat,0.8183,cat (0.8183),cow (0.0292),spider (0.0259),chicken (0.0239),sheep (0.0204),True,True
c:\Users\Alan\python\MMIP\week3\data\Dataset\cat\cat (363).jpeg,cat,0.8463,cat,0.8463,cat (0.8463),dog (0.0732),sheep (0.0130),horse (0.0112),spider (0.0110),True,True
c:\Users\Alan\python\MMIP\week3\data\Dataset\cat\cat (457).jpeg,cat,0.2397,sheep,0.2721,sheep (0.2721),dog (0.2618),cat (0.2397),cow (0.0622),squirrel (0.0620),False,True
c:\Users\Alan\python\MMIP\week3\data\Dataset\cat\cat (218).jpeg,cat,0.906,cat,0.906,cat (0.9060),dog (0.0344),spider (0.0101),horse (0.0090),elephant (0.0080),True,True
c:\Users\Alan\python\MMIP\week3\data\Dataset\cat\cat (842).jpeg,cat,0.848,cat,0.848,cat (0.8480),dog (0.0907),spider (0.0140),chicken (0.0105),squirrel (0.0099),True,True
c:\Users\Alan\python\MMIP\week3\data\Dataset\cat\cat (431).jpeg,cat,0.7995,cat,0.7995,cat (0.7995),spider (0.0371),butterfly (0.0317),cow (0.0245),horse (0.0226),True,True
c:\Users\Alan\python\MMIP\week3\data\Dataset\cat\cat (1194).jpeg,cat,0.1338,chicken,0.3764,chicken (0.3764),dog (0.2880),cat (0.1338),spider (0.0514),butterfly (0.0402),False,True
c:\Users\Alan\python\MMIP\week3\data\Dataset\cat\cat (143).jpeg,cat,0.9083,cat,0.9083,cat (0.9083),chicken (0.0221),dog (0.0219),butterfly (0.0085),spider (0.0085),True,True
c:\Users\Alan\python\MMIP\week3\data\Dataset\cat\cat (83).jpeg,cat,0.9534,cat,0.9534,cat (0.9534),butterfly (0.0099),elephant (0.0069),dog (0.0063),sheep (0.0050),True,True
c:\Users\Alan\python\MMIP\week3\data\Dataset\cat\cat (20).jpeg,cat,0.8613,cat,0.8613,cat (0.8613),spider (0.0262),horse (0.0179),butterfly (0.0179),cow (0.0161),True,True
c:\Users\Alan\python\MMIP\week3\data\Dataset\cat\cat (153).jpeg,cat,0.9168,cat,0.9168,cat (0.9168),dog (0.0425),chicken (0.0096),spider (0.0056),squirrel (0.0055),True,True
c:\Users\Alan\python\MMIP\week3\data\Dataset\cat\cat (58).jpeg,cat,0.8573,cat,0.8573,cat (0.8573),spider (0.0404),squirrel (0.0223),dog (0.0132),butterfly (0.0126),True,True
c:\Users\Alan\python\MMIP\week3\data\Dataset\cat\cat (381).jpg,cat,0.803,cat,0.803,cat (0.8030),sheep (0.0405),spider (0.0335),dog (0.0243),squirrel (0.0223),True,True
c:\Users\Alan\python\MMIP\week3\data\Dataset\cat\cat (147).jpeg,cat,0.8494,cat,0.8494,cat (0.8494),dog (0.0298),butterfly (0.0269),horse (0.0184),cow (0.0183),True,True
c:\Users\Alan\python\MMIP\week3\data\Dataset\cat\cat (350).jpg,cat,0.915,cat,0.915,cat (0.9150),butterfly (0.0315),dog (0.0178),chicken (0.0075),horse (0.0062),True,True
c:\Users\Alan\python\MMIP\week3\data\Dataset\cat\cat (407).jpg,cat,0.9609,cat,0.9609,cat (0.9609),spider (0.0110),cow (0.0052),sheep (0.0045),chicken (0.0039),True,True
c:\Users\Alan\python\MMIP\week3\data\Dataset\cat\cat (141).jpeg,cat,0.8612,cat,0.8612,cat (0.8612),dog (0.0897),horse (0.0133),cow (0.0091),butterfly (0.0063),True,True
c:\Users\Alan\python\MMIP\week3\data\Dataset\cat\cat (279).jpg,cat,0.6807,cat,0.6807,cat (0.6807),spider (0.0780),butterfly (0.0508),elephant (0.0396),horse (0.0334),True,True
c:\Users\Alan\python\MMIP\week3\data\Dataset\cat\cat (188).jpg,cat,0.0775,dog,0.4572,dog (0.4572),cow (0.2009),cat (0.0775),sheep (0.0666),elephant (0.0548),False,True
c:\Users\Alan\python\MMIP\week3\data\Dataset\cat\cat (982).jpeg,cat,0.9284,cat,0.9284,cat (0.9284),dog (0.0226),squirrel (0.0108),sheep (0.0068),spider (0.0068),True,True
c:\Users\Alan\python\MMIP\week3\data\Dataset\cat\cat (1024).jpeg,cat,0.8588,cat,0.8588,cat (0.8588),horse (0.0224),cow (0.0204),spider (0.0197),chicken (0.0168),True,True
c:\Users\Alan\python\MMIP\week3\data\Dataset\cat\cat (342).jpeg,cat,0.9333,cat,0.9333,cat (0.9333),dog (0.0193),chicken (0.0073),cow (0.0069),spider (0.0063),True,True
c:\Users\Alan\python\MMIP\week3\data\Dataset\cat\cat (16).jpeg,cat,0.8056,cat,0.8056,cat (0.8056),spider (0.0449),butterfly (0.0265),horse (0.0222),cow (0.0209),True,True
c:\Users\Alan\python\MMIP\week3\data\Dataset\cat\cat (103).jpg,cat,0.8312,cat,0.8312,cat (0.8312),chicken (0.0449),dog (0.0362),squirrel (0.0267),spider (0.0205),True,True
c:\Users\Alan\python\MMIP\week3\data\Dataset\cat\cat (472).jpeg,cat,0.6738,cat,0.6738,cat (0.6738),chicken (0.0846),cow (0.0558),butterfly (0.0511),spider (0.0319),True,True
c:\Users\Alan\python\MMIP\week3\data\Dataset\cat\cat (823).jpeg,cat,0.13,chicken,0.3155,chicken (0.3155),dog (0.1934),cat (0.1300),butterfly (0.0861),squirrel (0.0608),False,True
c:\Users\Alan\python\MMIP\week3\data\Dataset\cat\cat (259).jpeg,cat,0.8698,cat,0.8698,cat (0.8698),dog (0.0632),horse (0.0124),sheep (0.0111),cow (0.0108),True,True
c:\Users\Alan\python\MMIP\week3\data\Dataset\cat\cat (522).jpeg,cat,0.9395,cat,0.9395,cat (0.9395),dog (0.0202),spider (0.0109),butterfly (0.0063),chicken (0.0049),True,True
c:\Users\Alan\python\MMIP\week3\data\Dataset\cat\cat (679).jpeg,cat,0.7651,cat,0.7651,cat (0.7651),dog (0.1073),squirrel (0.0273),cow (0.0215),sheep (0.0171),True,True
c:\Users\Alan\python\MMIP\week3\data\Dataset\cat\cat (931).jpeg,cat,0.1513,dog,0.5952,dog (0.5952),cat (0.1513),sheep (0.0674),cow (0.0535),spider (0.0340),False,True
c:\Users\Alan\python\MMIP\week3\data\Dataset\cat\cat (107).jpeg,cat,0.3986,dog,0.4305,dog (0.4305),cat (0.3986),chicken (0.0406),sheep (0.0331),butterfly (0.0247),False,True
c:\Users\Alan\python\MMIP\week3\data\Dataset\cat\cat (1).jpg,cat,0.6936,cat,0.6936,cat (0.6936),dog (0.1828),chicken (0.0326),horse (0.0233),squirrel (0.0142),True,True
c:\Users\Alan\python\MMIP\week3\data\Dataset\cat\cat (439).jpeg,cat,0.6319,cat,0.6319,cat (0.6319),dog (0.2009),sheep (0.0899),spider (0.0174),chicken (0.0143),True,True
c:\Users\Alan\python\MMIP\week3\data\Dataset\cat\cat (132).jpeg,cat,0.8069,cat,0.8069,cat (0.8069),dog (0.1097),chicken (0.0175),cow (0.0128),butterfly (0.0121),True,True
c:\Users\Alan\python\MMIP\week3\data\Dataset\cat\cat (84).jpg,cat,0.8819,cat,0.8819,cat (0.8819),squirrel (0.0260),spider (0.0195),elephant (0.0155),butterfly (0.0150),True,True
c:\Users\Alan\python\MMIP\week3\data\Dataset\cat\cat (839).jpeg,cat,0.7621,cat,0.7621,cat (0.7621),dog (0.1262),squirrel (0.0246),spider (0.0211),chicken (0.0197),True,True
c:\Users\Alan\python\MMIP\week3\data\Dataset\cat\cat (298).jpeg,cat,0.345,dog,0.3837,dog (0.3837),cat (0.3450),chicken (0.0752),spider (0.0461),squirrel (0.0456),False,True
c:\Users\Alan\python\MMIP\week3\data\Dataset\cat\cat (444).jpeg,cat,0.5681,cat,0.5681,cat (0.5681),dog (0.2469),squirrel (0.0326),butterfly (0.0275),sheep (0.0272),True,True
c:\Users\Alan\python\MMIP\week3\data\Dataset\cat\cat (767).jpeg,cat,0.8561,cat,0.8561,cat (0.8561),dog (0.0413),spider (0.0221),squirrel (0.0159),sheep (0.0153),True,True
c:\Users\Alan\python\MMIP\week3\data\Dataset\cat\cat (247).jpg,cat,0.6536,cat,0.6536,cat (0.6536),dog (0.2379),sheep (0.0224),squirrel (0.0201),butterfly (0.0155),True,True
c:\Users\Alan\python\MMIP\week3\data\Dataset\cat\cat (635).jpeg,cat,0.8821,cat,0.8821,cat (0.8821),squirrel (0.0188),horse (0.0175),elephant (0.0167),sheep (0.0160),True,True
c:\Users\Alan\python\MMIP\week3\data\Dataset\cat\cat (1011).jpeg,cat,0.8364,cat,0.8364,cat (0.8364),dog (0.0481),elephant (0.0231),horse (0.0208),chicken (0.0188),True,True
c:\Users\Alan\python\MMIP\week3\data\Dataset\cat\cat (112).jpeg,cat,0.9327,cat,0.9327,cat (0.9327),dog (0.0142),squirrel (0.0092),spider (0.0082),chicken (0.0074),True,True
c:\Users\Alan\python\MMIP\week3\data\Dataset\cat\cat (23).jpg,cat,0.9246,cat,0.9246,cat (0.9246),squirrel (0.0133),horse (0.0108),spider (0.0102),cow (0.0087),True,True
c:\Users\Alan\python\MMIP\week3\data\Dataset\cat\cat (302).jpeg,cat,0.3562,cat,0.3562,cat (0.3562),dog (0.3395),squirrel (0.0941),chicken (0.0612),sheep (0.0386),True,True
c:\Users\Alan\python\MMIP\week3\data\Dataset\cat\cat (408).jpg,cat,0.6577,cat,0.6577,cat (0.6577),sheep (0.0841),spider (0.0551),horse (0.0535),elephant (0.0487),True,True
c:\Users\Alan\python\MMIP\week3\data\Dataset\cat\cat (650).jpeg,cat,0.3125,dog,0.3603,dog (0.3603),cat (0.3125),sheep (0.1778),chicken (0.0389),cow (0.0275),False,True
c:\Users\Alan\python\MMIP\week3\data\Dataset\cat\cat (668).jpeg,cat,0.9336,cat,0.9336,cat (0.9336),dog (0.0284),spider (0.0065),squirrel (0.0065),butterfly (0.0056),True,True
c:\Users\Alan\python\MMIP\week3\data\Dataset\cat\cat (431).jpg,cat,0.9195,cat,0.9195,cat (0.9195),dog (0.0183),spider (0.0113),chicken (0.0092),sheep (0.0085),True,True
c:\Users\Alan\python\MMIP\week3\data\Dataset\cat\cat (321).jpg,cat,0.6172,cat,0.6172,cat (0.6172),dog (0.0673),squirrel (0.0499),spider (0.0463),cow (0.0438),True,True
c:\Users\Alan\python\MMIP\week3\data\Dataset\cat\cat (813).jpeg,cat,0.0424,dog,0.7496,dog (0.7496),chicken (0.0450),cat (0.0424),spider (0.0401),sheep (0.0400),False,True
c:\Users\Alan\python\MMIP\week3\data\Dataset\cat\cat (424).jpeg,cat,0.804,cat,0.804,cat (0.8040),spider (0.0770),butterfly (0.0347),squirrel (0.0199),chicken (0.0166),True,True
c:\Users\Alan\python\MMIP\week3\data\Dataset\cat\cat (327).jpeg,cat,0.803,cat,0.803,cat (0.8030),dog (0.0656),spider (0.0279),chicken (0.0224),cow (0.0149),True,True
c:\Users\Alan\python\MMIP\week3\data\Dataset\cat\cat (566).jpeg,cat,0.87,cat,0.87,cat (0.8700),elephant (0.0358),spider (0.0203),dog (0.0191),horse (0.0130),True,True
c:\Users\Alan\python\MMIP\week3\data\Dataset\cat\cat (427).jpg,cat,0.779,cat,0.779,cat (0.7790),squirrel (0.0550),dog (0.0426),sheep (0.0330),cow (0.0242),True,True
c:\Users\Alan\python\MMIP\week3\data\Dataset\cat\cat (1125).jpeg,cat,0.5426,cat,0.5426,cat (0.5426),dog (0.2583),spider (0.0454),squirrel (0.0318),chicken (0.0311),True,True
c:\Users\Alan\python\MMIP\week3\data\Dataset\cat\cat (166).jpeg,cat,0.8353,cat,0.8353,cat (0.8353),spider (0.0746),cow (0.0130),dog (0.0127),butterfly (0.0123),True,True
c:\Users\Alan\python\MMIP\week3\data\Dataset\cat\cat (293).jpg,cat,0.8021,cat,0.8021,cat (0.8021),spider (0.0489),butterfly (0.0312),horse (0.0236),cow (0.0227),True,True
c:\Users\Alan\python\MMIP\week3\data\Dataset\cat\cat (317).jpg,cat,0.9188,cat,0.9188,cat (0.9188),spider (0.0197),horse (0.0112),cow (0.0099),elephant (0.0093),True,True
c:\Users\Alan\python\MMIP\week3\data\Dataset\cat\cat (35).jpg,cat,0.9178,cat,0.9178,cat (0.9178),chicken (0.0154),cow (0.0129),butterfly (0.0129),horse (0.0111),True,True
c:\Users\Alan\python\MMIP\week3\data\Dataset\cat\cat (366).jpeg,cat,0.8543,cat,0.8543,cat (0.8543),spider (0.0304),chicken (0.0192),horse (0.0181),sheep (0.0168),True,True
c:\Users\Alan\python\MMIP\week3\data\Dataset\cat\cat (136).jpeg,cat,0.7386,cat,0.7386,cat (0.7386),dog (0.1295),chicken (0.0323),horse (0.0246),spider (0.0166),True,True
c:\Users\Alan\python\MMIP\week3\data\Dataset\cat\cat (737).jpeg,cat,0.7834,cat,0.7834,cat (0.7834),spider (0.0419),horse (0.0347),cow (0.0283),elephant (0.0276),True,True
c:\Users\Alan\python\MMIP\week3\data\Dataset\cat\cat (111).jpg,cat,0.3524,cat,0.3524,cat (0.3524),elephant (0.1823),sheep (0.1717),dog (0.0870),spider (0.0485),True,True
c:\Users\Alan\python\MMIP\week3\data\Dataset\cat\cat (559).jpeg,cat,0.733,cat,0.733,cat (0.7330),dog (0.1193),cow (0.0333),chicken (0.0251),horse (0.0219),True,True
c:\Users\Alan\python\MMIP\week3\data\Dataset\cat\cat (179).jpg,cat,0.4633,cat,0.4633,cat (0.4633),chicken (0.1999),squirrel (0.1354),spider (0.0500),sheep (0.0380),True,True
c:\Users\Alan\python\MMIP\week3\data\Dataset\cat\cat (531).jpeg,cat,0.4974,cat,0.4974,cat (0.4974),dog (0.3527),chicken (0.0346),cow (0.0234),spider (0.0219),True,True
c:\Users\Alan\python\MMIP\week3\data\Dataset\cat\cat (434).jpeg,cat,0.8193,cat,0.8193,cat (0.8193),squirrel (0.0490),horse (0.0257),sheep (0.0197),cow (0.0196),True,True
c:\Users\Alan\python\MMIP\week3\data\Dataset\cat\cat (65).jpg,cat,0.9211,cat,0.9211,cat (0.9211),spider (0.0223),elephant (0.0102),cow (0.0086),butterfly (0.0084),True,True
c:\Users\Alan\python\MMIP\week3\data\Dataset\cat\cat (878).jpeg,cat,0.8718,cat,0.8718,cat (0.8718),dog (0.0288),chicken (0.0152),horse (0.0146),spider (0.0144),True,True
c:\Users\Alan\python\MMIP\week3\data\Dataset\cat\cat (13).jpeg,cat,0.8148,cat,0.8148,cat (0.8148),spider (0.0326),chicken (0.0269),cow (0.0219),dog (0.0215),True,True
c:\Users\Alan\python\MMIP\week3\data\Dataset\cat\cat (655).jpeg,cat,0.9615,cat,0.9615,cat (0.9615),sheep (0.0066),cow (0.0050),horse (0.0049),dog (0.0049),True,True
c:\Users\Alan\python\MMIP\week3\data\Dataset\cat\cat (175).jpg,cat,0.604,cat,0.604,cat (0.6040),squirrel (0.0899),spider (0.0723),sheep (0.0490),butterfly (0.0467),True,True
c:\Users\Alan\python\MMIP\week3\data\Dataset\cat\cat (429).jpeg,cat,0.9069,cat,0.9069,cat (0.9069),dog (0.0246),spider (0.0166),cow (0.0117),squirrel (0.0085),True,True
c:\Users\Alan\python\MMIP\week3\data\Dataset\cat\cat (740).jpeg,cat,0.9368,cat,0.9368,cat (0.9368),dog (0.0309),spider (0.0056),squirrel (0.0055),chicken (0.0055),True,True
c:\Users\Alan\python\MMIP\week3\data\Dataset\cat\cat (597).jpeg,cat,0.971,cat,0.971,cat (0.9710),spider (0.0041),horse (0.0040),sheep (0.0038),dog (0.0038),True,True
c:\Users\Alan\python\MMIP\week3\data\Dataset\cat\cat (1004).jpeg,cat,0.2666,dog,0.4913,dog (0.4913),cat (0.2666),chicken (0.0480),cow (0.0464),horse (0.0346),False,True
c:\Users\Alan\python\MMIP\week3\data\Dataset\cat\cat (382).jpg,cat,0.8599,cat,0.8599,cat (0.8599),spider (0.0281),dog (0.0220),sheep (0.0208),cow (0.0170),True,True
c:\Users\Alan\python\MMIP\week3\data\Dataset\cat\cat (752).jpeg,cat,0.9442,cat,0.9442,cat (0.9442),horse (0.0107),dog (0.0079),squirrel (0.0070),elephant (0.0066),True,True
c:\Users\Alan\python\MMIP\week3\data\Dataset\cat\cat (260).jpg,cat,0.181,dog,0.6984,dog (0.6984),cat (0.1810),squirrel (0.0243),cow (0.0199),butterfly (0.0186),False,True
c:\Users\Alan\python\MMIP\week3\data\Dataset\cat\cat (358).jpg,cat,0.8479,cat,0.8479,cat (0.8479),elephant (0.0302),sheep (0.0200),horse (0.0196),spider (0.0193),True,True
c:\Users\Alan\python\MMIP\week3\data\Dataset\cat\cat (224).jpg,cat,0.8882,cat,0.8882,cat (0.8882),butterfly (0.0389),chicken (0.0194),dog (0.0130),squirrel (0.0094),True,True
c:\Users\Alan\python\MMIP\week3\data\Dataset\cat\cat (348).jpg,cat,0.657,cat,0.657,cat (0.6570),dog (0.1681),squirrel (0.0462),sheep (0.0448),horse (0.0295),True,True
c:\Users\Alan\python\MMIP\week3\data\Dataset\cat\cat (60).jpg,cat,0.9415,cat,0.9415,cat (0.9415),spider (0.0101),sheep (0.0100),horse (0.0080),elephant (0.0065),True,True
c:\Users\Alan\python\MMIP\week3\data\Dataset\cat\cat (333).jpg,cat,0.9091,cat,0.9091,cat (0.9091),squirrel (0.0128),spider (0.0126),cow (0.0113),chicken (0.0104),True,True
c:\Users\Alan\python\MMIP\week3\data\Dataset\cat\cat (567).jpeg,cat,0.6407,cat,0.6407,cat (0.6407),spider (0.0679),chicken (0.0541),squirrel (0.0457),butterfly (0.0385),True,True
c:\Users\Alan\python\MMIP\week3\data\Dataset\cat\cat (462).jpeg,cat,0.8505,cat,0.8505,cat (0.8505),dog (0.0886),spider (0.0184),squirrel (0.0092),chicken (0.0062),True,True
c:\Users\Alan\python\MMIP\week3\data\Dataset\cat\cat (846).jpeg,cat,0.9316,cat,0.9316,cat (0.9316),dog (0.0154),horse (0.0102),chicken (0.0088),spider (0.0074),True,True
c:\Users\Alan\python\MMIP\week3\data\Dataset\cat\cat (715).jpeg,cat,0.9222,cat,0.9222,cat (0.9222),dog (0.0242),horse (0.0112),cow (0.0100),chicken (0.0085),True,True
c:\Users\Alan\python\MMIP\week3\data\Dataset\cat\cat (420).jpeg,cat,0.3727,cat,0.3727,cat (0.3727),squirrel (0.2182),sheep (0.1762),dog (0.1196),spider (0.0366),True,True
c:\Users\Alan\python\MMIP\week3\data\Dataset\cat\cat (491).jpeg,cat,0.3817,cat,0.3817,cat (0.3817),squirrel (0.1935),dog (0.1410),chicken (0.1188),elephant (0.0545),True,True
c:\Users\Alan\python\MMIP\week3\data\Dataset\cat\cat (743).jpeg,cat,0.9445,cat,0.9445,cat (0.9445),dog (0.0127),chicken (0.0083),sheep (0.0078),spider (0.0060),True,True
c:\Users\Alan\python\MMIP\week3\data\Dataset\cat\cat (1114).jpeg,cat,0.9223,cat,0.9223,cat (0.9223),dog (0.0260),squirrel (0.0100),cow (0.0095),sheep (0.0088),True,True
c:\Users\Alan\python\MMIP\week3\data\Dataset\cat\cat (286).jpeg,cat,0.8344,cat,0.8344,cat (0.8344),spider (0.0337),butterfly (0.0278),horse (0.0226),cow (0.0209),True,True
c:\Users\Alan\python\MMIP\week3\data\Dataset\cat\cat (132).jpg,cat,0.9096,cat,0.9096,cat (0.9096),spider (0.0176),horse (0.0118),cow (0.0109),sheep (0.0108),True,True
c:\Users\Alan\python\MMIP\week3\data\Dataset\cat\cat (910).jpeg,cat,0.8623,cat,0.8623,cat (0.8623),spider (0.0254),elephant (0.0210),horse (0.0181),dog (0.0158),True,True
c:\Users\Alan\python\MMIP\week3\data\Dataset\cat\cat (295).jpg,cat,0.7533,cat,0.7533,cat (0.7533),spider (0.0551),horse (0.0346),cow (0.0298),elephant (0.0287),True,True
c:\Users\Alan\python\MMIP\week3\data\Dataset\cat\cat (810).jpeg,cat,0.4556,cat,0.4556,cat (0.4556),dog (0.1548),squirrel (0.1403),chicken (0.1401),horse (0.0284),True,True
c:\Users\Alan\python\MMIP\week3\data\Dataset\cat\cat (434).jpg,cat,0.6368,cat,0.6368,cat (0.6368),butterfly (0.1368),dog (0.0725),squirrel (0.0384),elephant (0.0309),True,True
c:\Users\Alan\python\MMIP\week3\data\Dataset\cat\cat (261).jpeg,cat,0.8166,cat,0.8166,cat (0.8166),horse (0.0498),dog (0.0485),chicken (0.0279),cow (0.0122),True,True
c:\Users\Alan\python\MMIP\week3\data\Dataset\cat\cat (589).jpeg,cat,0.6804,cat,0.6804,cat (0.6804),sheep (0.0957),squirrel (0.0390),spider (0.0325),horse (0.0321),True,True
c:\Users\Alan\python\MMIP\week3\data\Dataset\cat\cat (315).jpg,cat,0.8566,cat,0.8566,cat (0.8566),sheep (0.0350),dog (0.0248),squirrel (0.0209),cow (0.0135),True,True
c:\Users\Alan\python\MMIP\week3\data\Dataset\cat\cat (28).jpg,cat,0.9474,cat,0.9474,cat (0.9474),sheep (0.0096),spider (0.0084),dog (0.0083),butterfly (0.0061),True,True
c:\Users\Alan\python\MMIP\week3\data\Dataset\cat\cat (20).jpg,cat,0.8098,cat,0.8098,cat (0.8098),dog (0.0510),chicken (0.0285),squirrel (0.0210),spider (0.0208),True,True
c:\Users\Alan\python\MMIP\week3\data\Dataset\cat\cat (599).jpeg,cat,0.9177,cat,0.9177,cat (0.9177),spider (0.0154),horse (0.0118),chicken (0.0097),cow (0.0084),True,True
c:\Users\Alan\python\MMIP\week3\data\Dataset\cat\cat (1002).jpeg,cat,0.8906,cat,0.8906,cat (0.8906),dog (0.0253),spider (0.0140),chicken (0.0137),cow (0.0117),True,True
c:\Users\Alan\python\MMIP\week3\data\Dataset\cat\cat (858).jpeg,cat,0.8702,cat,0.8702,cat (0.8702),elephant (0.0234),dog (0.0217),horse (0.0188),squirrel (0.0151),True,True
c:\Users\Alan\python\MMIP\week3\data\Dataset\cat\cat (42).jpeg,cat,0.7858,cat,0.7858,cat (0.7858),dog (0.0887),spider (0.0354),squirrel (0.0164),sheep (0.0163),True,True
c:\Users\Alan\python\MMIP\week3\data\Dataset\cat\cat (15).jpg,cat,0.8835,cat,0.8835,cat (0.8835),sheep (0.0207),elephant (0.0199),dog (0.0189),squirrel (0.0130),True,True
c:\Users\Alan\python\MMIP\week3\data\Dataset\cat\cat (786).jpeg,cat,0.3558,cat,0.3558,cat (0.3558),dog (0.1995),squirrel (0.1720),horse (0.0725),spider (0.0516),True,True
c:\Users\Alan\python\MMIP\week3\data\Dataset\cat\cat (268).jpg,cat,0.9596,cat,0.9596,cat (0.9596),spider (0.0068),horse (0.0062),dog (0.0061),sheep (0.0045),True,True
c:\Users\Alan\python\MMIP\week3\data\Dataset\cat\cat (196).jpg,cat,0.8028,cat,0.8028,cat (0.8028),sheep (0.0422),cow (0.0348),horse (0.0254),elephant (0.0240),True,True
c:\Users\Alan\python\MMIP\week3\data\Dataset\cat\cat (184).jpg,cat,0.4816,cat,0.4816,cat (0.4816),dog (0.1692),elephant (0.0880),squirrel (0.0833),butterfly (0.0547),True,True
c:\Users\Alan\python\MMIP\week3\data\Dataset\cat\cat (51).jpeg,cat,0.8709,cat,0.8709,cat (0.8709),dog (0.0540),spider (0.0120),squirrel (0.0107),chicken (0.0104),True,True
c:\Users\Alan\python\MMIP\week3\data\Dataset\cat\cat (956).jpeg,cat,0.239,dog,0.5433,dog (0.5433),cat (0.2390),squirrel (0.0444),chicken (0.0419),cow (0.0325),False,True
c:\Users\Alan\python\MMIP\week3\data\Dataset\cat\cat (964).jpeg,cat,0.8878,cat,0.8878,cat (0.8878),chicken (0.0449),dog (0.0175),horse (0.0095),cow (0.0093),True,True
c:\Users\Alan\python\MMIP\week3\data\Dataset\cat\cat (386).jpg,cat,0.9238,cat,0.9238,cat (0.9238),dog (0.0209),squirrel (0.0132),spider (0.0069),sheep (0.0068),True,True
c:\Users\Alan\python\MMIP\week3\data\Dataset\cat\cat (207).jpeg,cat,0.9617,cat,0.9617,cat (0.9617),squirrel (0.0071),sheep (0.0054),horse (0.0047),spider (0.0045),True,True
c:\Users\Alan\python\MMIP\week3\data\Dataset\cat\cat (257).jpg,cat,0.2016,dog,0.6346,dog (0.6346),cat (0.2016),elephant (0.0319),cow (0.0295),spider (0.0242),False,True
c:\Users\Alan\python\MMIP\week3\data\Dataset\cat\cat (1036).jpeg,cat,0.9046,cat,0.9046,cat (0.9046),dog (0.0302),spider (0.0108),cow (0.0103),chicken (0.0095),True,True
c:\Users\Alan\python\MMIP\week3\data\Dataset\cat\cat (71).jpeg,cat,0.7148,cat,0.7148,cat (0.7148),elephant (0.1181),horse (0.0284),spider (0.0281),butterfly (0.0243),True,True
c:\Users\Alan\python\MMIP\week3\data\Dataset\cat\cat (61).jpg,cat,0.9202,cat,0.9202,cat (0.9202),butterfly (0.0138),elephant (0.0137),horse (0.0112),spider (0.0108),True,True
c:\Users\Alan\python\MMIP\week3\data\Dataset\cat\cat (454).jpeg,cat,0.8695,cat,0.8695,cat (0.8695),butterfly (0.0324),spider (0.0231),chicken (0.0159),cow (0.0155),True,True
c:\Users\Alan\python\MMIP\week3\data\Dataset\cat\cat (299).jpg,cat,0.8509,cat,0.8509,cat (0.8509),squirrel (0.0529),spider (0.0199),dog (0.0182),sheep (0.0160),True,True
c:\Users\Alan\python\MMIP\week3\data\Dataset\cat\cat (571).jpeg,cat,0.6517,cat,0.6517,cat (0.6517),spider (0.1834),dog (0.0396),sheep (0.0270),butterfly (0.0227),True,True
c:\Users\Alan\python\MMIP\week3\data\Dataset\cat\cat (395).jpg,cat,0.6488,cat,0.6488,cat (0.6488),dog (0.1116),spider (0.0714),horse (0.0352),chicken (0.0331),True,True
c:\Users\Alan\python\MMIP\week3\data\Dataset\cat\cat (397).jpg,cat,0.7869,cat,0.7869,cat (0.7869),dog (0.0791),sheep (0.0410),chicken (0.0189),spider (0.0171),True,True
c:\Users\Alan\python\MMIP\week3\data\Dataset\cat\cat (440).jpeg,cat,0.6366,cat,0.6366,cat (0.6366),dog (0.1675),squirrel (0.0991),chicken (0.0211),butterfly (0.0158),True,True
c:\Users\Alan\python\MMIP\week3\data\Dataset\cat\cat (126).jpg,cat,0.9522,cat,0.9522,cat (0.9522),spider (0.0097),dog (0.0073),cow (0.0061),butterfly (0.0054),True,True
c:\Users\Alan\python\MMIP\week3\data\Dataset\cat\cat (779).jpeg,cat,0.8709,cat,0.8709,cat (0.8709),dog (0.0409),spider (0.0287),cow (0.0109),sheep (0.0108),True,True
c:\Users\Alan\python\MMIP\week3\data\Dataset\cat\cat (962).jpeg,cat,0.858,cat,0.858,cat (0.8580),spider (0.0248),horse (0.0195),cow (0.0186),elephant (0.0155),True,True
c:\Users\Alan\python\MMIP\week3\data\Dataset\cat\cat (751).jpeg,cat,0.8651,cat,0.8651,cat (0.8651),elephant (0.0343),horse (0.0195),spider (0.0171),cow (0.0143),True,True
c:\Users\Alan\python\MMIP\week3\data\Dataset\cat\cat (500).jpeg,cat,0.064,spider,0.6612,spider (0.6612),butterfly (0.1133),cat (0.0640),squirrel (0.0636),dog (0.0328),False,True
c:\Users\Alan\python\MMIP\week3\data\Dataset\cat\cat (289).jpeg,cat,0.8608,cat,0.8608,cat (0.8608),butterfly (0.0282),elephant (0.0208),spider (0.0198),chicken (0.0177),True,True
c:\Users\Alan\python\MMIP\week3\data\Dataset\cat\cat (1037).jpeg,cat,0.8749,cat,0.8749,cat (0.8749),chicken (0.0205),spider (0.0170),squirrel (0.0169),cow (0.0133),True,True
c:\Users\Alan\python\MMIP\week3\data\Dataset\cat\cat (163).jpg,cat,0.7436,cat,0.7436,cat (0.7436),dog (0.1166),chicken (0.0619),cow (0.0149),squirrel (0.0134),True,True
c:\Users\Alan\python\MMIP\week3\data\Dataset\cat\cat (69).jpeg,cat,0.6679,cat,0.6679,cat (0.6679),sheep (0.0768),elephant (0.0563),dog (0.0387),squirrel (0.0359),True,True
c:\Users\Alan\python\MMIP\week3\data\Dataset\cat\cat (686).jpeg,cat,0.8704,cat,0.8704,cat (0.8704),spider (0.0290),dog (0.0219),sheep (0.0215),butterfly (0.0177),True,True
c:\Users\Alan\python\MMIP\week3\data\Dataset\cat\cat (1065).jpeg,cat,0.853,cat,0.853,cat (0.8530),dog (0.0739),chicken (0.0181),sheep (0.0104),spider (0.0097),True,True
c:\Users\Alan\python\MMIP\week3\data\Dataset\cat\cat (212).jpg,cat,0.8862,cat,0.8862,cat (0.8862),spider (0.0466),butterfly (0.0184),dog (0.0121),elephant (0.0076),True,True
c:\Users\Alan\python\MMIP\week3\data\Dataset\cat\cat (969).jpeg,cat,0.8924,cat,0.8924,cat (0.8924),cow (0.0170),horse (0.0150),spider (0.0148),chicken (0.0135),True,True
c:\Users\Alan\python\MMIP\week3\data\Dataset\chicken\chicken (280).jpeg,chicken,0.8543,chicken,0.8543,chicken (0.8543),spider (0.0314),elephant (0.0261),butterfly (0.0176),dog (0.0150),True,True
c:\Users\Alan\python\MMIP\week3\data\Dataset\chicken\chicken (2075).jpeg,chicken,0.6386,chicken,0.6386,chicken (0.6386),dog (0.1374),squirrel (0.0450),sheep (0.0352),horse (0.0319),True,True
c:\Users\Alan\python\MMIP\week3\data\Dataset\chicken\chicken (202).jpeg,chicken,0.898,chicken,0.898,chicken (0.8980),squirrel (0.0177),cow (0.0155),horse (0.0118),dog (0.0115),True,True
c:\Users\Alan\python\MMIP\week3\data\Dataset\chicken\chicken (1412).jpeg,chicken,0.8549,chicken,0.8549,chicken (0.8549),sheep (0.0348),elephant (0.0203),spider (0.0195),squirrel (0.0192),True,True
c:\Users\Alan\python\MMIP\week3\data\Dataset\chicken\chicken (1539).jpeg,chicken,0.8775,chicken,0.8775,chicken (0.8775),dog (0.0496),elephant (0.0173),cow (0.0101),spider (0.0100),True,True
c:\Users\Alan\python\MMIP\week3\data\Dataset\chicken\chicken (938).jpeg,chicken,0.8781,chicken,0.8781,chicken (0.8781),dog (0.0214),cat (0.0151),butterfly (0.0145),spider (0.0136),True,True
c:\Users\Alan\python\MMIP\week3\data\Dataset\chicken\chicken (416).jpeg,chicken,0.8915,chicken,0.8915,chicken (0.8915),dog (0.0175),spider (0.0175),horse (0.0138),sheep (0.0133),True,True
c:\Users\Alan\python\MMIP\week3\data\Dataset\chicken\chicken (731).jpeg,chicken,0.1581,elephant,0.2494,elephant (0.2494),cat (0.2256),chicken (0.1581),spider (0.1012),butterfly (0.0739),False,True
c:\Users\Alan\python\MMIP\week3\data\Dataset\chicken\chicken (951).jpeg,chicken,0.7967,chicken,0.7967,chicken (0.7967),sheep (0.0486),horse (0.0380),cow (0.0222),dog (0.0189),True,True
c:\Users\Alan\python\MMIP\week3\data\Dataset\chicken\chicken (2720).jpeg,chicken,0.8308,chicken,0.8308,chicken (0.8308),spider (0.0249),butterfly (0.0222),cow (0.0217),dog (0.0211),True,True
c:\Users\Alan\python\MMIP\week3\data\Dataset\chicken\chicken (918).jpeg,chicken,0.8836,chicken,0.8836,chicken (0.8836),spider (0.0331),squirrel (0.0171),sheep (0.0136),dog (0.0126),True,True
c:\Users\Alan\python\MMIP\week3\data\Dataset\chicken\chicken (2794).jpeg,chicken,0.8569,chicken,0.8569,chicken (0.8569),spider (0.0365),butterfly (0.0171),squirrel (0.0159),dog (0.0150),True,True
c:\Users\Alan\python\MMIP\week3\data\Dataset\chicken\chicken (582).jpeg,chicken,0.8521,chicken,0.8521,chicken (0.8521),squirrel (0.0493),butterfly (0.0217),horse (0.0194),elephant (0.0166),True,True
c:\Users\Alan\python\MMIP\week3\data\Dataset\chicken\chicken (544).jpeg,chicken,0.8737,chicken,0.8737,chicken (0.8737),spider (0.0232),butterfly (0.0188),squirrel (0.0171),dog (0.0149),True,True
c:\Users\Alan\python\MMIP\week3\data\Dataset\chicken\chicken (2844).jpeg,chicken,0.9143,chicken,0.9143,chicken (0.9143),sheep (0.0160),dog (0.0136),spider (0.0132),squirrel (0.0094),True,True
c:\Users\Alan\python\MMIP\week3\data\Dataset\chicken\chicken (2689).jpeg,chicken,0.8073,chicken,0.8073,chicken (0.8073),spider (0.0387),cow (0.0346),sheep (0.0253),squirrel (0.0197),True,True
c:\Users\Alan\python\MMIP\week3\data\Dataset\chicken\chicken (2002).jpeg,chicken,0.6305,chicken,0.6305,chicken (0.6305),spider (0.1490),elephant (0.0759),squirrel (0.0427),sheep (0.0406),True,True
c:\Users\Alan\python\MMIP\week3\data\Dataset\chicken\chicken (2846).jpeg,chicken,0.8677,chicken,0.8677,chicken (0.8677),butterfly (0.0256),cat (0.0182),horse (0.0175),sheep (0.0153),True,True
c:\Users\Alan\python\MMIP\week3\data\Dataset\chicken\chicken (853).jpeg,chicken,0.9213,chicken,0.9213,chicken (0.9213),dog (0.0126),cow (0.0122),spider (0.0112),horse (0.0091),True,True
c:\Users\Alan\python\MMIP\week3\data\Dataset\chicken\chicken (200).jpeg,chicken,0.8464,chicken,0.8464,chicken (0.8464),sheep (0.0256),squirrel (0.0252),dog (0.0203),spider (0.0182),True,True
c:\Users\Alan\python\MMIP\week3\data\Dataset\chicken\chicken (2250).jpeg,chicken,0.9273,chicken,0.9273,chicken (0.9273),spider (0.0126),cow (0.0104),dog (0.0104),sheep (0.0084),True,True
c:\Users\Alan\python\MMIP\week3\data\Dataset\chicken\chicken (432).jpeg,chicken,0.4363,chicken,0.4363,chicken (0.4363),squirrel (0.1417),cat (0.0972),sheep (0.0930),elephant (0.0781),True,True
c:\Users\Alan\python\MMIP\week3\data\Dataset\chicken\chicken (2012).jpeg,chicken,0.9298,chicken,0.9298,chicken (0.9298),dog (0.0165),horse (0.0100),elephant (0.0097),cat (0.0072),True,True
c:\Users\Alan\python\MMIP\week3\data\Dataset\chicken\chicken (69).jpeg,chicken,0.9618,chicken,0.9618,chicken (0.9618),dog (0.0082),spider (0.0061),cow (0.0052),butterfly (0.0043),True,True
c:\Users\Alan\python\MMIP\week3\data\Dataset\chicken\chicken (2462).jpeg,chicken,0.5238,chicken,0.5238,chicken (0.5238),dog (0.2671),horse (0.0547),sheep (0.0354),cow (0.0287),True,True
c:\Users\Alan\python\MMIP\week3\data\Dataset\chicken\chicken (1389).jpeg,chicken,0.8843,chicken,0.8843,chicken (0.8843),horse (0.0521),cow (0.0134),sheep (0.0126),elephant (0.0110),True,True
c:\Users\Alan\python\MMIP\week3\data\Dataset\chicken\chicken (2783).jpeg,chicken,0.8198,chicken,0.8198,chicken (0.8198),spider (0.1055),squirrel (0.0121),dog (0.0117),horse (0.0111),True,True
c:\Users\Alan\python\MMIP\week3\data\Dataset\chicken\chicken (2141).jpeg,chicken,0.8766,chicken,0.8766,chicken (0.8766),spider (0.0215),horse (0.0152),elephant (0.0151),dog (0.0143),True,True
c:\Users\Alan\python\MMIP\week3\data\Dataset\chicken\chicken (1785).jpeg,chicken,0.9271,chicken,0.9271,chicken (0.9271),butterfly (0.0172),dog (0.0133),horse (0.0075),cow (0.0069),True,True
c:\Users\Alan\python\MMIP\week3\data\Dataset\chicken\chicken (1796).jpeg,chicken,0.8987,chicken,0.8987,chicken (0.8987),squirrel (0.0199),spider (0.0173),elephant (0.0131),horse (0.0112),True,True
c:\Users\Alan\python\MMIP\week3\data\Dataset\chicken\chicken (119).jpeg,chicken,0.8298,chicken,0.8298,chicken (0.8298),cow (0.0333),cat (0.0257),dog (0.0225),sheep (0.0220),True,True
c:\Users\Alan\python\MMIP\week3\data\Dataset\chicken\chicken (1441).jpeg,chicken,0.8813,chicken,0.8813,chicken (0.8813),dog (0.0299),spider (0.0197),sheep (0.0149),cat (0.0136),True,True
c:\Users\Alan\python\MMIP\week3\data\Dataset\chicken\chicken (1033).jpeg,chicken,0.9088,chicken,0.9088,chicken (0.9088),cat (0.0141),spider (0.0124),squirrel (0.0110),horse (0.0104),True,True
c:\Users\Alan\python\MMIP\week3\data\Dataset\chicken\chicken (2395).jpeg,chicken,0.9022,chicken,0.9022,chicken (0.9022),dog (0.0486),cat (0.0112),butterfly (0.0104),sheep (0.0056),True,True
c:\Users\Alan\python\MMIP\week3\data\Dataset\chicken\chicken (862).jpeg,chicken,0.2779,chicken,0.2779,chicken (0.2779),cat (0.2211),squirrel (0.2014),sheep (0.1176),dog (0.0767),True,True
c:\Users\Alan\python\MMIP\week3\data\Dataset\chicken\chicken (194).jpeg,chicken,0.9248,chicken,0.9248,chicken (0.9248),dog (0.0143),cow (0.0099),spider (0.0093),sheep (0.0090),True,True
c:\Users\Alan\python\MMIP\week3\data\Dataset\chicken\chicken (378).jpeg,chicken,0.9544,chicken,0.9544,chicken (0.9544),sheep (0.0079),butterfly (0.0062),dog (0.0060),cat (0.0053),True,True
c:\Users\Alan\python\MMIP\week3\data\Dataset\chicken\chicken (2944).jpeg,chicken,0.9031,chicken,0.9031,chicken (0.9031),dog (0.0191),horse (0.0140),butterfly (0.0131),cow (0.0129),True,True
c:\Users\Alan\python\MMIP\week3\data\Dataset\chicken\chicken (189).jpeg,chicken,0.8468,chicken,0.8468,chicken (0.8468),spider (0.0375),squirrel (0.0359),dog (0.0291),elephant (0.0132),True,True
c:\Users\Alan\python\MMIP\week3\data\Dataset\chicken\chicken (2146).jpeg,chicken,0.7901,chicken,0.7901,chicken (0.7901),dog (0.0489),cat (0.0340),cow (0.0314),butterfly (0.0296),True,True
c:\Users\Alan\python\MMIP\week3\data\Dataset\chicken\chicken (1880).jpeg,chicken,0.8611,chicken,0.8611,chicken (0.8611),spider (0.0308),dog (0.0306),butterfly (0.0153),squirrel (0.0152),True,True
c:\Users\Alan\python\MMIP\week3\data\Dataset\chicken\chicken (350).jpeg,chicken,0.8506,chicken,0.8506,chicken (0.8506),cow (0.0296),sheep (0.0201),cat (0.0182),horse (0.0161),True,True
c:\Users\Alan\python\MMIP\week3\data\Dataset\chicken\chicken (536).jpeg,chicken,0.9,chicken,0.9,chicken (0.9000),dog (0.0268),squirrel (0.0146),spider (0.0126),sheep (0.0095),True,True
c:\Users\Alan\python\MMIP\week3\data\Dataset\chicken\chicken (2658).jpeg,chicken,0.9152,chicken,0.9152,chicken (0.9152),sheep (0.0121),dog (0.0113),elephant (0.0100),cat (0.0093),True,True
c:\Users\Alan\python\MMIP\week3\data\Dataset\chicken\chicken (2709).jpeg,chicken,0.8934,chicken,0.8934,chicken (0.8934),dog (0.0245),butterfly (0.0210),elephant (0.0116),spider (0.0113),True,True
c:\Users\Alan\python\MMIP\week3\data\Dataset\chicken\chicken (2996).jpeg,chicken,0.9237,chicken,0.9237,chicken (0.9237),squirrel (0.0156),sheep (0.0103),spider (0.0098),elephant (0.0089),True,True
c:\Users\Alan\python\MMIP\week3\data\Dataset\chicken\chicken (493).jpeg,chicken,0.8427,chicken,0.8427,chicken (0.8427),butterfly (0.0517),squirrel (0.0376),spider (0.0129),dog (0.0121),True,True
c:\Users\Alan\python\MMIP\week3\data\Dataset\chicken\chicken (2396).jpeg,chicken,0.8792,chicken,0.8792,chicken (0.8792),cat (0.0269),spider (0.0253),dog (0.0159),squirrel (0.0116),True,True
c:\Users\Alan\python\MMIP\week3\data\Dataset\chicken\chicken (281).jpeg,chicken,0.9103,chicken,0.9103,chicken (0.9103),butterfly (0.0189),horse (0.0125),cow (0.0109),sheep (0.0105),True,True
c:\Users\Alan\python\MMIP\week3\data\Dataset\chicken\chicken (3010).jpeg,chicken,0.8622,chicken,0.8622,chicken (0.8622),spider (0.0527),dog (0.0182),butterfly (0.0126),horse (0.0106),True,True
c:\Users\Alan\python\MMIP\week3\data\Dataset\chicken\chicken (550).jpeg,chicken,0.4839,chicken,0.4839,chicken (0.4839),spider (0.2193),squirrel (0.1297),dog (0.0590),cat (0.0339),True,True
c:\Users\Alan\python\MMIP\week3\data\Dataset\chicken\chicken (1793).jpeg,chicken,0.9265,chicken,0.9265,chicken (0.9265),butterfly (0.0180),cat (0.0107),spider (0.0093),horse (0.0075),True,True
c:\Users\Alan\python\MMIP\week3\data\Dataset\chicken\chicken (2653).jpeg,chicken,0.886,chicken,0.886,chicken (0.8860),spider (0.0176),elephant (0.0143),squirrel (0.0138),dog (0.0131),True,True
c:\Users\Alan\python\MMIP\week3\data\Dataset\chicken\chicken (7).jpeg,chicken,0.9007,chicken,0.9007,chicken (0.9007),spider (0.0162),dog (0.0134),squirrel (0.0132),cow (0.0132),True,True
c:\Users\Alan\python\MMIP\week3\data\Dataset\chicken\chicken (2788).jpeg,chicken,0.742,chicken,0.742,chicken (0.7420),sheep (0.0634),cow (0.0571),dog (0.0494),horse (0.0318),True,True
c:\Users\Alan\python\MMIP\week3\data\Dataset\chicken\chicken (2270).jpeg,chicken,0.9056,chicken,0.9056,chicken (0.9056),sheep (0.0210),elephant (0.0146),dog (0.0127),horse (0.0104),True,True
c:\Users\Alan\python\MMIP\week3\data\Dataset\chicken\chicken (509).jpeg,chicken,0.91,chicken,0.91,chicken (0.9100),squirrel (0.0141),spider (0.0115),dog (0.0111),cow (0.0106),True,True
c:\Users\Alan\python\MMIP\week3\data\Dataset\chicken\chicken (1192).jpeg,chicken,0.9128,chicken,0.9128,chicken (0.9128),sheep (0.0195),horse (0.0106),dog (0.0104),cow (0.0101),True,True
c:\Users\Alan\python\MMIP\week3\data\Dataset\chicken\chicken (1166).jpeg,chicken,0.8191,chicken,0.8191,chicken (0.8191),squirrel (0.0319),dog (0.0297),spider (0.0229),cat (0.0206),True,True
c:\Users\Alan\python\MMIP\week3\data\Dataset\chicken\chicken (2433).jpeg,chicken,0.8917,chicken,0.8917,chicken (0.8917),elephant (0.0229),horse (0.0195),dog (0.0141),cow (0.0123),True,True
c:\Users\Alan\python\MMIP\week3\data\Dataset\chicken\chicken (1991).jpeg,chicken,0.897,chicken,0.897,chicken (0.8970),cat (0.0181),dog (0.0166),horse (0.0130),sheep (0.0122),True,True
c:\Users\Alan\python\MMIP\week3\data\Dataset\chicken\chicken (423).jpeg,chicken,0.888,chicken,0.888,chicken (0.8880),dog (0.0224),spider (0.0173),sheep (0.0138),squirrel (0.0119),True,True
c:\Users\Alan\python\MMIP\week3\data\Dataset\chicken\chicken (506).jpeg,chicken,0.911,chicken,0.911,chicken (0.9110),horse (0.0191),dog (0.0130),spider (0.0114),sheep (0.0097),True,True
c:\Users\Alan\python\MMIP\week3\data\Dataset\chicken\chicken (52).jpeg,chicken,0.9623,chicken,0.9623,chicken (0.9623),dog (0.0120),cat (0.0051),horse (0.0042),spider (0.0040),True,True
c:\Users\Alan\python\MMIP\week3\data\Dataset\chicken\chicken (1610).jpeg,chicken,0.2358,squirrel,0.3091,squirrel (0.3091),chicken (0.2358),spider (0.1956),cow (0.1034),dog (0.0682),False,True
c:\Users\Alan\python\MMIP\week3\data\Dataset\chicken\chicken (1495).jpeg,chicken,0.8766,chicken,0.8766,chicken (0.8766),dog (0.0406),spider (0.0190),elephant (0.0138),cow (0.0129),True,True
c:\Users\Alan\python\MMIP\week3\data\Dataset\chicken\chicken (2983).jpeg,chicken,0.8964,chicken,0.8964,chicken (0.8964),spider (0.0172),squirrel (0.0125),cat (0.0116),elephant (0.0115),True,True
c:\Users\Alan\python\MMIP\week3\data\Dataset\chicken\chicken (1556).jpeg,chicken,0.8477,chicken,0.8477,chicken (0.8477),dog (0.0304),cat (0.0289),sheep (0.0210),cow (0.0167),True,True
c:\Users\Alan\python\MMIP\week3\data\Dataset\chicken\chicken (2717).jpeg,chicken,0.9194,chicken,0.9194,chicken (0.9194),spider (0.0134),dog (0.0124),horse (0.0107),cat (0.0102),True,True
c:\Users\Alan\python\MMIP\week3\data\Dataset\chicken\chicken (1780).jpeg,chicken,0.8017,chicken,0.8017,chicken (0.8017),butterfly (0.0261),cat (0.0251),spider (0.0246),elephant (0.0245),True,True
c:\Users\Alan\python\MMIP\week3\data\Dataset\chicken\chicken (946).jpeg,chicken,0.8052,chicken,0.8052,chicken (0.8052),horse (0.0913),elephant (0.0241),dog (0.0180),cow (0.0169),True,True
c:\Users\Alan\python\MMIP\week3\data\Dataset\chicken\chicken (152).jpeg,chicken,0.8869,chicken,0.8869,chicken (0.8869),squirrel (0.0257),dog (0.0189),spider (0.0155),cat (0.0112),True,True
c:\Users\Alan\python\MMIP\week3\data\Dataset\chicken\chicken (2986).jpeg,chicken,0.856,chicken,0.856,chicken (0.8560),sheep (0.0358),dog (0.0353),spider (0.0139),cat (0.0120),True,True
c:\Users\Alan\python\MMIP\week3\data\Dataset\chicken\chicken (1075).jpeg,chicken,0.3895,chicken,0.3895,chicken (0.3895),dog (0.2693),cow (0.1524),squirrel (0.0451),horse (0.0415),True,True
c:\Users\Alan\python\MMIP\week3\data\Dataset\chicken\chicken (2958).jpeg,chicken,0.8811,chicken,0.8811,chicken (0.8811),squirrel (0.0411),dog (0.0149),horse (0.0134),elephant (0.0094),True,True
c:\Users\Alan\python\MMIP\week3\data\Dataset\chicken\chicken (2461).jpeg,chicken,0.8823,chicken,0.8823,chicken (0.8823),spider (0.0209),dog (0.0190),cow (0.0180),squirrel (0.0125),True,True
c:\Users\Alan\python\MMIP\week3\data\Dataset\chicken\chicken (719).jpeg,chicken,0.935,chicken,0.935,chicken (0.9350),dog (0.0111),sheep (0.0103),cow (0.0094),elephant (0.0083),True,True
c:\Users\Alan\python\MMIP\week3\data\Dataset\chicken\chicken (2122).jpeg,chicken,0.8327,chicken,0.8327,chicken (0.8327),spider (0.0309),squirrel (0.0217),butterfly (0.0186),horse (0.0186),True,True
c:\Users\Alan\python\MMIP\week3\data\Dataset\chicken\chicken (1259).jpeg,chicken,0.9201,chicken,0.9201,chicken (0.9201),horse (0.0177),elephant (0.0119),dog (0.0104),cow (0.0103),True,True
c:\Users\Alan\python\MMIP\week3\data\Dataset\chicken\chicken (1850).jpeg,chicken,0.8757,chicken,0.8757,chicken (0.8757),cow (0.0366),spider (0.0239),sheep (0.0224),dog (0.0114),True,True
c:\Users\Alan\python\MMIP\week3\data\Dataset\chicken\chicken (303).jpeg,chicken,0.8954,chicken,0.8954,chicken (0.8954),butterfly (0.0216),dog (0.0171),sheep (0.0135),horse (0.0130),True,True
c:\Users\Alan\python\MMIP\week3\data\Dataset\chicken\chicken (2443).jpeg,chicken,0.9427,chicken,0.9427,chicken (0.9427),horse (0.0153),dog (0.0114),sheep (0.0069),spider (0.0062),True,True
c:\Users\Alan\python\MMIP\week3\data\Dataset\chicken\chicken (2669).jpeg,chicken,0.909,chicken,0.909,chicken (0.9090),sheep (0.0131),dog (0.0130),cow (0.0108),spider (0.0103),True,True
c:\Users\Alan\python\MMIP\week3\data\Dataset\chicken\chicken (2507).jpeg,chicken,0.1469,spider,0.6211,spider (0.6211),chicken (0.1469),squirrel (0.0707),dog (0.0325),sheep (0.0315),False,True
c:\Users\Alan\python\MMIP\week3\data\Dataset\chicken\chicken (332).jpeg,chicken,0.9026,chicken,0.9026,chicken (0.9026),dog (0.0135),horse (0.0126),cow (0.0122),spider (0.0111),True,True
c:\Users\Alan\python\MMIP\week3\data\Dataset\chicken\chicken (1189).jpeg,chicken,0.8756,chicken,0.8756,chicken (0.8756),sheep (0.0170),spider (0.0157),dog (0.0154),horse (0.0152),True,True
c:\Users\Alan\python\MMIP\week3\data\Dataset\chicken\chicken (2663).jpeg,chicken,0.8643,chicken,0.8643,chicken (0.8643),cow (0.0289),dog (0.0242),butterfly (0.0161),horse (0.0153),True,True
c:\Users\Alan\python\MMIP\week3\data\Dataset\chicken\chicken (802).jpeg,chicken,0.856,chicken,0.856,chicken (0.8560),sheep (0.0366),dog (0.0343),spider (0.0144),cat (0.0121),True,True
c:\Users\Alan\python\MMIP\week3\data\Dataset\chicken\chicken (1578).jpeg,chicken,0.6505,chicken,0.6505,chicken (0.6505),dog (0.2065),cow (0.0597),squirrel (0.0223),sheep (0.0126),True,True
c:\Users\Alan\python\MMIP\week3\data\Dataset\chicken\chicken (1466).jpeg,chicken,0.1475,sheep,0.3641,sheep (0.3641),dog (0.2697),chicken (0.1475),cow (0.0702),cat (0.0477),False,True
c:\Users\Alan\python\MMIP\week3\data\Dataset\chicken\chicken (229).jpeg,chicken,0.8924,chicken,0.8924,chicken (0.8924),squirrel (0.0168),cow (0.0165),spider (0.0151),sheep (0.0148),True,True
c:\Users\Alan\python\MMIP\week3\data\Dataset\chicken\chicken (2855).jpeg,chicken,0.8669,chicken,0.8669,chicken (0.8669),sheep (0.0216),spider (0.0212),cow (0.0177),horse (0.0154),True,True
c:\Users\Alan\python\MMIP\week3\data\Dataset\chicken\chicken (1775).jpeg,chicken,0.8765,chicken,0.8765,chicken (0.8765),dog (0.0332),squirrel (0.0215),elephant (0.0149),horse (0.0114),True,True
c:\Users\Alan\python\MMIP\week3\data\Dataset\chicken\chicken (552).jpeg,chicken,0.8443,chicken,0.8443,chicken (0.8443),squirrel (0.0255),elephant (0.0232),spider (0.0221),cow (0.0197),True,True
c:\Users\Alan\python\MMIP\week3\data\Dataset\chicken\chicken (1413).jpeg,chicken,0.8679,chicken,0.8679,chicken (0.8679),sheep (0.0228),dog (0.0192),squirrel (0.0167),spider (0.0151),True,True
c:\Users\Alan\python\MMIP\week3\data\Dataset\chicken\chicken (3095).jpeg,chicken,0.6486,chicken,0.6486,chicken (0.6486),dog (0.1115),cow (0.0829),horse (0.0543),sheep (0.0268),True,True
c:\Users\Alan\python\MMIP\week3\data\Dataset\chicken\chicken (1599).jpeg,chicken,0.7726,chicken,0.7726,chicken (0.7726),dog (0.0357),spider (0.0304),sheep (0.0302),cow (0.0300),True,True
c:\Users\Alan\python\MMIP\week3\data\Dataset\chicken\chicken (598).jpeg,chicken,0.0364,cat,0.5259,cat (0.5259),dog (0.2312),sheep (0.0598),squirrel (0.0447),chicken (0.0364),False,True
c:\Users\Alan\python\MMIP\week3\data\Dataset\chicken\chicken (2421).jpeg,chicken,0.8833,chicken,0.8833,chicken (0.8833),spider (0.0187),cow (0.0174),sheep (0.0157),butterfly (0.0127),True,True
c:\Users\Alan\python\MMIP\week3\data\Dataset\chicken\chicken (2465).jpeg,chicken,0.4682,chicken,0.4682,chicken (0.4682),dog (0.1164),squirrel (0.1128),butterfly (0.1036),spider (0.0543),True,True
c:\Users\Alan\python\MMIP\week3\data\Dataset\chicken\chicken (557).jpeg,chicken,0.5964,chicken,0.5964,chicken (0.5964),dog (0.2421),spider (0.0609),cat (0.0210),sheep (0.0166),True,True
c:\Users\Alan\python\MMIP\week3\data\Dataset\chicken\chicken (2280).jpeg,chicken,0.8689,chicken,0.8689,chicken (0.8689),spider (0.0200),butterfly (0.0172),dog (0.0170),elephant (0.0140),True,True
c:\Users\Alan\python\MMIP\week3\data\Dataset\chicken\chicken (795).jpeg,chicken,0.8534,chicken,0.8534,chicken (0.8534),spider (0.0236),dog (0.0198),horse (0.0189),sheep (0.0184),True,True
c:\Users\Alan\python\MMIP\week3\data\Dataset\chicken\chicken (1994).jpeg,chicken,0.9092,chicken,0.9092,chicken (0.9092),spider (0.0146),elephant (0.0113),dog (0.0110),squirrel (0.0109),True,True
c:\Users\Alan\python\MMIP\week3\data\Dataset\chicken\chicken (83).jpeg,chicken,0.93,chicken,0.93,chicken (0.9300),dog (0.0107),cow (0.0103),spider (0.0098),squirrel (0.0095),True,True
c:\Users\Alan\python\MMIP\week3\data\Dataset\chicken\chicken (1296).jpeg,chicken,0.6445,chicken,0.6445,chicken (0.6445),dog (0.1585),spider (0.0362),horse (0.0324),butterfly (0.0265),True,True
c:\Users\Alan\python\MMIP\week3\data\Dataset\chicken\chicken (1981).jpeg,chicken,0.2372,cow,0.4061,cow (0.4061),chicken (0.2372),sheep (0.1337),dog (0.0692),spider (0.0434),False,True
c:\Users\Alan\python\MMIP\week3\data\Dataset\chicken\chicken (2274).jpeg,chicken,0.8322,chicken,0.8322,chicken (0.8322),butterfly (0.0366),dog (0.0315),cat (0.0189),horse (0.0161),True,True
c:\Users\Alan\python\MMIP\week3\data\Dataset\chicken\chicken (2908).jpeg,chicken,0.9605,chicken,0.9605,chicken (0.9605),dog (0.0095),horse (0.0054),squirrel (0.0050),cow (0.0041),True,True
c:\Users\Alan\python\MMIP\week3\data\Dataset\chicken\chicken (2738).jpeg,chicken,0.8098,chicken,0.8098,chicken (0.8098),cow (0.0658),spider (0.0247),sheep (0.0201),elephant (0.0196),True,True
c:\Users\Alan\python\MMIP\week3\data\Dataset\chicken\chicken (1551).jpeg,chicken,0.8619,chicken,0.8619,chicken (0.8619),squirrel (0.0342),dog (0.0172),horse (0.0156),elephant (0.0143),True,True
c:\Users\Alan\python\MMIP\week3\data\Dataset\chicken\chicken (2030).jpeg,chicken,0.9051,chicken,0.9051,chicken (0.9051),cow (0.0191),dog (0.0184),butterfly (0.0121),spider (0.0115),True,True
c:\Users\Alan\python\MMIP\week3\data\Dataset\chicken\chicken (120).jpeg,chicken,0.8967,chicken,0.8967,chicken (0.8967),spider (0.0175),squirrel (0.0168),dog (0.0137),cow (0.0120),True,True
c:\Users\Alan\python\MMIP\week3\data\Dataset\chicken\chicken (68).jpeg,chicken,0.8679,chicken,0.8679,chicken (0.8679),squirrel (0.0209),spider (0.0199),cow (0.0177),horse (0.0166),True,True
c:\Users\Alan\python\MMIP\week3\data\Dataset\chicken\chicken (3088).jpeg,chicken,0.8819,chicken,0.8819,chicken (0.8819),squirrel (0.0266),horse (0.0146),spider (0.0131),dog (0.0126),True,True
c:\Users\Alan\python\MMIP\week3\data\Dataset\chicken\chicken (1564).jpeg,chicken,0.9372,chicken,0.9372,chicken (0.9372),elephant (0.0104),dog (0.0078),squirrel (0.0078),spider (0.0077),True,True
c:\Users\Alan\python\MMIP\week3\data\Dataset\chicken\chicken (613).jpeg,chicken,0.9107,chicken,0.9107,chicken (0.9107),dog (0.0327),sheep (0.0193),cow (0.0106),squirrel (0.0088),True,True
c:\Users\Alan\python\MMIP\week3\data\Dataset\chicken\chicken (2165).jpeg,chicken,0.9208,chicken,0.9208,chicken (0.9208),dog (0.0181),spider (0.0105),cow (0.0100),horse (0.0094),True,True
c:\Users\Alan\python\MMIP\week3\data\Dataset\chicken\chicken (477).jpeg,chicken,0.0429,squirrel,0.3715,squirrel (0.3715),dog (0.1312),cat (0.1001),horse (0.0962),cow (0.0850),False,False
c:\Users\Alan\python\MMIP\week3\data\Dataset\chicken\chicken (2370).jpeg,chicken,0.8626,chicken,0.8626,chicken (0.8626),squirrel (0.0391),cow (0.0285),dog (0.0197),sheep (0.0138),True,True
c:\Users\Alan\python\MMIP\week3\data\Dataset\chicken\chicken (1614).jpeg,chicken,0.8716,chicken,0.8716,chicken (0.8716),spider (0.0243),sheep (0.0231),horse (0.0148),squirrel (0.0143),True,True
c:\Users\Alan\python\MMIP\week3\data\Dataset\chicken\chicken (2611).jpeg,chicken,0.9082,chicken,0.9082,chicken (0.9082),spider (0.0194),butterfly (0.0150),squirrel (0.0105),cow (0.0102),True,True
c:\Users\Alan\python\MMIP\week3\data\Dataset\chicken\chicken (389).jpeg,chicken,0.9051,chicken,0.9051,chicken (0.9051),horse (0.0226),elephant (0.0150),spider (0.0104),cow (0.0098),True,True
c:\Users\Alan\python\MMIP\week3\data\Dataset\chicken\chicken (2431).jpeg,chicken,0.8716,chicken,0.8716,chicken (0.8716),dog (0.0251),cow (0.0202),elephant (0.0159),horse (0.0131),True,True
c:\Users\Alan\python\MMIP\week3\data\Dataset\chicken\chicken (2017).jpeg,chicken,0.8318,chicken,0.8318,chicken (0.8318),butterfly (0.0302),horse (0.0268),squirrel (0.0216),cat (0.0195),True,True
c:\Users\Alan\python\MMIP\week3\data\Dataset\chicken\chicken (1218).jpeg,chicken,0.925,chicken,0.925,chicken (0.9250),butterfly (0.0257),cat (0.0083),spider (0.0083),squirrel (0.0074),True,True
c:\Users\Alan\python\MMIP\week3\data\Dataset\chicken\chicken (233).jpeg,chicken,0.9098,chicken,0.9098,chicken (0.9098),butterfly (0.0142),sheep (0.0142),horse (0.0131),spider (0.0100),True,True
c:\Users\Alan\python\MMIP\week3\data\Dataset\chicken\chicken (342).jpeg,chicken,0.5762,chicken,0.5762,chicken (0.5762),squirrel (0.1925),cat (0.0791),dog (0.0436),elephant (0.0245),True,True
c:\Users\Alan\python\MMIP\week3\data\Dataset\chicken\chicken (1628).jpeg,chicken,0.6232,chicken,0.6232,chicken (0.6232),spider (0.1266),butterfly (0.0692),dog (0.0495),squirrel (0.0351),True,True
c:\Users\Alan\python\MMIP\week3\data\Dataset\chicken\chicken (2115).jpeg,chicken,0.8287,chicken,0.8287,chicken (0.8287),dog (0.0330),butterfly (0.0281),spider (0.0211),sheep (0.0173),True,True
c:\Users\Alan\python\MMIP\week3\data\Dataset\chicken\chicken (1566).jpeg,chicken,0.8682,chicken,0.8682,chicken (0.8682),dog (0.0354),sheep (0.0297),cat (0.0145),cow (0.0134),True,True
c:\Users\Alan\python\MMIP\week3\data\Dataset\chicken\chicken (2159).jpeg,chicken,0.6724,chicken,0.6724,chicken (0.6724),sheep (0.1403),dog (0.0419),squirrel (0.0388),spider (0.0378),True,True
c:\Users\Alan\python\MMIP\week3\data\Dataset\chicken\chicken (1433).jpeg,chicken,0.3536,spider,0.3561,spider (0.3561),chicken (0.3536),dog (0.1694),horse (0.0293),cow (0.0232),False,True
c:\Users\Alan\python\MMIP\week3\data\Dataset\chicken\chicken (1715).jpeg,chicken,0.8641,chicken,0.8641,chicken (0.8641),elephant (0.0213),spider (0.0209),squirrel (0.0171),dog (0.0150),True,True
c:\Users\Alan\python\MMIP\week3\data\Dataset\chicken\chicken (1955).jpeg,chicken,0.9018,chicken,0.9018,chicken (0.9018),spider (0.0166),cat (0.0154),dog (0.0148),horse (0.0142),True,True
c:\Users\Alan\python\MMIP\week3\data\Dataset\chicken\chicken (2727).jpeg,chicken,0.9046,chicken,0.9046,chicken (0.9046),spider (0.0219),dog (0.0158),sheep (0.0094),cat (0.0092),True,True
c:\Users\Alan\python\MMIP\week3\data\Dataset\chicken\chicken (1555).jpeg,chicken,0.8423,chicken,0.8423,chicken (0.8423),cat (0.0419),horse (0.0224),dog (0.0189),elephant (0.0185),True,True
c:\Users\Alan\python\MMIP\week3\data\Dataset\chicken\chicken (255).jpeg,chicken,0.8502,chicken,0.8502,chicken (0.8502),dog (0.0246),spider (0.0220),cat (0.0173),elephant (0.0163),True,True
c:\Users\Alan\python\MMIP\week3\data\Dataset\chicken\chicken (1425).jpeg,chicken,0.8992,chicken,0.8992,chicken (0.8992),sheep (0.0181),cow (0.0171),spider (0.0147),cat (0.0131),True,True
c:\Users\Alan\python\MMIP\week3\data\Dataset\chicken\chicken (1409).jpeg,chicken,0.8381,chicken,0.8381,chicken (0.8381),horse (0.0233),elephant (0.0231),dog (0.0197),squirrel (0.0187),True,True
c:\Users\Alan\python\MMIP\week3\data\Dataset\chicken\chicken (520).jpeg,chicken,0.6099,chicken,0.6099,chicken (0.6099),cow (0.0969),cat (0.0811),spider (0.0606),dog (0.0467),True,True
c:\Users\Alan\python\MMIP\week3\data\Dataset\chicken\chicken (765).jpeg,chicken,0.8816,chicken,0.8816,chicken (0.8816),spider (0.0302),squirrel (0.0155),horse (0.0126),cow (0.0122),True,True
c:\Users\Alan\python\MMIP\week3\data\Dataset\chicken\chicken (3090).jpeg,chicken,0.7816,chicken,0.7816,chicken (0.7816),spider (0.1051),dog (0.0388),squirrel (0.0148),cat (0.0145),True,True
c:\Users\Alan\python\MMIP\week3\data\Dataset\chicken\chicken (1957).jpeg,chicken,0.8052,chicken,0.8052,chicken (0.8052),cow (0.0295),butterfly (0.0283),spider (0.0249),cat (0.0231),True,True
c:\Users\Alan\python\MMIP\week3\data\Dataset\chicken\chicken (1274).jpeg,chicken,0.5434,chicken,0.5434,chicken (0.5434),butterfly (0.1371),squirrel (0.1029),cow (0.0490),spider (0.0361),True,True
c:\Users\Alan\python\MMIP\week3\data\Dataset\chicken\chicken (2661).jpeg,chicken,0.872,chicken,0.872,chicken (0.8720),spider (0.0300),butterfly (0.0188),squirrel (0.0151),cat (0.0135),True,True
c:\Users\Alan\python\MMIP\week3\data\Dataset\chicken\chicken (816).jpeg,chicken,0.9781,chicken,0.9781,chicken (0.9781),dog (0.0036),butterfly (0.0031),squirrel (0.0030),spider (0.0027),True,True
c:\Users\Alan\python\MMIP\week3\data\Dataset\chicken\chicken (2390).jpeg,chicken,0.9624,chicken,0.9624,chicken (0.9624),squirrel (0.0053),elephant (0.0053),dog (0.0051),cow (0.0043),True,True
c:\Users\Alan\python\MMIP\week3\data\Dataset\chicken\chicken (1120).jpeg,chicken,0.952,chicken,0.952,chicken (0.9520),spider (0.0083),dog (0.0073),cat (0.0070),butterfly (0.0053),True,True
c:\Users\Alan\python\MMIP\week3\data\Dataset\chicken\chicken (404).jpeg,chicken,0.8495,chicken,0.8495,chicken (0.8495),butterfly (0.0242),dog (0.0177),sheep (0.0174),cat (0.0170),True,True
c:\Users\Alan\python\MMIP\week3\data\Dataset\chicken\chicken (1207).jpeg,chicken,0.8983,chicken,0.8983,chicken (0.8983),sheep (0.0233),cow (0.0198),dog (0.0167),horse (0.0127),True,True
c:\Users\Alan\python\MMIP\week3\data\Dataset\chicken\chicken (2153).jpeg,chicken,0.5423,chicken,0.5423,chicken (0.5423),dog (0.1147),cat (0.0813),sheep (0.0719),spider (0.0646),True,True
c:\Users\Alan\python\MMIP\week3\data\Dataset\chicken\chicken (1101).jpeg,chicken,0.8205,chicken,0.8205,chicken (0.8205),cow (0.0432),horse (0.0244),dog (0.0238),sheep (0.0183),True,True
c:\Users\Alan\python\MMIP\week3\data\Dataset\chicken\chicken (733).jpeg,chicken,0.827,chicken,0.827,chicken (0.8270),spider (0.0289),butterfly (0.0270),cow (0.0210),horse (0.0200),True,True
c:\Users\Alan\python\MMIP\week3\data\Dataset\chicken\chicken (1273).jpeg,chicken,0.859,chicken,0.859,chicken (0.8590),dog (0.0216),sheep (0.0202),squirrel (0.0199),spider (0.0189),True,True
c:\Users\Alan\python\MMIP\week3\data\Dataset\chicken\chicken (712).jpeg,chicken,0.8376,chicken,0.8376,chicken (0.8376),spider (0.0433),butterfly (0.0384),cat (0.0188),horse (0.0135),True,True
c:\Users\Alan\python\MMIP\week3\data\Dataset\chicken\chicken (924).jpeg,chicken,0.1418,cat,0.3018,cat (0.3018),dog (0.2480),chicken (0.1418),squirrel (0.0995),sheep (0.0840),False,True
c:\Users\Alan\python\MMIP\week3\data\Dataset\chicken\chicken (1773).jpeg,chicken,0.8534,chicken,0.8534,chicken (0.8534),butterfly (0.0278),dog (0.0243),cat (0.0236),spider (0.0180),True,True
c:\Users\Alan\python\MMIP\week3\data\Dataset\chicken\chicken (2594).jpeg,chicken,0.7696,chicken,0.7696,chicken (0.7696),sheep (0.0370),cow (0.0316),dog (0.0306),spider (0.0273),True,True
c:\Users\Alan\python\MMIP\week3\data\Dataset\chicken\chicken (1006).jpeg,chicken,0.8758,chicken,0.8758,chicken (0.8758),spider (0.0242),cow (0.0216),dog (0.0165),elephant (0.0160),True,True
c:\Users\Alan\python\MMIP\week3\data\Dataset\chicken\chicken (1140).jpeg,chicken,0.9272,chicken,0.9272,chicken (0.9272),dog (0.0135),squirrel (0.0095),spider (0.0092),butterfly (0.0090),True,True
c:\Users\Alan\python\MMIP\week3\data\Dataset\chicken\chicken (709).jpeg,chicken,0.8422,chicken,0.8422,chicken (0.8422),dog (0.0313),cat (0.0244),spider (0.0212),elephant (0.0168),True,True
c:\Users\Alan\python\MMIP\week3\data\Dataset\chicken\chicken (1343).jpeg,chicken,0.8589,chicken,0.8589,chicken (0.8589),cow (0.0247),squirrel (0.0196),dog (0.0192),spider (0.0175),True,True
c:\Users\Alan\python\MMIP\week3\data\Dataset\chicken\chicken (911).jpeg,chicken,0.9285,chicken,0.9285,chicken (0.9285),dog (0.0123),spider (0.0115),cow (0.0099),cat (0.0091),True,True
c:\Users\Alan\python\MMIP\week3\data\Dataset\chicken\chicken (2816).jpeg,chicken,0.8633,chicken,0.8633,chicken (0.8633),spider (0.0232),squirrel (0.0199),butterfly (0.0178),elephant (0.0146),True,True
c:\Users\Alan\python\MMIP\week3\data\Dataset\chicken\chicken (3064).jpeg,chicken,0.0551,spider,0.5778,spider (0.5778),sheep (0.1701),chicken (0.0551),dog (0.0542),butterfly (0.0367),False,True
c:\Users\Alan\python\MMIP\week3\data\Dataset\chicken\chicken (539).jpeg,chicken,0.8403,chicken,0.8403,chicken (0.8403),spider (0.0424),dog (0.0224),squirrel (0.0189),butterfly (0.0153),True,True
c:\Users\Alan\python\MMIP\week3\data\Dataset\chicken\chicken (2980).jpeg,chicken,0.9511,chicken,0.9511,chicken (0.9511),dog (0.0135),spider (0.0078),cat (0.0074),butterfly (0.0059),True,True
c:\Users\Alan\python\MMIP\week3\data\Dataset\chicken\chicken (344).jpeg,chicken,0.8242,chicken,0.8242,chicken (0.8242),squirrel (0.0466),spider (0.0234),butterfly (0.0215),cat (0.0168),True,True
c:\Users\Alan\python\MMIP\week3\data\Dataset\chicken\chicken (1893).jpeg,chicken,0.9188,chicken,0.9188,chicken (0.9188),squirrel (0.0105),cat (0.0105),cow (0.0103),spider (0.0091),True,True
c:\Users\Alan\python\MMIP\week3\data\Dataset\chicken\chicken (1758).jpeg,chicken,0.5197,chicken,0.5197,chicken (0.5197),squirrel (0.1879),dog (0.1326),horse (0.0401),cow (0.0312),True,True
c:\Users\Alan\python\MMIP\week3\data\Dataset\chicken\chicken (959).jpeg,chicken,0.9009,chicken,0.9009,chicken (0.9009),dog (0.0176),spider (0.0140),cow (0.0112),elephant (0.0108),True,True
c:\Users\Alan\python\MMIP\week3\data\Dataset\chicken\chicken (591).jpeg,chicken,0.8385,chicken,0.8385,chicken (0.8385),dog (0.0273),cat (0.0216),spider (0.0200),sheep (0.0187),True,True
c:\Users\Alan\python\MMIP\week3\data\Dataset\chicken\chicken (2473).jpeg,chicken,0.8042,chicken,0.8042,chicken (0.8042),cow (0.0769),sheep (0.0248),butterfly (0.0187),spider (0.0157),True,True
c:\Users\Alan\python\MMIP\week3\data\Dataset\chicken\chicken (2833).jpeg,chicken,0.8817,chicken,0.8817,chicken (0.8817),dog (0.0210),spider (0.0181),cow (0.0147),sheep (0.0134),True,True
c:\Users\Alan\python\MMIP\week3\data\Dataset\chicken\chicken (915).jpeg,chicken,0.8887,chicken,0.8887,chicken (0.8887),sheep (0.0187),spider (0.0149),cow (0.0144),dog (0.0142),True,True
c:\Users\Alan\python\MMIP\week3\data\Dataset\chicken\chicken (1099).jpeg,chicken,0.8666,chicken,0.8666,chicken (0.8666),dog (0.0243),spider (0.0191),horse (0.0173),sheep (0.0139),True,True
c:\Users\Alan\python\MMIP\week3\data\Dataset\chicken\chicken (270).jpeg,chicken,0.942,chicken,0.942,chicken (0.9420),dog (0.0161),sheep (0.0090),spider (0.0078),cow (0.0064),True,True
c:\Users\Alan\python\MMIP\week3\data\Dataset\chicken\chicken (2218).jpeg,chicken,0.9517,chicken,0.9517,chicken (0.9517),spider (0.0099),squirrel (0.0075),dog (0.0058),elephant (0.0057),True,True
c:\Users\Alan\python\MMIP\week3\data\Dataset\chicken\chicken (90).jpeg,chicken,0.91,chicken,0.91,chicken (0.9100),dog (0.0354),sheep (0.0116),spider (0.0115),cat (0.0072),True,True
c:\Users\Alan\python\MMIP\week3\data\Dataset\chicken\chicken (1783).jpeg,chicken,0.8817,chicken,0.8817,chicken (0.8817),dog (0.0205),spider (0.0181),cow (0.0150),cat (0.0132),True,True
c:\Users\Alan\python\MMIP\week3\data\Dataset\chicken\chicken (1443).jpeg,chicken,0.9201,chicken,0.9201,chicken (0.9201),spider (0.0100),sheep (0.0098),dog (0.0098),horse (0.0088),True,True
c:\Users\Alan\python\MMIP\week3\data\Dataset\chicken\chicken (442).jpeg,chicken,0.8924,chicken,0.8924,chicken (0.8924),dog (0.0256),squirrel (0.0202),sheep (0.0131),cow (0.0111),True,True
c:\Users\Alan\python\MMIP\week3\data\Dataset\chicken\chicken (560).jpeg,chicken,0.9016,chicken,0.9016,chicken (0.9016),squirrel (0.0293),dog (0.0137),cow (0.0131),spider (0.0110),True,True
c:\Users\Alan\python\MMIP\week3\data\Dataset\chicken\chicken (1004).jpeg,chicken,0.5242,chicken,0.5242,chicken (0.5242),sheep (0.1511),cow (0.0871),dog (0.0851),horse (0.0553),True,True
c:\Users\Alan\python\MMIP\week3\data\Dataset\chicken\chicken (2763).jpeg,chicken,0.4758,chicken,0.4758,chicken (0.4758),dog (0.1933),cat (0.0998),squirrel (0.0742),spider (0.0654),True,True
c:\Users\Alan\python\MMIP\week3\data\Dataset\chicken\chicken (466).jpeg,chicken,0.1053,cat,0.4924,cat (0.4924),dog (0.1059),chicken (0.1053),horse (0.0622),squirrel (0.0546),False,True
c:\Users\Alan\python\MMIP\week3\data\Dataset\chicken\chicken (2760).jpeg,chicken,0.3492,chicken,0.3492,chicken (0.3492),butterfly (0.2364),spider (0.1488),dog (0.0939),cat (0.0389),True,True
c:\Users\Alan\python\MMIP\week3\data\Dataset\chicken\chicken (2240).jpeg,chicken,0.8919,chicken,0.8919,chicken (0.8919),butterfly (0.0480),cat (0.0126),squirrel (0.0098),cow (0.0072),True,True
c:\Users\Alan\python\MMIP\week3\data\Dataset\chicken\chicken (729).jpeg,chicken,0.898,chicken,0.898,chicken (0.8980),dog (0.0187),cow (0.0171),squirrel (0.0133),elephant (0.0132),True,True
c:\Users\Alan\python\MMIP\week3\data\Dataset\chicken\chicken (2925).jpeg,chicken,0.7925,chicken,0.7925,chicken (0.7925),spider (0.0393),butterfly (0.0349),squirrel (0.0304),cow (0.0243),True,True
c:\Users\Alan\python\MMIP\week3\data\Dataset\chicken\chicken (2283).jpeg,chicken,0.8077,chicken,0.8077,chicken (0.8077),horse (0.0287),cow (0.0280),squirrel (0.0236),sheep (0.0226),True,True
c:\Users\Alan\python\MMIP\week3\data\Dataset\chicken\chicken (1197).jpeg,chicken,0.9577,chicken,0.9577,chicken (0.9577),squirrel (0.0068),dog (0.0062),spider (0.0061),horse (0.0056),True,True
c:\Users\Alan\python\MMIP\week3\data\Dataset\chicken\chicken (302).jpeg,chicken,0.9165,chicken,0.9165,chicken (0.9165),dog (0.0117),squirrel (0.0113),elephant (0.0106),spider (0.0103),True,True
c:\Users\Alan\python\MMIP\week3\data\Dataset\chicken\chicken (535).jpeg,chicken,0.8691,chicken,0.8691,chicken (0.8691),spider (0.0251),dog (0.0203),cow (0.0138),squirrel (0.0137),True,True
c:\Users\Alan\python\MMIP\week3\data\Dataset\chicken\chicken (2471).jpeg,chicken,0.9001,chicken,0.9001,chicken (0.9001),dog (0.0243),sheep (0.0153),spider (0.0106),cat (0.0094),True,True
c:\Users\Alan\python\MMIP\week3\data\Dataset\chicken\chicken (415).jpeg,chicken,0.8385,chicken,0.8385,chicken (0.8385),dog (0.0286),spider (0.0270),elephant (0.0203),cat (0.0192),True,True
c:\Users\Alan\python\MMIP\week3\data\Dataset\chicken\chicken (1351).jpeg,chicken,0.7927,chicken,0.7927,chicken (0.7927),squirrel (0.1012),dog (0.0322),horse (0.0170),cow (0.0143),True,True
c:\Users\Alan\python\MMIP\week3\data\Dataset\chicken\chicken (604).jpeg,chicken,0.9292,chicken,0.9292,chicken (0.9292),sheep (0.0120),spider (0.0108),dog (0.0090),elephant (0.0072),True,True
c:\Users\Alan\python\MMIP\week3\data\Dataset\chicken\chicken (601).jpeg,chicken,0.9007,chicken,0.9007,chicken (0.9007),dog (0.0212),spider (0.0166),sheep (0.0158),cow (0.0138),True,True
c:\Users\Alan\python\MMIP\week3\data\Dataset\chicken\chicken (2789).jpeg,chicken,0.8196,chicken,0.8196,chicken (0.8196),dog (0.0453),sheep (0.0366),cow (0.0347),butterfly (0.0154),True,True
c:\Users\Alan\python\MMIP\week3\data\Dataset\chicken\chicken (1020).jpeg,chicken,0.8112,chicken,0.8112,chicken (0.8112),squirrel (0.0462),dog (0.0421),cat (0.0318),spider (0.0202),True,True
c:\Users\Alan\python\MMIP\week3\data\Dataset\chicken\chicken (1226).jpeg,chicken,0.8987,chicken,0.8987,chicken (0.8987),squirrel (0.0290),dog (0.0153),cow (0.0120),sheep (0.0100),True,True
c:\Users\Alan\python\MMIP\week3\data\Dataset\chicken\chicken (1160).jpeg,chicken,0.846,chicken,0.846,chicken (0.8460),dog (0.0223),spider (0.0217),cat (0.0177),cow (0.0177),True,True
c:\Users\Alan\python\MMIP\week3\data\Dataset\chicken\chicken (1173).jpeg,chicken,0.9281,chicken,0.9281,chicken (0.9281),squirrel (0.0132),elephant (0.0101),dog (0.0099),spider (0.0091),True,True
c:\Users\Alan\python\MMIP\week3\data\Dataset\chicken\chicken (618).jpeg,chicken,0.7763,chicken,0.7763,chicken (0.7763),squirrel (0.0607),spider (0.0488),horse (0.0346),dog (0.0209),True,True
c:\Users\Alan\python\MMIP\week3\data\Dataset\chicken\chicken (764).jpeg,chicken,0.8532,chicken,0.8532,chicken (0.8532),cow (0.0237),horse (0.0215),sheep (0.0214),dog (0.0176),True,True
c:\Users\Alan\python\MMIP\week3\data\Dataset\chicken\chicken (1319).jpeg,chicken,0.9366,chicken,0.9366,chicken (0.9366),dog (0.0182),cow (0.0081),spider (0.0073),squirrel (0.0070),True,True
c:\Users\Alan\python\MMIP\week3\data\Dataset\chicken\chicken (881).jpeg,chicken,0.9286,chicken,0.9286,chicken (0.9286),dog (0.0113),sheep (0.0112),horse (0.0090),cow (0.0080),True,True
c:\Users\Alan\python\MMIP\week3\data\Dataset\chicken\chicken (1183).jpeg,chicken,0.7558,chicken,0.7558,chicken (0.7558),squirrel (0.0612),sheep (0.0392),cat (0.0278),dog (0.0265),True,True
c:\Users\Alan\python\MMIP\week3\data\Dataset\chicken\chicken (1311).jpeg,chicken,0.8956,chicken,0.8956,chicken (0.8956),spider (0.0324),cow (0.0167),squirrel (0.0116),butterfly (0.0092),True,True
c:\Users\Alan\python\MMIP\week3\data\Dataset\chicken\chicken (2750).jpeg,chicken,0.7774,chicken,0.7774,chicken (0.7774),butterfly (0.0456),spider (0.0442),squirrel (0.0333),elephant (0.0239),True,True
c:\Users\Alan\python\MMIP\week3\data\Dataset\chicken\chicken (1462).jpeg,chicken,0.8875,chicken,0.8875,chicken (0.8875),squirrel (0.0272),dog (0.0190),spider (0.0152),cat (0.0110),True,True
c:\Users\Alan\python\MMIP\week3\data\Dataset\chicken\chicken (2607).jpeg,chicken,0.9282,chicken,0.9282,chicken (0.9282),dog (0.0140),sheep (0.0135),spider (0.0087),cow (0.0082),True,True
c:\Users\Alan\python\MMIP\week3\data\Dataset\chicken\chicken (665).jpeg,chicken,0.7606,chicken,0.7606,chicken (0.7606),squirrel (0.0397),cow (0.0315),sheep (0.0304),spider (0.0289),True,True
c:\Users\Alan\python\MMIP\week3\data\Dataset\chicken\chicken (1904).jpeg,chicken,0.4407,chicken,0.4407,chicken (0.4407),horse (0.1656),cat (0.1399),cow (0.0959),dog (0.0523),True,True
c:\Users\Alan\python\MMIP\week3\data\Dataset\chicken\chicken (2460).jpeg,chicken,0.8907,chicken,0.8907,chicken (0.8907),butterfly (0.0240),cow (0.0190),sheep (0.0135),horse (0.0126),True,True
c:\Users\Alan\python\MMIP\week3\data\Dataset\chicken\chicken (2093).jpeg,chicken,0.4895,chicken,0.4895,chicken (0.4895),dog (0.1546),squirrel (0.1061),cat (0.0655),sheep (0.0522),True,True
c:\Users\Alan\python\MMIP\week3\data\Dataset\chicken\chicken (483).jpeg,chicken,0.8401,chicken,0.8401,chicken (0.8401),elephant (0.0348),sheep (0.0327),spider (0.0174),squirrel (0.0160),True,True
c:\Users\Alan\python\MMIP\week3\data\Dataset\chicken\chicken (2804).jpeg,chicken,0.8841,chicken,0.8841,chicken (0.8841),sheep (0.0206),spider (0.0176),horse (0.0134),squirrel (0.0124),True,True
c:\Users\Alan\python\MMIP\week3\data\Dataset\chicken\chicken (1593).jpeg,chicken,0.944,chicken,0.944,chicken (0.9440),dog (0.0152),cat (0.0092),horse (0.0071),squirrel (0.0055),True,True
c:\Users\Alan\python\MMIP\week3\data\Dataset\chicken\chicken (1552).jpeg,chicken,0.8452,chicken,0.8452,chicken (0.8452),horse (0.0542),dog (0.0251),sheep (0.0153),butterfly (0.0124),True,True
c:\Users\Alan\python\MMIP\week3\data\Dataset\chicken\chicken (2520).jpeg,chicken,0.8146,chicken,0.8146,chicken (0.8146),spider (0.0414),sheep (0.0279),dog (0.0261),cow (0.0219),True,True
c:\Users\Alan\python\MMIP\week3\data\Dataset\chicken\chicken (3081).jpeg,chicken,0.7671,chicken,0.7671,chicken (0.7671),squirrel (0.0499),dog (0.0320),elephant (0.0319),spider (0.0258),True,True
c:\Users\Alan\python\MMIP\week3\data\Dataset\chicken\chicken (808).jpeg,chicken,0.972,chicken,0.972,chicken (0.9720),dog (0.0056),cow (0.0053),horse (0.0047),sheep (0.0041),True,True
c:\Users\Alan\python\MMIP\week3\data\Dataset\chicken\chicken (2852).jpeg,chicken,0.5105,chicken,0.5105,chicken (0.5105),butterfly (0.2065),spider (0.0928),elephant (0.0605),dog (0.0362),True,True
c:\Users\Alan\python\MMIP\week3\data\Dataset\chicken\chicken (715).jpeg,chicken,0.8532,chicken,0.8532,chicken (0.8532),squirrel (0.0515),horse (0.0178),dog (0.0166),elephant (0.0115),True,True
c:\Users\Alan\python\MMIP\week3\data\Dataset\chicken\chicken (2541).jpeg,chicken,0.8806,chicken,0.8806,chicken (0.8806),spider (0.0296),cat (0.0141),dog (0.0139),butterfly (0.0132),True,True
c:\Users\Alan\python\MMIP\week3\data\Dataset\chicken\chicken (2801).jpeg,chicken,0.9431,chicken,0.9431,chicken (0.9431),dog (0.0285),cat (0.0112),sheep (0.0032),spider (0.0031),True,True
c:\Users\Alan\python\MMIP\week3\data\Dataset\chicken\chicken (1973).jpeg,chicken,0.8424,chicken,0.8424,chicken (0.8424),spider (0.0449),dog (0.0284),cat (0.0169),butterfly (0.0167),True,True
c:\Users\Alan\python\MMIP\week3\data\Dataset\chicken\chicken (1848).jpeg,chicken,0.9479,chicken,0.9479,chicken (0.9479),dog (0.0089),spider (0.0080),cow (0.0069),cat (0.0069),True,True
c:\Users\Alan\python\MMIP\week3\data\Dataset\chicken\chicken (2995).jpeg,chicken,0.8622,chicken,0.8622,chicken (0.8622),spider (0.0203),butterfly (0.0174),cat (0.0166),sheep (0.0163),True,True
c:\Users\Alan\python\MMIP\week3\data\Dataset\chicken\chicken (1615).jpeg,chicken,0.888,chicken,0.888,chicken (0.8880),spider (0.0182),dog (0.0180),sheep (0.0169),cow (0.0140),True,True
c:\Users\Alan\python\MMIP\week3\data\Dataset\chicken\chicken (1646).jpeg,chicken,0.2138,dog,0.2243,dog (0.2243),chicken (0.2138),cow (0.1973),squirrel (0.1697),sheep (0.0952),False,True
c:\Users\Alan\python\MMIP\week3\data\Dataset\chicken\chicken (2580).jpeg,chicken,0.9187,chicken,0.9187,chicken (0.9187),dog (0.0170),cat (0.0113),squirrel (0.0108),cow (0.0089),True,True
c:\Users\Alan\python\MMIP\week3\data\Dataset\chicken\chicken (60).jpeg,chicken,0.7899,chicken,0.7899,chicken (0.7899),cat (0.0737),dog (0.0349),spider (0.0255),sheep (0.0163),True,True
c:\Users\Alan\python\MMIP\week3\data\Dataset\chicken\chicken (2429).jpeg,chicken,0.9032,chicken,0.9032,chicken (0.9032),cat (0.0204),spider (0.0193),butterfly (0.0132),dog (0.0106),True,True
c:\Users\Alan\python\MMIP\week3\data\Dataset\chicken\chicken (1781).jpeg,chicken,0.7533,chicken,0.7533,chicken (0.7533),dog (0.0454),spider (0.0356),sheep (0.0313),elephant (0.0295),True,True
c:\Users\Alan\python\MMIP\week3\data\Dataset\chicken\chicken (265).jpeg,chicken,0.9029,chicken,0.9029,chicken (0.9029),butterfly (0.0156),sheep (0.0121),cow (0.0118),cat (0.0109),True,True
c:\Users\Alan\python\MMIP\week3\data\Dataset\chicken\chicken (225).jpeg,chicken,0.8885,chicken,0.8885,chicken (0.8885),dog (0.0400),cow (0.0158),spider (0.0132),squirrel (0.0099),True,True
c:\Users\Alan\python\MMIP\week3\data\Dataset\chicken\chicken (1073).jpeg,chicken,0.8469,chicken,0.8469,chicken (0.8469),horse (0.0446),spider (0.0236),sheep (0.0146),cow (0.0137),True,True
c:\Users\Alan\python\MMIP\week3\data\Dataset\chicken\chicken (371).jpeg,chicken,0.9405,chicken,0.9405,chicken (0.9405),spider (0.0171),squirrel (0.0115),cow (0.0064),cat (0.0048),True,True
c:\Users\Alan\python\MMIP\week3\data\Dataset\chicken\chicken (1438).jpeg,chicken,0.9667,chicken,0.9667,chicken (0.9667),cat (0.0069),dog (0.0069),butterfly (0.0041),horse (0.0038),True,True
c:\Users\Alan\python\MMIP\week3\data\Dataset\chicken\chicken (454).jpeg,chicken,0.2465,cow,0.2506,cow (0.2506),chicken (0.2465),squirrel (0.1398),spider (0.1170),dog (0.0686),False,True
c:\Users\Alan\python\MMIP\week3\data\Dataset\chicken\chicken (2598).jpeg,chicken,0.9397,chicken,0.9397,chicken (0.9397),dog (0.0117),spider (0.0098),cow (0.0096),sheep (0.0061),True,True
c:\Users\Alan\python\MMIP\week3\data\Dataset\chicken\chicken (1305).jpeg,chicken,0.8287,chicken,0.8287,chicken (0.8287),butterfly (0.0413),spider (0.0397),squirrel (0.0317),sheep (0.0135),True,True
c:\Users\Alan\python\MMIP\week3\data\Dataset\chicken\chicken (2954).jpeg,chicken,0.9132,chicken,0.9132,chicken (0.9132),dog (0.0191),squirrel (0.0168),cat (0.0146),butterfly (0.0076),True,True
c:\Users\Alan\python\MMIP\week3\data\Dataset\chicken\chicken (2582).jpeg,chicken,0.8918,chicken,0.8918,chicken (0.8918),spider (0.0273),dog (0.0267),cat (0.0135),butterfly (0.0107),True,True
c:\Users\Alan\python\MMIP\week3\data\Dataset\chicken\chicken (768).jpeg,chicken,0.9152,chicken,0.9152,chicken (0.9152),spider (0.0259),elephant (0.0103),sheep (0.0101),cow (0.0077),True,True
c:\Users\Alan\python\MMIP\week3\data\Dataset\chicken\chicken (460).jpeg,chicken,0.7295,chicken,0.7295,chicken (0.7295),spider (0.0576),dog (0.0468),butterfly (0.0446),squirrel (0.0358),True,True
c:\Users\Alan\python\MMIP\week3\data\Dataset\chicken\chicken (1584).jpeg,chicken,0.7228,chicken,0.7228,chicken (0.7228),cow (0.1153),squirrel (0.0341),horse (0.0251),spider (0.0230),True,True
c:\Users\Alan\python\MMIP\week3\data\Dataset\chicken\chicken (1027).jpeg,chicken,0.8602,chicken,0.8602,chicken (0.8602),cow (0.0225),elephant (0.0183),horse (0.0175),dog (0.0169),True,True
c:\Users\Alan\python\MMIP\week3\data\Dataset\chicken\chicken (696).jpeg,chicken,0.8396,chicken,0.8396,chicken (0.8396),horse (0.0214),elephant (0.0202),squirrel (0.0198),dog (0.0187),True,True
c:\Users\Alan\python\MMIP\week3\data\Dataset\chicken\chicken (556).jpeg,chicken,0.8816,chicken,0.8816,chicken (0.8816),sheep (0.0244),spider (0.0203),dog (0.0134),cow (0.0126),True,True
c:\Users\Alan\python\MMIP\week3\data\Dataset\chicken\chicken (2029).jpeg,chicken,0.8686,chicken,0.8686,chicken (0.8686),butterfly (0.0225),dog (0.0206),squirrel (0.0203),cat (0.0178),True,True
c:\Users\Alan\python\MMIP\week3\data\Dataset\chicken\chicken (685).jpeg,chicken,0.8644,chicken,0.8644,chicken (0.8644),sheep (0.0234),spider (0.0224),horse (0.0173),cow (0.0160),True,True
c:\Users\Alan\python\MMIP\week3\data\Dataset\chicken\chicken (1520).jpeg,chicken,0.8082,chicken,0.8082,chicken (0.8082),sheep (0.0365),horse (0.0255),cow (0.0231),butterfly (0.0219),True,True
c:\Users\Alan\python\MMIP\week3\data\Dataset\chicken\chicken (78).jpeg,chicken,0.3443,chicken,0.3443,chicken (0.3443),squirrel (0.1891),cat (0.1816),sheep (0.1088),dog (0.0734),True,True
c:\Users\Alan\python\MMIP\week3\data\Dataset\chicken\chicken (1376).jpeg,chicken,0.8298,chicken,0.8298,chicken (0.8298),cow (0.0404),dog (0.0270),horse (0.0238),squirrel (0.0176),True,True
c:\Users\Alan\python\MMIP\week3\data\Dataset\chicken\chicken (2930).jpeg,chicken,0.8808,chicken,0.8808,chicken (0.8808),dog (0.0302),spider (0.0143),elephant (0.0141),cow (0.0114),True,True
c:\Users\Alan\python\MMIP\week3\data\Dataset\chicken\chicken (379).jpeg,chicken,0.952,chicken,0.952,chicken (0.9520),dog (0.0128),spider (0.0086),sheep (0.0076),cat (0.0049),True,True
c:\Users\Alan\python\MMIP\week3\data\Dataset\chicken\chicken (1249).jpeg,chicken,0.924,chicken,0.924,chicken (0.9240),horse (0.0145),cow (0.0106),squirrel (0.0092),elephant (0.0090),True,True
c:\Users\Alan\python\MMIP\week3\data\Dataset\chicken\chicken (1740).jpeg,chicken,0.8816,chicken,0.8816,chicken (0.8816),butterfly (0.0362),squirrel (0.0175),cat (0.0149),elephant (0.0129),True,True
c:\Users\Alan\python\MMIP\week3\data\Dataset\chicken\chicken (2575).jpeg,chicken,0.5764,chicken,0.5764,chicken (0.5764),butterfly (0.1704),dog (0.0691),squirrel (0.0579),cat (0.0400),True,True
c:\Users\Alan\python\MMIP\week3\data\Dataset\chicken\chicken (1362).jpeg,chicken,0.8976,chicken,0.8976,chicken (0.8976),dog (0.0181),spider (0.0180),butterfly (0.0118),elephant (0.0113),True,True
c:\Users\Alan\python\MMIP\week3\data\Dataset\chicken\chicken (3086).jpeg,chicken,0.5234,chicken,0.5234,chicken (0.5234),butterfly (0.1928),cat (0.0605),sheep (0.0467),spider (0.0410),True,True
c:\Users\Alan\python\MMIP\week3\data\Dataset\chicken\chicken (458).jpeg,chicken,0.8685,chicken,0.8685,chicken (0.8685),cow (0.0297),butterfly (0.0281),spider (0.0170),cat (0.0117),True,True
c:\Users\Alan\python\MMIP\week3\data\Dataset\chicken\chicken (2386).jpeg,chicken,0.5333,chicken,0.5333,chicken (0.5333),cat (0.2260),squirrel (0.0582),horse (0.0400),elephant (0.0324),True,True
c:\Users\Alan\python\MMIP\week3\data\Dataset\chicken\chicken (2212).jpeg,chicken,0.9297,chicken,0.9297,chicken (0.9297),horse (0.0111),elephant (0.0100),spider (0.0095),cat (0.0087),True,True
c:\Users\Alan\python\MMIP\week3\data\Dataset\chicken\chicken (562).jpeg,chicken,0.9252,chicken,0.9252,chicken (0.9252),spider (0.0164),dog (0.0112),cow (0.0108),cat (0.0090),True,True
c:\Users\Alan\python\MMIP\week3\data\Dataset\chicken\chicken (2441).jpeg,chicken,0.8752,chicken,0.8752,chicken (0.8752),dog (0.0279),spider (0.0228),elephant (0.0161),horse (0.0126),True,True
c:\Users\Alan\python\MMIP\week3\data\Dataset\chicken\chicken (431).jpeg,chicken,0.471,chicken,0.471,chicken (0.4710),squirrel (0.4222),dog (0.0256),cat (0.0163),spider (0.0137),True,True
c:\Users\Alan\python\MMIP\week3\data\Dataset\chicken\chicken (904).jpeg,chicken,0.8272,chicken,0.8272,chicken (0.8272),squirrel (0.0282),dog (0.0268),cow (0.0215),spider (0.0209),True,True
c:\Users\Alan\python\MMIP\week3\data\Dataset\chicken\chicken (2887).jpeg,chicken,0.8574,chicken,0.8574,chicken (0.8574),elephant (0.0375),dog (0.0178),cow (0.0168),cat (0.0164),True,True
c:\Users\Alan\python\MMIP\week3\data\Dataset\chicken\chicken (858).jpeg,chicken,0.5414,chicken,0.5414,chicken (0.5414),butterfly (0.2628),spider (0.0709),squirrel (0.0313),cow (0.0307),True,True
c:\Users\Alan\python\MMIP\week3\data\Dataset\chicken\chicken (2313).jpeg,chicken,0.9402,chicken,0.9402,chicken (0.9402),dog (0.0155),cat (0.0096),spider (0.0063),elephant (0.0061),True,True
c:\Users\Alan\python\MMIP\week3\data\Dataset\chicken\chicken (347).jpeg,chicken,0.9112,chicken,0.9112,chicken (0.9112),spider (0.0190),butterfly (0.0105),cow (0.0101),sheep (0.0095),True,True
c:\Users\Alan\python\MMIP\week3\data\Dataset\chicken\chicken (1277).jpeg,chicken,0.9397,chicken,0.9397,chicken (0.9397),dog (0.0183),spider (0.0094),horse (0.0066),butterfly (0.0049),True,True
c:\Users\Alan\python\MMIP\week3\data\Dataset\chicken\chicken (587).jpeg,chicken,0.7095,chicken,0.7095,chicken (0.7095),squirrel (0.1256),butterfly (0.0445),cat (0.0374),spider (0.0222),True,True
c:\Users\Alan\python\MMIP\week3\data\Dataset\chicken\chicken (2960).jpeg,chicken,0.9402,chicken,0.9402,chicken (0.9402),sheep (0.0093),cow (0.0087),cat (0.0082),dog (0.0078),True,True
c:\Users\Alan\python\MMIP\week3\data\Dataset\chicken\chicken (1636).jpeg,chicken,0.8333,chicken,0.8333,chicken (0.8333),dog (0.0234),butterfly (0.0217),horse (0.0217),elephant (0.0197),True,True
c:\Users\Alan\python\MMIP\week3\data\Dataset\chicken\chicken (324).jpeg,chicken,0.8881,chicken,0.8881,chicken (0.8881),dog (0.0341),spider (0.0150),cow (0.0139),horse (0.0109),True,True
c:\Users\Alan\python\MMIP\week3\data\Dataset\chicken\chicken (1292).jpeg,chicken,0.8143,chicken,0.8143,chicken (0.8143),dog (0.0310),elephant (0.0305),sheep (0.0255),squirrel (0.0185),True,True
c:\Users\Alan\python\MMIP\week3\data\Dataset\chicken\chicken (463).jpeg,chicken,0.8212,chicken,0.8212,chicken (0.8212),butterfly (0.0379),cow (0.0233),sheep (0.0213),spider (0.0170),True,True
c:\Users\Alan\python\MMIP\week3\data\Dataset\chicken\chicken (1241).jpeg,chicken,0.9406,chicken,0.9406,chicken (0.9406),spider (0.0192),cow (0.0101),butterfly (0.0086),dog (0.0045),True,True
c:\Users\Alan\python\MMIP\week3\data\Dataset\chicken\chicken (1835).jpeg,chicken,0.8069,chicken,0.8069,chicken (0.8069),spider (0.0508),dog (0.0257),cow (0.0193),squirrel (0.0188),True,True
c:\Users\Alan\python\MMIP\week3\data\Dataset\chicken\chicken (1444).jpeg,chicken,0.5229,chicken,0.5229,chicken (0.5229),butterfly (0.2990),cow (0.0460),cat (0.0274),dog (0.0236),True,True
c:\Users\Alan\python\MMIP\week3\data\Dataset\chicken\chicken (751).jpeg,chicken,0.3473,spider,0.4602,spider (0.4602),chicken (0.3473),dog (0.0385),butterfly (0.0338),cat (0.0254),False,True
c:\Users\Alan\python\MMIP\week3\data\Dataset\chicken\chicken (2279).jpeg,chicken,0.9293,chicken,0.9293,chicken (0.9293),spider (0.0144),cow (0.0129),butterfly (0.0078),sheep (0.0077),True,True
c:\Users\Alan\python\MMIP\week3\data\Dataset\chicken\chicken (2730).jpeg,chicken,0.9209,chicken,0.9209,chicken (0.9209),cat (0.0230),squirrel (0.0116),dog (0.0108),cow (0.0079),True,True
c:\Users\Alan\python\MMIP\week3\data\Dataset\chicken\chicken (1621).jpeg,chicken,0.5441,chicken,0.5441,chicken (0.5441),dog (0.2754),sheep (0.0337),cat (0.0330),spider (0.0284),True,True
c:\Users\Alan\python\MMIP\week3\data\Dataset\chicken\chicken (2504).jpeg,chicken,0.4879,chicken,0.4879,chicken (0.4879),cat (0.1946),dog (0.1303),squirrel (0.0593),sheep (0.0328),True,True
c:\Users\Alan\python\MMIP\week3\data\Dataset\chicken\chicken (1597).jpeg,chicken,0.6741,chicken,0.6741,chicken (0.6741),elephant (0.0918),dog (0.0820),butterfly (0.0301),squirrel (0.0257),True,True
c:\Users\Alan\python\MMIP\week3\data\Dataset\chicken\chicken (144).jpeg,chicken,0.8246,chicken,0.8246,chicken (0.8246),dog (0.0263),spider (0.0256),cow (0.0212),butterfly (0.0203),True,True
c:\Users\Alan\python\MMIP\week3\data\Dataset\chicken\chicken (2044).jpeg,chicken,0.8897,chicken,0.8897,chicken (0.8897),dog (0.0304),cow (0.0204),sheep (0.0118),squirrel (0.0113),True,True
c:\Users\Alan\python\MMIP\week3\data\Dataset\chicken\chicken (352).jpeg,chicken,0.8873,chicken,0.8873,chicken (0.8873),cow (0.0173),spider (0.0169),dog (0.0162),cat (0.0124),True,True
c:\Users\Alan\python\MMIP\week3\data\Dataset\chicken\chicken (1964).jpeg,chicken,0.8188,chicken,0.8188,chicken (0.8188),dog (0.0460),cat (0.0338),horse (0.0178),squirrel (0.0177),True,True
c:\Users\Alan\python\MMIP\week3\data\Dataset\chicken\chicken (1874).jpeg,chicken,0.9429,chicken,0.9429,chicken (0.9429),cow (0.0166),dog (0.0103),sheep (0.0090),spider (0.0045),True,True
c:\Users\Alan\python\MMIP\week3\data\Dataset\chicken\chicken (2891).jpeg,chicken,0.2167,butterfly,0.5407,butterfly (0.5407),chicken (0.2167),squirrel (0.1118),spider (0.0539),cat (0.0162),False,True
c:\Users\Alan\python\MMIP\week3\data\Dataset\chicken\chicken (1092).jpeg,chicken,0.9408,chicken,0.9408,chicken (0.9408),squirrel (0.0114),dog (0.0111),spider (0.0080),cat (0.0061),True,True
c:\Users\Alan\python\MMIP\week3\data\Dataset\chicken\chicken (2383).jpeg,chicken,0.9228,chicken,0.9228,chicken (0.9228),sheep (0.0119),spider (0.0115),horse (0.0093),squirrel (0.0092),True,True
c:\Users\Alan\python\MMIP\week3\data\Dataset\chicken\chicken (2525).jpeg,chicken,0.7676,chicken,0.7676,chicken (0.7676),spider (0.0589),elephant (0.0396),cow (0.0262),cat (0.0256),True,True
c:\Users\Alan\python\MMIP\week3\data\Dataset\chicken\chicken (2369).jpeg,chicken,0.9413,chicken,0.9413,chicken (0.9413),dog (0.0153),squirrel (0.0109),spider (0.0061),sheep (0.0053),True,True
c:\Users\Alan\python\MMIP\week3\data\Dataset\chicken\chicken (1244).jpeg,chicken,0.9446,chicken,0.9446,chicken (0.9446),dog (0.0106),horse (0.0081),spider (0.0069),squirrel (0.0066),True,True
c:\Users\Alan\python\MMIP\week3\data\Dataset\chicken\chicken (238).jpeg,chicken,0.7977,chicken,0.7977,chicken (0.7977),cow (0.1112),spider (0.0247),squirrel (0.0147),horse (0.0121),True,True
c:\Users\Alan\python\MMIP\week3\data\Dataset\chicken\chicken (967).jpeg,chicken,0.8315,chicken,0.8315,chicken (0.8315),dog (0.0325),spider (0.0258),sheep (0.0228),cow (0.0193),True,True
c:\Users\Alan\python\MMIP\week3\data\Dataset\chicken\chicken (792).jpeg,chicken,0.9298,chicken,0.9298,chicken (0.9298),elephant (0.0188),horse (0.0126),dog (0.0091),spider (0.0062),True,True
c:\Users\Alan\python\MMIP\week3\data\Dataset\chicken\chicken (1136).jpeg,chicken,0.9456,chicken,0.9456,chicken (0.9456),squirrel (0.0106),spider (0.0091),elephant (0.0064),sheep (0.0060),True,True
c:\Users\Alan\python\MMIP\week3\data\Dataset\chicken\chicken (1281).jpeg,chicken,0.9604,chicken,0.9604,chicken (0.9604),cow (0.0106),spider (0.0060),squirrel (0.0052),elephant (0.0039),True,True
c:\Users\Alan\python\MMIP\week3\data\Dataset\chicken\chicken (1248).jpeg,chicken,0.9349,chicken,0.9349,chicken (0.9349),spider (0.0189),butterfly (0.0089),dog (0.0066),horse (0.0065),True,True
c:\Users\Alan\python\MMIP\week3\data\Dataset\cow\cow (637).jpeg,cow,0.6014,cow,0.6014,cow (0.6014),horse (0.2860),sheep (0.0261),dog (0.0181),spider (0.0130),True,True
c:\Users\Alan\python\MMIP\week3\data\Dataset\cow\cow (964).jpeg,cow,0.5167,cow,0.5167,cow (0.5167),sheep (0.1735),dog (0.1071),elephant (0.0565),spider (0.0323),True,True
c:\Users\Alan\python\MMIP\week3\data\Dataset\cow\cow (1175).jpeg,cow,0.5094,cow,0.5094,cow (0.5094),horse (0.2629),elephant (0.0519),dog (0.0452),sheep (0.0435),True,True
c:\Users\Alan\python\MMIP\week3\data\Dataset\cow\cow (1801).jpeg,cow,0.4706,cow,0.4706,cow (0.4706),horse (0.2132),dog (0.1785),spider (0.0293),butterfly (0.0256),True,True
c:\Users\Alan\python\MMIP\week3\data\Dataset\cow\cow (1834).jpeg,cow,0.9425,cow,0.9425,cow (0.9425),spider (0.0119),dog (0.0066),butterfly (0.0064),horse (0.0062),True,True
c:\Users\Alan\python\MMIP\week3\data\Dataset\cow\cow (1469).jpeg,cow,0.8855,cow,0.8855,cow (0.8855),elephant (0.0340),sheep (0.0245),chicken (0.0138),spider (0.0113),True,True
c:\Users\Alan\python\MMIP\week3\data\Dataset\cow\cow (1206).jpeg,cow,0.8931,cow,0.8931,cow (0.8931),dog (0.0317),sheep (0.0161),spider (0.0139),squirrel (0.0133),True,True
c:\Users\Alan\python\MMIP\week3\data\Dataset\cow\cow (872).jpeg,cow,0.4669,cow,0.4669,cow (0.4669),horse (0.3322),sheep (0.0407),chicken (0.0289),squirrel (0.0273),True,True
c:\Users\Alan\python\MMIP\week3\data\Dataset\cow\cow (1657).jpeg,cow,0.7323,cow,0.7323,cow (0.7323),sheep (0.1054),horse (0.0378),butterfly (0.0235),dog (0.0208),True,True
c:\Users\Alan\python\MMIP\week3\data\Dataset\cow\cow (1338).jpeg,cow,0.8527,cow,0.8527,cow (0.8527),sheep (0.0277),horse (0.0274),dog (0.0221),spider (0.0175),True,True
c:\Users\Alan\python\MMIP\week3\data\Dataset\cow\cow (1466).jpeg,cow,0.8887,cow,0.8887,cow (0.8887),dog (0.0337),sheep (0.0234),horse (0.0148),spider (0.0089),True,True
c:\Users\Alan\python\MMIP\week3\data\Dataset\cow\cow (1516).jpeg,cow,0.4264,cow,0.4264,cow (0.4264),sheep (0.2009),horse (0.1013),chicken (0.0981),dog (0.0639),True,True
c:\Users\Alan\python\MMIP\week3\data\Dataset\cow\cow (1639).jpeg,cow,0.2351,cow,0.2351,cow (0.2351),chicken (0.1498),spider (0.1222),elephant (0.1166),horse (0.1096),True,True
c:\Users\Alan\python\MMIP\week3\data\Dataset\cow\cow (910).jpeg,cow,0.5938,cow,0.5938,cow (0.5938),horse (0.2325),elephant (0.0389),sheep (0.0287),dog (0.0231),True,True
c:\Users\Alan\python\MMIP\week3\data\Dataset\cow\cow (984).jpeg,cow,0.4412,cow,0.4412,cow (0.4412),horse (0.3201),dog (0.1054),spider (0.0362),cat (0.0242),True,True
c:\Users\Alan\python\MMIP\week3\data\Dataset\cow\cow (1237).jpeg,cow,0.279,dog,0.4111,dog (0.4111),cow (0.2790),horse (0.1542),cat (0.0445),chicken (0.0345),False,True
c:\Users\Alan\python\MMIP\week3\data\Dataset\cow\cow (286).jpeg,cow,0.9154,cow,0.9154,cow (0.9154),dog (0.0157),sheep (0.0151),horse (0.0126),elephant (0.0117),True,True
c:\Users\Alan\python\MMIP\week3\data\Dataset\cow\cow (1422).jpeg,cow,0.935,cow,0.935,cow (0.9350),horse (0.0111),dog (0.0111),elephant (0.0091),chicken (0.0084),True,True
c:\Users\Alan\python\MMIP\week3\data\Dataset\cow\cow (1049).jpeg,cow,0.8932,cow,0.8932,cow (0.8932),sheep (0.0255),horse (0.0175),chicken (0.0142),dog (0.0116),True,True
c:\Users\Alan\python\MMIP\week3\data\Dataset\cow\cow (359).jpeg,cow,0.5874,cow,0.5874,cow (0.5874),chicken (0.1658),dog (0.0649),horse (0.0364),sheep (0.0335),True,True
c:\Users\Alan\python\MMIP\week3\data\Dataset\cow\cow (1785).jpeg,cow,0.8145,cow,0.8145,cow (0.8145),sheep (0.0474),horse (0.0467),spider (0.0187),butterfly (0.0184),True,True
c:\Users\Alan\python\MMIP\week3\data\Dataset\cow\cow (1325).jpeg,cow,0.5752,cow,0.5752,cow (0.5752),elephant (0.1230),dog (0.0830),horse (0.0742),sheep (0.0554),True,True
c:\Users\Alan\python\MMIP\week3\data\Dataset\cow\cow (1792).jpeg,cow,0.572,cow,0.572,cow (0.5720),dog (0.2222),horse (0.0613),chicken (0.0299),sheep (0.0263),True,True
c:\Users\Alan\python\MMIP\week3\data\Dataset\cow\cow (589).jpeg,cow,0.9043,cow,0.9043,cow (0.9043),horse (0.0219),sheep (0.0174),chicken (0.0172),butterfly (0.0114),True,True
c:\Users\Alan\python\MMIP\week3\data\Dataset\cow\cow (1755).jpeg,cow,0.777,cow,0.777,cow (0.7770),dog (0.0668),butterfly (0.0342),spider (0.0292),sheep (0.0203),True,True
c:\Users\Alan\python\MMIP\week3\data\Dataset\cow\cow (461).jpeg,cow,0.6536,cow,0.6536,cow (0.6536),elephant (0.1171),sheep (0.1045),horse (0.0315),chicken (0.0226),True,True
c:\Users\Alan\python\MMIP\week3\data\Dataset\cow\cow (1014).jpeg,cow,0.7085,cow,0.7085,cow (0.7085),sheep (0.0934),spider (0.0486),dog (0.0401),cat (0.0241),True,True
c:\Users\Alan\python\MMIP\week3\data\Dataset\cow\cow (1258).jpeg,cow,0.9238,cow,0.9238,cow (0.9238),dog (0.0117),horse (0.0116),sheep (0.0114),chicken (0.0104),True,True
c:\Users\Alan\python\MMIP\week3\data\Dataset\cow\cow (1558).jpeg,cow,0.869,cow,0.869,cow (0.8690),sheep (0.0307),horse (0.0179),spider (0.0155),dog (0.0129),True,True
c:\Users\Alan\python\MMIP\week3\data\Dataset\cow\cow (121).jpeg,cow,0.7605,cow,0.7605,cow (0.7605),dog (0.0762),sheep (0.0471),cat (0.0324),horse (0.0233),True,True
c:\Users\Alan\python\MMIP\week3\data\Dataset\cow\cow (1719).jpeg,cow,0.7945,cow,0.7945,cow (0.7945),dog (0.0622),horse (0.0384),chicken (0.0247),elephant (0.0149),True,True
c:\Users\Alan\python\MMIP\week3\data\Dataset\cow\cow (1407).jpeg,cow,0.4149,cow,0.4149,cow (0.4149),sheep (0.4102),spider (0.0433),chicken (0.0213),dog (0.0204),True,True
c:\Users\Alan\python\MMIP\week3\data\Dataset\cow\cow (247).jpeg,cow,0.7272,cow,0.7272,cow (0.7272),dog (0.1432),sheep (0.0279),spider (0.0199),butterfly (0.0195),True,True
c:\Users\Alan\python\MMIP\week3\data\Dataset\cow\cow (1378).jpeg,cow,0.6836,cow,0.6836,cow (0.6836),horse (0.1369),sheep (0.0643),elephant (0.0383),dog (0.0314),True,True
c:\Users\Alan\python\MMIP\week3\data\Dataset\cow\cow (401).jpeg,cow,0.4891,cow,0.4891,cow (0.4891),dog (0.2414),elephant (0.0812),sheep (0.0640),spider (0.0314),True,True
c:\Users\Alan\python\MMIP\week3\data\Dataset\cow\cow (340).jpeg,cow,0.7348,cow,0.7348,cow (0.7348),horse (0.0937),dog (0.0399),sheep (0.0296),spider (0.0235),True,True
c:\Users\Alan\python\MMIP\week3\data\Dataset\cow\cow (1860).jpeg,cow,0.4335,cow,0.4335,cow (0.4335),sheep (0.2860),dog (0.1797),horse (0.0273),chicken (0.0219),True,True
c:\Users\Alan\python\MMIP\week3\data\Dataset\cow\cow (1104).jpeg,cow,0.8095,cow,0.8095,cow (0.8095),dog (0.0364),sheep (0.0359),spider (0.0261),horse (0.0257),True,True
c:\Users\Alan\python\MMIP\week3\data\Dataset\cow\cow (392).jpeg,cow,0.9362,cow,0.9362,cow (0.9362),horse (0.0123),dog (0.0103),spider (0.0099),chicken (0.0087),True,True
c:\Users\Alan\python\MMIP\week3\data\Dataset\cow\cow (871).jpeg,cow,0.5696,cow,0.5696,cow (0.5696),sheep (0.1454),horse (0.1083),dog (0.0812),spider (0.0215),True,True
c:\Users\Alan\python\MMIP\week3\data\Dataset\cow\cow (1093).jpeg,cow,0.8642,cow,0.8642,cow (0.8642),horse (0.0422),sheep (0.0185),spider (0.0174),chicken (0.0130),True,True
c:\Users\Alan\python\MMIP\week3\data\Dataset\cow\cow (1740).jpeg,cow,0.897,cow,0.897,cow (0.8970),sheep (0.0620),dog (0.0107),horse (0.0067),butterfly (0.0050),True,True
c:\Users\Alan\python\MMIP\week3\data\Dataset\cow\cow (316).jpeg,cow,0.4955,cow,0.4955,cow (0.4955),horse (0.2651),sheep (0.0492),chicken (0.0402),elephant (0.0292),True,True
c:\Users\Alan\python\MMIP\week3\data\Dataset\cow\cow (102).jpeg,cow,0.9451,cow,0.9451,cow (0.9451),sheep (0.0152),elephant (0.0079),chicken (0.0061),dog (0.0059),True,True
c:\Users\Alan\python\MMIP\week3\data\Dataset\cow\cow (1754).jpeg,cow,0.6867,cow,0.6867,cow (0.6867),horse (0.1027),dog (0.0612),sheep (0.0331),spider (0.0260),True,True
c:\Users\Alan\python\MMIP\week3\data\Dataset\cow\cow (1523).jpeg,cow,0.7818,cow,0.7818,cow (0.7818),spider (0.0427),butterfly (0.0404),horse (0.0334),squirrel (0.0200),True,True
c:\Users\Alan\python\MMIP\week3\data\Dataset\cow\cow (1192).jpeg,cow,0.8787,cow,0.8787,cow (0.8787),spider (0.0287),chicken (0.0241),dog (0.0138),butterfly (0.0128),True,True
c:\Users\Alan\python\MMIP\week3\data\Dataset\cow\cow (713).jpeg,cow,0.9778,cow,0.9778,cow (0.9778),sheep (0.0039),chicken (0.0034),squirrel (0.0033),dog (0.0032),True,True
c:\Users\Alan\python\MMIP\week3\data\Dataset\cow\cow (864).jpeg,cow,0.4474,cow,0.4474,cow (0.4474),sheep (0.2486),dog (0.0713),horse (0.0598),chicken (0.0432),True,True
c:\Users\Alan\python\MMIP\week3\data\Dataset\cow\cow (1295).jpeg,cow,0.2201,dog,0.3251,dog (0.3251),horse (0.2369),cow (0.2201),sheep (0.0476),spider (0.0351),False,True
c:\Users\Alan\python\MMIP\week3\data\Dataset\cow\cow (1428).jpeg,cow,0.8515,cow,0.8515,cow (0.8515),sheep (0.0816),chicken (0.0205),spider (0.0096),butterfly (0.0091),True,True
c:\Users\Alan\python\MMIP\week3\data\Dataset\cow\cow (348).jpeg,cow,0.6578,cow,0.6578,cow (0.6578),dog (0.1985),elephant (0.0423),horse (0.0263),cat (0.0202),True,True
c:\Users\Alan\python\MMIP\week3\data\Dataset\cow\cow (1803).jpeg,cow,0.7809,cow,0.7809,cow (0.7809),sheep (0.0700),horse (0.0304),dog (0.0271),spider (0.0209),True,True
c:\Users\Alan\python\MMIP\week3\data\Dataset\cow\cow (1367).jpeg,cow,0.5099,cow,0.5099,cow (0.5099),dog (0.3096),elephant (0.0414),cat (0.0398),horse (0.0205),True,True
c:\Users\Alan\python\MMIP\week3\data\Dataset\cow\cow (1499).jpeg,cow,0.926,cow,0.926,cow (0.9260),butterfly (0.0130),spider (0.0122),chicken (0.0101),sheep (0.0093),True,True
c:\Users\Alan\python\MMIP\week3\data\Dataset\cow\cow (349).jpeg,cow,0.9688,cow,0.9688,cow (0.9688),dog (0.0060),horse (0.0054),cat (0.0044),chicken (0.0039),True,True
c:\Users\Alan\python\MMIP\week3\data\Dataset\cow\cow (1826).jpeg,cow,0.757,cow,0.757,cow (0.7570),sheep (0.0992),horse (0.0611),elephant (0.0205),dog (0.0186),True,True
c:\Users\Alan\python\MMIP\week3\data\Dataset\cow\cow (943).jpeg,cow,0.8946,cow,0.8946,cow (0.8946),horse (0.0331),sheep (0.0178),spider (0.0129),dog (0.0102),True,True
c:\Users\Alan\python\MMIP\week3\data\Dataset\cow\cow (1569).jpeg,cow,0.7461,cow,0.7461,cow (0.7461),dog (0.0853),elephant (0.0597),sheep (0.0461),horse (0.0170),True,True
c:\Users\Alan\python\MMIP\week3\data\Dataset\cow\cow (1664).jpeg,cow,0.7576,cow,0.7576,cow (0.7576),sheep (0.1155),horse (0.0268),elephant (0.0242),spider (0.0155),True,True
c:\Users\Alan\python\MMIP\week3\data\Dataset\cow\cow (1782).jpeg,cow,0.862,cow,0.862,cow (0.8620),horse (0.0362),sheep (0.0268),chicken (0.0142),butterfly (0.0132),True,True
c:\Users\Alan\python\MMIP\week3\data\Dataset\cow\cow (985).jpeg,cow,0.9495,cow,0.9495,cow (0.9495),spider (0.0122),horse (0.0092),cat (0.0068),butterfly (0.0054),True,True
c:\Users\Alan\python\MMIP\week3\data\Dataset\cow\cow (1767).jpeg,cow,0.9261,cow,0.9261,cow (0.9261),horse (0.0185),sheep (0.0171),dog (0.0153),chicken (0.0061),True,True
c:\Users\Alan\python\MMIP\week3\data\Dataset\cow\cow (256).jpeg,cow,0.3494,cow,0.3494,cow (0.3494),sheep (0.2128),horse (0.1182),dog (0.1177),chicken (0.0622),True,True
c:\Users\Alan\python\MMIP\week3\data\Dataset\cow\cow (578).jpeg,cow,0.1893,chicken,0.4969,chicken (0.4969),cow (0.1893),squirrel (0.0674),sheep (0.0557),cat (0.0519),False,True
c:\Users\Alan\python\MMIP\week3\data\Dataset\cow\cow (827).jpeg,cow,0.0977,dog,0.523,dog (0.5230),horse (0.1362),cow (0.0977),spider (0.0732),elephant (0.0589),False,True
c:\Users\Alan\python\MMIP\week3\data\Dataset\cow\cow (598).jpeg,cow,0.9172,cow,0.9172,cow (0.9172),spider (0.0146),horse (0.0120),butterfly (0.0106),dog (0.0103),True,True
c:\Users\Alan\python\MMIP\week3\data\Dataset\cow\cow (1609).jpeg,cow,0.7743,cow,0.7743,cow (0.7743),dog (0.0639),sheep (0.0290),chicken (0.0254),spider (0.0225),True,True
c:\Users\Alan\python\MMIP\week3\data\Dataset\cow\cow (1768).jpeg,cow,0.869,cow,0.869,cow (0.8690),elephant (0.0351),dog (0.0324),sheep (0.0310),horse (0.0087),True,True
c:\Users\Alan\python\MMIP\week3\data\Dataset\cow\cow (374).jpeg,cow,0.8719,cow,0.8719,cow (0.8719),dog (0.0271),horse (0.0254),spider (0.0183),squirrel (0.0117),True,True
c:\Users\Alan\python\MMIP\week3\data\Dataset\cow\cow (312).jpeg,cow,0.8152,cow,0.8152,cow (0.8152),sheep (0.0869),horse (0.0178),chicken (0.0155),squirrel (0.0149),True,True
c:\Users\Alan\python\MMIP\week3\data\Dataset\cow\cow (1119).jpeg,cow,0.9763,cow,0.9763,cow (0.9763),horse (0.0042),spider (0.0041),cat (0.0039),dog (0.0030),True,True
c:\Users\Alan\python\MMIP\week3\data\Dataset\cow\cow (1397).jpeg,cow,0.6599,cow,0.6599,cow (0.6599),dog (0.2062),elephant (0.0273),cat (0.0233),horse (0.0196),True,True
c:\Users\Alan\python\MMIP\week3\data\Dataset\cow\cow (937).jpeg,cow,0.6143,cow,0.6143,cow (0.6143),sheep (0.1173),spider (0.1103),horse (0.0598),dog (0.0492),True,True
c:\Users\Alan\python\MMIP\week3\data\Dataset\cow\cow (449).jpeg,cow,0.6537,cow,0.6537,cow (0.6537),horse (0.1222),dog (0.1003),squirrel (0.0380),sheep (0.0274),True,True
c:\Users\Alan\python\MMIP\week3\data\Dataset\cow\cow (1616).jpeg,cow,0.871,cow,0.871,cow (0.8710),dog (0.0414),sheep (0.0196),cat (0.0152),horse (0.0120),True,True
c:\Users\Alan\python\MMIP\week3\data\Dataset\cow\cow (257).jpeg,cow,0.6824,cow,0.6824,cow (0.6824),sheep (0.1314),horse (0.0496),dog (0.0485),spider (0.0294),True,True
c:\Users\Alan\python\MMIP\week3\data\Dataset\cow\cow (62).jpeg,cow,0.6727,cow,0.6727,cow (0.6727),horse (0.0969),spider (0.0807),dog (0.0428),elephant (0.0296),True,True
c:\Users\Alan\python\MMIP\week3\data\Dataset\cow\cow (1695).jpeg,cow,0.9094,cow,0.9094,cow (0.9094),dog (0.0286),sheep (0.0173),horse (0.0131),elephant (0.0124),True,True
c:\Users\Alan\python\MMIP\week3\data\Dataset\cow\cow (171).jpeg,cow,0.9701,cow,0.9701,cow (0.9701),spider (0.0064),squirrel (0.0045),chicken (0.0044),butterfly (0.0042),True,True
c:\Users\Alan\python\MMIP\week3\data\Dataset\cow\cow (693).jpeg,cow,0.9469,cow,0.9469,cow (0.9469),dog (0.0121),spider (0.0081),butterfly (0.0074),squirrel (0.0065),True,True
c:\Users\Alan\python\MMIP\week3\data\Dataset\cow\cow (1757).jpeg,cow,0.858,cow,0.858,cow (0.8580),dog (0.0536),horse (0.0213),sheep (0.0133),spider (0.0118),True,True
c:\Users\Alan\python\MMIP\week3\data\Dataset\cow\cow (953).jpeg,cow,0.4829,cow,0.4829,cow (0.4829),horse (0.2226),sheep (0.1079),dog (0.0610),chicken (0.0449),True,True
c:\Users\Alan\python\MMIP\week3\data\Dataset\cow\cow (170).jpeg,cow,0.8965,cow,0.8965,cow (0.8965),horse (0.0195),spider (0.0193),chicken (0.0145),butterfly (0.0127),True,True
c:\Users\Alan\python\MMIP\week3\data\Dataset\cow\cow (258).jpeg,cow,0.8134,cow,0.8134,cow (0.8134),dog (0.0680),sheep (0.0631),butterfly (0.0154),horse (0.0120),True,True
c:\Users\Alan\python\MMIP\week3\data\Dataset\cow\cow (1411).jpeg,cow,0.7938,cow,0.7938,cow (0.7938),dog (0.0555),elephant (0.0528),cat (0.0254),sheep (0.0158),True,True
c:\Users\Alan\python\MMIP\week3\data\Dataset\cow\cow (932).jpeg,cow,0.6809,cow,0.6809,cow (0.6809),horse (0.1535),squirrel (0.0345),dog (0.0238),chicken (0.0211),True,True
c:\Users\Alan\python\MMIP\week3\data\Dataset\cow\cow (1126).jpeg,cow,0.6263,cow,0.6263,cow (0.6263),sheep (0.0884),horse (0.0861),dog (0.0429),spider (0.0366),True,True
c:\Users\Alan\python\MMIP\week3\data\Dataset\cow\cow (1203).jpeg,cow,0.6879,cow,0.6879,cow (0.6879),dog (0.1569),horse (0.0729),elephant (0.0255),sheep (0.0137),True,True
c:\Users\Alan\python\MMIP\week3\data\Dataset\cow\cow (1842).jpeg,cow,0.9427,cow,0.9427,cow (0.9427),sheep (0.0178),horse (0.0107),dog (0.0068),cat (0.0046),True,True
c:\Users\Alan\python\MMIP\week3\data\Dataset\cow\cow (1362).jpeg,cow,0.7403,cow,0.7403,cow (0.7403),horse (0.1675),spider (0.0139),dog (0.0137),cat (0.0137),True,True
c:\Users\Alan\python\MMIP\week3\data\Dataset\cow\cow (591).jpeg,cow,0.7309,cow,0.7309,cow (0.7309),spider (0.0827),sheep (0.0767),butterfly (0.0259),squirrel (0.0231),True,True
c:\Users\Alan\python\MMIP\week3\data\Dataset\cow\cow (901).jpeg,cow,0.9649,cow,0.9649,cow (0.9649),spider (0.0072),chicken (0.0057),dog (0.0046),squirrel (0.0045),True,True
c:\Users\Alan\python\MMIP\week3\data\Dataset\cow\cow (1585).jpeg,cow,0.739,cow,0.739,cow (0.7390),dog (0.0696),sheep (0.0626),chicken (0.0364),elephant (0.0250),True,True
c:\Users\Alan\python\MMIP\week3\data\Dataset\cow\cow (116).jpeg,cow,0.9287,cow,0.9287,cow (0.9287),horse (0.0178),sheep (0.0107),cat (0.0098),dog (0.0082),True,True
c:\Users\Alan\python\MMIP\week3\data\Dataset\cow\cow (1060).jpeg,cow,0.1248,elephant,0.4966,elephant (0.4966),dog (0.1387),cow (0.1248),chicken (0.0613),sheep (0.0556),False,True
c:\Users\Alan\python\MMIP\week3\data\Dataset\cow\cow (831).jpeg,cow,0.9127,cow,0.9127,cow (0.9127),horse (0.0170),sheep (0.0170),spider (0.0119),chicken (0.0079),True,True
c:\Users\Alan\python\MMIP\week3\data\Dataset\cow\cow (728).jpeg,cow,0.8474,cow,0.8474,cow (0.8474),horse (0.0415),chicken (0.0250),spider (0.0197),sheep (0.0155),True,True
c:\Users\Alan\python\MMIP\week3\data\Dataset\cow\cow (747).jpeg,cow,0.8025,cow,0.8025,cow (0.8025),sheep (0.0382),horse (0.0368),elephant (0.0256),dog (0.0244),True,True
c:\Users\Alan\python\MMIP\week3\data\Dataset\cow\cow (1520).jpeg,cow,0.3018,dog,0.4448,dog (0.4448),cow (0.3018),sheep (0.0782),squirrel (0.0385),cat (0.0290),False,True
c:\Users\Alan\python\MMIP\week3\data\Dataset\cow\cow (1475).jpeg,cow,0.9059,cow,0.9059,cow (0.9059),horse (0.0435),spider (0.0113),butterfly (0.0075),squirrel (0.0075),True,True
c:\Users\Alan\python\MMIP\week3\data\Dataset\cow\cow (38).jpeg,cow,0.944,cow,0.944,cow (0.9440),horse (0.0167),spider (0.0075),elephant (0.0056),cat (0.0052),True,True
c:\Users\Alan\python\MMIP\week3\data\Dataset\cow\cow (641).jpeg,cow,0.7114,cow,0.7114,cow (0.7114),horse (0.1351),dog (0.0446),elephant (0.0301),sheep (0.0235),True,True
c:\Users\Alan\python\MMIP\week3\data\Dataset\cow\cow (1075).jpeg,cow,0.9676,cow,0.9676,cow (0.9676),sheep (0.0073),spider (0.0058),squirrel (0.0048),butterfly (0.0038),True,True
c:\Users\Alan\python\MMIP\week3\data\Dataset\cow\cow (480).jpeg,cow,0.5693,cow,0.5693,cow (0.5693),sheep (0.1468),horse (0.1237),spider (0.0325),dog (0.0279),True,True
c:\Users\Alan\python\MMIP\week3\data\Dataset\cow\cow (356).jpeg,cow,0.6432,cow,0.6432,cow (0.6432),dog (0.1134),sheep (0.1007),elephant (0.0668),horse (0.0281),True,True
c:\Users\Alan\python\MMIP\week3\data\Dataset\cow\cow (1580).jpeg,cow,0.9229,cow,0.9229,cow (0.9229),horse (0.0198),cat (0.0125),dog (0.0118),butterfly (0.0086),True,True
c:\Users\Alan\python\MMIP\week3\data\Dataset\cow\cow (744).jpeg,cow,0.9113,cow,0.9113,cow (0.9113),dog (0.0287),spider (0.0142),butterfly (0.0113),chicken (0.0096),True,True
c:\Users\Alan\python\MMIP\week3\data\Dataset\cow\cow (139).jpeg,cow,0.9529,cow,0.9529,cow (0.9529),horse (0.0148),sheep (0.0067),spider (0.0053),elephant (0.0045),True,True
c:\Users\Alan\python\MMIP\week3\data\Dataset\cow\cow (1799).jpeg,cow,0.7661,cow,0.7661,cow (0.7661),elephant (0.0606),dog (0.0445),sheep (0.0429),cat (0.0345),True,True
c:\Users\Alan\python\MMIP\week3\data\Dataset\cow\cow (1778).jpeg,cow,0.7773,cow,0.7773,cow (0.7773),horse (0.0519),spider (0.0389),dog (0.0295),sheep (0.0244),True,True
c:\Users\Alan\python\MMIP\week3\data\Dataset\cow\cow (1468).jpeg,cow,0.9046,cow,0.9046,cow (0.9046),sheep (0.0256),dog (0.0193),horse (0.0167),spider (0.0086),True,True
c:\Users\Alan\python\MMIP\week3\data\Dataset\cow\cow (1566).jpeg,cow,0.9199,cow,0.9199,cow (0.9199),horse (0.0280),spider (0.0113),squirrel (0.0081),elephant (0.0063),True,True
c:\Users\Alan\python\MMIP\week3\data\Dataset\cow\cow (639).jpeg,cow,0.9164,cow,0.9164,cow (0.9164),spider (0.0156),dog (0.0150),horse (0.0114),chicken (0.0088),True,True
c:\Users\Alan\python\MMIP\week3\data\Dataset\cow\cow (1306).jpeg,cow,0.9401,cow,0.9401,cow (0.9401),horse (0.0143),spider (0.0090),dog (0.0070),squirrel (0.0066),True,True
c:\Users\Alan\python\MMIP\week3\data\Dataset\cow\cow (1763).jpeg,cow,0.4797,cow,0.4797,cow (0.4797),horse (0.2105),sheep (0.1183),spider (0.0561),elephant (0.0426),True,True
c:\Users\Alan\python\MMIP\week3\data\Dataset\cow\cow (301).jpeg,cow,0.9129,cow,0.9129,cow (0.9129),horse (0.0486),dog (0.0087),cat (0.0068),spider (0.0065),True,True
c:\Users\Alan\python\MMIP\week3\data\Dataset\cow\cow (233).jpeg,cow,0.9425,cow,0.9425,cow (0.9425),chicken (0.0110),sheep (0.0092),horse (0.0076),squirrel (0.0062),True,True
c:\Users\Alan\python\MMIP\week3\data\Dataset\cow\cow (1534).jpeg,cow,0.8892,cow,0.8892,cow (0.8892),chicken (0.0374),spider (0.0150),butterfly (0.0121),horse (0.0104),True,True
c:\Users\Alan\python\MMIP\week3\data\Dataset\cow\cow (1276).jpeg,cow,0.1778,sheep,0.7249,sheep (0.7249),cow (0.1778),elephant (0.0332),dog (0.0143),horse (0.0117),False,True
c:\Users\Alan\python\MMIP\week3\data\Dataset\cow\cow (1073).jpeg,cow,0.8994,cow,0.8994,cow (0.8994),sheep (0.0188),dog (0.0177),horse (0.0148),chicken (0.0139),True,True
c:\Users\Alan\python\MMIP\week3\data\Dataset\cow\cow (454).jpeg,cow,0.3167,dog,0.4602,dog (0.4602),cow (0.3167),horse (0.0824),sheep (0.0367),cat (0.0250),False,True
c:\Users\Alan\python\MMIP\week3\data\Dataset\cow\cow (1215).jpeg,cow,0.2163,horse,0.373,horse (0.3730),cow (0.2163),dog (0.2027),sheep (0.0657),elephant (0.0480),False,True
c:\Users\Alan\python\MMIP\week3\data\Dataset\cow\cow (797).jpeg,cow,0.9092,cow,0.9092,cow (0.9092),spider (0.0170),horse (0.0139),butterfly (0.0118),dog (0.0116),True,True
c:\Users\Alan\python\MMIP\week3\data\Dataset\cow\cow (431).jpeg,cow,0.706,cow,0.706,cow (0.7060),dog (0.1068),chicken (0.0558),sheep (0.0426),spider (0.0257),True,True
c:\Users\Alan\python\MMIP\week3\data\Dataset\cow\cow (1032).jpeg,cow,0.8114,cow,0.8114,cow (0.8114),horse (0.0343),sheep (0.0274),spider (0.0243),dog (0.0230),True,True
c:\Users\Alan\python\MMIP\week3\data\Dataset\cow\cow (1077).jpeg,cow,0.5314,cow,0.5314,cow (0.5314),sheep (0.2541),dog (0.0439),spider (0.0409),butterfly (0.0299),True,True
c:\Users\Alan\python\MMIP\week3\data\Dataset\cow\cow (1675).jpeg,cow,0.9129,cow,0.9129,cow (0.9129),sheep (0.0302),elephant (0.0144),spider (0.0081),horse (0.0078),True,True
c:\Users\Alan\python\MMIP\week3\data\Dataset\cow\cow (584).jpeg,cow,0.0221,dog,0.4739,dog (0.4739),chicken (0.2255),squirrel (0.0964),horse (0.0578),spider (0.0479),False,False
c:\Users\Alan\python\MMIP\week3\data\Dataset\cow\cow (1319).jpeg,cow,0.6276,cow,0.6276,cow (0.6276),horse (0.1027),elephant (0.0845),sheep (0.0543),spider (0.0276),True,True
c:\Users\Alan\python\MMIP\week3\data\Dataset\cow\cow (1274).jpeg,cow,0.9551,cow,0.9551,cow (0.9551),dog (0.0109),horse (0.0069),spider (0.0060),butterfly (0.0052),True,True
c:\Users\Alan\python\MMIP\week3\data\Dataset\cow\cow (1732).jpeg,cow,0.6684,cow,0.6684,cow (0.6684),horse (0.1086),dog (0.0756),elephant (0.0506),chicken (0.0259),True,True
c:\Users\Alan\python\MMIP\week3\data\Dataset\cow\cow (835).jpeg,cow,0.3741,cow,0.3741,cow (0.3741),elephant (0.3020),horse (0.1151),spider (0.0797),dog (0.0456),True,True
c:\Users\Alan\python\MMIP\week3\data\Dataset\cow\cow (1506).jpeg,cow,0.7966,cow,0.7966,cow (0.7966),horse (0.1024),sheep (0.0279),dog (0.0188),butterfly (0.0110),True,True
c:\Users\Alan\python\MMIP\week3\data\Dataset\cow\cow (768).jpeg,cow,0.8569,cow,0.8569,cow (0.8569),horse (0.0633),squirrel (0.0128),cat (0.0128),spider (0.0125),True,True
c:\Users\Alan\python\MMIP\week3\data\Dataset\cow\cow (1793).jpeg,cow,0.8149,cow,0.8149,cow (0.8149),spider (0.0364),horse (0.0333),butterfly (0.0210),dog (0.0199),True,True
c:\Users\Alan\python\MMIP\week3\data\Dataset\cow\cow (1252).jpeg,cow,0.8267,cow,0.8267,cow (0.8267),sheep (0.0685),horse (0.0201),spider (0.0163),butterfly (0.0128),True,True
c:\Users\Alan\python\MMIP\week3\data\Dataset\cow\cow (1699).jpeg,cow,0.3466,horse,0.4185,horse (0.4185),cow (0.3466),spider (0.0418),butterfly (0.0393),squirrel (0.0316),False,True
c:\Users\Alan\python\MMIP\week3\data\Dataset\cow\cow (123).jpeg,cow,0.9242,cow,0.9242,cow (0.9242),horse (0.0170),sheep (0.0141),dog (0.0095),spider (0.0076),True,True
c:\Users\Alan\python\MMIP\week3\data\Dataset\cow\cow (503).jpeg,cow,0.506,cow,0.506,cow (0.5060),horse (0.1611),elephant (0.1007),sheep (0.0632),dog (0.0572),True,True
c:\Users\Alan\python\MMIP\week3\data\Dataset\cow\cow (250).jpeg,cow,0.8638,cow,0.8638,cow (0.8638),sheep (0.0301),horse (0.0263),dog (0.0193),chicken (0.0161),True,True
c:\Users\Alan\python\MMIP\week3\data\Dataset\cow\cow (1679).jpeg,cow,0.8787,cow,0.8787,cow (0.8787),horse (0.0340),dog (0.0273),chicken (0.0229),sheep (0.0119),True,True
c:\Users\Alan\python\MMIP\week3\data\Dataset\cow\cow (1474).jpeg,cow,0.0704,horse,0.572,horse (0.5720),dog (0.2408),cow (0.0704),spider (0.0327),cat (0.0192),False,True
c:\Users\Alan\python\MMIP\week3\data\Dataset\cow\cow (1427).jpeg,cow,0.4722,cow,0.4722,cow (0.4722),horse (0.3491),sheep (0.0510),butterfly (0.0332),spider (0.0253),True,True
c:\Users\Alan\python\MMIP\week3\data\Dataset\cow\cow (248).jpeg,cow,0.9459,cow,0.9459,cow (0.9459),dog (0.0095),chicken (0.0094),spider (0.0068),sheep (0.0059),True,True
c:\Users\Alan\python\MMIP\week3\data\Dataset\cow\cow (1571).jpeg,cow,0.6913,cow,0.6913,cow (0.6913),sheep (0.1448),horse (0.0569),elephant (0.0275),spider (0.0198),True,True
c:\Users\Alan\python\MMIP\week3\data\Dataset\cow\cow (515).jpeg,cow,0.6626,cow,0.6626,cow (0.6626),dog (0.2005),sheep (0.0658),cat (0.0163),butterfly (0.0145),True,True
c:\Users\Alan\python\MMIP\week3\data\Dataset\cow\cow (1555).jpeg,cow,0.5672,cow,0.5672,cow (0.5672),horse (0.2095),elephant (0.0876),dog (0.0476),sheep (0.0256),True,True
c:\Users\Alan\python\MMIP\week3\data\Dataset\cow\cow (1462).jpeg,cow,0.8222,cow,0.8222,cow (0.8222),sheep (0.0790),horse (0.0265),dog (0.0205),elephant (0.0145),True,True
c:\Users\Alan\python\MMIP\week3\data\Dataset\cow\cow (642).jpeg,cow,0.9284,cow,0.9284,cow (0.9284),dog (0.0124),spider (0.0117),chicken (0.0101),sheep (0.0084),True,True
c:\Users\Alan\python\MMIP\week3\data\Dataset\cow\cow (970).jpeg,cow,0.5873,cow,0.5873,cow (0.5873),sheep (0.1899),dog (0.1032),horse (0.0283),spider (0.0273),True,True
c:\Users\Alan\python\MMIP\week3\data\Dataset\cow\cow (71).jpeg,cow,0.2178,dog,0.4032,dog (0.4032),cow (0.2178),chicken (0.1077),elephant (0.1013),horse (0.0473),False,True
c:\Users\Alan\python\MMIP\week3\data\Dataset\cow\cow (1314).jpeg,cow,0.6668,cow,0.6668,cow (0.6668),dog (0.1781),sheep (0.0454),horse (0.0275),elephant (0.0255),True,True
c:\Users\Alan\python\MMIP\week3\data\Dataset\cow\cow (1170).jpeg,cow,0.8411,cow,0.8411,cow (0.8411),horse (0.0390),elephant (0.0220),dog (0.0199),sheep (0.0178),True,True
c:\Users\Alan\python\MMIP\week3\data\Dataset\cow\cow (1570).jpeg,cow,0.5998,cow,0.5998,cow (0.5998),elephant (0.2954),spider (0.0196),dog (0.0190),chicken (0.0166),True,True
c:\Users\Alan\python\MMIP\week3\data\Dataset\cow\cow (1225).jpeg,cow,0.9087,cow,0.9087,cow (0.9087),sheep (0.0193),spider (0.0132),dog (0.0101),squirrel (0.0089),True,True
c:\Users\Alan\python\MMIP\week3\data\Dataset\cow\cow (1488).jpeg,cow,0.4099,cow,0.4099,cow (0.4099),sheep (0.2203),horse (0.1700),spider (0.0570),dog (0.0517),True,True
c:\Users\Alan\python\MMIP\week3\data\Dataset\cow\cow (1097).jpeg,cow,0.6087,cow,0.6087,cow (0.6087),dog (0.1689),chicken (0.0824),sheep (0.0380),cat (0.0344),True,True
c:\Users\Alan\python\MMIP\week3\data\Dataset\cow\cow (463).jpeg,cow,0.9076,cow,0.9076,cow (0.9076),butterfly (0.0180),spider (0.0178),sheep (0.0124),cat (0.0089),True,True
c:\Users\Alan\python\MMIP\week3\data\Dataset\cow\cow (504).jpeg,cow,0.1765,horse,0.2706,horse (0.2706),dog (0.1944),cow (0.1765),chicken (0.1740),sheep (0.0793),False,True
c:\Users\Alan\python\MMIP\week3\data\Dataset\cow\cow (136).jpeg,cow,0.8951,cow,0.8951,cow (0.8951),chicken (0.0303),dog (0.0212),horse (0.0120),sheep (0.0097),True,True
c:\Users\Alan\python\MMIP\week3\data\Dataset\cow\cow (142).jpeg,cow,0.9391,cow,0.9391,cow (0.9391),spider (0.0125),butterfly (0.0099),chicken (0.0090),squirrel (0.0072),True,True
c:\Users\Alan\python\MMIP\week3\data\Dataset\cow\cow (1662).jpeg,cow,0.977,cow,0.977,cow (0.9770),spider (0.0050),butterfly (0.0044),chicken (0.0034),horse (0.0022),True,True
c:\Users\Alan\python\MMIP\week3\data\Dataset\cow\cow (634).jpeg,cow,0.8878,cow,0.8878,cow (0.8878),sheep (0.0533),elephant (0.0185),dog (0.0120),spider (0.0052),True,True
c:\Users\Alan\python\MMIP\week3\data\Dataset\cow\cow (1490).jpeg,cow,0.8516,cow,0.8516,cow (0.8516),horse (0.0630),dog (0.0237),spider (0.0139),squirrel (0.0132),True,True
c:\Users\Alan\python\MMIP\week3\data\Dataset\cow\cow (1812).jpeg,cow,0.6052,cow,0.6052,cow (0.6052),horse (0.2454),spider (0.0252),dog (0.0241),squirrel (0.0211),True,True
c:\Users\Alan\python\MMIP\week3\data\Dataset\cow\cow (241).jpeg,cow,0.9315,cow,0.9315,cow (0.9315),elephant (0.0184),horse (0.0128),dog (0.0106),sheep (0.0067),True,True
c:\Users\Alan\python\MMIP\week3\data\Dataset\cow\cow (484).jpeg,cow,0.1091,sheep,0.3848,sheep (0.3848),dog (0.2594),horse (0.1296),cow (0.1091),chicken (0.0251),False,True
c:\Users\Alan\python\MMIP\week3\data\Dataset\cow\cow (1721).jpeg,cow,0.777,cow,0.777,cow (0.7770),elephant (0.0673),sheep (0.0635),dog (0.0267),spider (0.0172),True,True
c:\Users\Alan\python\MMIP\week3\data\Dataset\cow\cow (1190).jpeg,cow,0.8861,cow,0.8861,cow (0.8861),dog (0.0445),elephant (0.0175),sheep (0.0130),spider (0.0099),True,True
c:\Users\Alan\python\MMIP\week3\data\Dataset\cow\cow (443).jpeg,cow,0.5097,cow,0.5097,cow (0.5097),horse (0.3343),spider (0.0427),chicken (0.0207),cat (0.0188),True,True
c:\Users\Alan\python\MMIP\week3\data\Dataset\cow\cow (508).jpeg,cow,0.8769,cow,0.8769,cow (0.8769),dog (0.0319),horse (0.0268),butterfly (0.0184),cat (0.0097),True,True
c:\Users\Alan\python\MMIP\week3\data\Dataset\cow\cow (1576).jpeg,cow,0.916,cow,0.916,cow (0.9160),dog (0.0235),horse (0.0123),cat (0.0092),sheep (0.0080),True,True
c:\Users\Alan\python\MMIP\week3\data\Dataset\cow\cow (518).jpeg,cow,0.7062,cow,0.7062,cow (0.7062),horse (0.1457),chicken (0.0247),spider (0.0232),dog (0.0224),True,True
c:\Users\Alan\python\MMIP\week3\data\Dataset\cow\cow (237).jpeg,cow,0.9391,cow,0.9391,cow (0.9391),sheep (0.0192),dog (0.0122),horse (0.0089),elephant (0.0057),True,True
c:\Users\Alan\python\MMIP\week3\data\Dataset\cow\cow (1350).jpeg,cow,0.2181,dog,0.5739,dog (0.5739),cow (0.2181),sheep (0.0736),cat (0.0374),horse (0.0218),False,True
c:\Users\Alan\python\MMIP\week3\data\Dataset\cow\cow (148).jpeg,cow,0.9587,cow,0.9587,cow (0.9587),dog (0.0089),spider (0.0071),chicken (0.0067),butterfly (0.0054),True,True
c:\Users\Alan\python\MMIP\week3\data\Dataset\cow\cow (826).jpeg,cow,0.291,dog,0.413,dog (0.4130),cow (0.2910),chicken (0.0961),horse (0.0738),elephant (0.0282),False,True
c:\Users\Alan\python\MMIP\week3\data\Dataset\cow\cow (252).jpeg,cow,0.1326,sheep,0.6216,sheep (0.6216),cow (0.1326),dog (0.1021),cat (0.0564),horse (0.0311),False,True
c:\Users\Alan\python\MMIP\week3\data\Dataset\cow\cow (891).jpeg,cow,0.8221,cow,0.8221,cow (0.8221),horse (0.0611),chicken (0.0252),spider (0.0200),butterfly (0.0173),True,True
c:\Users\Alan\python\MMIP\week3\data\Dataset\cow\cow (149).jpeg,cow,0.9289,cow,0.9289,cow (0.9289),sheep (0.0148),spider (0.0129),cat (0.0072),squirrel (0.0067),True,True
c:\Users\Alan\python\MMIP\week3\data\Dataset\cow\cow (1865).jpeg,cow,0.7759,cow,0.7759,cow (0.7759),sheep (0.0499),butterfly (0.0323),chicken (0.0301),dog (0.0241),True,True
c:\Users\Alan\python\MMIP\week3\data\Dataset\cow\cow (1081).jpeg,cow,0.7351,cow,0.7351,cow (0.7351),sheep (0.0580),horse (0.0576),chicken (0.0466),dog (0.0307),True,True
c:\Users\Alan\python\MMIP\week3\data\Dataset\cow\cow (1189).jpeg,cow,0.9236,cow,0.9236,cow (0.9236),spider (0.0116),squirrel (0.0104),chicken (0.0097),horse (0.0097),True,True
c:\Users\Alan\python\MMIP\week3\data\Dataset\cow\cow (200).jpeg,cow,0.9687,cow,0.9687,cow (0.9687),spider (0.0080),cat (0.0040),butterfly (0.0036),chicken (0.0035),True,True
c:\Users\Alan\python\MMIP\week3\data\Dataset\cow\cow (740).jpeg,cow,0.8879,cow,0.8879,cow (0.8879),horse (0.0224),spider (0.0154),dog (0.0139),elephant (0.0124),True,True
c:\Users\Alan\python\MMIP\week3\data\Dataset\cow\cow (379).jpeg,cow,0.9416,cow,0.9416,cow (0.9416),sheep (0.0132),chicken (0.0120),horse (0.0112),elephant (0.0049),True,True
c:\Users\Alan\python\MMIP\week3\data\Dataset\dog\dog (2981).jpeg,dog,0.797,dog,0.797,dog (0.7970),cat (0.0754),sheep (0.0242),elephant (0.0229),chicken (0.0214),True,True
c:\Users\Alan\python\MMIP\week3\data\Dataset\dog\dog (4586).jpeg,dog,0.7821,dog,0.7821,dog (0.7821),spider (0.0474),chicken (0.0358),squirrel (0.0317),sheep (0.0232),True,True
c:\Users\Alan\python\MMIP\week3\data\Dataset\dog\dog (4010).jpeg,dog,0.8348,dog,0.8348,dog (0.8348),cow (0.0435),elephant (0.0343),sheep (0.0280),cat (0.0137),True,True
c:\Users\Alan\python\MMIP\week3\data\Dataset\dog\dog (1917).jpeg,dog,0.8055,dog,0.8055,dog (0.8055),sheep (0.0942),chicken (0.0300),cat (0.0118),elephant (0.0117),True,True
c:\Users\Alan\python\MMIP\week3\data\Dataset\dog\dog (2183).jpeg,dog,0.4039,horse,0.4459,horse (0.4459),dog (0.4039),cow (0.0417),spider (0.0217),chicken (0.0198),False,True
c:\Users\Alan\python\MMIP\week3\data\Dataset\dog\dog (3017).jpeg,dog,0.8879,dog,0.8879,dog (0.8879),cat (0.0326),chicken (0.0162),sheep (0.0119),spider (0.0116),True,True
c:\Users\Alan\python\MMIP\week3\data\Dataset\dog\dog (2425).jpeg,dog,0.8676,dog,0.8676,dog (0.8676),spider (0.0229),cow (0.0186),sheep (0.0170),butterfly (0.0164),True,True
c:\Users\Alan\python\MMIP\week3\data\Dataset\dog\dog (4740).jpeg,dog,0.8625,dog,0.8625,dog (0.8625),horse (0.0536),elephant (0.0274),cow (0.0148),cat (0.0120),True,True
c:\Users\Alan\python\MMIP\week3\data\Dataset\dog\dog (1350).jpeg,dog,0.9241,dog,0.9241,dog (0.9241),spider (0.0204),chicken (0.0147),butterfly (0.0080),cow (0.0060),True,True
c:\Users\Alan\python\MMIP\week3\data\Dataset\dog\dog (2491).jpeg,dog,0.7768,dog,0.7768,dog (0.7768),cat (0.1188),squirrel (0.0191),spider (0.0186),butterfly (0.0168),True,True
c:\Users\Alan\python\MMIP\week3\data\Dataset\dog\dog (4371).jpeg,dog,0.6256,dog,0.6256,dog (0.6256),chicken (0.1089),cat (0.1056),butterfly (0.0580),sheep (0.0384),True,True
c:\Users\Alan\python\MMIP\week3\data\Dataset\dog\dog (4095).jpeg,dog,0.7321,dog,0.7321,dog (0.7321),sheep (0.1197),cow (0.0354),horse (0.0337),chicken (0.0235),True,True
c:\Users\Alan\python\MMIP\week3\data\Dataset\dog\dog (174).jpeg,dog,0.9273,dog,0.9273,dog (0.9273),chicken (0.0162),cow (0.0111),spider (0.0083),cat (0.0077),True,True
c:\Users\Alan\python\MMIP\week3\data\Dataset\dog\dog (1902).jpeg,dog,0.8678,dog,0.8678,dog (0.8678),elephant (0.0253),cat (0.0241),spider (0.0162),cow (0.0150),True,True
c:\Users\Alan\python\MMIP\week3\data\Dataset\dog\dog (300).jpeg,dog,0.7348,dog,0.7348,dog (0.7348),cow (0.0877),sheep (0.0420),elephant (0.0332),horse (0.0294),True,True
c:\Users\Alan\python\MMIP\week3\data\Dataset\dog\dog (4367).jpeg,dog,0.9196,dog,0.9196,dog (0.9196),cow (0.0121),horse (0.0120),elephant (0.0103),chicken (0.0100),True,True
c:\Users\Alan\python\MMIP\week3\data\Dataset\dog\dog (4216).jpeg,dog,0.8269,dog,0.8269,dog (0.8269),spider (0.0464),butterfly (0.0345),elephant (0.0173),chicken (0.0163),True,True
c:\Users\Alan\python\MMIP\week3\data\Dataset\dog\dog (590).jpeg,dog,0.7878,dog,0.7878,dog (0.7878),horse (0.0959),cow (0.0301),spider (0.0174),sheep (0.0136),True,True
c:\Users\Alan\python\MMIP\week3\data\Dataset\dog\dog (2587).jpeg,dog,0.8545,dog,0.8545,dog (0.8545),butterfly (0.0437),cat (0.0162),sheep (0.0157),horse (0.0155),True,True
c:\Users\Alan\python\MMIP\week3\data\Dataset\dog\dog (647).jpeg,dog,0.8237,dog,0.8237,dog (0.8237),chicken (0.0302),cow (0.0279),sheep (0.0261),squirrel (0.0194),True,True
c:\Users\Alan\python\MMIP\week3\data\Dataset\dog\dog (2595).jpeg,dog,0.857,dog,0.857,dog (0.8570),cat (0.0563),chicken (0.0269),cow (0.0179),butterfly (0.0124),True,True
c:\Users\Alan\python\MMIP\week3\data\Dataset\dog\dog (2744).jpeg,dog,0.7222,dog,0.7222,dog (0.7222),cow (0.0882),horse (0.0568),chicken (0.0405),sheep (0.0289),True,True
c:\Users\Alan\python\MMIP\week3\data\Dataset\dog\dog (3135).jpeg,dog,0.7791,dog,0.7791,dog (0.7791),spider (0.0597),cow (0.0495),horse (0.0269),chicken (0.0184),True,True
c:\Users\Alan\python\MMIP\week3\data\Dataset\dog\dog (4555).jpeg,dog,0.7542,dog,0.7542,dog (0.7542),spider (0.0450),butterfly (0.0314),chicken (0.0293),elephant (0.0269),True,True
c:\Users\Alan\python\MMIP\week3\data\Dataset\dog\dog (3318).jpeg,dog,0.8976,dog,0.8976,dog (0.8976),spider (0.0209),squirrel (0.0187),chicken (0.0165),butterfly (0.0125),True,True
c:\Users\Alan\python\MMIP\week3\data\Dataset\dog\dog (1894).jpeg,dog,0.5394,dog,0.5394,dog (0.5394),cat (0.3062),spider (0.0281),chicken (0.0266),sheep (0.0197),True,True
c:\Users\Alan\python\MMIP\week3\data\Dataset\dog\dog (1998).jpeg,dog,0.9257,dog,0.9257,dog (0.9257),elephant (0.0207),spider (0.0104),cat (0.0082),chicken (0.0076),True,True
c:\Users\Alan\python\MMIP\week3\data\Dataset\dog\dog (1643).jpeg,dog,0.5921,dog,0.5921,dog (0.5921),cat (0.1601),spider (0.0850),butterfly (0.0384),chicken (0.0263),True,True
c:\Users\Alan\python\MMIP\week3\data\Dataset\dog\dog (3198).jpeg,dog,0.0897,chicken,0.3256,chicken (0.3256),spider (0.2282),squirrel (0.1763),dog (0.0897),cat (0.0519),False,True
c:\Users\Alan\python\MMIP\week3\data\Dataset\dog\dog (3945).jpeg,dog,0.9448,dog,0.9448,dog (0.9448),horse (0.0123),chicken (0.0086),spider (0.0066),cat (0.0059),True,True
c:\Users\Alan\python\MMIP\week3\data\Dataset\dog\dog (2689).jpeg,dog,0.715,dog,0.715,dog (0.7150),squirrel (0.1118),cat (0.0366),spider (0.0346),butterfly (0.0307),True,True
c:\Users\Alan\python\MMIP\week3\data\Dataset\dog\dog (1536).jpeg,dog,0.8165,dog,0.8165,dog (0.8165),spider (0.0367),butterfly (0.0290),chicken (0.0228),sheep (0.0185),True,True
c:\Users\Alan\python\MMIP\week3\data\Dataset\dog\dog (4053).jpeg,dog,0.8892,dog,0.8892,dog (0.8892),cat (0.0551),horse (0.0080),butterfly (0.0079),chicken (0.0078),True,True
c:\Users\Alan\python\MMIP\week3\data\Dataset\dog\dog (3970).jpeg,dog,0.8636,dog,0.8636,dog (0.8636),cat (0.0282),spider (0.0218),chicken (0.0212),butterfly (0.0147),True,True
c:\Users\Alan\python\MMIP\week3\data\Dataset\dog\dog (1170).jpeg,dog,0.8619,dog,0.8619,dog (0.8619),cat (0.0445),chicken (0.0184),sheep (0.0163),cow (0.0156),True,True
c:\Users\Alan\python\MMIP\week3\data\Dataset\dog\dog (4221).jpeg,dog,0.9339,dog,0.9339,dog (0.9339),sheep (0.0160),spider (0.0088),horse (0.0077),elephant (0.0069),True,True
c:\Users\Alan\python\MMIP\week3\data\Dataset\dog\dog (96).jpeg,dog,0.5923,dog,0.5923,dog (0.5923),elephant (0.1749),cow (0.0693),spider (0.0454),cat (0.0307),True,True
c:\Users\Alan\python\MMIP\week3\data\Dataset\dog\dog (4844).jpeg,dog,0.8914,dog,0.8914,dog (0.8914),cat (0.0513),spider (0.0150),butterfly (0.0076),horse (0.0074),True,True
c:\Users\Alan\python\MMIP\week3\data\Dataset\dog\dog (3384).jpeg,dog,0.9559,dog,0.9559,dog (0.9559),chicken (0.0100),spider (0.0077),horse (0.0049),cat (0.0043),True,True
c:\Users\Alan\python\MMIP\week3\data\Dataset\dog\dog (407).jpeg,dog,0.9305,dog,0.9305,dog (0.9305),cow (0.0191),horse (0.0087),elephant (0.0072),cat (0.0069),True,True
c:\Users\Alan\python\MMIP\week3\data\Dataset\dog\dog (875).jpeg,dog,0.7809,dog,0.7809,dog (0.7809),horse (0.0915),cow (0.0294),sheep (0.0263),spider (0.0209),True,True
c:\Users\Alan\python\MMIP\week3\data\Dataset\dog\dog (694).jpeg,dog,0.8154,dog,0.8154,dog (0.8154),chicken (0.0310),cow (0.0309),spider (0.0284),horse (0.0241),True,True
c:\Users\Alan\python\MMIP\week3\data\Dataset\dog\dog (1466).jpeg,dog,0.7645,dog,0.7645,dog (0.7645),cat (0.0899),chicken (0.0547),cow (0.0172),horse (0.0157),True,True
c:\Users\Alan\python\MMIP\week3\data\Dataset\dog\dog (4850).jpeg,dog,0.7605,dog,0.7605,dog (0.7605),cat (0.0388),chicken (0.0349),cow (0.0329),spider (0.0318),True,True
c:\Users\Alan\python\MMIP\week3\data\Dataset\dog\dog (3975).jpeg,dog,0.9276,dog,0.9276,dog (0.9276),elephant (0.0151),cow (0.0137),horse (0.0099),chicken (0.0087),True,True
c:\Users\Alan\python\MMIP\week3\data\Dataset\dog\dog (4858).jpeg,dog,0.6795,dog,0.6795,dog (0.6795),cat (0.1046),sheep (0.0875),cow (0.0459),chicken (0.0173),True,True
c:\Users\Alan\python\MMIP\week3\data\Dataset\dog\dog (4505).jpeg,dog,0.6418,dog,0.6418,dog (0.6418),cat (0.1942),squirrel (0.0263),spider (0.0254),chicken (0.0213),True,True
c:\Users\Alan\python\MMIP\week3\data\Dataset\dog\dog (563).jpeg,dog,0.8528,dog,0.8528,dog (0.8528),cow (0.0373),sheep (0.0308),horse (0.0260),cat (0.0149),True,True
c:\Users\Alan\python\MMIP\week3\data\Dataset\dog\dog (3754).jpeg,dog,0.4432,dog,0.4432,dog (0.4432),cat (0.3559),elephant (0.0511),cow (0.0416),horse (0.0270),True,True
c:\Users\Alan\python\MMIP\week3\data\Dataset\dog\dog (3550).jpeg,dog,0.8947,dog,0.8947,dog (0.8947),spider (0.0180),horse (0.0147),elephant (0.0130),chicken (0.0123),True,True
c:\Users\Alan\python\MMIP\week3\data\Dataset\dog\dog (2294).jpeg,dog,0.7401,dog,0.7401,dog (0.7401),spider (0.0787),horse (0.0532),squirrel (0.0247),chicken (0.0228),True,True
c:\Users\Alan\python\MMIP\week3\data\Dataset\dog\dog (2485).jpeg,dog,0.7832,dog,0.7832,dog (0.7832),sheep (0.0439),butterfly (0.0316),spider (0.0268),cow (0.0257),True,True
c:\Users\Alan\python\MMIP\week3\data\Dataset\dog\dog (1481).jpeg,dog,0.7475,dog,0.7475,dog (0.7475),butterfly (0.0638),sheep (0.0583),cow (0.0416),horse (0.0195),True,True
c:\Users\Alan\python\MMIP\week3\data\Dataset\dog\dog (4539).jpeg,dog,0.7039,dog,0.7039,dog (0.7039),cow (0.0807),horse (0.0675),elephant (0.0571),sheep (0.0207),True,True
c:\Users\Alan\python\MMIP\week3\data\Dataset\dog\dog (4145).jpeg,dog,0.9037,dog,0.9037,dog (0.9037),spider (0.0255),squirrel (0.0168),sheep (0.0150),chicken (0.0114),True,True
c:\Users\Alan\python\MMIP\week3\data\Dataset\dog\dog (3561).jpeg,dog,0.843,dog,0.843,dog (0.8430),chicken (0.0428),cat (0.0213),squirrel (0.0187),butterfly (0.0187),True,True
c:\Users\Alan\python\MMIP\week3\data\Dataset\dog\dog (403).jpeg,dog,0.8429,dog,0.8429,dog (0.8429),spider (0.0294),chicken (0.0286),cat (0.0213),horse (0.0202),True,True
c:\Users\Alan\python\MMIP\week3\data\Dataset\dog\dog (3866).jpeg,dog,0.9836,dog,0.9836,dog (0.9836),chicken (0.0040),cat (0.0028),horse (0.0024),squirrel (0.0019),True,True
c:\Users\Alan\python\MMIP\week3\data\Dataset\dog\dog (2594).jpeg,dog,0.8809,dog,0.8809,dog (0.8809),spider (0.0230),cat (0.0176),butterfly (0.0149),squirrel (0.0143),True,True
c:\Users\Alan\python\MMIP\week3\data\Dataset\dog\dog (1727).jpeg,dog,0.7692,dog,0.7692,dog (0.7692),squirrel (0.0838),chicken (0.0321),spider (0.0209),elephant (0.0197),True,True
c:\Users\Alan\python\MMIP\week3\data\Dataset\dog\dog (1948).jpeg,dog,0.5846,dog,0.5846,dog (0.5846),horse (0.2628),cat (0.0309),chicken (0.0248),butterfly (0.0195),True,True
c:\Users\Alan\python\MMIP\week3\data\Dataset\dog\dog (3624).jpeg,dog,0.3007,dog,0.3007,dog (0.3007),horse (0.2256),chicken (0.1684),cow (0.0844),elephant (0.0629),True,True
c:\Users\Alan\python\MMIP\week3\data\Dataset\dog\dog (1541).jpeg,dog,0.5555,dog,0.5555,dog (0.5555),horse (0.3013),cow (0.0425),elephant (0.0226),sheep (0.0168),True,True
c:\Users\Alan\python\MMIP\week3\data\Dataset\dog\dog (4827).jpeg,dog,0.8497,dog,0.8497,dog (0.8497),cat (0.0515),chicken (0.0227),squirrel (0.0211),sheep (0.0147),True,True
c:\Users\Alan\python\MMIP\week3\data\Dataset\dog\dog (3701).jpeg,dog,0.197,cat,0.3284,cat (0.3284),squirrel (0.2898),dog (0.1970),spider (0.0626),chicken (0.0340),False,True
c:\Users\Alan\python\MMIP\week3\data\Dataset\dog\dog (1087).jpeg,dog,0.8999,dog,0.8999,dog (0.8999),horse (0.0235),elephant (0.0185),cow (0.0175),spider (0.0096),True,True
c:\Users\Alan\python\MMIP\week3\data\Dataset\dog\dog (2579).jpeg,dog,0.7574,dog,0.7574,dog (0.7574),cat (0.0720),cow (0.0517),butterfly (0.0388),chicken (0.0230),True,True
c:\Users\Alan\python\MMIP\week3\data\Dataset\dog\dog (241).jpeg,dog,0.8972,dog,0.8972,dog (0.8972),sheep (0.0251),spider (0.0169),chicken (0.0125),elephant (0.0096),True,True
c:\Users\Alan\python\MMIP\week3\data\Dataset\dog\dog (599).jpeg,dog,0.7726,dog,0.7726,dog (0.7726),horse (0.0651),sheep (0.0505),elephant (0.0219),cow (0.0192),True,True
c:\Users\Alan\python\MMIP\week3\data\Dataset\dog\dog (2043).jpeg,dog,0.9477,dog,0.9477,dog (0.9477),cat (0.0180),sheep (0.0075),butterfly (0.0061),horse (0.0046),True,True
c:\Users\Alan\python\MMIP\week3\data\Dataset\dog\dog (4365).jpeg,dog,0.8059,dog,0.8059,dog (0.8059),cat (0.0819),sheep (0.0317),cow (0.0163),horse (0.0152),True,True
c:\Users\Alan\python\MMIP\week3\data\Dataset\dog\dog (569).jpeg,dog,0.7821,dog,0.7821,dog (0.7821),spider (0.0400),squirrel (0.0291),butterfly (0.0287),cat (0.0277),True,True
c:\Users\Alan\python\MMIP\week3\data\Dataset\dog\dog (3931).jpeg,dog,0.655,dog,0.655,dog (0.6550),squirrel (0.0895),cow (0.0456),elephant (0.0436),butterfly (0.0335),True,True
c:\Users\Alan\python\MMIP\week3\data\Dataset\dog\dog (4426).jpeg,dog,0.8517,dog,0.8517,dog (0.8517),spider (0.0262),squirrel (0.0232),butterfly (0.0221),cat (0.0194),True,True
c:\Users\Alan\python\MMIP\week3\data\Dataset\dog\dog (3460).jpeg,dog,0.8621,dog,0.8621,dog (0.8621),cow (0.0264),horse (0.0254),spider (0.0236),sheep (0.0136),True,True
c:\Users\Alan\python\MMIP\week3\data\Dataset\dog\dog (832).jpeg,dog,0.754,dog,0.754,dog (0.7540),horse (0.1051),chicken (0.0298),cow (0.0267),elephant (0.0208),True,True
c:\Users\Alan\python\MMIP\week3\data\Dataset\dog\dog (3386).jpeg,dog,0.8912,dog,0.8912,dog (0.8912),spider (0.0204),butterfly (0.0196),elephant (0.0125),horse (0.0120),True,True
c:\Users\Alan\python\MMIP\week3\data\Dataset\dog\dog (2463).jpeg,dog,0.9197,dog,0.9197,dog (0.9197),horse (0.0163),spider (0.0141),chicken (0.0110),cow (0.0104),True,True
c:\Users\Alan\python\MMIP\week3\data\Dataset\dog\dog (3888).jpeg,dog,0.8992,dog,0.8992,dog (0.8992),cat (0.0320),chicken (0.0156),cow (0.0133),horse (0.0093),True,True
c:\Users\Alan\python\MMIP\week3\data\Dataset\dog\dog (4031).jpeg,dog,0.8658,dog,0.8658,dog (0.8658),chicken (0.0323),sheep (0.0244),butterfly (0.0191),spider (0.0161),True,True
c:\Users\Alan\python\MMIP\week3\data\Dataset\dog\dog (1785).jpeg,dog,0.7909,dog,0.7909,dog (0.7909),cat (0.0543),sheep (0.0332),horse (0.0243),chicken (0.0241),True,True
c:\Users\Alan\python\MMIP\week3\data\Dataset\dog\dog (364).jpeg,dog,0.3875,dog,0.3875,dog (0.3875),sheep (0.2228),elephant (0.1470),cow (0.0874),spider (0.0727),True,True
c:\Users\Alan\python\MMIP\week3\data\Dataset\dog\dog (2841).jpeg,dog,0.8998,dog,0.8998,dog (0.8998),cat (0.0202),spider (0.0196),cow (0.0120),butterfly (0.0109),True,True
c:\Users\Alan\python\MMIP\week3\data\Dataset\dog\dog (479).jpeg,dog,0.955,dog,0.955,dog (0.9550),cat (0.0135),squirrel (0.0071),chicken (0.0045),spider (0.0038),True,True
c:\Users\Alan\python\MMIP\week3\data\Dataset\dog\dog (3978).jpeg,dog,0.7562,dog,0.7562,dog (0.7562),cow (0.1134),spider (0.0363),chicken (0.0203),butterfly (0.0195),True,True
c:\Users\Alan\python\MMIP\week3\data\Dataset\dog\dog (1597).jpeg,dog,0.8665,dog,0.8665,dog (0.8665),sheep (0.0486),spider (0.0183),cow (0.0159),butterfly (0.0116),True,True
c:\Users\Alan\python\MMIP\week3\data\Dataset\dog\dog (2349).jpeg,dog,0.3614,dog,0.3614,dog (0.3614),cat (0.3558),horse (0.0743),chicken (0.0697),elephant (0.0423),True,True
c:\Users\Alan\python\MMIP\week3\data\Dataset\dog\dog (852).jpeg,dog,0.7503,dog,0.7503,dog (0.7503),sheep (0.0568),chicken (0.0406),elephant (0.0382),squirrel (0.0328),True,True
c:\Users\Alan\python\MMIP\week3\data\Dataset\dog\dog (851).jpeg,dog,0.94,dog,0.94,dog (0.9400),cat (0.0184),spider (0.0070),butterfly (0.0065),sheep (0.0060),True,True
c:\Users\Alan\python\MMIP\week3\data\Dataset\dog\dog (1616).jpeg,dog,0.9097,dog,0.9097,dog (0.9097),spider (0.0213),elephant (0.0204),butterfly (0.0109),cat (0.0100),True,True
c:\Users\Alan\python\MMIP\week3\data\Dataset\dog\dog (4318).jpeg,dog,0.9409,dog,0.9409,dog (0.9409),horse (0.0113),spider (0.0097),chicken (0.0090),squirrel (0.0067),True,True
c:\Users\Alan\python\MMIP\week3\data\Dataset\dog\dog (4632).jpeg,dog,0.9391,dog,0.9391,dog (0.9391),horse (0.0178),elephant (0.0082),spider (0.0071),sheep (0.0066),True,True
c:\Users\Alan\python\MMIP\week3\data\Dataset\dog\dog (2586).jpeg,dog,0.8408,dog,0.8408,dog (0.8408),chicken (0.0374),elephant (0.0256),spider (0.0174),sheep (0.0172),True,True
c:\Users\Alan\python\MMIP\week3\data\Dataset\dog\dog (1202).jpeg,dog,0.7917,dog,0.7917,dog (0.7917),elephant (0.0663),horse (0.0277),cow (0.0246),spider (0.0231),True,True
c:\Users\Alan\python\MMIP\week3\data\Dataset\dog\dog (1542).jpeg,dog,0.778,dog,0.778,dog (0.7780),cat (0.0799),sheep (0.0316),spider (0.0252),chicken (0.0213),True,True
c:\Users\Alan\python\MMIP\week3\data\Dataset\dog\dog (3059).jpeg,dog,0.7269,dog,0.7269,dog (0.7269),cat (0.1232),spider (0.0433),squirrel (0.0276),butterfly (0.0181),True,True
c:\Users\Alan\python\MMIP\week3\data\Dataset\dog\dog (15).jpeg,dog,0.8809,dog,0.8809,dog (0.8809),spider (0.0194),chicken (0.0185),elephant (0.0172),butterfly (0.0134),True,True
c:\Users\Alan\python\MMIP\week3\data\Dataset\dog\dog (3456).jpeg,dog,0.9241,dog,0.9241,dog (0.9241),spider (0.0133),butterfly (0.0114),cat (0.0107),chicken (0.0084),True,True
c:\Users\Alan\python\MMIP\week3\data\Dataset\dog\dog (4598).jpeg,dog,0.8132,dog,0.8132,dog (0.8132),cat (0.0779),spider (0.0371),chicken (0.0183),squirrel (0.0176),True,True
c:\Users\Alan\python\MMIP\week3\data\Dataset\dog\dog (265).jpeg,dog,0.8767,dog,0.8767,dog (0.8767),spider (0.0255),squirrel (0.0238),butterfly (0.0216),cat (0.0117),True,True
c:\Users\Alan\python\MMIP\week3\data\Dataset\dog\dog (1275).jpeg,dog,0.6928,dog,0.6928,dog (0.6928),cat (0.1919),spider (0.0294),cow (0.0186),chicken (0.0181),True,True
c:\Users\Alan\python\MMIP\week3\data\Dataset\dog\dog (924).jpeg,dog,0.8163,dog,0.8163,dog (0.8163),cow (0.0780),chicken (0.0271),spider (0.0206),cat (0.0125),True,True
c:\Users\Alan\python\MMIP\week3\data\Dataset\dog\dog (2888).jpeg,dog,0.4078,dog,0.4078,dog (0.4078),cat (0.1259),chicken (0.0952),sheep (0.0855),spider (0.0706),True,True
c:\Users\Alan\python\MMIP\week3\data\Dataset\dog\dog (3033).jpeg,dog,0.878,dog,0.878,dog (0.8780),horse (0.0234),spider (0.0221),elephant (0.0210),cow (0.0136),True,True
c:\Users\Alan\python\MMIP\week3\data\Dataset\dog\dog (4189).jpeg,dog,0.0757,cat,0.7364,cat (0.7364),dog (0.0757),sheep (0.0361),squirrel (0.0348),chicken (0.0329),False,True
c:\Users\Alan\python\MMIP\week3\data\Dataset\dog\dog (4363).jpeg,dog,0.8233,dog,0.8233,dog (0.8233),spider (0.0720),butterfly (0.0221),horse (0.0192),squirrel (0.0150),True,True
c:\Users\Alan\python\MMIP\week3\data\Dataset\dog\dog (702).jpeg,dog,0.0847,chicken,0.3173,chicken (0.3173),cat (0.2218),elephant (0.1590),dog (0.0847),butterfly (0.0647),False,True
c:\Users\Alan\python\MMIP\week3\data\Dataset\dog\dog (3961).jpeg,dog,0.4985,dog,0.4985,dog (0.4985),cat (0.2517),horse (0.1084),elephant (0.0384),cow (0.0265),True,True
c:\Users\Alan\python\MMIP\week3\data\Dataset\dog\dog (1352).jpeg,dog,0.2042,squirrel,0.4734,squirrel (0.4734),dog (0.2042),cat (0.1386),chicken (0.0544),cow (0.0413),False,True
c:\Users\Alan\python\MMIP\week3\data\Dataset\dog\dog (1225).jpeg,dog,0.8859,dog,0.8859,dog (0.8859),spider (0.0220),horse (0.0216),cow (0.0174),elephant (0.0136),True,True
c:\Users\Alan\python\MMIP\week3\data\Dataset\dog\dog (2185).jpeg,dog,0.9616,dog,0.9616,dog (0.9616),horse (0.0120),cat (0.0050),cow (0.0044),butterfly (0.0034),True,True
c:\Users\Alan\python\MMIP\week3\data\Dataset\dog\dog (2976).jpeg,dog,0.8728,dog,0.8728,dog (0.8728),spider (0.0239),elephant (0.0206),butterfly (0.0160),chicken (0.0154),True,True
c:\Users\Alan\python\MMIP\week3\data\Dataset\dog\dog (447).jpeg,dog,0.9002,dog,0.9002,dog (0.9002),horse (0.0196),cat (0.0170),chicken (0.0138),spider (0.0110),True,True
c:\Users\Alan\python\MMIP\week3\data\Dataset\dog\dog (1538).jpeg,dog,0.8948,dog,0.8948,dog (0.8948),chicken (0.0201),cow (0.0198),sheep (0.0139),cat (0.0120),True,True
c:\Users\Alan\python\MMIP\week3\data\Dataset\dog\dog (1742).jpeg,dog,0.4563,dog,0.4563,dog (0.4563),cat (0.1430),sheep (0.0776),squirrel (0.0748),horse (0.0732),True,True
c:\Users\Alan\python\MMIP\week3\data\Dataset\dog\dog (1171).jpeg,dog,0.7842,dog,0.7842,dog (0.7842),cow (0.0527),horse (0.0468),spider (0.0278),cat (0.0225),True,True
c:\Users\Alan\python\MMIP\week3\data\Dataset\dog\dog (2679).jpeg,dog,0.894,dog,0.894,dog (0.8940),cow (0.0236),horse (0.0225),elephant (0.0140),cat (0.0125),True,True
c:\Users\Alan\python\MMIP\week3\data\Dataset\dog\dog (230).jpeg,dog,0.6691,dog,0.6691,dog (0.6691),butterfly (0.1805),horse (0.0354),cow (0.0351),chicken (0.0205),True,True
c:\Users\Alan\python\MMIP\week3\data\Dataset\dog\dog (1049).jpeg,dog,0.9259,dog,0.9259,dog (0.9259),horse (0.0156),elephant (0.0104),cow (0.0101),spider (0.0080),True,True
c:\Users\Alan\python\MMIP\week3\data\Dataset\dog\dog (2987).jpeg,dog,0.2321,cow,0.6209,cow (0.6209),dog (0.2321),spider (0.0340),sheep (0.0320),chicken (0.0241),False,True
c:\Users\Alan\python\MMIP\week3\data\Dataset\dog\dog (1319).jpeg,dog,0.7582,dog,0.7582,dog (0.7582),cat (0.0951),chicken (0.0310),spider (0.0280),horse (0.0260),True,True
c:\Users\Alan\python\MMIP\week3\data\Dataset\dog\dog (2276).jpeg,dog,0.8496,dog,0.8496,dog (0.8496),chicken (0.0317),elephant (0.0268),cat (0.0227),sheep (0.0178),True,True
c:\Users\Alan\python\MMIP\week3\data\Dataset\dog\dog (3192).jpeg,dog,0.5161,dog,0.5161,dog (0.5161),cow (0.1866),cat (0.0915),sheep (0.0586),chicken (0.0418),True,True
c:\Users\Alan\python\MMIP\week3\data\Dataset\dog\dog (2780).jpeg,dog,0.83,dog,0.83,dog (0.8300),chicken (0.0459),cow (0.0385),sheep (0.0180),squirrel (0.0170),True,True
c:\Users\Alan\python\MMIP\week3\data\Dataset\dog\dog (2751).jpeg,dog,0.4432,dog,0.4432,dog (0.4432),cow (0.2604),chicken (0.0765),cat (0.0681),horse (0.0341),True,True
c:\Users\Alan\python\MMIP\week3\data\Dataset\dog\dog (158).jpeg,dog,0.8613,dog,0.8613,dog (0.8613),cat (0.0743),butterfly (0.0119),cow (0.0109),chicken (0.0091),True,True
c:\Users\Alan\python\MMIP\week3\data\Dataset\dog\dog (387).jpeg,dog,0.89,dog,0.89,dog (0.8900),sheep (0.0366),cow (0.0189),cat (0.0183),horse (0.0088),True,True
c:\Users\Alan\python\MMIP\week3\data\Dataset\dog\dog (227).jpeg,dog,0.6638,dog,0.6638,dog (0.6638),cat (0.1178),spider (0.0449),sheep (0.0443),cow (0.0417),True,True
c:\Users\Alan\python\MMIP\week3\data\Dataset\dog\dog (66).jpeg,dog,0.7041,dog,0.7041,dog (0.7041),cat (0.1268),squirrel (0.0453),chicken (0.0344),cow (0.0214),True,True
c:\Users\Alan\python\MMIP\week3\data\Dataset\dog\dog (2552).jpeg,dog,0.7569,dog,0.7569,dog (0.7569),sheep (0.1379),spider (0.0223),chicken (0.0178),cat (0.0157),True,True
c:\Users\Alan\python\MMIP\week3\data\Dataset\dog\dog (136).jpeg,dog,0.8739,dog,0.8739,dog (0.8739),spider (0.0344),cat (0.0183),horse (0.0142),squirrel (0.0121),True,True
c:\Users\Alan\python\MMIP\week3\data\Dataset\dog\dog (289).jpeg,dog,0.673,dog,0.673,dog (0.6730),cat (0.1600),chicken (0.0346),squirrel (0.0291),spider (0.0275),True,True
c:\Users\Alan\python\MMIP\week3\data\Dataset\dog\dog (501).jpeg,dog,0.8405,dog,0.8405,dog (0.8405),chicken (0.0342),cow (0.0341),cat (0.0297),spider (0.0142),True,True
c:\Users\Alan\python\MMIP\week3\data\Dataset\dog\dog (774).jpeg,dog,0.6027,dog,0.6027,dog (0.6027),chicken (0.2606),sheep (0.0238),spider (0.0226),elephant (0.0185),True,True
c:\Users\Alan\python\MMIP\week3\data\Dataset\dog\dog (4045).jpeg,dog,0.6986,dog,0.6986,dog (0.6986),chicken (0.0988),horse (0.0719),cow (0.0325),butterfly (0.0255),True,True
c:\Users\Alan\python\MMIP\week3\data\Dataset\dog\dog (3521).jpeg,dog,0.8793,dog,0.8793,dog (0.8793),horse (0.0408),sheep (0.0230),cow (0.0114),spider (0.0110),True,True
c:\Users\Alan\python\MMIP\week3\data\Dataset\dog\dog (2465).jpeg,dog,0.5004,dog,0.5004,dog (0.5004),horse (0.2508),cow (0.0743),sheep (0.0568),chicken (0.0241),True,True
c:\Users\Alan\python\MMIP\week3\data\Dataset\dog\dog (2176).jpeg,dog,0.6254,dog,0.6254,dog (0.6254),chicken (0.2390),cow (0.0245),butterfly (0.0239),cat (0.0195),True,True
c:\Users\Alan\python\MMIP\week3\data\Dataset\dog\dog (3913).jpeg,dog,0.8671,dog,0.8671,dog (0.8671),spider (0.0210),elephant (0.0196),chicken (0.0164),cow (0.0158),True,True
c:\Users\Alan\python\MMIP\week3\data\Dataset\dog\dog (1979).jpeg,dog,0.7152,dog,0.7152,dog (0.7152),cat (0.1527),elephant (0.0266),squirrel (0.0238),chicken (0.0203),True,True
c:\Users\Alan\python\MMIP\week3\data\Dataset\dog\dog (748).jpeg,dog,0.6646,dog,0.6646,dog (0.6646),squirrel (0.1400),chicken (0.0429),sheep (0.0372),spider (0.0300),True,True
c:\Users\Alan\python\MMIP\week3\data\Dataset\dog\dog (1093).jpeg,dog,0.7867,dog,0.7867,dog (0.7867),horse (0.0680),cow (0.0423),squirrel (0.0212),elephant (0.0199),True,True
c:\Users\Alan\python\MMIP\week3\data\Dataset\dog\dog (3581).jpeg,dog,0.7425,dog,0.7425,dog (0.7425),cat (0.0750),cow (0.0712),horse (0.0288),squirrel (0.0238),True,True
c:\Users\Alan\python\MMIP\week3\data\Dataset\dog\dog (3991).jpeg,dog,0.8455,dog,0.8455,dog (0.8455),cat (0.0265),cow (0.0247),spider (0.0221),horse (0.0200),True,True
c:\Users\Alan\python\MMIP\week3\data\Dataset\dog\dog (2957).jpeg,dog,0.8295,dog,0.8295,dog (0.8295),horse (0.0407),spider (0.0349),squirrel (0.0327),cow (0.0156),True,True
c:\Users\Alan\python\MMIP\week3\data\Dataset\dog\dog (1460).jpeg,dog,0.1458,squirrel,0.3801,squirrel (0.3801),cat (0.1912),spider (0.1600),dog (0.1458),chicken (0.0313),False,True
c:\Users\Alan\python\MMIP\week3\data\Dataset\dog\dog (3315).jpeg,dog,0.7262,dog,0.7262,dog (0.7262),squirrel (0.0902),spider (0.0693),chicken (0.0320),sheep (0.0174),True,True
c:\Users\Alan\python\MMIP\week3\data\Dataset\dog\dog (3759).jpeg,dog,0.7763,dog,0.7763,dog (0.7763),sheep (0.0495),chicken (0.0405),cow (0.0313),spider (0.0276),True,True
c:\Users\Alan\python\MMIP\week3\data\Dataset\dog\dog (2702).jpeg,dog,0.9143,dog,0.9143,dog (0.9143),chicken (0.0161),spider (0.0112),butterfly (0.0092),horse (0.0091),True,True
c:\Users\Alan\python\MMIP\week3\data\Dataset\dog\dog (4836).jpeg,dog,0.3829,horse,0.5006,horse (0.5006),dog (0.3829),elephant (0.0342),cow (0.0235),sheep (0.0149),False,True
c:\Users\Alan\python\MMIP\week3\data\Dataset\dog\dog (68).jpeg,dog,0.863,dog,0.863,dog (0.8630),spider (0.0285),cat (0.0270),sheep (0.0228),chicken (0.0150),True,True
c:\Users\Alan\python\MMIP\week3\data\Dataset\dog\dog (4284).jpeg,dog,0.1586,spider,0.3124,spider (0.3124),dog (0.1586),cat (0.1144),horse (0.1037),butterfly (0.0941),False,True
c:\Users\Alan\python\MMIP\week3\data\Dataset\dog\dog (16).jpeg,dog,0.8192,dog,0.8192,dog (0.8192),horse (0.0641),butterfly (0.0322),squirrel (0.0242),spider (0.0239),True,True
c:\Users\Alan\python\MMIP\week3\data\Dataset\dog\dog (1757).jpeg,dog,0.0195,cow,0.876,cow (0.8760),chicken (0.0329),sheep (0.0249),dog (0.0195),spider (0.0112),False,True
c:\Users\Alan\python\MMIP\week3\data\Dataset\dog\dog (3189).jpeg,dog,0.2014,chicken,0.2254,chicken (0.2254),dog (0.2014),elephant (0.1608),squirrel (0.1167),cow (0.1160),False,True
c:\Users\Alan\python\MMIP\week3\data\Dataset\dog\dog (4170).jpeg,dog,0.8681,dog,0.8681,dog (0.8681),cow (0.0255),cat (0.0218),spider (0.0196),horse (0.0171),True,True
c:\Users\Alan\python\MMIP\week3\data\Dataset\dog\dog (3259).jpeg,dog,0.7571,dog,0.7571,dog (0.7571),elephant (0.0478),horse (0.0451),cow (0.0400),spider (0.0254),True,True
c:\Users\Alan\python\MMIP\week3\data\Dataset\dog\dog (3405).jpeg,dog,0.6762,dog,0.6762,dog (0.6762),spider (0.0857),horse (0.0849),cow (0.0531),butterfly (0.0286),True,True
c:\Users\Alan\python\MMIP\week3\data\Dataset\dog\dog (2630).jpeg,dog,0.016,chicken,0.8297,chicken (0.8297),spider (0.0474),cow (0.0339),sheep (0.0292),dog (0.0160),False,True
c:\Users\Alan\python\MMIP\week3\data\Dataset\dog\dog (186).jpeg,dog,0.2572,cow,0.3595,cow (0.3595),dog (0.2572),horse (0.2040),chicken (0.0714),sheep (0.0416),False,True
c:\Users\Alan\python\MMIP\week3\data\Dataset\dog\dog (3113).jpeg,dog,0.6053,dog,0.6053,dog (0.6053),horse (0.1738),cow (0.0911),butterfly (0.0307),spider (0.0275),True,True
c:\Users\Alan\python\MMIP\week3\data\Dataset\dog\dog (4644).jpeg,dog,0.8855,dog,0.8855,dog (0.8855),horse (0.0449),elephant (0.0166),cow (0.0120),sheep (0.0098),True,True
c:\Users\Alan\python\MMIP\week3\data\Dataset\dog\dog (405).jpeg,dog,0.5204,dog,0.5204,dog (0.5204),horse (0.1690),cow (0.1298),sheep (0.0526),chicken (0.0355),True,True
c:\Users\Alan\python\MMIP\week3\data\Dataset\dog\dog (4643).jpeg,dog,0.4392,dog,0.4392,dog (0.4392),cow (0.4018),horse (0.0337),chicken (0.0269),elephant (0.0264),True,True
c:\Users\Alan\python\MMIP\week3\data\Dataset\dog\dog (3597).jpeg,dog,0.8558,dog,0.8558,dog (0.8558),spider (0.0253),butterfly (0.0200),elephant (0.0195),chicken (0.0166),True,True
c:\Users\Alan\python\MMIP\week3\data\Dataset\dog\dog (4834).jpeg,dog,0.73,dog,0.73,dog (0.7300),elephant (0.1195),cat (0.0403),sheep (0.0376),horse (0.0230),True,True
c:\Users\Alan\python\MMIP\week3\data\Dataset\dog\dog (196).jpeg,dog,0.96,dog,0.96,dog (0.9600),spider (0.0088),squirrel (0.0066),butterfly (0.0064),cow (0.0045),True,True
c:\Users\Alan\python\MMIP\week3\data\Dataset\dog\dog (3132).jpeg,dog,0.1697,spider,0.2207,spider (0.2207),butterfly (0.1726),dog (0.1697),sheep (0.1562),squirrel (0.0810),False,True
c:\Users\Alan\python\MMIP\week3\data\Dataset\dog\dog (3582).jpeg,dog,0.9157,dog,0.9157,dog (0.9157),cat (0.0289),chicken (0.0112),spider (0.0092),butterfly (0.0084),True,True
c:\Users\Alan\python\MMIP\week3\data\Dataset\dog\dog (1827).jpeg,dog,0.6463,dog,0.6463,dog (0.6463),cat (0.2400),sheep (0.0252),chicken (0.0206),cow (0.0172),True,True
c:\Users\Alan\python\MMIP\week3\data\Dataset\dog\dog (1758).jpeg,dog,0.8212,dog,0.8212,dog (0.8212),cat (0.0349),spider (0.0282),chicken (0.0193),squirrel (0.0185),True,True
c:\Users\Alan\python\MMIP\week3\data\Dataset\dog\dog (922).jpeg,dog,0.9317,dog,0.9317,dog (0.9317),spider (0.0126),elephant (0.0096),horse (0.0082),cow (0.0079),True,True
c:\Users\Alan\python\MMIP\week3\data\Dataset\dog\dog (3464).jpeg,dog,0.9196,dog,0.9196,dog (0.9196),chicken (0.0235),sheep (0.0108),horse (0.0088),spider (0.0083),True,True
c:\Users\Alan\python\MMIP\week3\data\Dataset\dog\dog (995).jpeg,dog,0.9224,dog,0.9224,dog (0.9224),chicken (0.0100),cat (0.0097),elephant (0.0095),spider (0.0093),True,True
c:\Users\Alan\python\MMIP\week3\data\Dataset\dog\dog (4677).jpeg,dog,0.8739,dog,0.8739,dog (0.8739),cat (0.0550),spider (0.0134),squirrel (0.0133),chicken (0.0125),True,True
c:\Users\Alan\python\MMIP\week3\data\Dataset\dog\dog (3856).jpeg,dog,0.8941,dog,0.8941,dog (0.8941),chicken (0.0190),spider (0.0150),sheep (0.0134),cat (0.0126),True,True
c:\Users\Alan\python\MMIP\week3\data\Dataset\dog\dog (664).jpeg,dog,0.6138,dog,0.6138,dog (0.6138),cat (0.2400),chicken (0.0351),sheep (0.0329),cow (0.0212),True,True
c:\Users\Alan\python\MMIP\week3\data\Dataset\dog\dog (1238).jpeg,dog,0.8626,dog,0.8626,dog (0.8626),cat (0.0570),chicken (0.0171),sheep (0.0135),elephant (0.0134),True,True
c:\Users\Alan\python\MMIP\week3\data\Dataset\dog\dog (617).jpeg,dog,0.9507,dog,0.9507,dog (0.9507),spider (0.0131),elephant (0.0083),cat (0.0055),horse (0.0046),True,True
c:\Users\Alan\python\MMIP\week3\data\Dataset\dog\dog (2414).jpeg,dog,0.6115,dog,0.6115,dog (0.6115),sheep (0.1150),spider (0.0913),cat (0.0672),horse (0.0333),True,True
c:\Users\Alan\python\MMIP\week3\data\Dataset\dog\dog (3687).jpeg,dog,0.4449,dog,0.4449,dog (0.4449),cat (0.3956),sheep (0.0462),chicken (0.0269),horse (0.0228),True,True
c:\Users\Alan\python\MMIP\week3\data\Dataset\dog\dog (4116).jpeg,dog,0.9145,dog,0.9145,dog (0.9145),cat (0.0276),horse (0.0109),squirrel (0.0101),spider (0.0077),True,True
c:\Users\Alan\python\MMIP\week3\data\Dataset\dog\dog (318).jpeg,dog,0.7677,dog,0.7677,dog (0.7677),sheep (0.0523),horse (0.0395),elephant (0.0356),cat (0.0285),True,True
c:\Users\Alan\python\MMIP\week3\data\Dataset\dog\dog (1097).jpeg,dog,0.7811,dog,0.7811,dog (0.7811),chicken (0.0765),squirrel (0.0384),horse (0.0231),elephant (0.0209),True,True
c:\Users\Alan\python\MMIP\week3\data\Dataset\dog\dog (2969).jpeg,dog,0.7171,dog,0.7171,dog (0.7171),horse (0.1030),sheep (0.0590),cow (0.0508),cat (0.0215),True,True
c:\Users\Alan\python\MMIP\week3\data\Dataset\dog\dog (1709).jpeg,dog,0.7551,dog,0.7551,dog (0.7551),elephant (0.0478),sheep (0.0471),spider (0.0311),horse (0.0229),True,True
c:\Users\Alan\python\MMIP\week3\data\Dataset\dog\dog (3860).jpeg,dog,0.5133,dog,0.5133,dog (0.5133),horse (0.2000),cow (0.0767),cat (0.0710),butterfly (0.0424),True,True
c:\Users\Alan\python\MMIP\week3\data\Dataset\dog\dog (3811).jpeg,dog,0.7353,dog,0.7353,dog (0.7353),cow (0.1401),squirrel (0.0295),sheep (0.0278),spider (0.0171),True,True
c:\Users\Alan\python\MMIP\week3\data\Dataset\dog\dog (4268).jpeg,dog,0.5846,dog,0.5846,dog (0.5846),butterfly (0.1300),cat (0.0992),cow (0.0487),chicken (0.0479),True,True
c:\Users\Alan\python\MMIP\week3\data\Dataset\dog\dog (911).jpeg,dog,0.845,dog,0.845,dog (0.8450),spider (0.0271),elephant (0.0251),chicken (0.0175),cow (0.0174),True,True
c:\Users\Alan\python\MMIP\week3\data\Dataset\dog\dog (2370).jpeg,dog,0.9331,dog,0.9331,dog (0.9331),horse (0.0191),chicken (0.0089),spider (0.0077),sheep (0.0064),True,True
c:\Users\Alan\python\MMIP\week3\data\Dataset\dog\dog (1048).jpeg,dog,0.8633,dog,0.8633,dog (0.8633),butterfly (0.0262),spider (0.0212),cat (0.0176),chicken (0.0161),True,True
c:\Users\Alan\python\MMIP\week3\data\Dataset\dog\dog (834).jpeg,dog,0.6583,dog,0.6583,dog (0.6583),cow (0.1203),horse (0.0970),elephant (0.0258),spider (0.0245),True,True
c:\Users\Alan\python\MMIP\week3\data\Dataset\dog\dog (4265).jpeg,dog,0.883,dog,0.883,dog (0.8830),cat (0.0370),cow (0.0171),horse (0.0127),spider (0.0106),True,True
c:\Users\Alan\python\MMIP\week3\data\Dataset\dog\dog (4147).jpeg,dog,0.7232,dog,0.7232,dog (0.7232),elephant (0.1315),horse (0.0591),sheep (0.0161),squirrel (0.0146),True,True
c:\Users\Alan\python\MMIP\week3\data\Dataset\dog\dog (3601).jpeg,dog,0.6347,dog,0.6347,dog (0.6347),cat (0.1007),sheep (0.0955),chicken (0.0779),squirrel (0.0236),True,True
c:\Users\Alan\python\MMIP\week3\data\Dataset\dog\dog (391).jpeg,dog,0.8588,dog,0.8588,dog (0.8588),spider (0.0306),sheep (0.0245),butterfly (0.0176),squirrel (0.0143),True,True
c:\Users\Alan\python\MMIP\week3\data\Dataset\dog\dog (2012).jpeg,dog,0.9434,dog,0.9434,dog (0.9434),horse (0.0170),spider (0.0096),squirrel (0.0053),cow (0.0047),True,True
c:\Users\Alan\python\MMIP\week3\data\Dataset\dog\dog (588).jpeg,dog,0.0608,cow,0.3452,cow (0.3452),horse (0.2921),elephant (0.1739),dog (0.0608),butterfly (0.0287),False,True
c:\Users\Alan\python\MMIP\week3\data\Dataset\dog\dog (3569).jpeg,dog,0.7156,dog,0.7156,dog (0.7156),cow (0.1369),cat (0.0521),horse (0.0238),sheep (0.0142),True,True
c:\Users\Alan\python\MMIP\week3\data\Dataset\dog\dog (2804).jpeg,dog,0.8366,dog,0.8366,dog (0.8366),cow (0.0602),horse (0.0254),squirrel (0.0190),sheep (0.0146),True,True
c:\Users\Alan\python\MMIP\week3\data\Dataset\dog\dog (1991).jpeg,dog,0.7103,dog,0.7103,dog (0.7103),horse (0.1267),sheep (0.0405),elephant (0.0328),cow (0.0306),True,True
c:\Users\Alan\python\MMIP\week3\data\Dataset\dog\dog (4863).jpeg,dog,0.9505,dog,0.9505,dog (0.9505),spider (0.0118),cat (0.0074),sheep (0.0061),chicken (0.0048),True,True
c:\Users\Alan\python\MMIP\week3\data\Dataset\dog\dog (3429).jpeg,dog,0.9164,dog,0.9164,dog (0.9164),cat (0.0167),spider (0.0163),chicken (0.0126),cow (0.0087),True,True
c:\Users\Alan\python\MMIP\week3\data\Dataset\dog\dog (476).jpeg,dog,0.213,cat,0.6687,cat (0.6687),dog (0.2130),squirrel (0.0439),chicken (0.0182),spider (0.0124),False,True
c:\Users\Alan\python\MMIP\week3\data\Dataset\dog\dog (388).jpeg,dog,0.4799,dog,0.4799,dog (0.4799),horse (0.3300),cow (0.0650),spider (0.0298),elephant (0.0213),True,True
c:\Users\Alan\python\MMIP\week3\data\Dataset\dog\dog (3623).jpeg,dog,0.7987,dog,0.7987,dog (0.7987),elephant (0.0688),horse (0.0342),cow (0.0272),squirrel (0.0156),True,True
c:\Users\Alan\python\MMIP\week3\data\Dataset\dog\dog (97).jpeg,dog,0.6282,dog,0.6282,dog (0.6282),cow (0.2044),horse (0.0551),cat (0.0386),chicken (0.0198),True,True
c:\Users\Alan\python\MMIP\week3\data\Dataset\dog\dog (1911).jpeg,dog,0.9162,dog,0.9162,dog (0.9162),spider (0.0138),chicken (0.0123),elephant (0.0119),squirrel (0.0111),True,True
c:\Users\Alan\python\MMIP\week3\data\Dataset\dog\dog (3936).jpeg,dog,0.8957,dog,0.8957,dog (0.8957),horse (0.0546),spider (0.0083),squirrel (0.0073),butterfly (0.0064),True,True
c:\Users\Alan\python\MMIP\week3\data\Dataset\dog\dog (863).jpeg,dog,0.8004,dog,0.8004,dog (0.8004),horse (0.0613),sheep (0.0295),cow (0.0257),spider (0.0247),True,True
c:\Users\Alan\python\MMIP\week3\data\Dataset\dog\dog (613).jpeg,dog,0.8178,dog,0.8178,dog (0.8178),cow (0.0437),spider (0.0272),horse (0.0263),elephant (0.0228),True,True
c:\Users\Alan\python\MMIP\week3\data\Dataset\dog\dog (4574).jpeg,dog,0.5483,dog,0.5483,dog (0.5483),horse (0.2267),cow (0.0786),spider (0.0255),sheep (0.0242),True,True
c:\Users\Alan\python\MMIP\week3\data\Dataset\dog\dog (634).jpeg,dog,0.6702,dog,0.6702,dog (0.6702),horse (0.1247),cow (0.0697),chicken (0.0377),spider (0.0207),True,True
c:\Users\Alan\python\MMIP\week3\data\Dataset\dog\dog (2852).jpeg,dog,0.6718,dog,0.6718,dog (0.6718),horse (0.1354),cow (0.0442),butterfly (0.0400),sheep (0.0291),True,True
c:\Users\Alan\python\MMIP\week3\data\Dataset\dog\dog (3250).jpeg,dog,0.8867,dog,0.8867,dog (0.8867),spider (0.0184),sheep (0.0138),butterfly (0.0138),chicken (0.0129),True,True
c:\Users\Alan\python\MMIP\week3\data\Dataset\dog\dog (4534).jpeg,dog,0.9797,dog,0.9797,dog (0.9797),cat (0.0039),butterfly (0.0033),spider (0.0025),squirrel (0.0023),True,True
c:\Users\Alan\python\MMIP\week3\data\Dataset\dog\dog (1992).jpeg,dog,0.0282,spider,0.6304,spider (0.6304),horse (0.1350),squirrel (0.0977),chicken (0.0292),dog (0.0282),False,True
c:\Users\Alan\python\MMIP\week3\data\Dataset\dog\dog (1528).jpeg,dog,0.841,dog,0.841,dog (0.8410),spider (0.0329),squirrel (0.0325),sheep (0.0174),cat (0.0149),True,True
c:\Users\Alan\python\MMIP\week3\data\Dataset\dog\dog (3680).jpeg,dog,0.6525,dog,0.6525,dog (0.6525),chicken (0.0917),horse (0.0839),sheep (0.0606),cow (0.0411),True,True
c:\Users\Alan\python\MMIP\week3\data\Dataset\dog\dog (2832).jpeg,dog,0.1266,cow,0.6271,cow (0.6271),dog (0.1266),sheep (0.1149),chicken (0.0388),horse (0.0331),False,True
c:\Users\Alan\python\MMIP\week3\data\Dataset\dog\dog (1092).jpeg,dog,0.7606,dog,0.7606,dog (0.7606),horse (0.1298),spider (0.0232),butterfly (0.0180),elephant (0.0175),True,True
c:\Users\Alan\python\MMIP\week3\data\Dataset\dog\dog (1199).jpeg,dog,0.8393,dog,0.8393,dog (0.8393),cat (0.0455),chicken (0.0288),spider (0.0198),squirrel (0.0151),True,True
c:\Users\Alan\python\MMIP\week3\data\Dataset\dog\dog (818).jpeg,dog,0.5782,dog,0.5782,dog (0.5782),elephant (0.2247),spider (0.0779),cat (0.0287),sheep (0.0210),True,True
c:\Users\Alan\python\MMIP\week3\data\Dataset\dog\dog (4832).jpeg,dog,0.9098,dog,0.9098,dog (0.9098),horse (0.0278),spider (0.0168),cow (0.0132),cat (0.0075),True,True
c:\Users\Alan\python\MMIP\week3\data\Dataset\dog\dog (2548).jpeg,dog,0.545,dog,0.545,dog (0.5450),squirrel (0.1123),chicken (0.1033),cow (0.0612),cat (0.0510),True,True
c:\Users\Alan\python\MMIP\week3\data\Dataset\dog\dog (1876).jpeg,dog,0.6883,dog,0.6883,dog (0.6883),cat (0.1747),squirrel (0.0243),chicken (0.0203),sheep (0.0195),True,True
c:\Users\Alan\python\MMIP\week3\data\Dataset\dog\dog (4050).jpeg,dog,0.8616,dog,0.8616,dog (0.8616),chicken (0.0270),cat (0.0231),sheep (0.0189),spider (0.0145),True,True
c:\Users\Alan\python\MMIP\week3\data\Dataset\dog\dog (1354).jpeg,dog,0.8597,dog,0.8597,dog (0.8597),cat (0.0320),spider (0.0243),butterfly (0.0165),chicken (0.0138),True,True
c:\Users\Alan\python\MMIP\week3\data\Dataset\dog\dog (2106).jpeg,dog,0.9719,dog,0.9719,dog (0.9719),chicken (0.0087),spider (0.0037),cat (0.0035),horse (0.0028),True,True
c:\Users\Alan\python\MMIP\week3\data\Dataset\dog\dog (4664).jpeg,dog,0.8369,dog,0.8369,dog (0.8369),chicken (0.0378),spider (0.0273),squirrel (0.0208),elephant (0.0175),True,True
c:\Users\Alan\python\MMIP\week3\data\Dataset\dog\dog (4087).jpeg,dog,0.8153,dog,0.8153,dog (0.8153),horse (0.0458),chicken (0.0251),cow (0.0247),elephant (0.0238),True,True
c:\Users\Alan\python\MMIP\week3\data\Dataset\dog\dog (2687).jpeg,dog,0.913,dog,0.913,dog (0.9130),cow (0.0127),sheep (0.0126),spider (0.0124),elephant (0.0108),True,True
c:\Users\Alan\python\MMIP\week3\data\Dataset\dog\dog (1777).jpeg,dog,0.0973,spider,0.6809,spider (0.6809),dog (0.0973),chicken (0.0705),butterfly (0.0478),cat (0.0315),False,True
c:\Users\Alan\python\MMIP\week3\data\Dataset\dog\dog (2242).jpeg,dog,0.8044,dog,0.8044,dog (0.8044),elephant (0.0611),cow (0.0388),horse (0.0327),chicken (0.0167),True,True
c:\Users\Alan\python\MMIP\week3\data\Dataset\dog\dog (2216).jpeg,dog,0.273,dog,0.273,dog (0.2730),cow (0.2377),horse (0.1463),sheep (0.1248),squirrel (0.0513),True,True
c:\Users\Alan\python\MMIP\week3\data\Dataset\dog\dog (1389).jpeg,dog,0.9277,dog,0.9277,dog (0.9277),cat (0.0270),sheep (0.0093),spider (0.0075),cow (0.0067),True,True
c:\Users\Alan\python\MMIP\week3\data\Dataset\dog\dog (3880).jpeg,dog,0.858,dog,0.858,dog (0.8580),cat (0.0577),horse (0.0225),squirrel (0.0105),spider (0.0103),True,True
c:\Users\Alan\python\MMIP\week3\data\Dataset\dog\dog (1703).jpeg,dog,0.6579,dog,0.6579,dog (0.6579),cow (0.1658),horse (0.0513),elephant (0.0392),sheep (0.0174),True,True
c:\Users\Alan\python\MMIP\week3\data\Dataset\dog\dog (2775).jpeg,dog,0.8937,dog,0.8937,dog (0.8937),sheep (0.0216),cow (0.0203),cat (0.0174),spider (0.0122),True,True
c:\Users\Alan\python\MMIP\week3\data\Dataset\dog\dog (340).jpeg,dog,0.6758,dog,0.6758,dog (0.6758),elephant (0.1725),spider (0.0337),squirrel (0.0267),cat (0.0260),True,True
c:\Users\Alan\python\MMIP\week3\data\Dataset\dog\dog (2378).jpeg,dog,0.8991,dog,0.8991,dog (0.8991),horse (0.0225),spider (0.0197),butterfly (0.0105),chicken (0.0091),True,True
c:\Users\Alan\python\MMIP\week3\data\Dataset\dog\dog (3260).jpeg,dog,0.8309,dog,0.8309,dog (0.8309),cat (0.0528),chicken (0.0463),spider (0.0237),squirrel (0.0144),True,True
c:\Users\Alan\python\MMIP\week3\data\Dataset\dog\dog (1018).jpeg,dog,0.8944,dog,0.8944,dog (0.8944),squirrel (0.0185),spider (0.0166),elephant (0.0154),butterfly (0.0126),True,True
c:\Users\Alan\python\MMIP\week3\data\Dataset\dog\dog (3089).jpeg,dog,0.9025,dog,0.9025,dog (0.9025),cow (0.0201),chicken (0.0169),squirrel (0.0131),spider (0.0105),True,True
c:\Users\Alan\python\MMIP\week3\data\Dataset\dog\dog (164).jpeg,dog,0.892,dog,0.892,dog (0.8920),horse (0.0164),chicken (0.0162),cow (0.0141),spider (0.0139),True,True
c:\Users\Alan\python\MMIP\week3\data\Dataset\dog\dog (4571).jpeg,dog,0.8211,dog,0.8211,dog (0.8211),cow (0.0562),sheep (0.0427),spider (0.0252),cat (0.0144),True,True
c:\Users\Alan\python\MMIP\week3\data\Dataset\dog\dog (304).jpeg,dog,0.9115,dog,0.9115,dog (0.9115),cat (0.0245),horse (0.0113),elephant (0.0112),cow (0.0103),True,True
c:\Users\Alan\python\MMIP\week3\data\Dataset\dog\dog (1079).jpeg,dog,0.488,dog,0.488,dog (0.4880),cow (0.1426),horse (0.1293),spider (0.0891),cat (0.0565),True,True
c:\Users\Alan\python\MMIP\week3\data\Dataset\dog\dog (2461).jpeg,dog,0.5435,dog,0.5435,dog (0.5435),cow (0.2783),chicken (0.0391),spider (0.0328),horse (0.0275),True,True
c:\Users\Alan\python\MMIP\week3\data\Dataset\dog\dog (4192).jpeg,dog,0.852,dog,0.852,dog (0.8520),cat (0.0400),sheep (0.0246),spider (0.0163),cow (0.0151),True,True
c:\Users\Alan\python\MMIP\week3\data\Dataset\dog\dog (1267).jpeg,dog,0.7601,dog,0.7601,dog (0.7601),sheep (0.1013),chicken (0.0306),squirrel (0.0296),cat (0.0206),True,True
c:\Users\Alan\python\MMIP\week3\data\Dataset\dog\dog (1970).jpeg,dog,0.8046,dog,0.8046,dog (0.8046),sheep (0.0554),elephant (0.0374),chicken (0.0228),spider (0.0177),True,True
c:\Users\Alan\python\MMIP\week3\data\Dataset\dog\dog (4297).jpeg,dog,0.9595,dog,0.9595,dog (0.9595),horse (0.0096),butterfly (0.0087),cow (0.0043),squirrel (0.0041),True,True
c:\Users\Alan\python\MMIP\week3\data\Dataset\dog\dog (804).jpeg,dog,0.9193,dog,0.9193,dog (0.9193),cat (0.0149),elephant (0.0133),sheep (0.0119),chicken (0.0101),True,True
c:\Users\Alan\python\MMIP\week3\data\Dataset\dog\dog (2041).jpeg,dog,0.8399,dog,0.8399,dog (0.8399),cat (0.0307),butterfly (0.0243),squirrel (0.0200),chicken (0.0194),True,True
c:\Users\Alan\python\MMIP\week3\data\Dataset\dog\dog (543).jpeg,dog,0.7364,dog,0.7364,dog (0.7364),cat (0.0943),spider (0.0468),horse (0.0339),chicken (0.0215),True,True
c:\Users\Alan\python\MMIP\week3\data\Dataset\dog\dog (2087).jpeg,dog,0.7821,dog,0.7821,dog (0.7821),spider (0.0388),butterfly (0.0364),elephant (0.0262),squirrel (0.0226),True,True
c:\Users\Alan\python\MMIP\week3\data\Dataset\dog\dog (2882).jpeg,dog,0.7865,dog,0.7865,dog (0.7865),chicken (0.0476),cow (0.0430),elephant (0.0386),cat (0.0215),True,True
c:\Users\Alan\python\MMIP\week3\data\Dataset\dog\dog (1716).jpeg,dog,0.6944,dog,0.6944,dog (0.6944),cat (0.1216),cow (0.0600),spider (0.0284),horse (0.0253),True,True
c:\Users\Alan\python\MMIP\week3\data\Dataset\dog\dog (3876).jpeg,dog,0.5388,dog,0.5388,dog (0.5388),sheep (0.1020),spider (0.0940),horse (0.0698),cow (0.0595),True,True
c:\Users\Alan\python\MMIP\week3\data\Dataset\dog\dog (4432).jpeg,dog,0.8419,dog,0.8419,dog (0.8419),horse (0.0518),squirrel (0.0272),elephant (0.0180),butterfly (0.0178),True,True
c:\Users\Alan\python\MMIP\week3\data\Dataset\dog\dog (2761).jpeg,dog,0.9157,dog,0.9157,dog (0.9157),horse (0.0170),spider (0.0133),elephant (0.0093),chicken (0.0093),True,True
c:\Users\Alan\python\MMIP\week3\data\Dataset\dog\dog (2628).jpeg,dog,0.971,dog,0.971,dog (0.9710),cow (0.0042),chicken (0.0038),butterfly (0.0037),spider (0.0037),True,True
c:\Users\Alan\python\MMIP\week3\data\Dataset\dog\dog (170).jpeg,dog,0.4889,dog,0.4889,dog (0.4889),cat (0.2629),chicken (0.1350),sheep (0.0235),squirrel (0.0196),True,True
c:\Users\Alan\python\MMIP\week3\data\Dataset\dog\dog (523).jpeg,dog,0.873,dog,0.873,dog (0.8730),sheep (0.0253),cat (0.0190),elephant (0.0172),squirrel (0.0148),True,True
c:\Users\Alan\python\MMIP\week3\data\Dataset\dog\dog (945).jpeg,dog,0.7935,dog,0.7935,dog (0.7935),butterfly (0.0589),chicken (0.0334),horse (0.0234),squirrel (0.0231),True,True
c:\Users\Alan\python\MMIP\week3\data\Dataset\dog\dog (2002).jpeg,dog,0.3873,dog,0.3873,dog (0.3873),chicken (0.3698),horse (0.0671),cow (0.0583),butterfly (0.0395),True,True
c:\Users\Alan\python\MMIP\week3\data\Dataset\dog\dog (4764).jpeg,dog,0.4634,dog,0.4634,dog (0.4634),elephant (0.2108),cow (0.1192),horse (0.0498),squirrel (0.0389),True,True
c:\Users\Alan\python\MMIP\week3\data\Dataset\dog\dog (4594).jpeg,dog,0.7873,dog,0.7873,dog (0.7873),sheep (0.0406),cow (0.0294),spider (0.0255),cat (0.0234),True,True
c:\Users\Alan\python\MMIP\week3\data\Dataset\dog\dog (3895).jpeg,dog,0.8948,dog,0.8948,dog (0.8948),chicken (0.0301),cat (0.0213),squirrel (0.0121),spider (0.0089),True,True
c:\Users\Alan\python\MMIP\week3\data\Dataset\dog\dog (2329).jpeg,dog,0.8104,dog,0.8104,dog (0.8104),sheep (0.0376),squirrel (0.0349),cat (0.0318),chicken (0.0206),True,True
c:\Users\Alan\python\MMIP\week3\data\Dataset\dog\dog (1241).jpeg,dog,0.8267,dog,0.8267,dog (0.8267),spider (0.0494),butterfly (0.0232),squirrel (0.0177),chicken (0.0166),True,True
c:\Users\Alan\python\MMIP\week3\data\Dataset\dog\dog (3551).jpeg,dog,0.4591,dog,0.4591,dog (0.4591),cow (0.2030),cat (0.1116),horse (0.0740),chicken (0.0739),True,True
c:\Users\Alan\python\MMIP\week3\data\Dataset\dog\dog (4604).jpeg,dog,0.7128,dog,0.7128,dog (0.7128),sheep (0.0869),spider (0.0371),cat (0.0345),chicken (0.0337),True,True
c:\Users\Alan\python\MMIP\week3\data\Dataset\dog\dog (2528).jpeg,dog,0.4183,dog,0.4183,dog (0.4183),horse (0.3005),spider (0.1317),butterfly (0.0447),chicken (0.0219),True,True
c:\Users\Alan\python\MMIP\week3\data\Dataset\dog\dog (3168).jpeg,dog,0.8112,dog,0.8112,dog (0.8112),chicken (0.0371),spider (0.0295),butterfly (0.0238),cow (0.0195),True,True
c:\Users\Alan\python\MMIP\week3\data\Dataset\dog\dog (4302).jpeg,dog,0.8921,dog,0.8921,dog (0.8921),elephant (0.0398),cat (0.0194),cow (0.0095),horse (0.0085),True,True
c:\Users\Alan\python\MMIP\week3\data\Dataset\dog\dog (1340).jpeg,dog,0.8138,dog,0.8138,dog (0.8138),squirrel (0.0617),cat (0.0392),spider (0.0207),horse (0.0180),True,True
c:\Users\Alan\python\MMIP\week3\data\Dataset\dog\dog (366).jpeg,dog,0.796,dog,0.796,dog (0.7960),horse (0.0555),chicken (0.0366),squirrel (0.0260),cow (0.0259),True,True
c:\Users\Alan\python\MMIP\week3\data\Dataset\dog\dog (946).jpeg,dog,0.8304,dog,0.8304,dog (0.8304),squirrel (0.0437),spider (0.0289),elephant (0.0207),chicken (0.0182),True,True
c:\Users\Alan\python\MMIP\week3\data\Dataset\dog\dog (1291).jpeg,dog,0.831,dog,0.831,dog (0.8310),chicken (0.0392),horse (0.0295),cow (0.0194),sheep (0.0188),True,True
c:\Users\Alan\python\MMIP\week3\data\Dataset\dog\dog (18).jpeg,dog,0.2006,dog,0.2006,dog (0.2006),sheep (0.1597),elephant (0.1566),horse (0.1058),squirrel (0.0976),True,True
c:\Users\Alan\python\MMIP\week3\data\Dataset\dog\dog (1850).jpeg,dog,0.1476,sheep,0.7596,sheep (0.7596),dog (0.1476),horse (0.0282),chicken (0.0166),cow (0.0116),False,True
c:\Users\Alan\python\MMIP\week3\data\Dataset\dog\dog (3261).jpeg,dog,0.9143,dog,0.9143,dog (0.9143),elephant (0.0150),spider (0.0128),chicken (0.0117),horse (0.0112),True,True
c:\Users\Alan\python\MMIP\week3\data\Dataset\dog\dog (4553).jpeg,dog,0.911,dog,0.911,dog (0.9110),spider (0.0206),sheep (0.0143),chicken (0.0105),cow (0.0094),True,True
c:\Users\Alan\python\MMIP\week3\data\Dataset\dog\dog (2779).jpeg,dog,0.8797,dog,0.8797,dog (0.8797),squirrel (0.0201),horse (0.0187),chicken (0.0176),cow (0.0137),True,True
c:\Users\Alan\python\MMIP\week3\data\Dataset\dog\dog (490).jpeg,dog,0.8785,dog,0.8785,dog (0.8785),cow (0.0203),sheep (0.0185),horse (0.0177),chicken (0.0157),True,True
c:\Users\Alan\python\MMIP\week3\data\Dataset\dog\dog (3065).jpeg,dog,0.3252,sheep,0.4141,sheep (0.4141),dog (0.3252),horse (0.0913),cow (0.0675),chicken (0.0216),False,True
c:\Users\Alan\python\MMIP\week3\data\Dataset\dog\dog (1129).jpeg,dog,0.1409,elephant,0.2325,elephant (0.2325),cat (0.1836),dog (0.1409),chicken (0.1175),cow (0.0912),False,True
c:\Users\Alan\python\MMIP\week3\data\Dataset\dog\dog (769).jpeg,dog,0.959,dog,0.959,dog (0.9590),horse (0.0082),sheep (0.0076),cow (0.0045),elephant (0.0044),True,True
c:\Users\Alan\python\MMIP\week3\data\Dataset\dog\dog (12).jpeg,dog,0.8611,dog,0.8611,dog (0.8611),butterfly (0.0205),spider (0.0192),chicken (0.0192),cat (0.0184),True,True
c:\Users\Alan\python\MMIP\week3\data\Dataset\dog\dog (2212).jpeg,dog,0.9198,dog,0.9198,dog (0.9198),butterfly (0.0294),spider (0.0084),cat (0.0084),chicken (0.0080),True,True
c:\Users\Alan\python\MMIP\week3\data\Dataset\dog\dog (480).jpeg,dog,0.7745,dog,0.7745,dog (0.7745),chicken (0.1405),sheep (0.0245),spider (0.0153),butterfly (0.0099),True,True
c:\Users\Alan\python\MMIP\week3\data\Dataset\dog\dog (2388).jpeg,dog,0.9187,dog,0.9187,dog (0.9187),spider (0.0371),squirrel (0.0079),chicken (0.0077),cow (0.0056),True,True
c:\Users\Alan\python\MMIP\week3\data\Dataset\dog\dog (3416).jpeg,dog,0.839,dog,0.839,dog (0.8390),chicken (0.0369),spider (0.0326),squirrel (0.0251),sheep (0.0229),True,True
c:\Users\Alan\python\MMIP\week3\data\Dataset\dog\dog (4406).jpeg,dog,0.793,dog,0.793,dog (0.7930),cat (0.0571),cow (0.0275),chicken (0.0224),spider (0.0209),True,True
c:\Users\Alan\python\MMIP\week3\data\Dataset\dog\dog (3037).jpeg,dog,0.867,dog,0.867,dog (0.8670),chicken (0.0421),squirrel (0.0226),elephant (0.0126),horse (0.0121),True,True
c:\Users\Alan\python\MMIP\week3\data\Dataset\dog\dog (4463).jpeg,dog,0.7969,dog,0.7969,dog (0.7969),sheep (0.0555),horse (0.0511),chicken (0.0272),cow (0.0191),True,True
c:\Users\Alan\python\MMIP\week3\data\Dataset\dog\dog (4025).jpeg,dog,0.6913,dog,0.6913,dog (0.6913),cat (0.1216),spider (0.0577),squirrel (0.0522),chicken (0.0330),True,True
c:\Users\Alan\python\MMIP\week3\data\Dataset\dog\dog (969).jpeg,dog,0.5476,dog,0.5476,dog (0.5476),elephant (0.3213),horse (0.0327),cat (0.0164),chicken (0.0163),True,True
c:\Users\Alan\python\MMIP\week3\data\Dataset\dog\dog (790).jpeg,dog,0.9179,dog,0.9179,dog (0.9179),horse (0.0218),sheep (0.0118),cow (0.0095),spider (0.0088),True,True
c:\Users\Alan\python\MMIP\week3\data\Dataset\dog\dog (515).jpeg,dog,0.8068,dog,0.8068,dog (0.8068),horse (0.0464),sheep (0.0305),elephant (0.0269),squirrel (0.0241),True,True
c:\Users\Alan\python\MMIP\week3\data\Dataset\dog\dog (2320).jpeg,dog,0.903,dog,0.903,dog (0.9030),chicken (0.0290),spider (0.0147),butterfly (0.0091),elephant (0.0090),True,True
c:\Users\Alan\python\MMIP\week3\data\Dataset\dog\dog (4315).jpeg,dog,0.8935,dog,0.8935,dog (0.8935),cat (0.0185),horse (0.0182),spider (0.0150),chicken (0.0140),True,True
c:\Users\Alan\python\MMIP\week3\data\Dataset\dog\dog (1618).jpeg,dog,0.879,dog,0.879,dog (0.8790),horse (0.0466),spider (0.0207),cow (0.0132),chicken (0.0123),True,True
c:\Users\Alan\python\MMIP\week3\data\Dataset\dog\dog (1029).jpeg,dog,0.3998,dog,0.3998,dog (0.3998),cat (0.2543),chicken (0.1674),squirrel (0.0472),sheep (0.0432),True,True
c:\Users\Alan\python\MMIP\week3\data\Dataset\dog\dog (1359).jpeg,dog,0.9037,dog,0.9037,dog (0.9037),cat (0.0216),spider (0.0154),sheep (0.0118),chicken (0.0103),True,True
c:\Users\Alan\python\MMIP\week3\data\Dataset\dog\dog (2253).jpeg,dog,0.181,cat,0.3119,cat (0.3119),dog (0.1810),squirrel (0.1542),elephant (0.1180),sheep (0.1056),False,True
c:\Users\Alan\python\MMIP\week3\data\Dataset\dog\dog (3439).jpeg,dog,0.6794,dog,0.6794,dog (0.6794),squirrel (0.0964),horse (0.0458),sheep (0.0448),elephant (0.0401),True,True
c:\Users\Alan\python\MMIP\week3\data\Dataset\dog\dog (4634).jpeg,dog,0.9367,dog,0.9367,dog (0.9367),horse (0.0100),elephant (0.0088),cat (0.0084),cow (0.0083),True,True
c:\Users\Alan\python\MMIP\week3\data\Dataset\dog\dog (2822).jpeg,dog,0.8609,dog,0.8609,dog (0.8609),cat (0.0390),spider (0.0217),sheep (0.0135),butterfly (0.0130),True,True
c:\Users\Alan\python\MMIP\week3\data\Dataset\dog\dog (451).jpeg,dog,0.8833,dog,0.8833,dog (0.8833),spider (0.0217),horse (0.0194),elephant (0.0150),cat (0.0120),True,True
c:\Users\Alan\python\MMIP\week3\data\Dataset\dog\dog (121).jpeg,dog,0.8771,dog,0.8771,dog (0.8771),chicken (0.0219),cat (0.0207),sheep (0.0196),cow (0.0168),True,True
c:\Users\Alan\python\MMIP\week3\data\Dataset\dog\dog (1131).jpeg,dog,0.8276,dog,0.8276,dog (0.8276),squirrel (0.0321),cat (0.0256),butterfly (0.0243),horse (0.0220),True,True
c:\Users\Alan\python\MMIP\week3\data\Dataset\dog\dog (1226).jpeg,dog,0.6031,dog,0.6031,dog (0.6031),squirrel (0.1525),chicken (0.0878),spider (0.0439),cow (0.0347),True,True
c:\Users\Alan\python\MMIP\week3\data\Dataset\dog\dog (1017).jpeg,dog,0.9201,dog,0.9201,dog (0.9201),spider (0.0163),cow (0.0126),cat (0.0093),sheep (0.0090),True,True
c:\Users\Alan\python\MMIP\week3\data\Dataset\dog\dog (4399).jpeg,dog,0.4587,dog,0.4587,dog (0.4587),cat (0.3534),butterfly (0.0500),spider (0.0362),chicken (0.0315),True,True
c:\Users\Alan\python\MMIP\week3\data\Dataset\dog\dog (1208).jpeg,dog,0.7684,dog,0.7684,dog (0.7684),cat (0.0709),chicken (0.0457),sheep (0.0345),cow (0.0295),True,True
c:\Users\Alan\python\MMIP\week3\data\Dataset\dog\dog (1436).jpeg,dog,0.7136,dog,0.7136,dog (0.7136),horse (0.1785),spider (0.0251),elephant (0.0250),squirrel (0.0110),True,True
c:\Users\Alan\python\MMIP\week3\data\Dataset\dog\dog (1551).jpeg,dog,0.738,dog,0.738,dog (0.7380),horse (0.0821),cat (0.0565),squirrel (0.0273),spider (0.0208),True,True
c:\Users\Alan\python\MMIP\week3\data\Dataset\dog\dog (3564).jpeg,dog,0.449,dog,0.449,dog (0.4490),cat (0.4121),spider (0.0305),sheep (0.0217),chicken (0.0204),True,True
c:\Users\Alan\python\MMIP\week3\data\Dataset\dog\dog (597).jpeg,dog,0.8357,dog,0.8357,dog (0.8357),chicken (0.0503),horse (0.0434),cow (0.0192),sheep (0.0141),True,True
c:\Users\Alan\python\MMIP\week3\data\Dataset\dog\dog (4023).jpeg,dog,0.5091,dog,0.5091,dog (0.5091),spider (0.3103),butterfly (0.0390),cat (0.0289),chicken (0.0262),True,True
c:\Users\Alan\python\MMIP\week3\data\Dataset\dog\dog (4476).jpeg,dog,0.8579,dog,0.8579,dog (0.8579),butterfly (0.0272),cat (0.0234),squirrel (0.0206),spider (0.0143),True,True
c:\Users\Alan\python\MMIP\week3\data\Dataset\dog\dog (1925).jpeg,dog,0.9,dog,0.9,dog (0.9000),spider (0.0253),butterfly (0.0176),elephant (0.0114),chicken (0.0107),True,True
c:\Users\Alan\python\MMIP\week3\data\Dataset\dog\dog (3937).jpeg,dog,0.1576,cow,0.7268,cow (0.7268),dog (0.1576),sheep (0.0408),horse (0.0173),squirrel (0.0121),False,True
c:\Users\Alan\python\MMIP\week3\data\Dataset\dog\dog (1722).jpeg,dog,0.2964,dog,0.2964,dog (0.2964),cow (0.2923),horse (0.1011),cat (0.0807),butterfly (0.0652),True,True
c:\Users\Alan\python\MMIP\week3\data\Dataset\dog\dog (222).jpeg,dog,0.5764,dog,0.5764,dog (0.5764),horse (0.1922),elephant (0.0975),chicken (0.0451),cat (0.0225),True,True
c:\Users\Alan\python\MMIP\week3\data\Dataset\dog\dog (3144).jpeg,dog,0.7843,dog,0.7843,dog (0.7843),cat (0.0543),elephant (0.0479),horse (0.0369),sheep (0.0194),True,True
c:\Users\Alan\python\MMIP\week3\data\Dataset\dog\dog (4521).jpeg,dog,0.9164,dog,0.9164,dog (0.9164),spider (0.0147),horse (0.0131),squirrel (0.0130),cat (0.0107),True,True
c:\Users\Alan\python\MMIP\week3\data\Dataset\dog\dog (1346).jpeg,dog,0.7946,dog,0.7946,dog (0.7946),sheep (0.0603),cow (0.0574),chicken (0.0210),squirrel (0.0155),True,True
c:\Users\Alan\python\MMIP\week3\data\Dataset\dog\dog (3047).jpeg,dog,0.9225,dog,0.9225,dog (0.9225),chicken (0.0211),spider (0.0109),sheep (0.0091),cat (0.0085),True,True
c:\Users\Alan\python\MMIP\week3\data\Dataset\dog\dog (1789).jpeg,dog,0.8099,dog,0.8099,dog (0.8099),cat (0.0736),chicken (0.0229),elephant (0.0208),sheep (0.0207),True,True
c:\Users\Alan\python\MMIP\week3\data\Dataset\dog\dog (4735).jpeg,dog,0.865,dog,0.865,dog (0.8650),chicken (0.0286),horse (0.0236),sheep (0.0204),spider (0.0164),True,True
c:\Users\Alan\python\MMIP\week3\data\Dataset\dog\dog (958).jpeg,dog,0.8096,dog,0.8096,dog (0.8096),horse (0.1340),spider (0.0117),cow (0.0107),chicken (0.0074),True,True
c:\Users\Alan\python\MMIP\week3\data\Dataset\dog\dog (4259).jpeg,dog,0.952,dog,0.952,dog (0.9520),spider (0.0076),chicken (0.0062),cow (0.0060),butterfly (0.0055),True,True
c:\Users\Alan\python\MMIP\week3\data\Dataset\dog\dog (3750).jpeg,dog,0.9065,dog,0.9065,dog (0.9065),elephant (0.0309),cat (0.0202),spider (0.0073),sheep (0.0072),True,True
c:\Users\Alan\python\MMIP\week3\data\Dataset\dog\dog (2377).jpeg,dog,0.8201,dog,0.8201,dog (0.8201),sheep (0.0579),cat (0.0318),butterfly (0.0199),spider (0.0173),True,True
c:\Users\Alan\python\MMIP\week3\data\Dataset\dog\dog (363).jpeg,dog,0.6998,dog,0.6998,dog (0.6998),sheep (0.1379),cow (0.0366),cat (0.0286),horse (0.0260),True,True
c:\Users\Alan\python\MMIP\week3\data\Dataset\dog\dog (715).jpeg,dog,0.743,dog,0.743,dog (0.7430),sheep (0.0497),cat (0.0422),spider (0.0398),butterfly (0.0248),True,True
c:\Users\Alan\python\MMIP\week3\data\Dataset\dog\dog (838).jpeg,dog,0.6778,dog,0.6778,dog (0.6778),cat (0.0642),chicken (0.0507),cow (0.0507),horse (0.0435),True,True
c:\Users\Alan\python\MMIP\week3\data\Dataset\dog\dog (305).jpeg,dog,0.9268,dog,0.9268,dog (0.9268),spider (0.0150),elephant (0.0149),horse (0.0079),butterfly (0.0072),True,True
c:\Users\Alan\python\MMIP\week3\data\Dataset\dog\dog (4603).jpeg,dog,0.7885,dog,0.7885,dog (0.7885),elephant (0.0877),cat (0.0248),horse (0.0241),spider (0.0202),True,True
c:\Users\Alan\python\MMIP\week3\data\Dataset\dog\dog (793).jpeg,dog,0.8911,dog,0.8911,dog (0.8911),cow (0.0266),cat (0.0193),elephant (0.0124),spider (0.0124),True,True
c:\Users\Alan\python\MMIP\week3\data\Dataset\dog\dog (481).jpeg,dog,0.8856,dog,0.8856,dog (0.8856),sheep (0.0460),chicken (0.0218),squirrel (0.0152),cow (0.0082),True,True
c:\Users\Alan\python\MMIP\week3\data\Dataset\dog\dog (71).jpeg,dog,0.2712,spider,0.5016,spider (0.5016),dog (0.2712),cat (0.0710),chicken (0.0371),elephant (0.0361),False,True
c:\Users\Alan\python\MMIP\week3\data\Dataset\dog\dog (726).jpeg,dog,0.3864,dog,0.3864,dog (0.3864),squirrel (0.2111),chicken (0.1563),sheep (0.1159),cow (0.0387),True,True
c:\Users\Alan\python\MMIP\week3\data\Dataset\dog\dog (1869).jpeg,dog,0.0312,horse,0.7487,horse (0.7487),cow (0.1281),dog (0.0312),spider (0.0245),elephant (0.0203),False,True
c:\Users\Alan\python\MMIP\week3\data\Dataset\dog\dog (4849).jpeg,dog,0.8373,dog,0.8373,dog (0.8373),cow (0.0607),horse (0.0384),elephant (0.0123),cat (0.0097),True,True
c:\Users\Alan\python\MMIP\week3\data\Dataset\dog\dog (662).jpeg,dog,0.8768,dog,0.8768,dog (0.8768),cat (0.0239),spider (0.0203),squirrel (0.0147),elephant (0.0136),True,True
c:\Users\Alan\python\MMIP\week3\data\Dataset\dog\dog (2265).jpeg,dog,0.9202,dog,0.9202,dog (0.9202),elephant (0.0165),squirrel (0.0129),cat (0.0094),spider (0.0086),True,True
c:\Users\Alan\python\MMIP\week3\data\Dataset\dog\dog (3472).jpeg,dog,0.0502,squirrel,0.5612,squirrel (0.5612),chicken (0.1319),sheep (0.0716),elephant (0.0550),dog (0.0502),False,True
c:\Users\Alan\python\MMIP\week3\data\Dataset\dog\dog (930).jpeg,dog,0.2433,horse,0.2996,horse (0.2996),dog (0.2433),elephant (0.1161),sheep (0.0879),cat (0.0709),False,True
c:\Users\Alan\python\MMIP\week3\data\Dataset\dog\dog (2530).jpeg,dog,0.8094,dog,0.8094,dog (0.8094),horse (0.0371),spider (0.0329),squirrel (0.0258),butterfly (0.0247),True,True
c:\Users\Alan\python\MMIP\week3\data\Dataset\dog\dog (706).jpeg,dog,0.8064,dog,0.8064,dog (0.8064),spider (0.0447),butterfly (0.0368),cat (0.0302),elephant (0.0172),True,True
c:\Users\Alan\python\MMIP\week3\data\Dataset\dog\dog (760).jpeg,dog,0.8011,dog,0.8011,dog (0.8011),cat (0.1056),squirrel (0.0155),chicken (0.0150),horse (0.0124),True,True
c:\Users\Alan\python\MMIP\week3\data\Dataset\dog\dog (4390).jpeg,dog,0.9087,dog,0.9087,dog (0.9087),cow (0.0196),horse (0.0128),sheep (0.0096),spider (0.0094),True,True
c:\Users\Alan\python\MMIP\week3\data\Dataset\dog\dog (2177).jpeg,dog,0.4402,dog,0.4402,dog (0.4402),cow (0.1769),horse (0.1141),sheep (0.0765),elephant (0.0530),True,True
c:\Users\Alan\python\MMIP\week3\data\Dataset\dog\dog (3916).jpeg,dog,0.6164,dog,0.6164,dog (0.6164),horse (0.2254),cow (0.0469),sheep (0.0218),chicken (0.0205),True,True
c:\Users\Alan\python\MMIP\week3\data\Dataset\dog\dog (2766).jpeg,dog,0.8715,dog,0.8715,dog (0.8715),elephant (0.0256),spider (0.0200),cow (0.0139),butterfly (0.0129),True,True
c:\Users\Alan\python\MMIP\week3\data\Dataset\dog\dog (4240).jpeg,dog,0.4012,dog,0.4012,dog (0.4012),cow (0.2640),horse (0.1259),sheep (0.0721),elephant (0.0495),True,True
c:\Users\Alan\python\MMIP\week3\data\Dataset\dog\dog (4361).jpeg,dog,0.7704,dog,0.7704,dog (0.7704),horse (0.1352),cow (0.0221),sheep (0.0216),cat (0.0145),True,True
c:\Users\Alan\python\MMIP\week3\data\Dataset\dog\dog (2296).jpeg,dog,0.2055,dog,0.2055,dog (0.2055),squirrel (0.2000),sheep (0.1367),cow (0.1154),horse (0.1121),True,True
c:\Users\Alan\python\MMIP\week3\data\Dataset\dog\dog (4408).jpeg,dog,0.8932,dog,0.8932,dog (0.8932),horse (0.0219),elephant (0.0206),cat (0.0140),butterfly (0.0119),True,True
c:\Users\Alan\python\MMIP\week3\data\Dataset\dog\dog (1080).jpeg,dog,0.6197,dog,0.6197,dog (0.6197),cat (0.1277),squirrel (0.0910),horse (0.0616),elephant (0.0242),True,True
c:\Users\Alan\python\MMIP\week3\data\Dataset\dog\dog (1117).jpeg,dog,0.6946,dog,0.6946,dog (0.6946),cat (0.1546),squirrel (0.0292),spider (0.0244),chicken (0.0212),True,True
c:\Users\Alan\python\MMIP\week3\data\Dataset\dog\dog (3616).jpeg,dog,0.8113,dog,0.8113,dog (0.8113),cat (0.0759),spider (0.0204),chicken (0.0198),elephant (0.0148),True,True
c:\Users\Alan\python\MMIP\week3\data\Dataset\dog\dog (2923).jpeg,dog,0.8114,dog,0.8114,dog (0.8114),chicken (0.0537),cow (0.0264),squirrel (0.0227),horse (0.0195),True,True
c:\Users\Alan\python\MMIP\week3\data\Dataset\dog\dog (4345).jpeg,dog,0.6714,dog,0.6714,dog (0.6714),cow (0.1266),horse (0.1009),spider (0.0219),cat (0.0176),True,True
c:\Users\Alan\python\MMIP\week3\data\Dataset\dog\dog (2427).jpeg,dog,0.9014,dog,0.9014,dog (0.9014),cat (0.0180),cow (0.0175),squirrel (0.0115),sheep (0.0114),True,True
c:\Users\Alan\python\MMIP\week3\data\Dataset\dog\dog (1200).jpeg,dog,0.7986,dog,0.7986,dog (0.7986),sheep (0.0695),squirrel (0.0252),spider (0.0228),elephant (0.0210),True,True
c:\Users\Alan\python\MMIP\week3\data\Dataset\dog\dog (4059).jpeg,dog,0.4768,dog,0.4768,dog (0.4768),horse (0.3768),elephant (0.0557),spider (0.0233),cat (0.0143),True,True
c:\Users\Alan\python\MMIP\week3\data\Dataset\dog\dog (3610).jpeg,dog,0.9196,dog,0.9196,dog (0.9196),chicken (0.0129),cat (0.0121),spider (0.0111),elephant (0.0100),True,True
c:\Users\Alan\python\MMIP\week3\data\Dataset\dog\dog (4257).jpeg,dog,0.596,dog,0.596,dog (0.5960),cow (0.1862),horse (0.0836),spider (0.0335),chicken (0.0213),True,True
c:\Users\Alan\python\MMIP\week3\data\Dataset\dog\dog (3870).jpeg,dog,0.8914,dog,0.8914,dog (0.8914),butterfly (0.0184),horse (0.0150),cat (0.0146),chicken (0.0134),True,True
c:\Users\Alan\python\MMIP\week3\data\Dataset\dog\dog (1633).jpeg,dog,0.7685,dog,0.7685,dog (0.7685),spider (0.0407),butterfly (0.0310),cat (0.0303),sheep (0.0280),True,True
c:\Users\Alan\python\MMIP\week3\data\Dataset\dog\dog (3343).jpeg,dog,0.1321,cow,0.435,cow (0.4350),horse (0.1818),dog (0.1321),cat (0.0706),elephant (0.0566),False,True
c:\Users\Alan\python\MMIP\week3\data\Dataset\dog\dog (1717).jpeg,dog,0.966,dog,0.966,dog (0.9660),butterfly (0.0065),spider (0.0049),squirrel (0.0042),elephant (0.0038),True,True
c:\Users\Alan\python\MMIP\week3\data\Dataset\dog\dog (359).jpeg,dog,0.9403,dog,0.9403,dog (0.9403),spider (0.0109),elephant (0.0095),squirrel (0.0084),sheep (0.0069),True,True
c:\Users\Alan\python\MMIP\week3\data\Dataset\dog\dog (1967).jpeg,dog,0.5454,dog,0.5454,dog (0.5454),sheep (0.1599),chicken (0.0961),horse (0.0470),cow (0.0417),True,True
c:\Users\Alan\python\MMIP\week3\data\Dataset\dog\dog (1877).jpeg,dog,0.7425,dog,0.7425,dog (0.7425),spider (0.1073),horse (0.0343),cat (0.0268),cow (0.0163),True,True
c:\Users\Alan\python\MMIP\week3\data\Dataset\dog\dog (2639).jpeg,dog,0.8849,dog,0.8849,dog (0.8849),cow (0.0176),butterfly (0.0154),spider (0.0151),chicken (0.0151),True,True
c:\Users\Alan\python\MMIP\week3\data\Dataset\dog\dog (2509).jpeg,dog,0.8838,dog,0.8838,dog (0.8838),spider (0.0205),chicken (0.0198),cat (0.0133),elephant (0.0124),True,True
c:\Users\Alan\python\MMIP\week3\data\Dataset\dog\dog (3486).jpeg,dog,0.913,dog,0.913,dog (0.9130),cat (0.0175),sheep (0.0130),elephant (0.0130),cow (0.0102),True,True
c:\Users\Alan\python\MMIP\week3\data\Dataset\dog\dog (2017).jpeg,dog,0.7931,dog,0.7931,dog (0.7931),chicken (0.1213),butterfly (0.0232),horse (0.0166),cow (0.0107),True,True
c:\Users\Alan\python\MMIP\week3\data\Dataset\dog\dog (4631).jpeg,dog,0.8548,dog,0.8548,dog (0.8548),cat (0.0289),chicken (0.0256),butterfly (0.0184),spider (0.0180),True,True
c:\Users\Alan\python\MMIP\week3\data\Dataset\dog\dog (2499).jpeg,dog,0.8634,dog,0.8634,dog (0.8634),spider (0.0291),chicken (0.0205),butterfly (0.0195),cow (0.0145),True,True
c:\Users\Alan\python\MMIP\week3\data\Dataset\dog\dog (472).jpeg,dog,0.5094,dog,0.5094,dog (0.5094),sheep (0.1843),cow (0.1556),horse (0.0539),chicken (0.0288),True,True
c:\Users\Alan\python\MMIP\week3\data\Dataset\dog\dog (4458).jpeg,dog,0.7317,dog,0.7317,dog (0.7317),elephant (0.0543),spider (0.0459),cat (0.0414),butterfly (0.0256),True,True
c:\Users\Alan\python\MMIP\week3\data\Dataset\dog\dog (2066).jpeg,dog,0.2666,horse,0.3737,horse (0.3737),dog (0.2666),cow (0.1318),sheep (0.0745),chicken (0.0547),False,True
c:\Users\Alan\python\MMIP\week3\data\Dataset\dog\dog (4662).jpeg,dog,0.7009,dog,0.7009,dog (0.7009),sheep (0.1054),squirrel (0.0594),cat (0.0472),cow (0.0307),True,True
c:\Users\Alan\python\MMIP\week3\data\Dataset\dog\dog (3688).jpeg,dog,0.8919,dog,0.8919,dog (0.8919),horse (0.0244),spider (0.0201),elephant (0.0136),squirrel (0.0109),True,True
c:\Users\Alan\python\MMIP\week3\data\Dataset\dog\dog (2410).jpeg,dog,0.8608,dog,0.8608,dog (0.8608),horse (0.0525),cat (0.0288),elephant (0.0127),spider (0.0118),True,True
c:\Users\Alan\python\MMIP\week3\data\Dataset\dog\dog (2222).jpeg,dog,0.8976,dog,0.8976,dog (0.8976),cat (0.0200),chicken (0.0139),butterfly (0.0122),spider (0.0117),True,True
c:\Users\Alan\python\MMIP\week3\data\Dataset\dog\dog (127).jpeg,dog,0.6157,dog,0.6157,dog (0.6157),cat (0.1683),chicken (0.0574),spider (0.0370),butterfly (0.0293),True,True
c:\Users\Alan\python\MMIP\week3\data\Dataset\dog\dog (2435).jpeg,dog,0.8805,dog,0.8805,dog (0.8805),butterfly (0.0197),spider (0.0191),sheep (0.0154),horse (0.0133),True,True
c:\Users\Alan\python\MMIP\week3\data\Dataset\dog\dog (626).jpeg,dog,0.8937,dog,0.8937,dog (0.8937),chicken (0.0202),spider (0.0184),cow (0.0128),butterfly (0.0123),True,True
c:\Users\Alan\python\MMIP\week3\data\Dataset\dog\dog (4126).jpeg,dog,0.6129,dog,0.6129,dog (0.6129),horse (0.1427),cow (0.0662),sheep (0.0458),spider (0.0408),True,True
c:\Users\Alan\python\MMIP\week3\data\Dataset\dog\dog (3387).jpeg,dog,0.7936,dog,0.7936,dog (0.7936),spider (0.0351),butterfly (0.0324),horse (0.0274),chicken (0.0212),True,True
c:\Users\Alan\python\MMIP\week3\data\Dataset\dog\dog (4791).jpeg,dog,0.8552,dog,0.8552,dog (0.8552),spider (0.0254),cat (0.0236),chicken (0.0173),butterfly (0.0169),True,True
c:\Users\Alan\python\MMIP\week3\data\Dataset\dog\dog (3003).jpeg,dog,0.6373,dog,0.6373,dog (0.6373),horse (0.0859),squirrel (0.0764),chicken (0.0527),elephant (0.0350),True,True
c:\Users\Alan\python\MMIP\week3\data\Dataset\dog\dog (4679).jpeg,dog,0.7088,dog,0.7088,dog (0.7088),elephant (0.0760),squirrel (0.0430),cow (0.0417),horse (0.0322),True,True
c:\Users\Alan\python\MMIP\week3\data\Dataset\dog\dog (2380).jpeg,dog,0.8959,dog,0.8959,dog (0.8959),horse (0.0380),cow (0.0166),elephant (0.0120),cat (0.0078),True,True
c:\Users\Alan\python\MMIP\week3\data\Dataset\dog\dog (1308).jpeg,dog,0.9265,dog,0.9265,dog (0.9265),chicken (0.0113),butterfly (0.0101),spider (0.0101),cat (0.0098),True,True
c:\Users\Alan\python\MMIP\week3\data\Dataset\dog\dog (2219).jpeg,dog,0.9184,dog,0.9184,dog (0.9184),sheep (0.0158),chicken (0.0139),cow (0.0114),spider (0.0094),True,True
c:\Users\Alan\python\MMIP\week3\data\Dataset\dog\dog (1212).jpeg,dog,0.2434,butterfly,0.2867,butterfly (0.2867),dog (0.2434),cat (0.2367),spider (0.1426),chicken (0.0228),False,True
c:\Users\Alan\python\MMIP\week3\data\Dataset\dog\dog (3124).jpeg,dog,0.2411,chicken,0.4622,chicken (0.4622),dog (0.2411),cow (0.1109),sheep (0.0403),horse (0.0389),False,True
c:\Users\Alan\python\MMIP\week3\data\Dataset\dog\dog (4729).jpeg,dog,0.7835,dog,0.7835,dog (0.7835),cat (0.0857),spider (0.0342),butterfly (0.0234),chicken (0.0170),True,True
c:\Users\Alan\python\MMIP\week3\data\Dataset\dog\dog (1783).jpeg,dog,0.8086,dog,0.8086,dog (0.8086),elephant (0.0587),sheep (0.0365),cat (0.0208),cow (0.0152),True,True
c:\Users\Alan\python\MMIP\week3\data\Dataset\dog\dog (2613).jpeg,dog,0.5892,dog,0.5892,dog (0.5892),elephant (0.1489),horse (0.1038),cow (0.0440),sheep (0.0206),True,True
c:\Users\Alan\python\MMIP\week3\data\Dataset\dog\dog (4392).jpeg,dog,0.8857,dog,0.8857,dog (0.8857),horse (0.0285),cat (0.0166),cow (0.0131),chicken (0.0128),True,True
c:\Users\Alan\python\MMIP\week3\data\Dataset\dog\dog (4409).jpeg,dog,0.8087,dog,0.8087,dog (0.8087),cat (0.0984),squirrel (0.0209),chicken (0.0163),spider (0.0129),True,True
c:\Users\Alan\python\MMIP\week3\data\Dataset\dog\dog (2918).jpeg,dog,0.3124,cow,0.5356,cow (0.5356),dog (0.3124),chicken (0.0333),sheep (0.0296),horse (0.0249),False,True
c:\Users\Alan\python\MMIP\week3\data\Dataset\dog\dog (4494).jpeg,dog,0.8428,dog,0.8428,dog (0.8428),horse (0.0400),cow (0.0262),spider (0.0244),chicken (0.0192),True,True
c:\Users\Alan\python\MMIP\week3\data\Dataset\dog\dog (1598).jpeg,dog,0.2943,dog,0.2943,dog (0.2943),horse (0.2137),chicken (0.1921),sheep (0.0762),cow (0.0716),True,True
c:\Users\Alan\python\MMIP\week3\data\Dataset\dog\dog (3048).jpeg,dog,0.8347,dog,0.8347,dog (0.8347),chicken (0.0530),cat (0.0345),spider (0.0165),squirrel (0.0159),True,True
c:\Users\Alan\python\MMIP\week3\data\Dataset\dog\dog (1414).jpeg,dog,0.8583,dog,0.8583,dog (0.8583),butterfly (0.0568),horse (0.0201),chicken (0.0167),cat (0.0109),True,True
c:\Users\Alan\python\MMIP\week3\data\Dataset\dog\dog (4482).jpeg,dog,0.8704,dog,0.8704,dog (0.8704),spider (0.0222),cat (0.0203),butterfly (0.0157),horse (0.0147),True,True
c:\Users\Alan\python\MMIP\week3\data\Dataset\dog\dog (2561).jpeg,dog,0.247,dog,0.247,dog (0.2470),elephant (0.1870),cat (0.1723),chicken (0.1500),squirrel (0.0753),True,True
c:\Users\Alan\python\MMIP\week3\data\Dataset\dog\dog (1513).jpeg,dog,0.8788,dog,0.8788,dog (0.8788),squirrel (0.0213),cat (0.0174),butterfly (0.0171),spider (0.0158),True,True
c:\Users\Alan\python\MMIP\week3\data\Dataset\dog\dog (49).jpeg,dog,0.952,dog,0.952,dog (0.9520),spider (0.0103),elephant (0.0061),sheep (0.0057),butterfly (0.0050),True,True
c:\Users\Alan\python\MMIP\week3\data\Dataset\dog\dog (2722).jpeg,dog,0.4725,dog,0.4725,dog (0.4725),spider (0.2273),cow (0.0602),horse (0.0514),chicken (0.0482),True,True
c:\Users\Alan\python\MMIP\week3\data\Dataset\dog\dog (3955).jpeg,dog,0.5991,dog,0.5991,dog (0.5991),cat (0.1752),sheep (0.0805),squirrel (0.0370),cow (0.0334),True,True
c:\Users\Alan\python\MMIP\week3\data\Dataset\dog\dog (4162).jpeg,dog,0.4786,dog,0.4786,dog (0.4786),cat (0.2647),chicken (0.0634),squirrel (0.0513),sheep (0.0343),True,True
c:\Users\Alan\python\MMIP\week3\data\Dataset\dog\dog (1378).jpeg,dog,0.862,dog,0.862,dog (0.8620),cat (0.0261),spider (0.0230),elephant (0.0207),butterfly (0.0170),True,True
c:\Users\Alan\python\MMIP\week3\data\Dataset\dog\dog (3463).jpeg,dog,0.9592,dog,0.9592,dog (0.9592),spider (0.0066),cow (0.0061),butterfly (0.0061),squirrel (0.0044),True,True
c:\Users\Alan\python\MMIP\week3\data\Dataset\dog\dog (3485).jpeg,dog,0.798,dog,0.798,dog (0.7980),spider (0.0428),butterfly (0.0368),chicken (0.0246),horse (0.0208),True,True
c:\Users\Alan\python\MMIP\week3\data\Dataset\dog\dog (791).jpeg,dog,0.8317,dog,0.8317,dog (0.8317),elephant (0.0399),horse (0.0373),cow (0.0306),sheep (0.0127),True,True
c:\Users\Alan\python\MMIP\week3\data\Dataset\dog\dog (1600).jpeg,dog,0.8738,dog,0.8738,dog (0.8738),chicken (0.0254),spider (0.0180),butterfly (0.0164),cat (0.0150),True,True
c:\Users\Alan\python\MMIP\week3\data\Dataset\dog\dog (1430).jpeg,dog,0.7992,dog,0.7992,dog (0.7992),cow (0.0624),sheep (0.0307),horse (0.0197),spider (0.0180),True,True
c:\Users\Alan\python\MMIP\week3\data\Dataset\dog\dog (4276).jpeg,dog,0.9571,dog,0.9571,dog (0.9571),horse (0.0100),cat (0.0090),cow (0.0059),spider (0.0047),True,True
c:\Users\Alan\python\MMIP\week3\data\Dataset\dog\dog (1278).jpeg,dog,0.5396,dog,0.5396,dog (0.5396),spider (0.1441),cat (0.1195),butterfly (0.0536),chicken (0.0482),True,True
c:\Users\Alan\python\MMIP\week3\data\Dataset\dog\dog (1261).jpeg,dog,0.9222,dog,0.9222,dog (0.9222),squirrel (0.0145),elephant (0.0127),chicken (0.0116),butterfly (0.0102),True,True
c:\Users\Alan\python\MMIP\week3\data\Dataset\dog\dog (1667).jpeg,dog,0.7603,dog,0.7603,dog (0.7603),sheep (0.0854),spider (0.0305),cow (0.0285),chicken (0.0253),True,True
c:\Users\Alan\python\MMIP\week3\data\Dataset\dog\dog (3837).jpeg,dog,0.6329,dog,0.6329,dog (0.6329),cat (0.1977),spider (0.0551),chicken (0.0392),squirrel (0.0252),True,True
c:\Users\Alan\python\MMIP\week3\data\Dataset\dog\dog (446).jpeg,dog,0.7507,dog,0.7507,dog (0.7507),spider (0.0908),butterfly (0.0332),squirrel (0.0303),cat (0.0244),True,True
c:\Users\Alan\python\MMIP\week3\data\Dataset\dog\dog (1959).jpeg,dog,0.7931,dog,0.7931,dog (0.7931),sheep (0.0563),cat (0.0370),horse (0.0321),cow (0.0218),True,True
c:\Users\Alan\python\MMIP\week3\data\Dataset\dog\dog (421).jpeg,dog,0.7576,dog,0.7576,dog (0.7576),cat (0.1030),sheep (0.0431),chicken (0.0261),squirrel (0.0179),True,True
c:\Users\Alan\python\MMIP\week3\data\Dataset\dog\dog (1752).jpeg,dog,0.5664,dog,0.5664,dog (0.5664),horse (0.1198),chicken (0.1182),cat (0.0487),cow (0.0395),True,True
c:\Users\Alan\python\MMIP\week3\data\Dataset\dog\dog (4044).jpeg,dog,0.9197,dog,0.9197,dog (0.9197),horse (0.0320),cow (0.0085),elephant (0.0069),spider (0.0066),True,True
c:\Users\Alan\python\MMIP\week3\data\Dataset\dog\dog (4283).jpeg,dog,0.3078,dog,0.3078,dog (0.3078),squirrel (0.2274),sheep (0.1473),elephant (0.1372),horse (0.0500),True,True
c:\Users\Alan\python\MMIP\week3\data\Dataset\dog\dog (2406).jpeg,dog,0.8399,dog,0.8399,dog (0.8399),cat (0.0295),spider (0.0232),butterfly (0.0189),squirrel (0.0185),True,True
c:\Users\Alan\python\MMIP\week3\data\Dataset\dog\dog (1023).jpeg,dog,0.8289,dog,0.8289,dog (0.8289),cat (0.0790),chicken (0.0188),butterfly (0.0158),cow (0.0115),True,True
c:\Users\Alan\python\MMIP\week3\data\Dataset\dog\dog (2583).jpeg,dog,0.6429,dog,0.6429,dog (0.6429),cow (0.1318),sheep (0.1290),elephant (0.0209),horse (0.0188),True,True
c:\Users\Alan\python\MMIP\week3\data\Dataset\dog\dog (4833).jpeg,dog,0.7941,dog,0.7941,dog (0.7941),cow (0.0599),spider (0.0288),butterfly (0.0229),chicken (0.0213),True,True
c:\Users\Alan\python\MMIP\week3\data\Dataset\dog\dog (1409).jpeg,dog,0.7491,dog,0.7491,dog (0.7491),cat (0.1219),spider (0.0319),butterfly (0.0233),chicken (0.0154),True,True
c:\Users\Alan\python\MMIP\week3\data\Dataset\dog\dog (1668).jpeg,dog,0.846,dog,0.846,dog (0.8460),spider (0.0353),butterfly (0.0275),sheep (0.0199),horse (0.0151),True,True
c:\Users\Alan\python\MMIP\week3\data\Dataset\dog\dog (1187).jpeg,dog,0.2937,dog,0.2937,dog (0.2937),spider (0.2492),chicken (0.0995),squirrel (0.0841),cow (0.0739),True,True
c:\Users\Alan\python\MMIP\week3\data\Dataset\dog\dog (3214).jpeg,dog,0.6201,dog,0.6201,dog (0.6201),cow (0.2062),sheep (0.0471),cat (0.0299),chicken (0.0269),True,True
c:\Users\Alan\python\MMIP\week3\data\Dataset\dog\dog (1961).jpeg,dog,0.9151,dog,0.9151,dog (0.9151),horse (0.0173),spider (0.0125),cow (0.0123),chicken (0.0090),True,True
c:\Users\Alan\python\MMIP\week3\data\Dataset\dog\dog (2254).jpeg,dog,0.8839,dog,0.8839,dog (0.8839),spider (0.0187),elephant (0.0171),squirrel (0.0147),horse (0.0128),True,True
c:\Users\Alan\python\MMIP\week3\data\Dataset\dog\dog (4097).jpeg,dog,0.7667,dog,0.7667,dog (0.7667),squirrel (0.0451),spider (0.0447),horse (0.0433),butterfly (0.0267),True,True
c:\Users\Alan\python\MMIP\week3\data\Dataset\dog\dog (2400).jpeg,dog,0.8034,dog,0.8034,dog (0.8034),cow (0.0407),cat (0.0391),chicken (0.0283),horse (0.0189),True,True
c:\Users\Alan\python\MMIP\week3\data\Dataset\dog\dog (2014).jpeg,dog,0.9048,dog,0.9048,dog (0.9048),spider (0.0178),elephant (0.0149),chicken (0.0135),butterfly (0.0109),True,True
c:\Users\Alan\python\MMIP\week3\data\Dataset\dog\dog (3358).jpeg,dog,0.889,dog,0.889,dog (0.8890),cow (0.0262),sheep (0.0230),elephant (0.0117),spider (0.0112),True,True
c:\Users\Alan\python\MMIP\week3\data\Dataset\dog\dog (2497).jpeg,dog,0.8444,dog,0.8444,dog (0.8444),cat (0.0584),chicken (0.0393),squirrel (0.0318),sheep (0.0061),True,True
c:\Users\Alan\python\MMIP\week3\data\Dataset\dog\dog (2703).jpeg,dog,0.8483,dog,0.8483,dog (0.8483),squirrel (0.0317),elephant (0.0235),chicken (0.0223),spider (0.0192),True,True
c:\Users\Alan\python\MMIP\week3\data\Dataset\dog\dog (4353).jpeg,dog,0.7846,dog,0.7846,dog (0.7846),spider (0.0464),butterfly (0.0316),elephant (0.0279),squirrel (0.0230),True,True
c:\Users\Alan\python\MMIP\week3\data\Dataset\dog\dog (4325).jpeg,dog,0.9213,dog,0.9213,dog (0.9213),elephant (0.0121),horse (0.0112),squirrel (0.0111),sheep (0.0102),True,True
c:\Users\Alan\python\MMIP\week3\data\Dataset\dog\dog (1331).jpeg,dog,0.8106,dog,0.8106,dog (0.8106),cat (0.0600),spider (0.0241),butterfly (0.0215),chicken (0.0183),True,True
c:\Users\Alan\python\MMIP\week3\data\Dataset\dog\dog (2856).jpeg,dog,0.6527,dog,0.6527,dog (0.6527),chicken (0.0638),cow (0.0574),squirrel (0.0539),elephant (0.0410),True,True
c:\Users\Alan\python\MMIP\week3\data\Dataset\dog\dog (724).jpeg,dog,0.8777,dog,0.8777,dog (0.8777),spider (0.0236),butterfly (0.0216),cat (0.0136),cow (0.0124),True,True
c:\Users\Alan\python\MMIP\week3\data\Dataset\dog\dog (3050).jpeg,dog,0.888,dog,0.888,dog (0.8880),chicken (0.0207),cow (0.0182),spider (0.0170),cat (0.0138),True,True
c:\Users\Alan\python\MMIP\week3\data\Dataset\dog\dog (1019).jpeg,dog,0.8329,dog,0.8329,dog (0.8329),sheep (0.0264),spider (0.0257),chicken (0.0244),elephant (0.0205),True,True
c:\Users\Alan\python\MMIP\week3\data\Dataset\dog\dog (4607).jpeg,dog,0.5238,dog,0.5238,dog (0.5238),horse (0.2456),cow (0.0809),elephant (0.0423),chicken (0.0267),True,True
c:\Users\Alan\python\MMIP\week3\data\Dataset\dog\dog (417).jpeg,dog,0.9248,dog,0.9248,dog (0.9248),squirrel (0.0148),spider (0.0123),chicken (0.0121),butterfly (0.0086),True,True
c:\Users\Alan\python\MMIP\week3\data\Dataset\dog\dog (1118).jpeg,dog,0.5922,dog,0.5922,dog (0.5922),chicken (0.1260),horse (0.1049),elephant (0.0435),sheep (0.0433),True,True
c:\Users\Alan\python\MMIP\week3\data\Dataset\dog\dog (3412).jpeg,dog,0.8373,dog,0.8373,dog (0.8373),cow (0.0502),horse (0.0212),cat (0.0177),sheep (0.0151),True,True
c:\Users\Alan\python\MMIP\week3\data\Dataset\dog\dog (2205).jpeg,dog,0.7681,dog,0.7681,dog (0.7681),cat (0.1175),squirrel (0.0320),chicken (0.0161),spider (0.0138),True,True
c:\Users\Alan\python\MMIP\week3\data\Dataset\dog\dog (3238).jpeg,dog,0.919,dog,0.919,dog (0.9190),squirrel (0.0165),sheep (0.0162),horse (0.0120),chicken (0.0083),True,True
c:\Users\Alan\python\MMIP\week3\data\Dataset\dog\dog (3043).jpeg,dog,0.601,dog,0.601,dog (0.6010),horse (0.2136),cow (0.0859),chicken (0.0215),squirrel (0.0156),True,True
c:\Users\Alan\python\MMIP\week3\data\Dataset\dog\dog (1672).jpeg,dog,0.1709,sheep,0.6528,sheep (0.6528),dog (0.1709),cat (0.0504),butterfly (0.0313),spider (0.0257),False,True
c:\Users\Alan\python\MMIP\week3\data\Dataset\dog\dog (1494).jpeg,dog,0.8088,dog,0.8088,dog (0.8088),cow (0.0313),spider (0.0294),sheep (0.0248),butterfly (0.0216),True,True
c:\Users\Alan\python\MMIP\week3\data\Dataset\dog\dog (3553).jpeg,dog,0.9289,dog,0.9289,dog (0.9289),chicken (0.0130),sheep (0.0122),horse (0.0103),squirrel (0.0080),True,True
c:\Users\Alan\python\MMIP\week3\data\Dataset\dog\dog (3376).jpeg,dog,0.848,dog,0.848,dog (0.8480),cow (0.0483),chicken (0.0433),cat (0.0188),horse (0.0098),True,True
c:\Users\Alan\python\MMIP\week3\data\Dataset\dog\dog (9).jpeg,dog,0.8896,dog,0.8896,dog (0.8896),spider (0.0180),squirrel (0.0175),elephant (0.0162),chicken (0.0128),True,True
c:\Users\Alan\python\MMIP\week3\data\Dataset\dog\dog (2717).jpeg,dog,0.2447,spider,0.4358,spider (0.4358),dog (0.2447),chicken (0.1901),squirrel (0.0261),butterfly (0.0253),False,True
c:\Users\Alan\python\MMIP\week3\data\Dataset\dog\dog (4061).jpeg,dog,0.9026,dog,0.9026,dog (0.9026),chicken (0.0210),spider (0.0152),squirrel (0.0121),elephant (0.0111),True,True
c:\Users\Alan\python\MMIP\week3\data\Dataset\dog\dog (2225).jpeg,dog,0.8731,dog,0.8731,dog (0.8731),cow (0.0526),cat (0.0235),horse (0.0167),spider (0.0085),True,True
c:\Users\Alan\python\MMIP\week3\data\Dataset\dog\dog (1143).jpeg,dog,0.8482,dog,0.8482,dog (0.8482),elephant (0.0293),horse (0.0276),cow (0.0213),spider (0.0155),True,True
c:\Users\Alan\python\MMIP\week3\data\Dataset\dog\dog (3340).jpeg,dog,0.817,dog,0.817,dog (0.8170),cat (0.0399),spider (0.0348),butterfly (0.0220),squirrel (0.0190),True,True
c:\Users\Alan\python\MMIP\week3\data\Dataset\dog\dog (1561).jpeg,dog,0.9198,dog,0.9198,dog (0.9198),sheep (0.0139),cow (0.0134),horse (0.0119),spider (0.0101),True,True
c:\Users\Alan\python\MMIP\week3\data\Dataset\dog\dog (1320).jpeg,dog,0.869,dog,0.869,dog (0.8690),cow (0.0248),horse (0.0237),spider (0.0231),butterfly (0.0141),True,True
c:\Users\Alan\python\MMIP\week3\data\Dataset\dog\dog (377).jpeg,dog,0.8107,dog,0.8107,dog (0.8107),sheep (0.0560),chicken (0.0348),squirrel (0.0221),cow (0.0162),True,True
c:\Users\Alan\python\MMIP\week3\data\Dataset\dog\dog (1521).jpeg,dog,0.8106,dog,0.8106,dog (0.8106),cow (0.0767),horse (0.0247),butterfly (0.0195),cat (0.0152),True,True
c:\Users\Alan\python\MMIP\week3\data\Dataset\elephant\elephant (979).jpeg,elephant,0.4287,elephant,0.4287,elephant (0.4287),horse (0.3598),dog (0.0822),spider (0.0330),cow (0.0207),True,True
c:\Users\Alan\python\MMIP\week3\data\Dataset\elephant\elephant (882).jpeg,elephant,0.1338,dog,0.3967,dog (0.3967),horse (0.1481),elephant (0.1338),butterfly (0.0805),spider (0.0774),False,True
c:\Users\Alan\python\MMIP\week3\data\Dataset\elephant\elephant (959).jpeg,elephant,0.2389,chicken,0.3091,chicken (0.3091),elephant (0.2389),squirrel (0.1574),dog (0.0672),spider (0.0644),False,True
c:\Users\Alan\python\MMIP\week3\data\Dataset\elephant\elephant (389).jpeg,elephant,0.8895,elephant,0.8895,elephant (0.8895),dog (0.0264),cow (0.0216),sheep (0.0122),chicken (0.0108),True,True
c:\Users\Alan\python\MMIP\week3\data\Dataset\elephant\elephant (27).jpg,elephant,0.956,elephant,0.956,elephant (0.9560),spider (0.0123),cat (0.0065),butterfly (0.0046),squirrel (0.0040),True,True
c:\Users\Alan\python\MMIP\week3\data\Dataset\elephant\elephant (34).jpeg,elephant,0.6724,elephant,0.6724,elephant (0.6724),dog (0.1506),squirrel (0.0712),spider (0.0252),chicken (0.0194),True,True
c:\Users\Alan\python\MMIP\week3\data\Dataset\elephant\elephant (136).jpg,elephant,0.8334,elephant,0.8334,elephant (0.8334),spider (0.0623),chicken (0.0203),dog (0.0178),cat (0.0163),True,True
c:\Users\Alan\python\MMIP\week3\data\Dataset\elephant\elephant (216).jpg,elephant,0.885,elephant,0.885,elephant (0.8850),chicken (0.0292),spider (0.0247),dog (0.0145),sheep (0.0089),True,True
c:\Users\Alan\python\MMIP\week3\data\Dataset\elephant\elephant (117).jpeg,elephant,0.8097,elephant,0.8097,elephant (0.8097),sheep (0.0425),squirrel (0.0334),dog (0.0294),butterfly (0.0189),True,True
c:\Users\Alan\python\MMIP\week3\data\Dataset\elephant\elephant (958).jpeg,elephant,0.1451,chicken,0.3109,chicken (0.3109),dog (0.1801),elephant (0.1451),horse (0.1111),cow (0.0935),False,True
c:\Users\Alan\python\MMIP\week3\data\Dataset\elephant\elephant (993).jpeg,elephant,0.9075,elephant,0.9075,elephant (0.9075),spider (0.0193),dog (0.0140),chicken (0.0128),cat (0.0097),True,True
c:\Users\Alan\python\MMIP\week3\data\Dataset\elephant\elephant (372).jpeg,elephant,0.8501,elephant,0.8501,elephant (0.8501),squirrel (0.0386),dog (0.0239),horse (0.0175),cat (0.0168),True,True
c:\Users\Alan\python\MMIP\week3\data\Dataset\elephant\elephant (533).jpeg,elephant,0.8599,elephant,0.8599,elephant (0.8599),dog (0.0318),spider (0.0282),cat (0.0241),horse (0.0126),True,True
c:\Users\Alan\python\MMIP\week3\data\Dataset\elephant\elephant (1059).jpeg,elephant,0.8989,elephant,0.8989,elephant (0.8989),sheep (0.0194),horse (0.0173),cow (0.0149),dog (0.0136),True,True
c:\Users\Alan\python\MMIP\week3\data\Dataset\elephant\elephant (629).jpeg,elephant,0.4242,elephant,0.4242,elephant (0.4242),cat (0.1769),dog (0.1094),horse (0.0710),sheep (0.0610),True,True
c:\Users\Alan\python\MMIP\week3\data\Dataset\elephant\elephant (715).jpeg,elephant,0.9767,elephant,0.9767,elephant (0.9767),dog (0.0060),spider (0.0050),butterfly (0.0024),chicken (0.0022),True,True
c:\Users\Alan\python\MMIP\week3\data\Dataset\elephant\elephant (271).jpeg,elephant,0.9086,elephant,0.9086,elephant (0.9086),spider (0.0162),cat (0.0124),chicken (0.0116),dog (0.0097),True,True
c:\Users\Alan\python\MMIP\week3\data\Dataset\elephant\elephant (1020).jpeg,elephant,0.8887,elephant,0.8887,elephant (0.8887),dog (0.0251),spider (0.0174),horse (0.0135),butterfly (0.0114),True,True
c:\Users\Alan\python\MMIP\week3\data\Dataset\elephant\elephant (580).jpeg,elephant,0.2383,chicken,0.5129,chicken (0.5129),elephant (0.2383),spider (0.0633),horse (0.0504),dog (0.0359),False,True
c:\Users\Alan\python\MMIP\week3\data\Dataset\elephant\elephant (530).jpeg,elephant,0.9121,elephant,0.9121,elephant (0.9121),cow (0.0185),dog (0.0172),sheep (0.0154),spider (0.0096),True,True
c:\Users\Alan\python\MMIP\week3\data\Dataset\elephant\elephant (68).jpeg,elephant,0.4543,elephant,0.4543,elephant (0.4543),cow (0.2638),sheep (0.1075),spider (0.0494),horse (0.0353),True,True
c:\Users\Alan\python\MMIP\week3\data\Dataset\elephant\elephant (701).jpeg,elephant,0.8573,elephant,0.8573,elephant (0.8573),dog (0.0359),chicken (0.0232),spider (0.0212),squirrel (0.0131),True,True
c:\Users\Alan\python\MMIP\week3\data\Dataset\elephant\elephant (872).jpeg,elephant,0.8368,elephant,0.8368,elephant (0.8368),horse (0.0405),dog (0.0237),spider (0.0187),butterfly (0.0182),True,True
c:\Users\Alan\python\MMIP\week3\data\Dataset\elephant\elephant (416).jpeg,elephant,0.9591,elephant,0.9591,elephant (0.9591),spider (0.0102),sheep (0.0063),cow (0.0042),squirrel (0.0041),True,True
c:\Users\Alan\python\MMIP\week3\data\Dataset\elephant\elephant (497).jpeg,elephant,0.8914,elephant,0.8914,elephant (0.8914),dog (0.0513),cow (0.0127),horse (0.0112),squirrel (0.0075),True,True
c:\Users\Alan\python\MMIP\week3\data\Dataset\elephant\elephant (1047).jpeg,elephant,0.851,elephant,0.851,elephant (0.8510),spider (0.0440),dog (0.0193),chicken (0.0184),cat (0.0145),True,True
c:\Users\Alan\python\MMIP\week3\data\Dataset\elephant\elephant (109).jpeg,elephant,0.9239,elephant,0.9239,elephant (0.9239),dog (0.0132),sheep (0.0111),spider (0.0097),horse (0.0089),True,True
c:\Users\Alan\python\MMIP\week3\data\Dataset\elephant\elephant (684).jpeg,elephant,0.8522,elephant,0.8522,elephant (0.8522),spider (0.0314),sheep (0.0200),horse (0.0161),butterfly (0.0160),True,True
c:\Users\Alan\python\MMIP\week3\data\Dataset\elephant\elephant (660).jpeg,elephant,0.7987,elephant,0.7987,elephant (0.7987),sheep (0.1252),cow (0.0206),horse (0.0161),cat (0.0104),True,True
c:\Users\Alan\python\MMIP\week3\data\Dataset\elephant\elephant (301).jpeg,elephant,0.874,elephant,0.874,elephant (0.8740),horse (0.0260),cow (0.0247),dog (0.0170),chicken (0.0145),True,True
c:\Users\Alan\python\MMIP\week3\data\Dataset\elephant\elephant (653).jpeg,elephant,0.8803,elephant,0.8803,elephant (0.8803),horse (0.0262),cow (0.0215),spider (0.0204),dog (0.0134),True,True
c:\Users\Alan\python\MMIP\week3\data\Dataset\elephant\elephant (24).jpg,elephant,0.8978,elephant,0.8978,elephant (0.8978),cow (0.0138),dog (0.0138),horse (0.0133),cat (0.0124),True,True
c:\Users\Alan\python\MMIP\week3\data\Dataset\elephant\elephant (527).jpeg,elephant,0.6127,elephant,0.6127,elephant (0.6127),horse (0.1223),sheep (0.0833),dog (0.0362),chicken (0.0280),True,True
c:\Users\Alan\python\MMIP\week3\data\Dataset\elephant\elephant (641).jpeg,elephant,0.5019,elephant,0.5019,elephant (0.5019),dog (0.1559),cow (0.1041),chicken (0.0672),sheep (0.0456),True,True
c:\Users\Alan\python\MMIP\week3\data\Dataset\elephant\elephant (76).jpeg,elephant,0.7817,elephant,0.7817,elephant (0.7817),spider (0.0356),horse (0.0345),chicken (0.0299),cow (0.0276),True,True
c:\Users\Alan\python\MMIP\week3\data\Dataset\elephant\elephant (627).jpeg,elephant,0.9373,elephant,0.9373,elephant (0.9373),dog (0.0111),spider (0.0089),chicken (0.0075),butterfly (0.0074),True,True
c:\Users\Alan\python\MMIP\week3\data\Dataset\elephant\elephant (577).jpeg,elephant,0.3711,elephant,0.3711,elephant (0.3711),squirrel (0.3168),cat (0.1348),butterfly (0.0406),spider (0.0356),True,True
c:\Users\Alan\python\MMIP\week3\data\Dataset\elephant\elephant (291).jpeg,elephant,0.9066,elephant,0.9066,elephant (0.9066),sheep (0.0249),squirrel (0.0128),dog (0.0120),chicken (0.0099),True,True
c:\Users\Alan\python\MMIP\week3\data\Dataset\elephant\elephant (335).jpeg,elephant,0.7076,elephant,0.7076,elephant (0.7076),sheep (0.0757),horse (0.0556),dog (0.0519),cat (0.0284),True,True
c:\Users\Alan\python\MMIP\week3\data\Dataset\elephant\elephant (192).jpeg,elephant,0.9303,elephant,0.9303,elephant (0.9303),spider (0.0103),chicken (0.0097),sheep (0.0089),dog (0.0086),True,True
c:\Users\Alan\python\MMIP\week3\data\Dataset\elephant\elephant (1066).jpeg,elephant,0.8158,elephant,0.8158,elephant (0.8158),sheep (0.0562),cow (0.0425),spider (0.0232),horse (0.0159),True,True
c:\Users\Alan\python\MMIP\week3\data\Dataset\elephant\elephant (794).jpeg,elephant,0.825,elephant,0.825,elephant (0.8250),spider (0.0363),butterfly (0.0231),sheep (0.0225),cat (0.0192),True,True
c:\Users\Alan\python\MMIP\week3\data\Dataset\elephant\elephant (133).jpeg,elephant,0.9071,elephant,0.9071,elephant (0.9071),spider (0.0155),squirrel (0.0122),horse (0.0113),dog (0.0111),True,True
c:\Users\Alan\python\MMIP\week3\data\Dataset\elephant\elephant (282).jpeg,elephant,0.9002,elephant,0.9002,elephant (0.9002),sheep (0.0193),horse (0.0181),cat (0.0131),cow (0.0115),True,True
c:\Users\Alan\python\MMIP\week3\data\Dataset\elephant\elephant (140).jpeg,elephant,0.9104,elephant,0.9104,elephant (0.9104),dog (0.0170),horse (0.0126),spider (0.0121),cat (0.0096),True,True
c:\Users\Alan\python\MMIP\week3\data\Dataset\elephant\elephant (54).jpeg,elephant,0.2654,dog,0.3602,dog (0.3602),elephant (0.2654),horse (0.0765),cow (0.0598),squirrel (0.0580),False,True
c:\Users\Alan\python\MMIP\week3\data\Dataset\elephant\elephant (608).jpeg,elephant,0.8964,elephant,0.8964,elephant (0.8964),spider (0.0202),chicken (0.0163),cat (0.0153),butterfly (0.0148),True,True
c:\Users\Alan\python\MMIP\week3\data\Dataset\elephant\elephant (211).jpg,elephant,0.7527,elephant,0.7527,elephant (0.7527),cow (0.0732),sheep (0.0468),horse (0.0461),cat (0.0185),True,True
c:\Users\Alan\python\MMIP\week3\data\Dataset\elephant\elephant (349).jpg,elephant,0.7478,elephant,0.7478,elephant (0.7478),chicken (0.0524),dog (0.0436),squirrel (0.0369),cat (0.0360),True,True
c:\Users\Alan\python\MMIP\week3\data\Dataset\elephant\elephant (203).jpg,elephant,0.6482,elephant,0.6482,elephant (0.6482),dog (0.0952),cat (0.0811),butterfly (0.0549),chicken (0.0301),True,True
c:\Users\Alan\python\MMIP\week3\data\Dataset\elephant\elephant (129).jpg,elephant,0.9182,elephant,0.9182,elephant (0.9182),squirrel (0.0202),sheep (0.0126),horse (0.0098),spider (0.0083),True,True
c:\Users\Alan\python\MMIP\week3\data\Dataset\elephant\elephant (110).jpeg,elephant,0.0963,dog,0.3989,dog (0.3989),sheep (0.1574),elephant (0.0963),squirrel (0.0813),cat (0.0765),False,True
c:\Users\Alan\python\MMIP\week3\data\Dataset\elephant\elephant (88).jpg,elephant,0.9527,elephant,0.9527,elephant (0.9527),horse (0.0071),sheep (0.0068),spider (0.0067),dog (0.0059),True,True
c:\Users\Alan\python\MMIP\week3\data\Dataset\elephant\elephant (337).jpeg,elephant,0.7338,elephant,0.7338,elephant (0.7338),dog (0.0995),horse (0.0794),chicken (0.0205),cow (0.0161),True,True
c:\Users\Alan\python\MMIP\week3\data\Dataset\elephant\elephant (366).jpeg,elephant,0.1994,spider,0.4361,spider (0.4361),elephant (0.1994),butterfly (0.0920),squirrel (0.0917),chicken (0.0391),False,True
c:\Users\Alan\python\MMIP\week3\data\Dataset\elephant\elephant (205).jpg,elephant,0.8553,elephant,0.8553,elephant (0.8553),cat (0.0268),spider (0.0249),squirrel (0.0185),horse (0.0147),True,True
c:\Users\Alan\python\MMIP\week3\data\Dataset\elephant\elephant (173).jpeg,elephant,0.5647,elephant,0.5647,elephant (0.5647),cat (0.1329),dog (0.1317),sheep (0.0482),cow (0.0321),True,True
c:\Users\Alan\python\MMIP\week3\data\Dataset\elephant\elephant (43).jpg,elephant,0.9779,elephant,0.9779,elephant (0.9779),cat (0.0040),spider (0.0034),squirrel (0.0027),horse (0.0026),True,True
c:\Users\Alan\python\MMIP\week3\data\Dataset\elephant\elephant (978).jpeg,elephant,0.7284,elephant,0.7284,elephant (0.7284),squirrel (0.0764),dog (0.0626),spider (0.0373),chicken (0.0282),True,True
c:\Users\Alan\python\MMIP\week3\data\Dataset\elephant\elephant (185).jpeg,elephant,0.8224,elephant,0.8224,elephant (0.8224),spider (0.0285),dog (0.0271),butterfly (0.0229),chicken (0.0228),True,True
c:\Users\Alan\python\MMIP\week3\data\Dataset\elephant\elephant (924).jpeg,elephant,0.898,elephant,0.898,elephant (0.8980),spider (0.0185),butterfly (0.0140),sheep (0.0136),squirrel (0.0129),True,True
c:\Users\Alan\python\MMIP\week3\data\Dataset\elephant\elephant (2).jpeg,elephant,0.5575,elephant,0.5575,elephant (0.5575),dog (0.1332),horse (0.1051),cow (0.0895),cat (0.0274),True,True
c:\Users\Alan\python\MMIP\week3\data\Dataset\elephant\elephant (196).jpeg,elephant,0.9189,elephant,0.9189,elephant (0.9189),squirrel (0.0136),spider (0.0124),sheep (0.0099),chicken (0.0090),True,True
c:\Users\Alan\python\MMIP\week3\data\Dataset\elephant\elephant (96).jpeg,elephant,0.7407,elephant,0.7407,elephant (0.7407),horse (0.1051),dog (0.0422),cow (0.0295),sheep (0.0168),True,True
c:\Users\Alan\python\MMIP\week3\data\Dataset\elephant\elephant (876).jpeg,elephant,0.1278,chicken,0.3416,chicken (0.3416),squirrel (0.2855),elephant (0.1278),cat (0.0614),dog (0.0467),False,True
c:\Users\Alan\python\MMIP\week3\data\Dataset\elephant\elephant (692).jpeg,elephant,0.2395,dog,0.296,dog (0.2960),elephant (0.2395),horse (0.1894),cow (0.1629),chicken (0.0279),False,True
c:\Users\Alan\python\MMIP\week3\data\Dataset\elephant\elephant (631).jpeg,elephant,0.9237,elephant,0.9237,elephant (0.9237),dog (0.0180),spider (0.0137),cat (0.0104),sheep (0.0064),True,True
c:\Users\Alan\python\MMIP\week3\data\Dataset\elephant\elephant (98).jpeg,elephant,0.5058,elephant,0.5058,elephant (0.5058),dog (0.1181),sheep (0.0826),squirrel (0.0772),cat (0.0669),True,True
c:\Users\Alan\python\MMIP\week3\data\Dataset\elephant\elephant (106).jpeg,elephant,0.9298,elephant,0.9298,elephant (0.9298),dog (0.0249),spider (0.0076),horse (0.0070),cow (0.0069),True,True
c:\Users\Alan\python\MMIP\week3\data\Dataset\elephant\elephant (362).jpeg,elephant,0.3814,elephant,0.3814,elephant (0.3814),cow (0.2064),sheep (0.1419),horse (0.1203),dog (0.0567),True,True
c:\Users\Alan\python\MMIP\week3\data\Dataset\elephant\elephant (247).jpeg,elephant,0.9619,elephant,0.9619,elephant (0.9619),dog (0.0073),horse (0.0068),chicken (0.0058),spider (0.0048),True,True
c:\Users\Alan\python\MMIP\week3\data\Dataset\elephant\elephant (11).jpg,elephant,0.2615,dog,0.3692,dog (0.3692),elephant (0.2615),horse (0.1350),sheep (0.0515),spider (0.0509),False,True
c:\Users\Alan\python\MMIP\week3\data\Dataset\elephant\elephant (267).jpg,elephant,0.9154,elephant,0.9154,elephant (0.9154),dog (0.0202),chicken (0.0101),spider (0.0092),squirrel (0.0091),True,True
c:\Users\Alan\python\MMIP\week3\data\Dataset\elephant\elephant (159).jpg,elephant,0.7735,elephant,0.7735,elephant (0.7735),sheep (0.0489),dog (0.0284),horse (0.0261),spider (0.0240),True,True
c:\Users\Alan\python\MMIP\week3\data\Dataset\elephant\elephant (125).jpg,elephant,0.9413,elephant,0.9413,elephant (0.9413),dog (0.0198),sheep (0.0117),horse (0.0063),spider (0.0042),True,True
c:\Users\Alan\python\MMIP\week3\data\Dataset\elephant\elephant (550).jpeg,elephant,0.9254,elephant,0.9254,elephant (0.9254),spider (0.0121),cow (0.0100),chicken (0.0086),cat (0.0082),True,True
c:\Users\Alan\python\MMIP\week3\data\Dataset\elephant\elephant (270).jpg,elephant,0.2025,sheep,0.5568,sheep (0.5568),elephant (0.2025),cow (0.1166),dog (0.0434),horse (0.0383),False,True
c:\Users\Alan\python\MMIP\week3\data\Dataset\elephant\elephant (233).jpg,elephant,0.9052,elephant,0.9052,elephant (0.9052),spider (0.0175),squirrel (0.0146),dog (0.0143),sheep (0.0122),True,True
c:\Users\Alan\python\MMIP\week3\data\Dataset\elephant\elephant (788).jpeg,elephant,0.845,elephant,0.845,elephant (0.8450),spider (0.0455),dog (0.0202),cat (0.0185),chicken (0.0179),True,True
c:\Users\Alan\python\MMIP\week3\data\Dataset\elephant\elephant (241).jpg,elephant,0.8558,elephant,0.8558,elephant (0.8558),sheep (0.0290),spider (0.0236),dog (0.0209),cat (0.0149),True,True
c:\Users\Alan\python\MMIP\week3\data\Dataset\elephant\elephant (52).jpeg,elephant,0.9603,elephant,0.9603,elephant (0.9603),dog (0.0094),spider (0.0056),cat (0.0044),horse (0.0041),True,True
c:\Users\Alan\python\MMIP\week3\data\Dataset\elephant\elephant (99).jpeg,elephant,0.1228,spider,0.4046,spider (0.4046),squirrel (0.1708),elephant (0.1228),chicken (0.0874),dog (0.0802),False,True
c:\Users\Alan\python\MMIP\week3\data\Dataset\elephant\elephant (44).jpg,elephant,0.9199,elephant,0.9199,elephant (0.9199),sheep (0.0195),horse (0.0127),cow (0.0094),spider (0.0077),True,True
c:\Users\Alan\python\MMIP\week3\data\Dataset\elephant\elephant (240).jpeg,elephant,0.6964,elephant,0.6964,elephant (0.6964),cow (0.1018),horse (0.0662),dog (0.0393),spider (0.0370),True,True
c:\Users\Alan\python\MMIP\week3\data\Dataset\elephant\elephant (328).jpeg,elephant,0.1324,squirrel,0.5561,squirrel (0.5561),elephant (0.1324),dog (0.0661),chicken (0.0565),cat (0.0475),False,True
c:\Users\Alan\python\MMIP\week3\data\Dataset\elephant\elephant (219).jpeg,elephant,0.922,elephant,0.922,elephant (0.9220),horse (0.0163),cat (0.0114),spider (0.0101),dog (0.0083),True,True
c:\Users\Alan\python\MMIP\week3\data\Dataset\elephant\elephant (1060).jpeg,elephant,0.9473,elephant,0.9473,elephant (0.9473),chicken (0.0081),horse (0.0079),dog (0.0072),sheep (0.0061),True,True
c:\Users\Alan\python\MMIP\week3\data\Dataset\elephant\elephant (172).jpg,elephant,0.9409,elephant,0.9409,elephant (0.9409),cat (0.0108),spider (0.0096),butterfly (0.0075),chicken (0.0063),True,True
c:\Users\Alan\python\MMIP\week3\data\Dataset\elephant\elephant (77).jpeg,elephant,0.8272,elephant,0.8272,elephant (0.8272),dog (0.0415),cat (0.0267),sheep (0.0246),horse (0.0191),True,True
c:\Users\Alan\python\MMIP\week3\data\Dataset\elephant\elephant (464).jpeg,elephant,0.5316,elephant,0.5316,elephant (0.5316),dog (0.1436),horse (0.0845),sheep (0.0605),cow (0.0541),True,True
c:\Users\Alan\python\MMIP\week3\data\Dataset\elephant\elephant (45).jpg,elephant,0.8117,elephant,0.8117,elephant (0.8117),sheep (0.0623),spider (0.0239),cat (0.0201),dog (0.0181),True,True
c:\Users\Alan\python\MMIP\week3\data\Dataset\elephant\elephant (941).jpeg,elephant,0.8634,elephant,0.8634,elephant (0.8634),dog (0.0552),cat (0.0192),spider (0.0120),cow (0.0111),True,True
c:\Users\Alan\python\MMIP\week3\data\Dataset\elephant\elephant (992).jpeg,elephant,0.9128,elephant,0.9128,elephant (0.9128),spider (0.0139),dog (0.0133),chicken (0.0105),squirrel (0.0103),True,True
c:\Users\Alan\python\MMIP\week3\data\Dataset\elephant\elephant (797).jpeg,elephant,0.7493,elephant,0.7493,elephant (0.7493),sheep (0.0438),horse (0.0426),chicken (0.0365),cow (0.0294),True,True
c:\Users\Alan\python\MMIP\week3\data\Dataset\elephant\elephant (1022).jpeg,elephant,0.972,elephant,0.972,elephant (0.9720),dog (0.0046),cow (0.0034),chicken (0.0033),horse (0.0032),True,True
c:\Users\Alan\python\MMIP\week3\data\Dataset\elephant\elephant (72).jpg,elephant,0.9481,elephant,0.9481,elephant (0.9481),spider (0.0102),sheep (0.0071),cow (0.0064),chicken (0.0052),True,True
c:\Users\Alan\python\MMIP\week3\data\Dataset\elephant\elephant (172).jpeg,elephant,0.9241,elephant,0.9241,elephant (0.9241),dog (0.0154),chicken (0.0123),spider (0.0116),squirrel (0.0071),True,True
c:\Users\Alan\python\MMIP\week3\data\Dataset\elephant\elephant (514).jpeg,elephant,0.8208,elephant,0.8208,elephant (0.8208),dog (0.0400),cow (0.0280),squirrel (0.0211),sheep (0.0184),True,True
c:\Users\Alan\python\MMIP\week3\data\Dataset\elephant\elephant (190).jpeg,elephant,0.8244,elephant,0.8244,elephant (0.8244),cow (0.0408),spider (0.0304),horse (0.0228),chicken (0.0184),True,True
c:\Users\Alan\python\MMIP\week3\data\Dataset\elephant\elephant (295).jpeg,elephant,0.7943,elephant,0.7943,elephant (0.7943),cat (0.0392),horse (0.0345),cow (0.0345),sheep (0.0280),True,True
c:\Users\Alan\python\MMIP\week3\data\Dataset\elephant\elephant (415).jpeg,elephant,0.4165,elephant,0.4165,elephant (0.4165),sheep (0.2143),chicken (0.1145),horse (0.0529),dog (0.0486),True,True
c:\Users\Alan\python\MMIP\week3\data\Dataset\elephant\elephant (723).jpeg,elephant,0.8029,elephant,0.8029,elephant (0.8029),horse (0.0451),dog (0.0302),spider (0.0228),squirrel (0.0183),True,True
c:\Users\Alan\python\MMIP\week3\data\Dataset\elephant\elephant (275).jpg,elephant,0.916,elephant,0.916,elephant (0.9160),spider (0.0190),butterfly (0.0117),cat (0.0107),chicken (0.0095),True,True
c:\Users\Alan\python\MMIP\week3\data\Dataset\elephant\elephant (396).jpeg,elephant,0.7439,elephant,0.7439,elephant (0.7439),dog (0.0451),sheep (0.0363),cow (0.0307),horse (0.0306),True,True
c:\Users\Alan\python\MMIP\week3\data\Dataset\elephant\elephant (737).jpeg,elephant,0.8937,elephant,0.8937,elephant (0.8937),spider (0.0189),horse (0.0157),dog (0.0132),chicken (0.0122),True,True
c:\Users\Alan\python\MMIP\week3\data\Dataset\elephant\elephant (600).jpeg,elephant,0.9239,elephant,0.9239,elephant (0.9239),spider (0.0141),horse (0.0106),sheep (0.0101),cat (0.0081),True,True
c:\Users\Alan\python\MMIP\week3\data\Dataset\elephant\elephant (107).jpeg,elephant,0.4962,elephant,0.4962,elephant (0.4962),sheep (0.1769),cow (0.1094),dog (0.0883),horse (0.0462),True,True
c:\Users\Alan\python\MMIP\week3\data\Dataset\elephant\elephant (560).jpeg,elephant,0.9144,elephant,0.9144,elephant (0.9144),spider (0.0150),cow (0.0134),chicken (0.0131),dog (0.0110),True,True
c:\Users\Alan\python\MMIP\week3\data\Dataset\elephant\elephant (839).jpeg,elephant,0.3836,elephant,0.3836,elephant (0.3836),chicken (0.1373),squirrel (0.1236),sheep (0.0925),spider (0.0744),True,True
c:\Users\Alan\python\MMIP\week3\data\Dataset\elephant\elephant (145).jpg,elephant,0.9039,elephant,0.9039,elephant (0.9039),cat (0.0166),spider (0.0143),horse (0.0129),sheep (0.0115),True,True
c:\Users\Alan\python\MMIP\week3\data\Dataset\elephant\elephant (68).jpg,elephant,0.9172,elephant,0.9172,elephant (0.9172),dog (0.0313),horse (0.0098),chicken (0.0081),cat (0.0080),True,True
c:\Users\Alan\python\MMIP\week3\data\Dataset\elephant\elephant (459).jpeg,elephant,0.7991,elephant,0.7991,elephant (0.7991),squirrel (0.0496),cow (0.0453),horse (0.0342),sheep (0.0170),True,True
c:\Users\Alan\python\MMIP\week3\data\Dataset\elephant\elephant (46).jpg,elephant,0.696,elephant,0.696,elephant (0.6960),spider (0.0945),dog (0.0690),butterfly (0.0321),cat (0.0275),True,True
c:\Users\Alan\python\MMIP\week3\data\Dataset\elephant\elephant (667).jpeg,elephant,0.8135,elephant,0.8135,elephant (0.8135),dog (0.0415),spider (0.0259),squirrel (0.0232),chicken (0.0213),True,True
c:\Users\Alan\python\MMIP\week3\data\Dataset\elephant\elephant (39).jpeg,elephant,0.7893,elephant,0.7893,elephant (0.7893),dog (0.0817),horse (0.0330),cow (0.0218),chicken (0.0171),True,True
c:\Users\Alan\python\MMIP\week3\data\Dataset\elephant\elephant (11).jpeg,elephant,0.7475,elephant,0.7475,elephant (0.7475),horse (0.0829),dog (0.0363),spider (0.0301),sheep (0.0278),True,True
c:\Users\Alan\python\MMIP\week3\data\Dataset\elephant\elephant (7).jpg,elephant,0.8211,elephant,0.8211,elephant (0.8211),spider (0.0329),butterfly (0.0276),cat (0.0252),chicken (0.0211),True,True
c:\Users\Alan\python\MMIP\week3\data\Dataset\elephant\elephant (605).jpeg,elephant,0.845,elephant,0.845,elephant (0.8450),dog (0.0697),cat (0.0227),spider (0.0126),cow (0.0122),True,True
c:\Users\Alan\python\MMIP\week3\data\Dataset\elephant\elephant (212).jpg,elephant,0.8395,elephant,0.8395,elephant (0.8395),sheep (0.0491),spider (0.0311),cat (0.0258),squirrel (0.0197),True,True
c:\Users\Alan\python\MMIP\week3\data\Dataset\elephant\elephant (208).jpeg,elephant,0.5363,elephant,0.5363,elephant (0.5363),dog (0.2473),cow (0.0577),horse (0.0352),sheep (0.0332),True,True
c:\Users\Alan\python\MMIP\week3\data\Dataset\elephant\elephant (30).jpeg,elephant,0.7949,elephant,0.7949,elephant (0.7949),dog (0.1087),spider (0.0161),squirrel (0.0147),chicken (0.0145),True,True
c:\Users\Alan\python\MMIP\week3\data\Dataset\elephant\elephant (355).jpeg,elephant,0.6784,elephant,0.6784,elephant (0.6784),horse (0.1215),dog (0.0760),cow (0.0266),spider (0.0238),True,True
c:\Users\Alan\python\MMIP\week3\data\Dataset\elephant\elephant (243).jpeg,elephant,0.8696,elephant,0.8696,elephant (0.8696),horse (0.0343),spider (0.0303),sheep (0.0278),cow (0.0094),True,True
c:\Users\Alan\python\MMIP\week3\data\Dataset\elephant\elephant (719).jpeg,elephant,0.4352,elephant,0.4352,elephant (0.4352),dog (0.2664),cat (0.1544),horse (0.0496),cow (0.0256),True,True
c:\Users\Alan\python\MMIP\week3\data\Dataset\elephant\elephant (1032).jpeg,elephant,0.9779,elephant,0.9779,elephant (0.9779),spider (0.0043),dog (0.0036),horse (0.0030),chicken (0.0026),True,True
c:\Users\Alan\python\MMIP\week3\data\Dataset\elephant\elephant (717).jpeg,elephant,0.8896,elephant,0.8896,elephant (0.8896),cow (0.0190),dog (0.0169),horse (0.0168),spider (0.0154),True,True
c:\Users\Alan\python\MMIP\week3\data\Dataset\elephant\elephant (271).jpg,elephant,0.8219,elephant,0.8219,elephant (0.8219),horse (0.0313),dog (0.0291),spider (0.0260),cat (0.0249),True,True
c:\Users\Alan\python\MMIP\week3\data\Dataset\elephant\elephant (288).jpeg,elephant,0.8313,elephant,0.8313,elephant (0.8313),horse (0.0327),sheep (0.0233),butterfly (0.0184),chicken (0.0182),True,True
c:\Users\Alan\python\MMIP\week3\data\Dataset\elephant\elephant (1037).jpeg,elephant,0.9699,elephant,0.9699,elephant (0.9699),dog (0.0096),squirrel (0.0052),chicken (0.0033),spider (0.0029),True,True
c:\Users\Alan\python\MMIP\week3\data\Dataset\elephant\elephant (856).jpeg,elephant,0.9588,elephant,0.9588,elephant (0.9588),dog (0.0088),chicken (0.0063),horse (0.0053),spider (0.0051),True,True
c:\Users\Alan\python\MMIP\week3\data\Dataset\elephant\elephant (71).jpg,elephant,0.7544,elephant,0.7544,elephant (0.7544),spider (0.0553),cat (0.0347),sheep (0.0347),chicken (0.0262),True,True
c:\Users\Alan\python\MMIP\week3\data\Dataset\elephant\elephant (1058).jpeg,elephant,0.0888,dog,0.5636,dog (0.5636),elephant (0.0888),sheep (0.0854),cat (0.0521),spider (0.0456),False,True
c:\Users\Alan\python\MMIP\week3\data\Dataset\elephant\elephant (317).jpg,elephant,0.825,elephant,0.825,elephant (0.8250),sheep (0.0276),spider (0.0268),squirrel (0.0223),horse (0.0205),True,True
c:\Users\Alan\python\MMIP\week3\data\Dataset\elephant\elephant (548).jpeg,elephant,0.4186,elephant,0.4186,elephant (0.4186),dog (0.3375),spider (0.0666),sheep (0.0455),cow (0.0369),True,True
c:\Users\Alan\python\MMIP\week3\data\Dataset\elephant\elephant (407).jpeg,elephant,0.8888,elephant,0.8888,elephant (0.8888),dog (0.0330),spider (0.0238),cat (0.0118),squirrel (0.0092),True,True
c:\Users\Alan\python\MMIP\week3\data\Dataset\elephant\elephant (383).jpeg,elephant,0.6739,elephant,0.6739,elephant (0.6739),spider (0.0674),squirrel (0.0591),chicken (0.0499),sheep (0.0493),True,True
c:\Users\Alan\python\MMIP\week3\data\Dataset\elephant\elephant (634).jpeg,elephant,0.9099,elephant,0.9099,elephant (0.9099),dog (0.0231),spider (0.0143),horse (0.0118),butterfly (0.0100),True,True
c:\Users\Alan\python\MMIP\week3\data\Dataset\elephant\elephant (200).jpg,elephant,0.8394,elephant,0.8394,elephant (0.8394),spider (0.0347),chicken (0.0234),dog (0.0185),butterfly (0.0182),True,True
c:\Users\Alan\python\MMIP\week3\data\Dataset\elephant\elephant (15).jpeg,elephant,0.834,elephant,0.834,elephant (0.8340),spider (0.0312),cat (0.0208),butterfly (0.0192),chicken (0.0189),True,True
c:\Users\Alan\python\MMIP\week3\data\Dataset\elephant\elephant (598).jpeg,elephant,0.8926,elephant,0.8926,elephant (0.8926),dog (0.0446),spider (0.0141),chicken (0.0107),horse (0.0080),True,True
c:\Users\Alan\python\MMIP\week3\data\Dataset\elephant\elephant (616).jpeg,elephant,0.8984,elephant,0.8984,elephant (0.8984),dog (0.0231),cat (0.0164),spider (0.0128),cow (0.0121),True,True
c:\Users\Alan\python\MMIP\week3\data\Dataset\elephant\elephant (736).jpeg,elephant,0.884,elephant,0.884,elephant (0.8841),dog (0.0214),sheep (0.0175),cow (0.0173),cat (0.0144),True,True
c:\Users\Alan\python\MMIP\week3\data\Dataset\elephant\elephant (748).jpeg,elephant,0.8282,elephant,0.8282,elephant (0.8282),spider (0.0307),dog (0.0296),sheep (0.0206),butterfly (0.0165),True,True
c:\Users\Alan\python\MMIP\week3\data\Dataset\elephant\elephant (7).png,elephant,0.617,elephant,0.617,elephant (0.6170),spider (0.0893),horse (0.0833),butterfly (0.0525),dog (0.0468),True,True
c:\Users\Alan\python\MMIP\week3\data\Dataset\elephant\elephant (35).jpeg,elephant,0.9715,elephant,0.9715,elephant (0.9715),sheep (0.0127),dog (0.0026),cat (0.0023),chicken (0.0022),True,True
c:\Users\Alan\python\MMIP\week3\data\Dataset\horse\horse (1172).jpeg,horse,0.9599,horse,0.9599,horse (0.9599),dog (0.0118),cow (0.0102),spider (0.0056),sheep (0.0037),True,True
c:\Users\Alan\python\MMIP\week3\data\Dataset\horse\horse (1310).jpeg,horse,0.7946,horse,0.7946,horse (0.7946),cow (0.0669),spider (0.0273),squirrel (0.0206),cat (0.0188),True,True
c:\Users\Alan\python\MMIP\week3\data\Dataset\horse\horse (1332).jpeg,horse,0.6441,horse,0.6441,horse (0.6441),cow (0.1074),dog (0.1071),elephant (0.0599),sheep (0.0205),True,True
c:\Users\Alan\python\MMIP\week3\data\Dataset\horse\horse (410).jpeg,horse,0.7679,horse,0.7679,horse (0.7679),dog (0.1310),butterfly (0.0186),elephant (0.0146),cat (0.0140),True,True
c:\Users\Alan\python\MMIP\week3\data\Dataset\horse\horse (13).jpeg,horse,0.4503,dog,0.4646,dog (0.4646),horse (0.4503),spider (0.0151),cat (0.0136),sheep (0.0122),False,True
c:\Users\Alan\python\MMIP\week3\data\Dataset\horse\horse (2485).jpeg,horse,0.918,horse,0.918,horse (0.9180),squirrel (0.0176),spider (0.0135),dog (0.0115),butterfly (0.0084),True,True
c:\Users\Alan\python\MMIP\week3\data\Dataset\horse\horse (1662).jpeg,horse,0.8245,horse,0.8245,horse (0.8245),dog (0.0591),cow (0.0351),sheep (0.0223),butterfly (0.0154),True,True
c:\Users\Alan\python\MMIP\week3\data\Dataset\horse\horse (2298).jpeg,horse,0.9303,horse,0.9303,horse (0.9303),cow (0.0167),cat (0.0091),spider (0.0087),butterfly (0.0079),True,True
c:\Users\Alan\python\MMIP\week3\data\Dataset\horse\horse (707).jpeg,horse,0.1238,cow,0.481,cow (0.4810),sheep (0.1795),horse (0.1238),elephant (0.0812),dog (0.0309),False,True
c:\Users\Alan\python\MMIP\week3\data\Dataset\horse\horse (1163).jpeg,horse,0.7514,horse,0.7514,horse (0.7514),cow (0.1246),dog (0.0312),sheep (0.0299),spider (0.0156),True,True
c:\Users\Alan\python\MMIP\week3\data\Dataset\horse\horse (2366).jpeg,horse,0.4054,horse,0.4054,horse (0.4054),chicken (0.2732),dog (0.1087),cow (0.0574),elephant (0.0451),True,True
c:\Users\Alan\python\MMIP\week3\data\Dataset\horse\horse (1857).jpeg,horse,0.548,horse,0.548,horse (0.5480),cow (0.2334),dog (0.0710),chicken (0.0291),spider (0.0235),True,True
c:\Users\Alan\python\MMIP\week3\data\Dataset\horse\horse (2117).jpeg,horse,0.7792,horse,0.7792,horse (0.7792),dog (0.0864),cow (0.0312),spider (0.0312),squirrel (0.0139),True,True
c:\Users\Alan\python\MMIP\week3\data\Dataset\horse\horse (1592).jpeg,horse,0.8212,horse,0.8212,horse (0.8212),dog (0.0402),chicken (0.0263),cow (0.0255),spider (0.0235),True,True
c:\Users\Alan\python\MMIP\week3\data\Dataset\horse\horse (263).jpeg,horse,0.6052,horse,0.6052,horse (0.6052),dog (0.1019),chicken (0.0948),cow (0.0655),sheep (0.0347),True,True
c:\Users\Alan\python\MMIP\week3\data\Dataset\horse\horse (27).jpeg,horse,0.8856,horse,0.8856,horse (0.8856),cow (0.0709),dog (0.0212),chicken (0.0041),elephant (0.0038),True,True
c:\Users\Alan\python\MMIP\week3\data\Dataset\horse\horse (1259).jpeg,horse,0.9217,horse,0.9217,horse (0.9217),elephant (0.0154),spider (0.0118),squirrel (0.0094),cat (0.0094),True,True
c:\Users\Alan\python\MMIP\week3\data\Dataset\horse\horse (1490).jpeg,horse,0.8588,horse,0.8588,horse (0.8588),spider (0.0231),squirrel (0.0209),chicken (0.0181),butterfly (0.0174),True,True
c:\Users\Alan\python\MMIP\week3\data\Dataset\horse\horse (1420).jpeg,horse,0.9064,horse,0.9064,horse (0.9064),spider (0.0154),chicken (0.0145),squirrel (0.0112),cat (0.0107),True,True
c:\Users\Alan\python\MMIP\week3\data\Dataset\horse\horse (1476).jpeg,horse,0.7258,horse,0.7258,horse (0.7258),dog (0.1502),chicken (0.0214),elephant (0.0181),butterfly (0.0173),True,True
c:\Users\Alan\python\MMIP\week3\data\Dataset\horse\horse (1999).jpeg,horse,0.3565,cow,0.4275,cow (0.4275),horse (0.3565),dog (0.1130),cat (0.0236),spider (0.0205),False,True
c:\Users\Alan\python\MMIP\week3\data\Dataset\horse\horse (1080).jpeg,horse,0.9606,horse,0.9606,horse (0.9606),cow (0.0127),spider (0.0047),sheep (0.0042),chicken (0.0041),True,True
c:\Users\Alan\python\MMIP\week3\data\Dataset\horse\horse (404).jpeg,horse,0.2526,elephant,0.568,elephant (0.5680),horse (0.2526),cow (0.0399),dog (0.0290),sheep (0.0255),False,True
c:\Users\Alan\python\MMIP\week3\data\Dataset\horse\horse (988).jpeg,horse,0.9455,horse,0.9455,horse (0.9455),dog (0.0163),spider (0.0094),butterfly (0.0055),cat (0.0055),True,True
c:\Users\Alan\python\MMIP\week3\data\Dataset\horse\horse (1168).jpeg,horse,0.8117,horse,0.8117,horse (0.8117),butterfly (0.0407),squirrel (0.0348),spider (0.0310),chicken (0.0201),True,True
c:\Users\Alan\python\MMIP\week3\data\Dataset\horse\horse (1851).jpeg,horse,0.5451,horse,0.5451,horse (0.5451),dog (0.2256),chicken (0.0738),cow (0.0470),elephant (0.0384),True,True
c:\Users\Alan\python\MMIP\week3\data\Dataset\horse\horse (2357).jpeg,horse,0.8238,horse,0.8238,horse (0.8238),spider (0.0264),butterfly (0.0256),cow (0.0237),squirrel (0.0230),True,True
c:\Users\Alan\python\MMIP\week3\data\Dataset\horse\horse (618).jpeg,horse,0.7911,horse,0.7911,horse (0.7911),chicken (0.0279),squirrel (0.0277),butterfly (0.0262),spider (0.0251),True,True
c:\Users\Alan\python\MMIP\week3\data\Dataset\horse\horse (936).jpeg,horse,0.9202,horse,0.9202,horse (0.9202),spider (0.0120),chicken (0.0107),dog (0.0096),butterfly (0.0095),True,True
c:\Users\Alan\python\MMIP\week3\data\Dataset\horse\horse (1573).jpeg,horse,0.8459,horse,0.8459,horse (0.8459),dog (0.0326),butterfly (0.0273),spider (0.0240),chicken (0.0165),True,True
c:\Users\Alan\python\MMIP\week3\data\Dataset\horse\horse (2498).jpeg,horse,0.93,horse,0.93,horse (0.9300),dog (0.0142),spider (0.0096),cat (0.0089),cow (0.0089),True,True
c:\Users\Alan\python\MMIP\week3\data\Dataset\horse\horse (81).jpeg,horse,0.9579,horse,0.9579,horse (0.9579),dog (0.0127),spider (0.0080),elephant (0.0048),cat (0.0044),True,True
c:\Users\Alan\python\MMIP\week3\data\Dataset\horse\horse (326).jpeg,horse,0.8618,horse,0.8618,horse (0.8618),dog (0.0419),butterfly (0.0211),spider (0.0162),chicken (0.0154),True,True
c:\Users\Alan\python\MMIP\week3\data\Dataset\horse\horse (1302).jpeg,horse,0.6208,horse,0.6208,horse (0.6208),dog (0.2227),elephant (0.0809),chicken (0.0170),spider (0.0158),True,True
c:\Users\Alan\python\MMIP\week3\data\Dataset\horse\horse (479).jpeg,horse,0.812,horse,0.812,horse (0.8120),chicken (0.0292),cat (0.0257),butterfly (0.0247),spider (0.0226),True,True
c:\Users\Alan\python\MMIP\week3\data\Dataset\horse\horse (509).jpeg,horse,0.9071,horse,0.9071,horse (0.9071),spider (0.0192),butterfly (0.0138),chicken (0.0118),cat (0.0115),True,True
c:\Users\Alan\python\MMIP\week3\data\Dataset\horse\horse (2340).jpeg,horse,0.7148,horse,0.7148,horse (0.7148),cow (0.0799),spider (0.0325),dog (0.0310),chicken (0.0302),True,True
c:\Users\Alan\python\MMIP\week3\data\Dataset\horse\horse (804).jpeg,horse,0.6549,horse,0.6549,horse (0.6549),elephant (0.1565),dog (0.0839),cow (0.0234),chicken (0.0214),True,True
c:\Users\Alan\python\MMIP\week3\data\Dataset\horse\horse (2050).jpeg,horse,0.7714,horse,0.7714,horse (0.7714),dog (0.0841),cat (0.0650),squirrel (0.0161),cow (0.0154),True,True
c:\Users\Alan\python\MMIP\week3\data\Dataset\horse\horse (1618).jpeg,horse,0.6997,horse,0.6997,horse (0.6997),dog (0.1170),cow (0.0954),chicken (0.0286),spider (0.0168),True,True
c:\Users\Alan\python\MMIP\week3\data\Dataset\horse\horse (209).jpeg,horse,0.8851,horse,0.8851,horse (0.8851),cow (0.0363),dog (0.0201),cat (0.0126),spider (0.0122),True,True
c:\Users\Alan\python\MMIP\week3\data\Dataset\horse\horse (1984).jpeg,horse,0.4676,horse,0.4676,horse (0.4676),dog (0.1159),chicken (0.1090),cow (0.1023),elephant (0.0514),True,True
c:\Users\Alan\python\MMIP\week3\data\Dataset\horse\horse (2437).jpeg,horse,0.1047,cow,0.604,cow (0.6040),dog (0.1727),horse (0.1047),sheep (0.0284),squirrel (0.0254),False,True
c:\Users\Alan\python\MMIP\week3\data\Dataset\horse\horse (1295).jpeg,horse,0.8225,horse,0.8225,horse (0.8225),spider (0.0341),elephant (0.0335),dog (0.0277),chicken (0.0194),True,True
c:\Users\Alan\python\MMIP\week3\data\Dataset\horse\horse (2607).jpeg,horse,0.9052,horse,0.9052,horse (0.9052),spider (0.0200),butterfly (0.0141),chicken (0.0124),cat (0.0121),True,True
c:\Users\Alan\python\MMIP\week3\data\Dataset\horse\horse (1177).jpeg,horse,0.8781,horse,0.8781,horse (0.8781),spider (0.0197),dog (0.0181),chicken (0.0141),squirrel (0.0137),True,True
c:\Users\Alan\python\MMIP\week3\data\Dataset\horse\horse (398).jpeg,horse,0.8614,horse,0.8614,horse (0.8614),spider (0.0246),dog (0.0224),butterfly (0.0204),chicken (0.0158),True,True
c:\Users\Alan\python\MMIP\week3\data\Dataset\horse\horse (1296).jpeg,horse,0.7782,horse,0.7782,horse (0.7782),butterfly (0.0375),sheep (0.0319),squirrel (0.0284),spider (0.0275),True,True
c:\Users\Alan\python\MMIP\week3\data\Dataset\horse\horse (492).jpeg,horse,0.8263,horse,0.8263,horse (0.8263),cow (0.0496),dog (0.0487),chicken (0.0219),spider (0.0114),True,True
c:\Users\Alan\python\MMIP\week3\data\Dataset\horse\horse (1331).jpeg,horse,0.8693,horse,0.8693,horse (0.8693),spider (0.0190),cow (0.0180),elephant (0.0173),dog (0.0163),True,True
c:\Users\Alan\python\MMIP\week3\data\Dataset\horse\horse (267).jpeg,horse,0.8794,horse,0.8794,horse (0.8794),dog (0.0318),chicken (0.0299),cow (0.0202),sheep (0.0099),True,True
c:\Users\Alan\python\MMIP\week3\data\Dataset\horse\horse (1131).jpeg,horse,0.8597,horse,0.8597,horse (0.8597),butterfly (0.0233),spider (0.0232),cat (0.0193),chicken (0.0184),True,True
c:\Users\Alan\python\MMIP\week3\data\Dataset\horse\horse (688).jpeg,horse,0.837,horse,0.837,horse (0.8370),cow (0.0514),chicken (0.0378),dog (0.0271),spider (0.0111),True,True
c:\Users\Alan\python\MMIP\week3\data\Dataset\horse\horse (111).jpeg,horse,0.9261,horse,0.9261,horse (0.9261),dog (0.0320),squirrel (0.0070),cat (0.0064),chicken (0.0058),True,True
c:\Users\Alan\python\MMIP\week3\data\Dataset\horse\horse (2397).jpeg,horse,0.8818,horse,0.8818,horse (0.8818),cow (0.0453),sheep (0.0156),chicken (0.0133),spider (0.0110),True,True
c:\Users\Alan\python\MMIP\week3\data\Dataset\horse\horse (781).jpeg,horse,0.814,horse,0.814,horse (0.8140),cow (0.0598),dog (0.0422),sheep (0.0205),spider (0.0162),True,True
c:\Users\Alan\python\MMIP\week3\data\Dataset\horse\horse (2112).jpeg,horse,0.9559,horse,0.9559,horse (0.9559),chicken (0.0064),cow (0.0063),spider (0.0054),sheep (0.0054),True,True
c:\Users\Alan\python\MMIP\week3\data\Dataset\horse\horse (488).jpeg,horse,0.958,horse,0.958,horse (0.9580),chicken (0.0116),sheep (0.0065),cat (0.0055),spider (0.0042),True,True
c:\Users\Alan\python\MMIP\week3\data\Dataset\horse\horse (1195).jpeg,horse,0.7543,horse,0.7543,horse (0.7543),cow (0.1058),spider (0.0268),butterfly (0.0228),chicken (0.0187),True,True
c:\Users\Alan\python\MMIP\week3\data\Dataset\horse\horse (2503).jpeg,horse,0.7413,horse,0.7413,horse (0.7413),chicken (0.0991),cow (0.0356),cat (0.0302),butterfly (0.0283),True,True
c:\Users\Alan\python\MMIP\week3\data\Dataset\horse\horse (2324).jpeg,horse,0.866,horse,0.866,horse (0.8660),chicken (0.0197),squirrel (0.0186),spider (0.0182),butterfly (0.0174),True,True
c:\Users\Alan\python\MMIP\week3\data\Dataset\horse\horse (607).jpeg,horse,0.8685,horse,0.8685,horse (0.8685),sheep (0.0249),dog (0.0221),squirrel (0.0199),spider (0.0139),True,True
c:\Users\Alan\python\MMIP\week3\data\Dataset\horse\horse (1519).jpeg,horse,0.6703,horse,0.6703,horse (0.6703),dog (0.1673),cow (0.0510),cat (0.0255),elephant (0.0218),True,True
c:\Users\Alan\python\MMIP\week3\data\Dataset\horse\horse (403).jpeg,horse,0.9431,horse,0.9431,horse (0.9431),dog (0.0131),spider (0.0110),butterfly (0.0080),squirrel (0.0055),True,True
c:\Users\Alan\python\MMIP\week3\data\Dataset\horse\horse (2172).jpeg,horse,0.6241,horse,0.6241,horse (0.6241),dog (0.1410),cow (0.1204),sheep (0.0277),spider (0.0220),True,True
c:\Users\Alan\python\MMIP\week3\data\Dataset\horse\horse (718).jpeg,horse,0.8789,horse,0.8789,horse (0.8789),sheep (0.0225),squirrel (0.0199),dog (0.0186),chicken (0.0130),True,True
c:\Users\Alan\python\MMIP\week3\data\Dataset\horse\horse (1045).jpeg,horse,0.6305,horse,0.6305,horse (0.6305),elephant (0.1230),dog (0.0583),sheep (0.0428),cow (0.0317),True,True
c:\Users\Alan\python\MMIP\week3\data\Dataset\horse\horse (2222).jpeg,horse,0.4352,horse,0.4352,horse (0.4352),cow (0.3839),sheep (0.0886),spider (0.0184),cat (0.0172),True,True
c:\Users\Alan\python\MMIP\week3\data\Dataset\horse\horse (2508).jpeg,horse,0.9166,horse,0.9166,horse (0.9166),chicken (0.0186),butterfly (0.0165),spider (0.0123),dog (0.0096),True,True
c:\Users\Alan\python\MMIP\week3\data\Dataset\horse\horse (782).jpeg,horse,0.453,horse,0.453,horse (0.4530),dog (0.3992),cat (0.0344),sheep (0.0318),spider (0.0228),True,True
c:\Users\Alan\python\MMIP\week3\data\Dataset\horse\horse (1298).jpeg,horse,0.915,horse,0.915,horse (0.9150),dog (0.0264),spider (0.0100),cat (0.0092),chicken (0.0090),True,True
c:\Users\Alan\python\MMIP\week3\data\Dataset\horse\horse (196).jpeg,horse,0.6848,horse,0.6848,horse (0.6848),cow (0.1267),chicken (0.0281),spider (0.0263),squirrel (0.0258),True,True
c:\Users\Alan\python\MMIP\week3\data\Dataset\horse\horse (1133).jpeg,horse,0.7285,horse,0.7285,horse (0.7285),dog (0.1501),cow (0.0355),cat (0.0232),spider (0.0141),True,True
c:\Users\Alan\python\MMIP\week3\data\Dataset\horse\horse (705).jpeg,horse,0.9114,horse,0.9114,horse (0.9114),spider (0.0171),squirrel (0.0139),cat (0.0111),elephant (0.0099),True,True
c:\Users\Alan\python\MMIP\week3\data\Dataset\horse\horse (1171).jpeg,horse,0.7843,horse,0.7843,horse (0.7843),dog (0.0742),chicken (0.0726),spider (0.0143),cat (0.0131),True,True
c:\Users\Alan\python\MMIP\week3\data\Dataset\horse\horse (2014).jpeg,horse,0.4203,dog,0.4636,dog (0.4636),horse (0.4203),spider (0.0296),butterfly (0.0187),squirrel (0.0146),False,True
c:\Users\Alan\python\MMIP\week3\data\Dataset\horse\horse (2158).jpeg,horse,0.8746,horse,0.8746,horse (0.8746),dog (0.0222),spider (0.0175),cow (0.0157),cat (0.0143),True,True
c:\Users\Alan\python\MMIP\week3\data\Dataset\horse\horse (1890).jpeg,horse,0.9028,horse,0.9028,horse (0.9028),spider (0.0189),sheep (0.0120),cat (0.0120),chicken (0.0113),True,True
c:\Users\Alan\python\MMIP\week3\data\Dataset\horse\horse (1176).jpeg,horse,0.8198,horse,0.8198,horse (0.8198),spider (0.0287),squirrel (0.0277),chicken (0.0271),butterfly (0.0228),True,True
c:\Users\Alan\python\MMIP\week3\data\Dataset\horse\horse (1702).jpeg,horse,0.8684,horse,0.8684,horse (0.8684),cow (0.0206),sheep (0.0185),butterfly (0.0174),elephant (0.0154),True,True
c:\Users\Alan\python\MMIP\week3\data\Dataset\horse\horse (2604).jpeg,horse,0.4707,horse,0.4707,horse (0.4707),cow (0.4147),dog (0.0312),sheep (0.0263),cat (0.0125),True,True
c:\Users\Alan\python\MMIP\week3\data\Dataset\horse\horse (2389).jpeg,horse,0.8903,horse,0.8903,horse (0.8903),dog (0.0277),chicken (0.0200),sheep (0.0114),spider (0.0111),True,True
c:\Users\Alan\python\MMIP\week3\data\Dataset\horse\horse (2120).jpeg,horse,0.8239,horse,0.8239,horse (0.8239),cow (0.0573),spider (0.0248),chicken (0.0183),dog (0.0174),True,True
c:\Users\Alan\python\MMIP\week3\data\Dataset\horse\horse (232).jpeg,horse,0.9082,horse,0.9082,horse (0.9082),butterfly (0.0151),chicken (0.0151),dog (0.0135),spider (0.0099),True,True
c:\Users\Alan\python\MMIP\week3\data\Dataset\horse\horse (1904).jpeg,horse,0.9061,horse,0.9061,horse (0.9061),dog (0.0341),spider (0.0117),cat (0.0105),butterfly (0.0094),True,True
c:\Users\Alan\python\MMIP\week3\data\Dataset\horse\horse (510).jpeg,horse,0.836,horse,0.836,horse (0.8360),squirrel (0.0230),spider (0.0230),butterfly (0.0221),dog (0.0199),True,True
c:\Users\Alan\python\MMIP\week3\data\Dataset\horse\horse (1219).jpeg,horse,0.9386,horse,0.9386,horse (0.9386),cow (0.0144),dog (0.0140),sheep (0.0087),spider (0.0071),True,True
c:\Users\Alan\python\MMIP\week3\data\Dataset\horse\horse (2027).jpeg,horse,0.4058,horse,0.4058,horse (0.4058),elephant (0.1947),sheep (0.1797),dog (0.0485),cow (0.0446),True,True
c:\Users\Alan\python\MMIP\week3\data\Dataset\horse\horse (1684).jpeg,horse,0.8712,horse,0.8712,horse (0.8712),dog (0.0616),spider (0.0138),butterfly (0.0105),elephant (0.0101),True,True
c:\Users\Alan\python\MMIP\week3\data\Dataset\horse\horse (1885).jpeg,horse,0.7902,horse,0.7902,horse (0.7902),sheep (0.0409),elephant (0.0355),cow (0.0275),dog (0.0249),True,True
c:\Users\Alan\python\MMIP\week3\data\Dataset\horse\horse (1287).jpeg,horse,0.8294,horse,0.8294,horse (0.8294),sheep (0.0539),cow (0.0297),spider (0.0271),butterfly (0.0135),True,True
c:\Users\Alan\python\MMIP\week3\data\Dataset\horse\horse (1025).jpeg,horse,0.061,sheep,0.5895,sheep (0.5895),cow (0.2105),horse (0.0610),dog (0.0398),elephant (0.0208),False,True
c:\Users\Alan\python\MMIP\week3\data\Dataset\horse\horse (2497).jpeg,horse,0.8887,horse,0.8887,horse (0.8887),cow (0.0247),dog (0.0171),spider (0.0131),squirrel (0.0117),True,True
c:\Users\Alan\python\MMIP\week3\data\Dataset\horse\horse (241).jpeg,horse,0.7818,horse,0.7818,horse (0.7818),cow (0.0592),elephant (0.0303),dog (0.0279),spider (0.0205),True,True
c:\Users\Alan\python\MMIP\week3\data\Dataset\horse\horse (1758).jpeg,horse,0.8692,horse,0.8692,horse (0.8692),chicken (0.0246),spider (0.0237),squirrel (0.0173),butterfly (0.0164),True,True
c:\Users\Alan\python\MMIP\week3\data\Dataset\horse\horse (1858).jpeg,horse,0.8597,horse,0.8597,horse (0.8597),dog (0.0211),spider (0.0198),butterfly (0.0188),cat (0.0175),True,True
c:\Users\Alan\python\MMIP\week3\data\Dataset\horse\horse (2477).jpeg,horse,0.8772,horse,0.8772,horse (0.8772),sheep (0.0400),cow (0.0195),elephant (0.0106),butterfly (0.0104),True,True
c:\Users\Alan\python\MMIP\week3\data\Dataset\horse\horse (1542).jpeg,horse,0.9184,horse,0.9184,horse (0.9184),elephant (0.0221),dog (0.0212),cow (0.0122),spider (0.0064),True,True
c:\Users\Alan\python\MMIP\week3\data\Dataset\horse\horse (211).jpeg,horse,0.8989,horse,0.8989,horse (0.8989),dog (0.0243),cow (0.0238),spider (0.0124),chicken (0.0099),True,True
c:\Users\Alan\python\MMIP\week3\data\Dataset\horse\horse (1913).jpeg,horse,0.8547,horse,0.8547,horse (0.8547),dog (0.0250),chicken (0.0231),spider (0.0193),squirrel (0.0173),True,True
c:\Users\Alan\python\MMIP\week3\data\Dataset\horse\horse (2582).jpeg,horse,0.1558,cow,0.4508,cow (0.4508),horse (0.1558),sheep (0.1365),dog (0.1076),elephant (0.0615),False,True
c:\Users\Alan\python\MMIP\week3\data\Dataset\horse\horse (780).jpeg,horse,0.5604,horse,0.5604,horse (0.5604),spider (0.2228),dog (0.0801),sheep (0.0331),chicken (0.0283),True,True
c:\Users\Alan\python\MMIP\week3\data\Dataset\horse\horse (2153).jpeg,horse,0.8051,horse,0.8051,horse (0.8051),dog (0.0580),chicken (0.0238),butterfly (0.0228),sheep (0.0198),True,True
c:\Users\Alan\python\MMIP\week3\data\Dataset\horse\horse (813).jpeg,horse,0.589,horse,0.589,horse (0.5890),dog (0.1507),cow (0.1468),elephant (0.0398),butterfly (0.0179),True,True
c:\Users\Alan\python\MMIP\week3\data\Dataset\horse\horse (1426).jpeg,horse,0.7233,horse,0.7233,horse (0.7233),dog (0.1309),chicken (0.0395),cow (0.0310),cat (0.0215),True,True
c:\Users\Alan\python\MMIP\week3\data\Dataset\horse\horse (2263).jpeg,horse,0.9061,horse,0.9061,horse (0.9061),dog (0.0211),spider (0.0118),chicken (0.0109),cow (0.0105),True,True
c:\Users\Alan\python\MMIP\week3\data\Dataset\horse\horse (882).jpeg,horse,0.4485,horse,0.4485,horse (0.4485),cow (0.1922),dog (0.1380),butterfly (0.0941),spider (0.0368),True,True
c:\Users\Alan\python\MMIP\week3\data\Dataset\horse\horse (635).jpeg,horse,0.8716,horse,0.8716,horse (0.8716),sheep (0.0188),cow (0.0182),spider (0.0182),butterfly (0.0149),True,True
c:\Users\Alan\python\MMIP\week3\data\Dataset\horse\horse (1763).jpeg,horse,0.8956,horse,0.8956,horse (0.8956),chicken (0.0237),cow (0.0167),dog (0.0138),cat (0.0118),True,True
c:\Users\Alan\python\MMIP\week3\data\Dataset\horse\horse (1887).jpeg,horse,0.9151,horse,0.9151,horse (0.9151),butterfly (0.0161),spider (0.0151),chicken (0.0109),cat (0.0109),True,True
c:\Users\Alan\python\MMIP\week3\data\Dataset\horse\horse (2057).jpeg,horse,0.6784,horse,0.6784,horse (0.6784),dog (0.1400),cow (0.0508),spider (0.0334),cat (0.0277),True,True
c:\Users\Alan\python\MMIP\week3\data\Dataset\horse\horse (858).jpeg,horse,0.9092,horse,0.9092,horse (0.9092),dog (0.0350),chicken (0.0097),cat (0.0090),squirrel (0.0087),True,True
c:\Users\Alan\python\MMIP\week3\data\Dataset\horse\horse (2036).jpeg,horse,0.6748,horse,0.6748,horse (0.6748),dog (0.1350),sheep (0.0797),cow (0.0317),chicken (0.0210),True,True
c:\Users\Alan\python\MMIP\week3\data\Dataset\horse\horse (2151).jpeg,horse,0.9077,horse,0.9077,horse (0.9077),elephant (0.0161),spider (0.0161),sheep (0.0125),chicken (0.0107),True,True
c:\Users\Alan\python\MMIP\week3\data\Dataset\horse\horse (1372).jpeg,horse,0.6595,horse,0.6595,horse (0.6595),cow (0.1038),sheep (0.0855),dog (0.0313),elephant (0.0244),True,True
c:\Users\Alan\python\MMIP\week3\data\Dataset\horse\horse (2408).jpeg,horse,0.7753,horse,0.7753,horse (0.7753),dog (0.1096),spider (0.0272),chicken (0.0137),squirrel (0.0137),True,True
c:\Users\Alan\python\MMIP\week3\data\Dataset\horse\horse (490).jpeg,horse,0.1439,cow,0.3567,cow (0.3567),elephant (0.1683),horse (0.1439),sheep (0.1314),dog (0.0849),False,True
c:\Users\Alan\python\MMIP\week3\data\Dataset\horse\horse (2282).jpeg,horse,0.881,horse,0.881,horse (0.8810),dog (0.0384),spider (0.0173),elephant (0.0127),sheep (0.0091),True,True
c:\Users\Alan\python\MMIP\week3\data\Dataset\horse\horse (2138).jpeg,horse,0.8839,horse,0.8839,horse (0.8839),chicken (0.0189),butterfly (0.0168),cat (0.0160),spider (0.0150),True,True
c:\Users\Alan\python\MMIP\week3\data\Dataset\horse\horse (2034).jpeg,horse,0.023,dog,0.8976,dog (0.8976),horse (0.0230),chicken (0.0217),cow (0.0165),sheep (0.0125),False,True
c:\Users\Alan\python\MMIP\week3\data\Dataset\horse\horse (2412).jpeg,horse,0.4796,horse,0.4796,horse (0.4796),dog (0.3423),sheep (0.0477),chicken (0.0311),cow (0.0274),True,True
c:\Users\Alan\python\MMIP\week3\data\Dataset\horse\horse (64).jpeg,horse,0.9255,horse,0.9255,horse (0.9255),spider (0.0124),chicken (0.0101),cat (0.0100),butterfly (0.0088),True,True
c:\Users\Alan\python\MMIP\week3\data\Dataset\horse\horse (648).jpeg,horse,0.925,horse,0.925,horse (0.9250),spider (0.0130),butterfly (0.0118),cat (0.0101),squirrel (0.0094),True,True
c:\Users\Alan\python\MMIP\week3\data\Dataset\horse\horse (748).jpeg,horse,0.865,horse,0.865,horse (0.8650),sheep (0.0255),dog (0.0251),chicken (0.0212),elephant (0.0209),True,True
c:\Users\Alan\python\MMIP\week3\data\Dataset\horse\horse (1724).jpeg,horse,0.3909,horse,0.3909,horse (0.3909),chicken (0.2131),cow (0.1525),dog (0.1288),sheep (0.0362),True,True
c:\Users\Alan\python\MMIP\week3\data\Dataset\horse\horse (1757).jpeg,horse,0.2921,cow,0.333,cow (0.3330),horse (0.2921),dog (0.2304),chicken (0.0513),sheep (0.0343),False,True
c:\Users\Alan\python\MMIP\week3\data\Dataset\horse\horse (1995).jpeg,horse,0.9733,horse,0.9733,horse (0.9733),chicken (0.0048),spider (0.0047),squirrel (0.0029),cat (0.0027),True,True
c:\Users\Alan\python\MMIP\week3\data\Dataset\horse\horse (1446).jpeg,horse,0.8484,horse,0.8484,horse (0.8484),butterfly (0.0396),squirrel (0.0240),chicken (0.0189),spider (0.0183),True,True
c:\Users\Alan\python\MMIP\week3\data\Dataset\horse\horse (93).jpeg,horse,0.74,horse,0.74,horse (0.7400),dog (0.1376),cow (0.0237),cat (0.0226),spider (0.0179),True,True
c:\Users\Alan\python\MMIP\week3\data\Dataset\horse\horse (238).jpeg,horse,0.9037,horse,0.9037,horse (0.9037),cow (0.0186),dog (0.0166),chicken (0.0137),spider (0.0106),True,True
c:\Users\Alan\python\MMIP\week3\data\Dataset\horse\horse (1799).jpeg,horse,0.9118,horse,0.9118,horse (0.9118),dog (0.0347),cow (0.0194),spider (0.0083),butterfly (0.0054),True,True
c:\Users\Alan\python\MMIP\week3\data\Dataset\horse\horse (1957).jpeg,horse,0.8691,horse,0.8691,horse (0.8691),sheep (0.0347),cow (0.0243),spider (0.0136),chicken (0.0130),True,True
c:\Users\Alan\python\MMIP\week3\data\Dataset\horse\horse (912).jpeg,horse,0.9137,horse,0.9137,horse (0.9137),butterfly (0.0161),spider (0.0123),cat (0.0101),dog (0.0090),True,True
c:\Users\Alan\python\MMIP\week3\data\Dataset\horse\horse (1187).jpeg,horse,0.813,horse,0.813,horse (0.8130),cow (0.0349),dog (0.0341),chicken (0.0210),cat (0.0201),True,True
c:\Users\Alan\python\MMIP\week3\data\Dataset\horse\horse (794).jpeg,horse,0.7939,horse,0.7939,horse (0.7939),cow (0.0306),butterfly (0.0276),squirrel (0.0269),chicken (0.0241),True,True
c:\Users\Alan\python\MMIP\week3\data\Dataset\horse\horse (1152).jpeg,horse,0.1758,cat,0.3234,cat (0.3234),horse (0.1758),spider (0.1310),butterfly (0.0817),dog (0.0788),False,True
c:\Users\Alan\python\MMIP\week3\data\Dataset\horse\horse (640).jpeg,horse,0.9232,horse,0.9232,horse (0.9232),sheep (0.0099),dog (0.0096),butterfly (0.0095),chicken (0.0091),True,True
c:\Users\Alan\python\MMIP\week3\data\Dataset\horse\horse (314).jpeg,horse,0.5334,horse,0.5334,horse (0.5334),dog (0.2870),sheep (0.0779),spider (0.0197),cow (0.0170),True,True
c:\Users\Alan\python\MMIP\week3\data\Dataset\horse\horse (1556).jpeg,horse,0.8546,horse,0.8546,horse (0.8546),spider (0.0247),squirrel (0.0232),chicken (0.0232),butterfly (0.0216),True,True
c:\Users\Alan\python\MMIP\week3\data\Dataset\horse\horse (1375).jpeg,horse,0.8712,horse,0.8712,horse (0.8712),dog (0.0357),spider (0.0173),sheep (0.0143),cat (0.0125),True,True
c:\Users\Alan\python\MMIP\week3\data\Dataset\horse\horse (2227).jpeg,horse,0.8207,horse,0.8207,horse (0.8207),cow (0.0388),dog (0.0244),spider (0.0206),sheep (0.0182),True,True
c:\Users\Alan\python\MMIP\week3\data\Dataset\horse\horse (528).jpeg,horse,0.8848,horse,0.8848,horse (0.8848),spider (0.0169),chicken (0.0146),cow (0.0144),squirrel (0.0137),True,True
c:\Users\Alan\python\MMIP\week3\data\Dataset\horse\horse (1555).jpeg,horse,0.7224,horse,0.7224,horse (0.7224),dog (0.0943),cow (0.0865),spider (0.0214),elephant (0.0210),True,True
c:\Users\Alan\python\MMIP\week3\data\Dataset\horse\horse (1441).jpeg,horse,0.8767,horse,0.8767,horse (0.8767),dog (0.0256),spider (0.0177),squirrel (0.0147),chicken (0.0137),True,True
c:\Users\Alan\python\MMIP\week3\data\Dataset\horse\horse (532).jpeg,horse,0.7693,horse,0.7693,horse (0.7693),cow (0.0836),sheep (0.0249),spider (0.0215),cat (0.0203),True,True
c:\Users\Alan\python\MMIP\week3\data\Dataset\horse\horse (1562).jpeg,horse,0.7855,horse,0.7855,horse (0.7855),cow (0.0507),squirrel (0.0424),dog (0.0393),spider (0.0363),True,True
c:\Users\Alan\python\MMIP\week3\data\Dataset\horse\horse (2522).jpeg,horse,0.7956,horse,0.7956,horse (0.7956),cow (0.0652),spider (0.0274),squirrel (0.0205),cat (0.0187),True,True
c:\Users\Alan\python\MMIP\week3\data\Dataset\horse\horse (400).jpeg,horse,0.746,horse,0.746,horse (0.7460),cow (0.1225),butterfly (0.0265),dog (0.0243),chicken (0.0178),True,True
c:\Users\Alan\python\MMIP\week3\data\Dataset\horse\horse (1135).jpeg,horse,0.8132,horse,0.8132,horse (0.8132),spider (0.0390),chicken (0.0281),cat (0.0263),dog (0.0193),True,True
c:\Users\Alan\python\MMIP\week3\data\Dataset\horse\horse (53).jpeg,horse,0.8952,horse,0.8952,horse (0.8952),spider (0.0183),chicken (0.0170),squirrel (0.0136),cat (0.0127),True,True
c:\Users\Alan\python\MMIP\week3\data\Dataset\horse\horse (551).jpeg,horse,0.5559,horse,0.5559,horse (0.5559),elephant (0.1404),cow (0.1315),dog (0.0403),sheep (0.0301),True,True
c:\Users\Alan\python\MMIP\week3\data\Dataset\horse\horse (74).jpeg,horse,0.4105,horse,0.4105,horse (0.4105),dog (0.2199),elephant (0.1031),sheep (0.0939),chicken (0.0506),True,True
c:\Users\Alan\python\MMIP\week3\data\Dataset\horse\horse (1807).jpeg,horse,0.5616,horse,0.5616,horse (0.5616),cow (0.1985),chicken (0.0793),dog (0.0610),spider (0.0204),True,True
c:\Users\Alan\python\MMIP\week3\data\Dataset\horse\horse (1818).jpeg,horse,0.9407,horse,0.9407,horse (0.9407),dog (0.0274),cat (0.0093),chicken (0.0049),spider (0.0042),True,True
c:\Users\Alan\python\MMIP\week3\data\Dataset\horse\horse (764).jpeg,horse,0.8979,horse,0.8979,horse (0.8979),spider (0.0211),squirrel (0.0144),butterfly (0.0137),chicken (0.0131),True,True
c:\Users\Alan\python\MMIP\week3\data\Dataset\horse\horse (253).jpeg,horse,0.8865,horse,0.8865,horse (0.8865),dog (0.0273),sheep (0.0241),squirrel (0.0172),spider (0.0112),True,True
c:\Users\Alan\python\MMIP\week3\data\Dataset\horse\horse (1626).jpeg,horse,0.6125,horse,0.6125,horse (0.6125),dog (0.2120),cow (0.0558),elephant (0.0355),butterfly (0.0221),True,True
c:\Users\Alan\python\MMIP\week3\data\Dataset\horse\horse (2352).jpeg,horse,0.9146,horse,0.9146,horse (0.9146),chicken (0.0121),butterfly (0.0105),spider (0.0098),sheep (0.0094),True,True
c:\Users\Alan\python\MMIP\week3\data\Dataset\horse\horse (2169).jpeg,horse,0.9264,horse,0.9264,horse (0.9264),spider (0.0159),butterfly (0.0128),squirrel (0.0106),chicken (0.0077),True,True
c:\Users\Alan\python\MMIP\week3\data\Dataset\horse\horse (2355).jpeg,horse,0.8316,horse,0.8316,horse (0.8316),spider (0.0284),cow (0.0275),dog (0.0229),butterfly (0.0183),True,True
c:\Users\Alan\python\MMIP\week3\data\Dataset\horse\horse (1450).jpeg,horse,0.8768,horse,0.8768,horse (0.8768),chicken (0.0230),dog (0.0197),spider (0.0178),squirrel (0.0161),True,True
c:\Users\Alan\python\MMIP\week3\data\Dataset\horse\horse (2217).jpeg,horse,0.6886,horse,0.6886,horse (0.6886),cow (0.0623),dog (0.0397),cat (0.0363),butterfly (0.0358),True,True
c:\Users\Alan\python\MMIP\week3\data\Dataset\horse\horse (1485).jpeg,horse,0.175,elephant,0.2231,elephant (0.2231),dog (0.1867),cat (0.1816),horse (0.1750),chicken (0.0877),False,True
c:\Users\Alan\python\MMIP\week3\data\Dataset\horse\horse (1053).jpeg,horse,0.8255,horse,0.8255,horse (0.8255),cow (0.0308),chicken (0.0306),butterfly (0.0285),dog (0.0217),True,True
c:\Users\Alan\python\MMIP\week3\data\Dataset\horse\horse (415).jpeg,horse,0.8326,horse,0.8326,horse (0.8326),spider (0.0269),butterfly (0.0268),chicken (0.0245),cat (0.0223),True,True
c:\Users\Alan\python\MMIP\week3\data\Dataset\horse\horse (114).jpeg,horse,0.8606,horse,0.8606,horse (0.8606),dog (0.0570),spider (0.0212),chicken (0.0123),cat (0.0116),True,True
c:\Users\Alan\python\MMIP\week3\data\Dataset\horse\horse (862).jpeg,horse,0.5285,horse,0.5285,horse (0.5285),cow (0.1516),dog (0.1273),sheep (0.0678),cat (0.0304),True,True
c:\Users\Alan\python\MMIP\week3\data\Dataset\horse\horse (2615).jpeg,horse,0.8986,horse,0.8986,horse (0.8986),dog (0.0170),spider (0.0168),squirrel (0.0149),butterfly (0.0128),True,True
c:\Users\Alan\python\MMIP\week3\data\Dataset\horse\horse (714).jpeg,horse,0.6899,horse,0.6899,horse (0.6899),spider (0.0773),dog (0.0615),elephant (0.0354),cow (0.0344),True,True
c:\Users\Alan\python\MMIP\week3\data\Dataset\horse\horse (612).jpeg,horse,0.8593,horse,0.8593,horse (0.8593),chicken (0.0241),spider (0.0215),dog (0.0185),squirrel (0.0168),True,True
c:\Users\Alan\python\MMIP\week3\data\Dataset\horse\horse (2614).jpeg,horse,0.8575,horse,0.8575,horse (0.8575),dog (0.0461),chicken (0.0217),spider (0.0195),sheep (0.0156),True,True
c:\Users\Alan\python\MMIP\week3\data\Dataset\horse\horse (950).jpeg,horse,0.9178,horse,0.9178,horse (0.9178),spider (0.0203),butterfly (0.0142),cat (0.0116),squirrel (0.0089),True,True
c:\Users\Alan\python\MMIP\week3\data\Dataset\horse\horse (252).jpeg,horse,0.5973,horse,0.5973,horse (0.5973),dog (0.2274),butterfly (0.0385),elephant (0.0316),chicken (0.0265),True,True
c:\Users\Alan\python\MMIP\week3\data\Dataset\horse\horse (447).jpeg,horse,0.71,horse,0.71,horse (0.7100),cow (0.1103),elephant (0.0563),dog (0.0481),chicken (0.0200),True,True
c:\Users\Alan\python\MMIP\week3\data\Dataset\horse\horse (2047).jpeg,horse,0.9276,horse,0.9276,horse (0.9276),sheep (0.0139),spider (0.0115),cow (0.0097),elephant (0.0083),True,True
c:\Users\Alan\python\MMIP\week3\data\Dataset\horse\horse (779).jpeg,horse,0.9215,horse,0.9215,horse (0.9215),dog (0.0309),cow (0.0104),chicken (0.0085),spider (0.0078),True,True
c:\Users\Alan\python\MMIP\week3\data\Dataset\horse\horse (454).jpeg,horse,0.8918,horse,0.8918,horse (0.8918),chicken (0.0351),dog (0.0216),cow (0.0103),spider (0.0102),True,True
c:\Users\Alan\python\MMIP\week3\data\Dataset\horse\horse (54).jpeg,horse,0.9434,horse,0.9434,horse (0.9434),dog (0.0177),cow (0.0131),spider (0.0079),sheep (0.0043),True,True
c:\Users\Alan\python\MMIP\week3\data\Dataset\horse\horse (2354).jpeg,horse,0.93,horse,0.93,horse (0.9300),cow (0.0143),elephant (0.0111),spider (0.0080),dog (0.0072),True,True
c:\Users\Alan\python\MMIP\week3\data\Dataset\horse\horse (2583).jpeg,horse,0.8671,horse,0.8671,horse (0.8671),elephant (0.0272),chicken (0.0176),cow (0.0171),cat (0.0136),True,True
c:\Users\Alan\python\MMIP\week3\data\Dataset\horse\horse (205).jpeg,horse,0.8319,horse,0.8319,horse (0.8319),spider (0.0306),butterfly (0.0271),cat (0.0246),squirrel (0.0227),True,True
c:\Users\Alan\python\MMIP\week3\data\Dataset\horse\horse (2588).jpeg,horse,0.6524,horse,0.6524,horse (0.6524),cow (0.1374),chicken (0.1043),sheep (0.0412),dog (0.0138),True,True
c:\Users\Alan\python\MMIP\week3\data\Dataset\horse\horse (2436).jpeg,horse,0.8895,horse,0.8895,horse (0.8895),spider (0.0188),chicken (0.0173),dog (0.0166),cat (0.0146),True,True
c:\Users\Alan\python\MMIP\week3\data\Dataset\horse\horse (364).jpeg,horse,0.6505,horse,0.6505,horse (0.6505),dog (0.2064),elephant (0.0297),cow (0.0271),cat (0.0220),True,True
c:\Users\Alan\python\MMIP\week3\data\Dataset\horse\horse (778).jpeg,horse,0.8812,horse,0.8812,horse (0.8812),elephant (0.0170),butterfly (0.0168),cow (0.0148),sheep (0.0133),True,True
c:\Users\Alan\python\MMIP\week3\data\Dataset\horse\horse (1861).jpeg,horse,0.8766,horse,0.8766,horse (0.8766),spider (0.0208),squirrel (0.0186),butterfly (0.0163),cat (0.0161),True,True
c:\Users\Alan\python\MMIP\week3\data\Dataset\horse\horse (2020).jpeg,horse,0.876,horse,0.876,horse (0.8760),chicken (0.0196),spider (0.0172),butterfly (0.0170),squirrel (0.0135),True,True
c:\Users\Alan\python\MMIP\week3\data\Dataset\horse\horse (2426).jpeg,horse,0.2372,dog,0.468,dog (0.4680),horse (0.2372),chicken (0.0757),elephant (0.0701),cow (0.0651),False,True
c:\Users\Alan\python\MMIP\week3\data\Dataset\horse\horse (859).jpeg,horse,0.9278,horse,0.9278,horse (0.9278),spider (0.0169),dog (0.0135),cow (0.0082),chicken (0.0079),True,True
c:\Users\Alan\python\MMIP\week3\data\Dataset\horse\horse (1475).jpeg,horse,0.8892,horse,0.8892,horse (0.8892),sheep (0.0168),butterfly (0.0145),cow (0.0142),squirrel (0.0138),True,True
c:\Users\Alan\python\MMIP\week3\data\Dataset\horse\horse (2278).jpeg,horse,0.9293,horse,0.9293,horse (0.9293),butterfly (0.0170),cow (0.0118),chicken (0.0116),dog (0.0102),True,True
c:\Users\Alan\python\MMIP\week3\data\Dataset\horse\horse (2448).jpeg,horse,0.9017,horse,0.9017,horse (0.9017),chicken (0.0196),cow (0.0170),dog (0.0159),sheep (0.0099),True,True
c:\Users\Alan\python\MMIP\week3\data\Dataset\horse\horse (1092).jpeg,horse,0.4608,horse,0.4608,horse (0.4608),dog (0.2426),elephant (0.0913),squirrel (0.0760),cow (0.0381),True,True
c:\Users\Alan\python\MMIP\week3\data\Dataset\horse\horse (920).jpeg,horse,0.9484,horse,0.9484,horse (0.9484),sheep (0.0104),dog (0.0072),cow (0.0068),spider (0.0065),True,True
c:\Users\Alan\python\MMIP\week3\data\Dataset\horse\horse (1384).jpeg,horse,0.804,horse,0.804,horse (0.8040),dog (0.0672),elephant (0.0391),cow (0.0310),chicken (0.0224),True,True
c:\Users\Alan\python\MMIP\week3\data\Dataset\horse\horse (1439).jpeg,horse,0.9572,horse,0.9572,horse (0.9572),dog (0.0067),spider (0.0059),cat (0.0050),butterfly (0.0049),True,True
c:\Users\Alan\python\MMIP\week3\data\Dataset\horse\horse (1607).jpeg,horse,0.9377,horse,0.9377,horse (0.9377),cow (0.0116),dog (0.0088),chicken (0.0086),butterfly (0.0070),True,True
c:\Users\Alan\python\MMIP\week3\data\Dataset\horse\horse (2089).jpeg,horse,0.8814,horse,0.8814,horse (0.8814),squirrel (0.0187),butterfly (0.0184),spider (0.0170),chicken (0.0156),True,True
c:\Users\Alan\python\MMIP\week3\data\Dataset\horse\horse (318).jpeg,horse,0.4147,horse,0.4147,horse (0.4147),dog (0.3085),chicken (0.0852),cow (0.0791),elephant (0.0320),True,True
c:\Users\Alan\python\MMIP\week3\data\Dataset\horse\horse (1001).jpeg,horse,0.8722,horse,0.8722,horse (0.8722),spider (0.0214),squirrel (0.0166),butterfly (0.0161),dog (0.0156),True,True
c:\Users\Alan\python\MMIP\week3\data\Dataset\horse\horse (1696).jpeg,horse,0.8098,horse,0.8098,horse (0.8098),squirrel (0.0505),dog (0.0434),spider (0.0378),cat (0.0198),True,True
c:\Users\Alan\python\MMIP\week3\data\Dataset\horse\horse (758).jpeg,horse,0.8515,horse,0.8515,horse (0.8515),elephant (0.0455),cow (0.0288),dog (0.0260),spider (0.0110),True,True
c:\Users\Alan\python\MMIP\week3\data\Dataset\horse\horse (1369).jpeg,horse,0.7643,horse,0.7643,horse (0.7643),cow (0.0600),sheep (0.0491),elephant (0.0361),dog (0.0346),True,True
c:\Users\Alan\python\MMIP\week3\data\Dataset\horse\horse (370).jpeg,horse,0.894,horse,0.894,horse (0.8940),chicken (0.0360),dog (0.0163),spider (0.0105),butterfly (0.0095),True,True
c:\Users\Alan\python\MMIP\week3\data\Dataset\horse\horse (957).jpeg,horse,0.2145,butterfly,0.2947,butterfly (0.2947),horse (0.2145),spider (0.1811),dog (0.0909),chicken (0.0648),False,True
c:\Users\Alan\python\MMIP\week3\data\Dataset\horse\horse (1747).jpeg,horse,0.8802,horse,0.8802,horse (0.8802),spider (0.0205),cat (0.0180),butterfly (0.0175),squirrel (0.0137),True,True
c:\Users\Alan\python\MMIP\week3\data\Dataset\horse\horse (180).jpeg,horse,0.8186,horse,0.8186,horse (0.8186),dog (0.0496),cow (0.0473),spider (0.0172),chicken (0.0149),True,True
c:\Users\Alan\python\MMIP\week3\data\Dataset\horse\horse (2339).jpeg,horse,0.2693,cow,0.3191,cow (0.3191),horse (0.2693),dog (0.2186),sheep (0.0631),elephant (0.0380),False,True
c:\Users\Alan\python\MMIP\week3\data\Dataset\horse\horse (2052).jpeg,horse,0.9367,horse,0.9367,horse (0.9367),dog (0.0101),spider (0.0090),chicken (0.0087),cow (0.0080),True,True
c:\Users\Alan\python\MMIP\week3\data\Dataset\horse\horse (1346).jpeg,horse,0.6679,horse,0.6679,horse (0.6679),cow (0.1096),dog (0.0868),spider (0.0345),elephant (0.0277),True,True
c:\Users\Alan\python\MMIP\week3\data\Dataset\horse\horse (319).jpeg,horse,0.5609,horse,0.5609,horse (0.5609),cow (0.2696),spider (0.0355),squirrel (0.0243),dog (0.0236),True,True
c:\Users\Alan\python\MMIP\week3\data\Dataset\horse\horse (941).jpeg,horse,0.9178,horse,0.9178,horse (0.9178),sheep (0.0132),spider (0.0121),butterfly (0.0118),squirrel (0.0106),True,True
c:\Users\Alan\python\MMIP\week3\data\Dataset\horse\horse (2439).jpeg,horse,0.5247,horse,0.5247,horse (0.5247),cow (0.1828),dog (0.0958),spider (0.0375),cat (0.0359),True,True
c:\Users\Alan\python\MMIP\week3\data\Dataset\horse\horse (2513).jpeg,horse,0.7768,horse,0.7768,horse (0.7768),squirrel (0.0333),chicken (0.0299),butterfly (0.0296),cat (0.0258),True,True
c:\Users\Alan\python\MMIP\week3\data\Dataset\horse\horse (2186).jpeg,horse,0.6099,horse,0.6099,horse (0.6099),cow (0.1448),spider (0.0501),cat (0.0336),butterfly (0.0315),True,True
c:\Users\Alan\python\MMIP\week3\data\Dataset\horse\horse (970).jpeg,horse,0.4911,horse,0.4911,horse (0.4911),dog (0.4010),cow (0.0262),elephant (0.0180),squirrel (0.0151),True,True
c:\Users\Alan\python\MMIP\week3\data\Dataset\horse\horse (1613).jpeg,horse,0.7819,horse,0.7819,horse (0.7819),dog (0.0522),spider (0.0380),cow (0.0231),chicken (0.0210),True,True
c:\Users\Alan\python\MMIP\week3\data\Dataset\horse\horse (2124).jpeg,horse,0.6471,horse,0.6471,horse (0.6471),elephant (0.1061),sheep (0.0699),chicken (0.0364),cow (0.0286),True,True
c:\Users\Alan\python\MMIP\week3\data\Dataset\horse\horse (2349).jpeg,horse,0.7401,horse,0.7401,horse (0.7401),dog (0.0979),elephant (0.0343),cow (0.0326),chicken (0.0318),True,True
c:\Users\Alan\python\MMIP\week3\data\Dataset\horse\horse (2223).jpeg,horse,0.8974,horse,0.8974,horse (0.8974),dog (0.0279),spider (0.0138),chicken (0.0115),elephant (0.0104),True,True
c:\Users\Alan\python\MMIP\week3\data\Dataset\horse\horse (568).jpeg,horse,0.8169,horse,0.8169,horse (0.8169),dog (0.0642),chicken (0.0258),spider (0.0195),cat (0.0165),True,True
c:\Users\Alan\python\MMIP\week3\data\Dataset\horse\horse (2382).jpeg,horse,0.7908,horse,0.7908,horse (0.7908),cow (0.0683),sheep (0.0232),squirrel (0.0230),spider (0.0208),True,True
c:\Users\Alan\python\MMIP\week3\data\Dataset\horse\horse (2200).jpeg,horse,0.2861,cow,0.3055,cow (0.3055),horse (0.2861),chicken (0.1278),sheep (0.0977),elephant (0.0756),False,True
c:\Users\Alan\python\MMIP\week3\data\Dataset\horse\horse (2380).jpeg,horse,0.2311,dog,0.5772,dog (0.5772),horse (0.2311),spider (0.0577),cow (0.0408),cat (0.0301),False,True
c:\Users\Alan\python\MMIP\week3\data\Dataset\horse\horse (2463).jpeg,horse,0.9054,horse,0.9054,horse (0.9054),spider (0.0166),squirrel (0.0160),cow (0.0155),sheep (0.0128),True,True
c:\Users\Alan\python\MMIP\week3\data\Dataset\horse\horse (555).jpeg,horse,0.8032,horse,0.8032,horse (0.8032),dog (0.1012),cow (0.0197),chicken (0.0184),spider (0.0127),True,True
c:\Users\Alan\python\MMIP\week3\data\Dataset\horse\horse (2376).jpeg,horse,0.9529,horse,0.9529,horse (0.9529),spider (0.0101),dog (0.0063),cat (0.0062),butterfly (0.0058),True,True
c:\Users\Alan\python\MMIP\week3\data\Dataset\horse\horse (1081).jpeg,horse,0.8698,horse,0.8698,horse (0.8698),dog (0.0326),cow (0.0294),chicken (0.0147),cat (0.0132),True,True
c:\Users\Alan\python\MMIP\week3\data\Dataset\horse\horse (1484).jpeg,horse,0.6337,horse,0.6337,horse (0.6337),dog (0.2112),cow (0.0591),spider (0.0200),sheep (0.0153),True,True
c:\Users\Alan\python\MMIP\week3\data\Dataset\horse\horse (926).jpeg,horse,0.9345,horse,0.9345,horse (0.9345),chicken (0.0128),spider (0.0101),squirrel (0.0068),sheep (0.0067),True,True
c:\Users\Alan\python\MMIP\week3\data\Dataset\horse\horse (115).jpeg,horse,0.3748,cow,0.4017,cow (0.4017),horse (0.3748),sheep (0.0463),elephant (0.0312),dog (0.0295),False,True
c:\Users\Alan\python\MMIP\week3\data\Dataset\horse\horse (1319).jpeg,horse,0.8262,horse,0.8262,horse (0.8262),cow (0.0253),spider (0.0247),butterfly (0.0239),cat (0.0209),True,True
c:\Users\Alan\python\MMIP\week3\data\Dataset\horse\horse (1188).jpeg,horse,0.8354,horse,0.8354,horse (0.8354),dog (0.0836),elephant (0.0264),cow (0.0112),spider (0.0102),True,True
c:\Users\Alan\python\MMIP\week3\data\Dataset\horse\horse (2593).jpeg,horse,0.4346,dog,0.488,dog (0.4880),horse (0.4346),spider (0.0263),elephant (0.0082),cat (0.0080),False,True
c:\Users\Alan\python\MMIP\week3\data\Dataset\horse\horse (2105).jpeg,horse,0.8896,horse,0.8896,horse (0.8896),dog (0.0302),squirrel (0.0145),sheep (0.0144),butterfly (0.0122),True,True
c:\Users\Alan\python\MMIP\week3\data\Dataset\horse\horse (876).jpeg,horse,0.8769,horse,0.8769,horse (0.8769),cow (0.0286),squirrel (0.0145),spider (0.0142),butterfly (0.0139),True,True
c:\Users\Alan\python\MMIP\week3\data\Dataset\horse\horse (2009).jpeg,horse,0.8983,horse,0.8983,horse (0.8983),elephant (0.0181),chicken (0.0166),dog (0.0157),cow (0.0112),True,True
c:\Users\Alan\python\MMIP\week3\data\Dataset\horse\horse (1262).jpeg,horse,0.8618,horse,0.8618,horse (0.8618),squirrel (0.0211),spider (0.0200),chicken (0.0188),cat (0.0160),True,True
c:\Users\Alan\python\MMIP\week3\data\Dataset\horse\horse (2029).jpeg,horse,0.7028,horse,0.7028,horse (0.7028),cow (0.0787),dog (0.0587),spider (0.0392),squirrel (0.0250),True,True
c:\Users\Alan\python\MMIP\week3\data\Dataset\horse\horse (2288).jpeg,horse,0.921,horse,0.921,horse (0.9210),chicken (0.0240),dog (0.0113),cow (0.0106),spider (0.0080),True,True
c:\Users\Alan\python\MMIP\week3\data\Dataset\horse\horse (25).jpeg,horse,0.9558,horse,0.9558,horse (0.9558),spider (0.0085),cow (0.0075),chicken (0.0058),dog (0.0048),True,True
c:\Users\Alan\python\MMIP\week3\data\Dataset\horse\horse (2148).jpeg,horse,0.5057,horse,0.5057,horse (0.5057),cow (0.2997),dog (0.0667),chicken (0.0322),butterfly (0.0198),True,True
c:\Users\Alan\python\MMIP\week3\data\Dataset\horse\horse (277).jpeg,horse,0.8445,horse,0.8445,horse (0.8445),dog (0.0554),cow (0.0291),chicken (0.0202),spider (0.0143),True,True
c:\Users\Alan\python\MMIP\week3\data\Dataset\horse\horse (1012).jpeg,horse,0.8485,horse,0.8485,horse (0.8485),squirrel (0.0219),spider (0.0218),butterfly (0.0211),chicken (0.0202),True,True
c:\Users\Alan\python\MMIP\week3\data\Dataset\horse\horse (327).jpeg,horse,0.7969,horse,0.7969,horse (0.7969),spider (0.0678),chicken (0.0327),squirrel (0.0234),cat (0.0198),True,True
c:\Users\Alan\python\MMIP\week3\data\Dataset\horse\horse (1479).jpeg,horse,0.6939,horse,0.6939,horse (0.6939),cow (0.0773),sheep (0.0370),dog (0.0356),spider (0.0288),True,True
c:\Users\Alan\python\MMIP\week3\data\Dataset\horse\horse (685).jpeg,horse,0.8953,horse,0.8953,horse (0.8953),spider (0.0172),butterfly (0.0142),chicken (0.0142),cat (0.0137),True,True
c:\Users\Alan\python\MMIP\week3\data\Dataset\horse\horse (285).jpeg,horse,0.8573,horse,0.8573,horse (0.8573),cow (0.0221),spider (0.0193),butterfly (0.0177),squirrel (0.0156),True,True
c:\Users\Alan\python\MMIP\week3\data\Dataset\horse\horse (1781).jpeg,horse,0.5944,horse,0.5944,horse (0.5944),dog (0.1785),cow (0.1154),elephant (0.0281),chicken (0.0229),True,True
c:\Users\Alan\python\MMIP\week3\data\Dataset\horse\horse (1965).jpeg,horse,0.347,horse,0.347,horse (0.3470),dog (0.2917),chicken (0.1981),spider (0.0634),sheep (0.0310),True,True
c:\Users\Alan\python\MMIP\week3\data\Dataset\horse\horse (117).jpeg,horse,0.9457,horse,0.9457,horse (0.9457),chicken (0.0093),butterfly (0.0084),cat (0.0084),spider (0.0081),True,True
c:\Users\Alan\python\MMIP\week3\data\Dataset\horse\horse (1903).jpeg,horse,0.9302,horse,0.9302,horse (0.9302),chicken (0.0113),spider (0.0090),dog (0.0081),sheep (0.0078),True,True
c:\Users\Alan\python\MMIP\week3\data\Dataset\horse\horse (310).jpeg,horse,0.4016,dog,0.4769,dog (0.4769),horse (0.4016),cow (0.0214),elephant (0.0213),chicken (0.0212),False,True
c:\Users\Alan\python\MMIP\week3\data\Dataset\horse\horse (2195).jpeg,horse,0.8574,horse,0.8574,horse (0.8574),dog (0.0392),spider (0.0203),chicken (0.0192),sheep (0.0141),True,True
c:\Users\Alan\python\MMIP\week3\data\Dataset\horse\horse (642).jpeg,horse,0.5777,horse,0.5777,horse (0.5777),dog (0.2118),cow (0.0765),elephant (0.0275),spider (0.0247),True,True
c:\Users\Alan\python\MMIP\week3\data\Dataset\horse\horse (1447).jpeg,horse,0.8636,horse,0.8636,horse (0.8636),elephant (0.0421),butterfly (0.0169),dog (0.0166),chicken (0.0149),True,True
c:\Users\Alan\python\MMIP\week3\data\Dataset\horse\horse (1436).jpeg,horse,0.9224,horse,0.9224,horse (0.9224),dog (0.0226),elephant (0.0106),sheep (0.0092),cow (0.0083),True,True
c:\Users\Alan\python\MMIP\week3\data\Dataset\horse\horse (1418).jpeg,horse,0.8642,horse,0.8642,horse (0.8642),spider (0.0246),butterfly (0.0189),sheep (0.0168),squirrel (0.0156),True,True
c:\Users\Alan\python\MMIP\week3\data\Dataset\horse\horse (1971).jpeg,horse,0.9206,horse,0.9206,horse (0.9206),spider (0.0173),chicken (0.0116),cat (0.0114),dog (0.0099),True,True
c:\Users\Alan\python\MMIP\week3\data\Dataset\horse\horse (316).jpeg,horse,0.9567,horse,0.9567,horse (0.9567),cow (0.0093),chicken (0.0072),spider (0.0060),squirrel (0.0057),True,True
c:\Users\Alan\python\MMIP\week3\data\Dataset\horse\horse (586).jpeg,horse,0.9276,horse,0.9276,horse (0.9276),spider (0.0117),cat (0.0112),butterfly (0.0108),chicken (0.0094),True,True
c:\Users\Alan\python\MMIP\week3\data\Dataset\horse\horse (2106).jpeg,horse,0.7327,horse,0.7327,horse (0.7327),spider (0.0950),squirrel (0.0358),sheep (0.0273),cow (0.0232),True,True
c:\Users\Alan\python\MMIP\week3\data\Dataset\sheep\sheep (790).jpeg,sheep,0.8026,sheep,0.8026,sheep (0.8026),horse (0.0343),dog (0.0299),elephant (0.0275),cat (0.0196),True,True
c:\Users\Alan\python\MMIP\week3\data\Dataset\sheep\sheep (403).jpeg,sheep,0.6754,sheep,0.6754,sheep (0.6754),horse (0.0775),chicken (0.0662),dog (0.0530),cow (0.0329),True,True
c:\Users\Alan\python\MMIP\week3\data\Dataset\sheep\sheep (487).jpeg,sheep,0.3295,chicken,0.4398,chicken (0.4398),sheep (0.3295),dog (0.0681),squirrel (0.0360),cow (0.0350),False,True
c:\Users\Alan\python\MMIP\week3\data\Dataset\sheep\sheep (814).jpeg,sheep,0.8816,sheep,0.8816,sheep (0.8816),chicken (0.0319),spider (0.0283),cow (0.0196),butterfly (0.0116),True,True
c:\Users\Alan\python\MMIP\week3\data\Dataset\sheep\sheep (118).jpg,sheep,0.9316,sheep,0.9316,sheep (0.9316),dog (0.0220),cow (0.0095),butterfly (0.0063),horse (0.0061),True,True
c:\Users\Alan\python\MMIP\week3\data\Dataset\sheep\sheep (1200).jpeg,sheep,0.8987,sheep,0.8987,sheep (0.8987),cow (0.0259),spider (0.0119),elephant (0.0113),butterfly (0.0110),True,True
c:\Users\Alan\python\MMIP\week3\data\Dataset\sheep\sheep (1235).jpeg,sheep,0.0685,chicken,0.2753,chicken (0.2753),dog (0.2013),cow (0.1170),horse (0.0929),elephant (0.0814),False,False
c:\Users\Alan\python\MMIP\week3\data\Dataset\sheep\sheep (567).jpeg,sheep,0.8933,sheep,0.8933,sheep (0.8933),spider (0.0168),butterfly (0.0161),chicken (0.0127),cat (0.0126),True,True
c:\Users\Alan\python\MMIP\week3\data\Dataset\sheep\sheep (78).jpeg,sheep,0.9664,sheep,0.9664,sheep (0.9664),cow (0.0064),spider (0.0054),dog (0.0048),chicken (0.0038),True,True
c:\Users\Alan\python\MMIP\week3\data\Dataset\sheep\sheep (194).jpg,sheep,0.529,sheep,0.529,sheep (0.5290),spider (0.1329),squirrel (0.0674),cat (0.0583),elephant (0.0543),True,True
c:\Users\Alan\python\MMIP\week3\data\Dataset\sheep\sheep (108).jpg,sheep,0.8659,sheep,0.8659,sheep (0.8659),dog (0.0249),cow (0.0235),horse (0.0181),elephant (0.0152),True,True
c:\Users\Alan\python\MMIP\week3\data\Dataset\sheep\sheep (212).jpeg,sheep,0.8476,sheep,0.8476,sheep (0.8476),spider (0.0272),butterfly (0.0230),squirrel (0.0213),elephant (0.0173),True,True
c:\Users\Alan\python\MMIP\week3\data\Dataset\sheep\sheep (176).jpeg,sheep,0.7124,sheep,0.7124,sheep (0.7124),cow (0.1438),dog (0.0641),chicken (0.0210),horse (0.0127),True,True
c:\Users\Alan\python\MMIP\week3\data\Dataset\sheep\sheep (301).jpg,sheep,0.9104,sheep,0.9104,sheep (0.9104),cat (0.0214),dog (0.0162),spider (0.0111),butterfly (0.0084),True,True
c:\Users\Alan\python\MMIP\week3\data\Dataset\sheep\sheep (473).jpeg,sheep,0.8255,sheep,0.8255,sheep (0.8255),dog (0.0318),cow (0.0243),chicken (0.0228),spider (0.0221),True,True
c:\Users\Alan\python\MMIP\week3\data\Dataset\sheep\sheep (147).jpg,sheep,0.2375,dog,0.4824,dog (0.4824),sheep (0.2375),cat (0.0820),elephant (0.0446),cow (0.0398),False,True
c:\Users\Alan\python\MMIP\week3\data\Dataset\sheep\sheep (728).jpeg,sheep,0.4676,sheep,0.4676,sheep (0.4676),horse (0.1797),cow (0.1332),dog (0.0715),spider (0.0481),True,True
c:\Users\Alan\python\MMIP\week3\data\Dataset\sheep\sheep (1320).jpeg,sheep,0.9596,sheep,0.9596,sheep (0.9596),cow (0.0077),dog (0.0071),squirrel (0.0067),horse (0.0051),True,True
c:\Users\Alan\python\MMIP\week3\data\Dataset\sheep\sheep (1107).jpeg,sheep,0.9617,sheep,0.9617,sheep (0.9617),spider (0.0118),butterfly (0.0048),dog (0.0043),chicken (0.0041),True,True
c:\Users\Alan\python\MMIP\week3\data\Dataset\sheep\sheep (247).jpg,sheep,0.1341,cow,0.5076,cow (0.5076),elephant (0.1720),sheep (0.1341),horse (0.0971),dog (0.0247),False,True
c:\Users\Alan\python\MMIP\week3\data\Dataset\sheep\sheep (311).jpeg,sheep,0.6994,sheep,0.6994,sheep (0.6994),horse (0.0855),cow (0.0767),dog (0.0502),chicken (0.0310),True,True
c:\Users\Alan\python\MMIP\week3\data\Dataset\sheep\sheep (1172).jpeg,sheep,0.9,sheep,0.9,sheep (0.9000),spider (0.0192),horse (0.0161),butterfly (0.0131),dog (0.0104),True,True
c:\Users\Alan\python\MMIP\week3\data\Dataset\sheep\sheep (1189).jpeg,sheep,0.6592,sheep,0.6592,sheep (0.6592),chicken (0.1413),horse (0.0461),dog (0.0389),cow (0.0287),True,True
c:\Users\Alan\python\MMIP\week3\data\Dataset\sheep\sheep (197).jpg,sheep,0.8478,sheep,0.8478,sheep (0.8478),dog (0.0644),cow (0.0148),spider (0.0132),horse (0.0130),True,True
c:\Users\Alan\python\MMIP\week3\data\Dataset\sheep\sheep (47).jpeg,sheep,0.2766,sheep,0.2766,sheep (0.2766),squirrel (0.1932),cat (0.1404),chicken (0.1224),dog (0.0777),True,True
c:\Users\Alan\python\MMIP\week3\data\Dataset\sheep\sheep (362).jpeg,sheep,0.8474,sheep,0.8474,sheep (0.8474),spider (0.0529),dog (0.0451),squirrel (0.0138),cat (0.0123),True,True
c:\Users\Alan\python\MMIP\week3\data\Dataset\sheep\sheep (966).jpeg,sheep,0.8154,sheep,0.8154,sheep (0.8154),dog (0.0706),butterfly (0.0233),chicken (0.0207),cat (0.0169),True,True
c:\Users\Alan\python\MMIP\week3\data\Dataset\sheep\sheep (224).jpg,sheep,0.4528,sheep,0.4528,sheep (0.4528),cow (0.1544),horse (0.1239),dog (0.1021),elephant (0.0377),True,True
c:\Users\Alan\python\MMIP\week3\data\Dataset\sheep\sheep (352).jpeg,sheep,0.0103,dog,0.7657,dog (0.7657),horse (0.0667),chicken (0.0574),squirrel (0.0208),cat (0.0190),False,False
c:\Users\Alan\python\MMIP\week3\data\Dataset\sheep\sheep (1077).jpeg,sheep,0.0438,cow,0.6362,cow (0.6362),elephant (0.1291),horse (0.1181),sheep (0.0438),dog (0.0288),False,True
c:\Users\Alan\python\MMIP\week3\data\Dataset\sheep\sheep (737).jpeg,sheep,0.7826,sheep,0.7826,sheep (0.7826),squirrel (0.0417),butterfly (0.0302),elephant (0.0275),spider (0.0259),True,True
c:\Users\Alan\python\MMIP\week3\data\Dataset\sheep\sheep (639).jpeg,sheep,0.8237,sheep,0.8237,sheep (0.8237),spider (0.0405),elephant (0.0271),cat (0.0252),butterfly (0.0209),True,True
c:\Users\Alan\python\MMIP\week3\data\Dataset\sheep\sheep (508).jpeg,sheep,0.9101,sheep,0.9101,sheep (0.9101),elephant (0.0189),cow (0.0124),cat (0.0118),dog (0.0101),True,True
c:\Users\Alan\python\MMIP\week3\data\Dataset\sheep\sheep (1230).jpeg,sheep,0.9642,sheep,0.9642,sheep (0.9642),squirrel (0.0096),dog (0.0068),spider (0.0040),cow (0.0029),True,True
c:\Users\Alan\python\MMIP\week3\data\Dataset\sheep\sheep (882).jpeg,sheep,0.14,spider,0.5922,spider (0.5922),sheep (0.1400),squirrel (0.0996),cat (0.0485),dog (0.0374),False,True
c:\Users\Alan\python\MMIP\week3\data\Dataset\sheep\sheep (1386).jpeg,sheep,0.9464,sheep,0.9464,sheep (0.9464),dog (0.0122),horse (0.0080),squirrel (0.0068),spider (0.0057),True,True
c:\Users\Alan\python\MMIP\week3\data\Dataset\sheep\sheep (590).jpeg,sheep,0.298,dog,0.4733,dog (0.4733),sheep (0.2980),cow (0.0939),elephant (0.0356),squirrel (0.0236),False,True
c:\Users\Alan\python\MMIP\week3\data\Dataset\sheep\sheep (1324).jpeg,sheep,0.9494,sheep,0.9494,sheep (0.9494),squirrel (0.0124),dog (0.0112),cat (0.0058),cow (0.0051),True,True
c:\Users\Alan\python\MMIP\week3\data\Dataset\sheep\sheep (1346).jpeg,sheep,0.7883,sheep,0.7883,sheep (0.7883),cow (0.0535),horse (0.0292),butterfly (0.0230),spider (0.0221),True,True
c:\Users\Alan\python\MMIP\week3\data\Dataset\sheep\sheep (1297).jpeg,sheep,0.9177,sheep,0.9177,sheep (0.9177),dog (0.0157),spider (0.0144),squirrel (0.0122),chicken (0.0114),True,True
c:\Users\Alan\python\MMIP\week3\data\Dataset\sheep\sheep (65).jpg,sheep,0.8893,sheep,0.8893,sheep (0.8893),spider (0.0243),dog (0.0232),squirrel (0.0138),cow (0.0128),True,True
c:\Users\Alan\python\MMIP\week3\data\Dataset\sheep\sheep (202).jpeg,sheep,0.549,sheep,0.549,sheep (0.5490),squirrel (0.1218),cow (0.0875),elephant (0.0844),dog (0.0407),True,True
c:\Users\Alan\python\MMIP\week3\data\Dataset\sheep\sheep (371).jpg,sheep,0.8004,sheep,0.8004,sheep (0.8004),cow (0.0873),elephant (0.0286),horse (0.0157),dog (0.0155),True,True
c:\Users\Alan\python\MMIP\week3\data\Dataset\sheep\sheep (813).jpeg,sheep,0.838,sheep,0.838,sheep (0.8380),dog (0.0660),spider (0.0199),cat (0.0145),butterfly (0.0145),True,True
c:\Users\Alan\python\MMIP\week3\data\Dataset\sheep\sheep (1208).jpeg,sheep,0.8077,sheep,0.8077,sheep (0.8077),dog (0.0553),elephant (0.0425),butterfly (0.0206),squirrel (0.0167),True,True
c:\Users\Alan\python\MMIP\week3\data\Dataset\sheep\sheep (152).jpeg,sheep,0.9221,sheep,0.9221,sheep (0.9221),cow (0.0171),cat (0.0095),spider (0.0092),butterfly (0.0085),True,True
c:\Users\Alan\python\MMIP\week3\data\Dataset\sheep\sheep (285).jpg,sheep,0.8954,sheep,0.8954,sheep (0.8954),dog (0.0231),elephant (0.0215),butterfly (0.0118),spider (0.0106),True,True
c:\Users\Alan\python\MMIP\week3\data\Dataset\sheep\sheep (895).jpeg,sheep,0.0541,dog,0.5457,dog (0.5457),cow (0.1578),chicken (0.1064),sheep (0.0541),cat (0.0418),False,True
c:\Users\Alan\python\MMIP\week3\data\Dataset\sheep\sheep (1012).jpeg,sheep,0.9356,sheep,0.9356,sheep (0.9356),cow (0.0235),horse (0.0160),chicken (0.0069),dog (0.0043),True,True
c:\Users\Alan\python\MMIP\week3\data\Dataset\sheep\sheep (842).jpeg,sheep,0.406,sheep,0.406,sheep (0.4060),cow (0.3473),elephant (0.0503),horse (0.0456),dog (0.0353),True,True
c:\Users\Alan\python\MMIP\week3\data\Dataset\sheep\sheep (1019).jpeg,sheep,0.8916,sheep,0.8916,sheep (0.8916),spider (0.0192),chicken (0.0191),butterfly (0.0170),dog (0.0133),True,True
c:\Users\Alan\python\MMIP\week3\data\Dataset\sheep\sheep (89).jpeg,sheep,0.4103,sheep,0.4103,sheep (0.4103),dog (0.2885),horse (0.0804),cow (0.0767),chicken (0.0475),True,True
c:\Users\Alan\python\MMIP\week3\data\Dataset\sheep\sheep (900).jpeg,sheep,0.9195,sheep,0.9195,sheep (0.9195),spider (0.0167),butterfly (0.0158),cow (0.0092),chicken (0.0088),True,True
c:\Users\Alan\python\MMIP\week3\data\Dataset\sheep\sheep (344).jpg,sheep,0.7831,sheep,0.7831,sheep (0.7831),dog (0.0505),elephant (0.0285),spider (0.0242),cat (0.0219),True,True
c:\Users\Alan\python\MMIP\week3\data\Dataset\sheep\sheep (1018).jpeg,sheep,0.792,sheep,0.792,sheep (0.7920),dog (0.0560),chicken (0.0304),spider (0.0303),butterfly (0.0191),True,True
c:\Users\Alan\python\MMIP\week3\data\Dataset\sheep\sheep (109).jpg,sheep,0.7216,sheep,0.7216,sheep (0.7216),spider (0.1703),cat (0.0300),squirrel (0.0236),elephant (0.0169),True,True
c:\Users\Alan\python\MMIP\week3\data\Dataset\sheep\sheep (1403).jpeg,sheep,0.6929,sheep,0.6929,sheep (0.6929),chicken (0.1172),dog (0.0860),cat (0.0253),spider (0.0200),True,True
c:\Users\Alan\python\MMIP\week3\data\Dataset\sheep\sheep (375).jpeg,sheep,0.9707,sheep,0.9707,sheep (0.9707),cow (0.0058),spider (0.0051),dog (0.0033),elephant (0.0031),True,True
c:\Users\Alan\python\MMIP\week3\data\Dataset\sheep\sheep (849).jpeg,sheep,0.9268,sheep,0.9268,sheep (0.9268),spider (0.0268),squirrel (0.0104),cow (0.0073),dog (0.0067),True,True
c:\Users\Alan\python\MMIP\week3\data\Dataset\sheep\sheep (178).jpg,sheep,0.1932,dog,0.6152,dog (0.6152),sheep (0.1932),cat (0.0464),cow (0.0436),spider (0.0202),False,True
c:\Users\Alan\python\MMIP\week3\data\Dataset\sheep\sheep (547).jpeg,sheep,0.8984,sheep,0.8984,sheep (0.8984),chicken (0.0239),dog (0.0235),cow (0.0115),elephant (0.0082),True,True
c:\Users\Alan\python\MMIP\week3\data\Dataset\sheep\sheep (385).jpeg,sheep,0.9397,sheep,0.9397,sheep (0.9397),spider (0.0109),cat (0.0086),cow (0.0073),butterfly (0.0071),True,True
c:\Users\Alan\python\MMIP\week3\data\Dataset\sheep\sheep (213).jpg,sheep,0.8636,sheep,0.8636,sheep (0.8636),spider (0.0245),butterfly (0.0189),dog (0.0188),squirrel (0.0167),True,True
c:\Users\Alan\python\MMIP\week3\data\Dataset\sheep\sheep (77).jpg,sheep,0.8565,sheep,0.8565,sheep (0.8565),spider (0.0245),butterfly (0.0217),dog (0.0167),chicken (0.0161),True,True
c:\Users\Alan\python\MMIP\week3\data\Dataset\sheep\sheep (1206).jpeg,sheep,0.4576,sheep,0.4576,sheep (0.4576),dog (0.2080),elephant (0.0798),squirrel (0.0556),chicken (0.0503),True,True
c:\Users\Alan\python\MMIP\week3\data\Dataset\sheep\sheep (1087).jpeg,sheep,0.3592,sheep,0.3592,sheep (0.3592),cow (0.2707),chicken (0.1430),dog (0.0588),horse (0.0521),True,True
c:\Users\Alan\python\MMIP\week3\data\Dataset\sheep\sheep (217).jpeg,sheep,0.8438,sheep,0.8438,sheep (0.8438),dog (0.0243),cow (0.0234),chicken (0.0214),spider (0.0206),True,True
c:\Users\Alan\python\MMIP\week3\data\Dataset\sheep\sheep (1126).jpeg,sheep,0.8192,sheep,0.8192,sheep (0.8192),horse (0.0526),dog (0.0336),spider (0.0215),butterfly (0.0154),True,True
c:\Users\Alan\python\MMIP\week3\data\Dataset\sheep\sheep (200).jpg,sheep,0.756,sheep,0.756,sheep (0.7560),cow (0.0506),horse (0.0427),elephant (0.0325),dog (0.0283),True,True
c:\Users\Alan\python\MMIP\week3\data\Dataset\sheep\sheep (782).jpeg,sheep,0.9569,sheep,0.9569,sheep (0.9569),spider (0.0108),butterfly (0.0083),cow (0.0050),squirrel (0.0042),True,True
c:\Users\Alan\python\MMIP\week3\data\Dataset\sheep\sheep (1084).jpeg,sheep,0.8438,sheep,0.8438,sheep (0.8438),spider (0.0235),elephant (0.0220),butterfly (0.0205),chicken (0.0193),True,True
c:\Users\Alan\python\MMIP\week3\data\Dataset\sheep\sheep (407).jpeg,sheep,0.7102,sheep,0.7102,sheep (0.7102),spider (0.0361),dog (0.0334),horse (0.0329),chicken (0.0328),True,True
c:\Users\Alan\python\MMIP\week3\data\Dataset\sheep\sheep (338).jpg,sheep,0.0385,dog,0.3197,dog (0.3197),cat (0.1634),horse (0.1014),cow (0.1004),butterfly (0.0775),False,False
c:\Users\Alan\python\MMIP\week3\data\Dataset\sheep\sheep (629).jpeg,sheep,0.8304,sheep,0.8304,sheep (0.8304),spider (0.0312),butterfly (0.0221),cat (0.0219),elephant (0.0206),True,True
c:\Users\Alan\python\MMIP\week3\data\Dataset\sheep\sheep (102).jpeg,sheep,0.9476,sheep,0.9476,sheep (0.9476),horse (0.0087),spider (0.0085),butterfly (0.0072),chicken (0.0068),True,True
c:\Users\Alan\python\MMIP\week3\data\Dataset\sheep\sheep (977).jpeg,sheep,0.7764,sheep,0.7764,sheep (0.7764),cat (0.0637),dog (0.0507),chicken (0.0327),cow (0.0183),True,True
c:\Users\Alan\python\MMIP\week3\data\Dataset\sheep\sheep (274).jpg,sheep,0.1589,dog,0.6251,dog (0.6251),sheep (0.1589),elephant (0.0702),cow (0.0285),butterfly (0.0262),False,True
c:\Users\Alan\python\MMIP\week3\data\Dataset\sheep\sheep (925).jpeg,sheep,0.8412,sheep,0.8412,sheep (0.8412),dog (0.0397),elephant (0.0217),cat (0.0201),spider (0.0176),True,True
c:\Users\Alan\python\MMIP\week3\data\Dataset\sheep\sheep (441).jpeg,sheep,0.5869,sheep,0.5869,sheep (0.5869),dog (0.1085),cow (0.1073),spider (0.0443),horse (0.0334),True,True
c:\Users\Alan\python\MMIP\week3\data\Dataset\sheep\sheep (1306).jpeg,sheep,0.4213,sheep,0.4213,sheep (0.4213),horse (0.3040),elephant (0.0604),dog (0.0529),cow (0.0511),True,True
c:\Users\Alan\python\MMIP\week3\data\Dataset\sheep\sheep (336).jpg,sheep,0.6754,sheep,0.6754,sheep (0.6754),elephant (0.0802),dog (0.0511),cat (0.0438),spider (0.0420),True,True
c:\Users\Alan\python\MMIP\week3\data\Dataset\sheep\sheep (56).jpg,sheep,0.1216,elephant,0.6299,elephant (0.6299),sheep (0.1216),cow (0.0464),horse (0.0439),dog (0.0410),False,True
c:\Users\Alan\python\MMIP\week3\data\Dataset\sheep\sheep (1362).jpeg,sheep,0.3184,sheep,0.3184,sheep (0.3184),squirrel (0.2844),spider (0.1064),chicken (0.0887),cat (0.0544),True,True
c:\Users\Alan\python\MMIP\week3\data\Dataset\sheep\sheep (224).jpeg,sheep,0.9557,sheep,0.9557,sheep (0.9557),spider (0.0123),butterfly (0.0074),chicken (0.0050),horse (0.0046),True,True
c:\Users\Alan\python\MMIP\week3\data\Dataset\sheep\sheep (219).jpg,sheep,0.4939,sheep,0.4939,sheep (0.4939),elephant (0.1609),cow (0.1471),dog (0.0557),horse (0.0520),True,True
c:\Users\Alan\python\MMIP\week3\data\Dataset\sheep\sheep (1222).jpeg,sheep,0.5308,sheep,0.5308,sheep (0.5308),cow (0.2008),horse (0.0782),dog (0.0593),elephant (0.0534),True,True
c:\Users\Alan\python\MMIP\week3\data\Dataset\sheep\sheep (712).jpeg,sheep,0.9517,sheep,0.9517,sheep (0.9517),spider (0.0091),dog (0.0063),chicken (0.0062),cat (0.0055),True,True
c:\Users\Alan\python\MMIP\week3\data\Dataset\sheep\sheep (1020).jpeg,sheep,0.9034,sheep,0.9034,sheep (0.9034),horse (0.0189),dog (0.0154),cat (0.0149),chicken (0.0137),True,True
c:\Users\Alan\python\MMIP\week3\data\Dataset\sheep\sheep (121).jpeg,sheep,0.8874,sheep,0.8874,sheep (0.8874),dog (0.0307),cow (0.0221),horse (0.0155),butterfly (0.0105),True,True
c:\Users\Alan\python\MMIP\week3\data\Dataset\sheep\sheep (665).jpeg,sheep,0.7064,sheep,0.7064,sheep (0.7064),chicken (0.1275),dog (0.0403),cow (0.0326),horse (0.0263),True,True
c:\Users\Alan\python\MMIP\week3\data\Dataset\sheep\sheep (787).jpeg,sheep,0.0688,horse,0.5925,horse (0.5925),dog (0.1281),cow (0.0791),sheep (0.0688),elephant (0.0341),False,True
c:\Users\Alan\python\MMIP\week3\data\Dataset\sheep\sheep (591).jpeg,sheep,0.284,cow,0.3029,cow (0.3029),sheep (0.2840),chicken (0.1861),dog (0.0782),horse (0.0544),False,True
c:\Users\Alan\python\MMIP\week3\data\Dataset\sheep\sheep (283).jpg,sheep,0.8306,sheep,0.8306,sheep (0.8306),cow (0.0570),dog (0.0466),horse (0.0142),elephant (0.0108),True,True
c:\Users\Alan\python\MMIP\week3\data\Dataset\sheep\sheep (578).jpeg,sheep,0.153,horse,0.3985,horse (0.3985),cow (0.2610),sheep (0.1530),spider (0.0404),butterfly (0.0329),False,True
c:\Users\Alan\python\MMIP\week3\data\Dataset\sheep\sheep (1149).jpeg,sheep,0.5821,sheep,0.5821,sheep (0.5821),dog (0.1899),cow (0.0561),cat (0.0537),spider (0.0276),True,True
c:\Users\Alan\python\MMIP\week3\data\Dataset\sheep\sheep (910).jpeg,sheep,0.7018,sheep,0.7018,sheep (0.7018),cow (0.0764),dog (0.0528),squirrel (0.0523),chicken (0.0315),True,True
c:\Users\Alan\python\MMIP\week3\data\Dataset\sheep\sheep (206).jpg,sheep,0.8387,sheep,0.8387,sheep (0.8387),cow (0.0470),horse (0.0294),butterfly (0.0161),spider (0.0156),True,True
c:\Users\Alan\python\MMIP\week3\data\Dataset\sheep\sheep (252).jpeg,sheep,0.9551,sheep,0.9551,sheep (0.9551),dog (0.0108),horse (0.0083),spider (0.0060),cat (0.0056),True,True
c:\Users\Alan\python\MMIP\week3\data\Dataset\sheep\sheep (227).jpeg,sheep,0.058,dog,0.7612,dog (0.7612),sheep (0.0580),cow (0.0442),horse (0.0329),cat (0.0312),False,True
c:\Users\Alan\python\MMIP\week3\data\Dataset\sheep\sheep (770).jpeg,sheep,0.7955,sheep,0.7955,sheep (0.7955),elephant (0.0466),spider (0.0338),horse (0.0259),chicken (0.0227),True,True
c:\Users\Alan\python\MMIP\week3\data\Dataset\sheep\sheep (268).jpg,sheep,0.3825,sheep,0.3825,sheep (0.3825),dog (0.3419),cow (0.0521),elephant (0.0496),cat (0.0457),True,True
c:\Users\Alan\python\MMIP\week3\data\Dataset\sheep\sheep (104).jpg,sheep,0.0903,dog,0.4038,dog (0.4038),cow (0.1303),squirrel (0.1281),cat (0.1183),sheep (0.0903),False,True
c:\Users\Alan\python\MMIP\week3\data\Dataset\sheep\sheep (182).jpeg,sheep,0.8437,sheep,0.8437,sheep (0.8437),cow (0.0790),elephant (0.0293),horse (0.0130),dog (0.0102),True,True
c:\Users\Alan\python\MMIP\week3\data\Dataset\sheep\sheep (443).jpeg,sheep,0.8393,sheep,0.8393,sheep (0.8393),dog (0.0289),spider (0.0241),horse (0.0235),cat (0.0180),True,True
c:\Users\Alan\python\MMIP\week3\data\Dataset\sheep\sheep (310).jpg,sheep,0.5403,sheep,0.5403,sheep (0.5403),cat (0.1636),dog (0.0739),elephant (0.0712),squirrel (0.0348),True,True
c:\Users\Alan\python\MMIP\week3\data\Dataset\sheep\sheep (225).jpeg,sheep,0.9566,sheep,0.9566,sheep (0.9566),dog (0.0064),spider (0.0064),squirrel (0.0060),cow (0.0060),True,True
c:\Users\Alan\python\MMIP\week3\data\Dataset\sheep\sheep (42).jpg,sheep,0.825,sheep,0.825,sheep (0.8250),dog (0.0358),elephant (0.0352),cow (0.0289),cat (0.0255),True,True
c:\Users\Alan\python\MMIP\week3\data\Dataset\sheep\sheep (92).jpg,sheep,0.2422,sheep,0.2422,sheep (0.2422),elephant (0.1823),dog (0.1709),chicken (0.0864),horse (0.0763),True,True
c:\Users\Alan\python\MMIP\week3\data\Dataset\sheep\sheep (149).jpeg,sheep,0.379,sheep,0.379,sheep (0.3790),dog (0.2258),horse (0.1243),cow (0.0835),squirrel (0.0538),True,True
c:\Users\Alan\python\MMIP\week3\data\Dataset\sheep\sheep (239).jpg,sheep,0.8634,sheep,0.8634,sheep (0.8634),dog (0.0508),cat (0.0168),spider (0.0163),butterfly (0.0157),True,True
c:\Users\Alan\python\MMIP\week3\data\Dataset\sheep\sheep (1332).jpeg,sheep,0.8962,sheep,0.8962,sheep (0.8962),cat (0.0387),spider (0.0130),dog (0.0127),cow (0.0116),True,True
c:\Users\Alan\python\MMIP\week3\data\Dataset\sheep\sheep (424).jpeg,sheep,0.7043,sheep,0.7043,sheep (0.7043),chicken (0.0599),horse (0.0563),dog (0.0507),spider (0.0426),True,True
c:\Users\Alan\python\MMIP\week3\data\Dataset\sheep\sheep (117).jpg,sheep,0.506,sheep,0.506,sheep (0.5060),dog (0.2468),cat (0.0864),cow (0.0392),squirrel (0.0324),True,True
c:\Users\Alan\python\MMIP\week3\data\Dataset\sheep\sheep (1322).jpeg,sheep,0.0791,dog,0.3005,dog (0.3005),cat (0.1991),cow (0.1519),horse (0.1007),sheep (0.0791),False,True
c:\Users\Alan\python\MMIP\week3\data\Dataset\sheep\sheep (1279).jpeg,sheep,0.8936,sheep,0.8936,sheep (0.8936),spider (0.0239),butterfly (0.0146),squirrel (0.0117),cat (0.0112),True,True
c:\Users\Alan\python\MMIP\week3\data\Dataset\sheep\sheep (860).jpeg,sheep,0.0565,chicken,0.179,chicken (0.1790),squirrel (0.1603),spider (0.1442),dog (0.1287),butterfly (0.1075),False,False
c:\Users\Alan\python\MMIP\week3\data\Dataset\sheep\sheep (166).jpg,sheep,0.8071,sheep,0.8071,sheep (0.8071),horse (0.0934),cow (0.0347),butterfly (0.0122),spider (0.0117),True,True
c:\Users\Alan\python\MMIP\week3\data\Dataset\sheep\sheep (758).jpeg,sheep,0.9266,sheep,0.9266,sheep (0.9266),spider (0.0133),horse (0.0128),dog (0.0126),cat (0.0094),True,True
c:\Users\Alan\python\MMIP\week3\data\Dataset\sheep\sheep (613).jpeg,sheep,0.6877,sheep,0.6877,sheep (0.6877),horse (0.1702),chicken (0.0398),cow (0.0292),elephant (0.0171),True,True
c:\Users\Alan\python\MMIP\week3\data\Dataset\sheep\sheep (275).jpg,sheep,0.1821,dog,0.4087,dog (0.4087),cat (0.2175),sheep (0.1821),cow (0.0540),chicken (0.0536),False,True
c:\Users\Alan\python\MMIP\week3\data\Dataset\sheep\sheep (1376).jpeg,sheep,0.4198,sheep,0.4198,sheep (0.4198),dog (0.2744),cow (0.0823),horse (0.0744),chicken (0.0477),True,True
c:\Users\Alan\python\MMIP\week3\data\Dataset\sheep\sheep (504).jpeg,sheep,0.9126,sheep,0.9126,sheep (0.9126),spider (0.0166),chicken (0.0151),butterfly (0.0135),cat (0.0098),True,True
c:\Users\Alan\python\MMIP\week3\data\Dataset\sheep\sheep (697).jpeg,sheep,0.7517,sheep,0.7517,sheep (0.7517),dog (0.0848),spider (0.0391),butterfly (0.0356),cat (0.0333),True,True
c:\Users\Alan\python\MMIP\week3\data\Dataset\sheep\sheep (373).jpeg,sheep,0.7798,sheep,0.7798,sheep (0.7798),dog (0.0789),cow (0.0465),chicken (0.0252),cat (0.0235),True,True
c:\Users\Alan\python\MMIP\week3\data\Dataset\sheep\sheep (161).jpg,sheep,0.1608,cow,0.4301,cow (0.4301),sheep (0.1608),horse (0.1206),chicken (0.1128),spider (0.0550),False,True
c:\Users\Alan\python\MMIP\week3\data\Dataset\sheep\sheep (550).jpeg,sheep,0.7851,sheep,0.7851,sheep (0.7851),elephant (0.0896),butterfly (0.0211),chicken (0.0193),dog (0.0189),True,True
c:\Users\Alan\python\MMIP\week3\data\Dataset\sheep\sheep (351).jpeg,sheep,0.8828,sheep,0.8828,sheep (0.8828),horse (0.0281),spider (0.0201),cat (0.0148),dog (0.0146),True,True
c:\Users\Alan\python\MMIP\week3\data\Dataset\sheep\sheep (1328).jpeg,sheep,0.9428,sheep,0.9428,sheep (0.9428),cow (0.0126),dog (0.0094),chicken (0.0065),horse (0.0056),True,True
c:\Users\Alan\python\MMIP\week3\data\Dataset\sheep\sheep (514).jpeg,sheep,0.9443,sheep,0.9443,sheep (0.9443),spider (0.0119),butterfly (0.0089),dog (0.0068),horse (0.0063),True,True
c:\Users\Alan\python\MMIP\week3\data\Dataset\sheep\sheep (37).jpg,sheep,0.8954,sheep,0.8954,sheep (0.8954),spider (0.0198),cow (0.0161),butterfly (0.0143),chicken (0.0139),True,True
c:\Users\Alan\python\MMIP\week3\data\Dataset\sheep\sheep (205).jpg,sheep,0.7603,sheep,0.7603,sheep (0.7603),cow (0.0646),elephant (0.0372),horse (0.0366),cat (0.0230),True,True
c:\Users\Alan\python\MMIP\week3\data\Dataset\sheep\sheep (157).jpg,sheep,0.5082,sheep,0.5082,sheep (0.5082),dog (0.1847),cow (0.1037),cat (0.0968),chicken (0.0363),True,True
c:\Users\Alan\python\MMIP\week3\data\Dataset\sheep\sheep (6).jpeg,sheep,0.7708,sheep,0.7708,sheep (0.7708),cow (0.1425),elephant (0.0206),chicken (0.0121),cat (0.0111),True,True
c:\Users\Alan\python\MMIP\week3\data\Dataset\sheep\sheep (716).jpeg,sheep,0.8632,sheep,0.8632,sheep (0.8632),spider (0.0295),elephant (0.0206),squirrel (0.0179),butterfly (0.0147),True,True
c:\Users\Alan\python\MMIP\week3\data\Dataset\sheep\sheep (386).jpeg,sheep,0.8454,sheep,0.8454,sheep (0.8454),spider (0.0285),butterfly (0.0256),squirrel (0.0204),dog (0.0181),True,True
c:\Users\Alan\python\MMIP\week3\data\Dataset\sheep\sheep (762).jpeg,sheep,0.8679,sheep,0.8679,sheep (0.8679),spider (0.0324),dog (0.0193),squirrel (0.0192),elephant (0.0154),True,True
c:\Users\Alan\python\MMIP\week3\data\Dataset\sheep\sheep (149).jpg,sheep,0.2505,dog,0.4778,dog (0.4778),sheep (0.2505),cat (0.1259),squirrel (0.0387),chicken (0.0357),False,True
c:\Users\Alan\python\MMIP\week3\data\Dataset\sheep\sheep (1050).jpeg,sheep,0.6361,sheep,0.6361,sheep (0.6361),cow (0.1041),chicken (0.0675),horse (0.0591),dog (0.0404),True,True
c:\Users\Alan\python\MMIP\week3\data\Dataset\sheep\sheep (12).jpeg,sheep,0.6834,sheep,0.6834,sheep (0.6834),horse (0.1883),cat (0.0304),cow (0.0199),spider (0.0178),True,True
c:\Users\Alan\python\MMIP\week3\data\Dataset\sheep\sheep (1244).jpeg,sheep,0.9159,sheep,0.9159,sheep (0.9159),chicken (0.0231),cow (0.0146),spider (0.0141),butterfly (0.0084),True,True
c:\Users\Alan\python\MMIP\week3\data\Dataset\sheep\sheep (1036).jpeg,sheep,0.9314,sheep,0.9314,sheep (0.9314),cow (0.0170),chicken (0.0103),dog (0.0098),squirrel (0.0066),True,True
c:\Users\Alan\python\MMIP\week3\data\Dataset\sheep\sheep (293).jpg,sheep,0.7541,sheep,0.7541,sheep (0.7541),spider (0.1032),elephant (0.0406),dog (0.0255),chicken (0.0195),True,True
c:\Users\Alan\python\MMIP\week3\data\Dataset\sheep\sheep (250).jpg,sheep,0.0654,cow,0.3893,cow (0.3893),squirrel (0.3732),sheep (0.0654),horse (0.0588),spider (0.0351),False,True
c:\Users\Alan\python\MMIP\week3\data\Dataset\sheep\sheep (185).jpeg,sheep,0.902,sheep,0.902,sheep (0.9020),horse (0.0237),dog (0.0164),butterfly (0.0110),spider (0.0107),True,True
c:\Users\Alan\python\MMIP\week3\data\Dataset\sheep\sheep (661).jpeg,sheep,0.5486,sheep,0.5486,sheep (0.5486),chicken (0.3128),dog (0.0446),spider (0.0267),squirrel (0.0179),True,True
c:\Users\Alan\python\MMIP\week3\data\Dataset\sheep\sheep (174).jpg,sheep,0.5198,sheep,0.5198,sheep (0.5198),squirrel (0.1073),spider (0.0880),cat (0.0717),dog (0.0619),True,True
c:\Users\Alan\python\MMIP\week3\data\Dataset\sheep\sheep (99).jpeg,sheep,0.283,sheep,0.283,sheep (0.2830),chicken (0.1800),dog (0.1779),cat (0.1146),horse (0.0658),True,True
c:\Users\Alan\python\MMIP\week3\data\Dataset\sheep\sheep (1098).jpeg,sheep,0.7523,sheep,0.7523,sheep (0.7523),elephant (0.0786),cow (0.0359),chicken (0.0296),squirrel (0.0272),True,True
c:\Users\Alan\python\MMIP\week3\data\Dataset\sheep\sheep (267).jpeg,sheep,0.9131,sheep,0.9131,sheep (0.9131),horse (0.0214),cow (0.0152),dog (0.0103),spider (0.0096),True,True
c:\Users\Alan\python\MMIP\week3\data\Dataset\sheep\sheep (807).jpeg,sheep,0.213,cow,0.6753,cow (0.6753),sheep (0.2130),horse (0.0264),elephant (0.0239),dog (0.0163),False,True
c:\Users\Alan\python\MMIP\week3\data\Dataset\sheep\sheep (1247).jpeg,sheep,0.8085,sheep,0.8085,sheep (0.8085),spider (0.0361),dog (0.0251),butterfly (0.0251),cat (0.0219),True,True
c:\Users\Alan\python\MMIP\week3\data\Dataset\sheep\sheep (180).jpg,sheep,0.5349,sheep,0.5349,sheep (0.5349),chicken (0.1967),cow (0.0887),horse (0.0487),dog (0.0448),True,True
c:\Users\Alan\python\MMIP\week3\data\Dataset\sheep\sheep (1056).jpeg,sheep,0.8142,sheep,0.8142,sheep (0.8142),butterfly (0.0350),spider (0.0324),squirrel (0.0211),elephant (0.0209),True,True
c:\Users\Alan\python\MMIP\week3\data\Dataset\sheep\sheep (1122).jpeg,sheep,0.6772,sheep,0.6772,sheep (0.6772),dog (0.1094),elephant (0.0560),chicken (0.0444),cat (0.0318),True,True
c:\Users\Alan\python\MMIP\week3\data\Dataset\sheep\sheep (1142).jpeg,sheep,0.9107,sheep,0.9107,sheep (0.9107),dog (0.0264),chicken (0.0109),spider (0.0103),butterfly (0.0102),True,True
c:\Users\Alan\python\MMIP\week3\data\Dataset\sheep\sheep (769).jpeg,sheep,0.9499,sheep,0.9499,sheep (0.9499),spider (0.0149),butterfly (0.0081),horse (0.0057),chicken (0.0056),True,True
c:\Users\Alan\python\MMIP\week3\data\Dataset\sheep\sheep (669).jpeg,sheep,0.9374,sheep,0.9374,sheep (0.9374),spider (0.0170),butterfly (0.0101),cow (0.0077),elephant (0.0062),True,True
c:\Users\Alan\python\MMIP\week3\data\Dataset\sheep\sheep (143).jpeg,sheep,0.8797,sheep,0.8797,sheep (0.8797),dog (0.0374),cat (0.0182),spider (0.0151),squirrel (0.0127),True,True
c:\Users\Alan\python\MMIP\week3\data\Dataset\sheep\sheep (644).jpeg,sheep,0.799,sheep,0.799,sheep (0.7990),cow (0.0413),squirrel (0.0308),elephant (0.0264),cat (0.0256),True,True
c:\Users\Alan\python\MMIP\week3\data\Dataset\sheep\sheep (672).jpeg,sheep,0.0195,horse,0.7934,horse (0.7934),cow (0.0492),dog (0.0425),chicken (0.0226),sheep (0.0195),False,True
c:\Users\Alan\python\MMIP\week3\data\Dataset\sheep\sheep (147).jpeg,sheep,0.6247,sheep,0.6247,sheep (0.6247),cow (0.1522),dog (0.0532),horse (0.0474),elephant (0.0402),True,True
c:\Users\Alan\python\MMIP\week3\data\Dataset\sheep\sheep (328).jpeg,sheep,0.9526,sheep,0.9526,sheep (0.9526),spider (0.0100),cat (0.0069),butterfly (0.0058),squirrel (0.0057),True,True
c:\Users\Alan\python\MMIP\week3\data\Dataset\sheep\sheep (1387).jpeg,sheep,0.7727,sheep,0.7727,sheep (0.7727),dog (0.0667),chicken (0.0405),cow (0.0300),cat (0.0223),True,True
c:\Users\Alan\python\MMIP\week3\data\Dataset\sheep\sheep (218).jpg,sheep,0.816,sheep,0.816,sheep (0.8160),dog (0.1002),cow (0.0151),cat (0.0128),butterfly (0.0107),True,True
c:\Users\Alan\python\MMIP\week3\data\Dataset\sheep\sheep (405).jpeg,sheep,0.117,elephant,0.3917,elephant (0.3917),chicken (0.2142),dog (0.1463),sheep (0.1170),cat (0.0386),False,True
c:\Users\Alan\python\MMIP\week3\data\Dataset\sheep\sheep (586).jpeg,sheep,0.9361,sheep,0.9361,sheep (0.9361),spider (0.0247),squirrel (0.0113),dog (0.0062),butterfly (0.0048),True,True
c:\Users\Alan\python\MMIP\week3\data\Dataset\sheep\sheep (1303).jpeg,sheep,0.9165,sheep,0.9165,sheep (0.9165),cow (0.0175),butterfly (0.0136),horse (0.0098),spider (0.0089),True,True
c:\Users\Alan\python\MMIP\week3\data\Dataset\sheep\sheep (211).jpeg,sheep,0.9389,sheep,0.9389,sheep (0.9389),cow (0.0148),elephant (0.0096),chicken (0.0072),dog (0.0063),True,True
c:\Users\Alan\python\MMIP\week3\data\Dataset\sheep\sheep (109).jpeg,sheep,0.8728,sheep,0.8728,sheep (0.8728),spider (0.0261),elephant (0.0181),horse (0.0160),cat (0.0159),True,True
c:\Users\Alan\python\MMIP\week3\data\Dataset\sheep\sheep (821).jpeg,sheep,0.9537,sheep,0.9537,sheep (0.9537),spider (0.0126),squirrel (0.0068),cat (0.0055),butterfly (0.0053),True,True
c:\Users\Alan\python\MMIP\week3\data\Dataset\sheep\sheep (181).jpeg,sheep,0.9073,sheep,0.9073,sheep (0.9073),cat (0.0346),spider (0.0118),dog (0.0117),cow (0.0108),True,True
c:\Users\Alan\python\MMIP\week3\data\Dataset\sheep\sheep (897).jpeg,sheep,0.0372,chicken,0.5473,chicken (0.5473),cow (0.2291),dog (0.0711),sheep (0.0372),spider (0.0271),False,True
c:\Users\Alan\python\MMIP\week3\data\Dataset\sheep\sheep (1173).jpeg,sheep,0.8734,sheep,0.8734,sheep (0.8734),spider (0.0214),cat (0.0186),horse (0.0172),butterfly (0.0171),True,True
c:\Users\Alan\python\MMIP\week3\data\Dataset\sheep\sheep (1165).jpeg,sheep,0.9712,sheep,0.9712,sheep (0.9712),dog (0.0067),chicken (0.0045),spider (0.0043),cat (0.0032),True,True
c:\Users\Alan\python\MMIP\week3\data\Dataset\sheep\sheep (440).jpeg,sheep,0.7704,sheep,0.7704,sheep (0.7704),cat (0.0607),cow (0.0359),dog (0.0275),squirrel (0.0247),True,True
c:\Users\Alan\python\MMIP\week3\data\Dataset\sheep\sheep (193).jpg,sheep,0.9346,sheep,0.9346,sheep (0.9346),spider (0.0144),butterfly (0.0091),cat (0.0078),squirrel (0.0071),True,True
c:\Users\Alan\python\MMIP\week3\data\Dataset\sheep\sheep (270).jpg,sheep,0.8636,sheep,0.8636,sheep (0.8636),dog (0.0281),spider (0.0228),butterfly (0.0179),squirrel (0.0161),True,True
c:\Users\Alan\python\MMIP\week3\data\Dataset\sheep\sheep (870).jpeg,sheep,0.4972,sheep,0.4972,sheep (0.4972),dog (0.1406),horse (0.0956),chicken (0.0711),cow (0.0591),True,True
c:\Users\Alan\python\MMIP\week3\data\Dataset\sheep\sheep (33).jpg,sheep,0.9201,sheep,0.9201,sheep (0.9201),dog (0.0227),cat (0.0147),cow (0.0099),horse (0.0076),True,True
c:\Users\Alan\python\MMIP\week3\data\Dataset\sheep\sheep (1038).jpeg,sheep,0.9282,sheep,0.9282,sheep (0.9282),spider (0.0153),dog (0.0096),squirrel (0.0084),cat (0.0082),True,True
c:\Users\Alan\python\MMIP\week3\data\Dataset\sheep\sheep (280).jpeg,sheep,0.7907,sheep,0.7907,sheep (0.7907),spider (0.0376),dog (0.0342),butterfly (0.0266),squirrel (0.0254),True,True
c:\Users\Alan\python\MMIP\week3\data\Dataset\sheep\sheep (912).jpeg,sheep,0.9261,sheep,0.9261,sheep (0.9261),cow (0.0292),dog (0.0140),chicken (0.0067),spider (0.0064),True,True
c:\Users\Alan\python\MMIP\week3\data\Dataset\spider\spider (4039).jpeg,spider,0.9501,spider,0.9501,spider (0.9501),butterfly (0.0077),dog (0.0067),sheep (0.0063),elephant (0.0063),True,True
c:\Users\Alan\python\MMIP\week3\data\Dataset\spider\spider (2420).jpeg,spider,0.7316,spider,0.7316,spider (0.7316),squirrel (0.1143),sheep (0.0387),cat (0.0264),butterfly (0.0229),True,True
c:\Users\Alan\python\MMIP\week3\data\Dataset\spider\spider (224).jpg,spider,0.8239,spider,0.8239,spider (0.8239),butterfly (0.0944),dog (0.0162),squirrel (0.0136),elephant (0.0096),True,True
c:\Users\Alan\python\MMIP\week3\data\Dataset\spider\spider (4441).jpeg,spider,0.3452,butterfly,0.4339,butterfly (0.4339),spider (0.3452),dog (0.0753),chicken (0.0321),cat (0.0256),False,True
c:\Users\Alan\python\MMIP\week3\data\Dataset\spider\spider (1356).jpeg,spider,0.8668,spider,0.8668,spider (0.8668),butterfly (0.0335),cow (0.0139),squirrel (0.0139),dog (0.0128),True,True
c:\Users\Alan\python\MMIP\week3\data\Dataset\spider\spider (511).jpeg,spider,0.9015,spider,0.9015,spider (0.9015),dog (0.0216),butterfly (0.0142),cat (0.0115),horse (0.0101),True,True
c:\Users\Alan\python\MMIP\week3\data\Dataset\spider\spider (3651).jpeg,spider,0.8181,spider,0.8181,spider (0.8181),butterfly (0.0575),squirrel (0.0560),chicken (0.0143),dog (0.0130),True,True
c:\Users\Alan\python\MMIP\week3\data\Dataset\spider\spider (515).jpeg,spider,0.9015,spider,0.9015,spider (0.9015),dog (0.0123),butterfly (0.0122),squirrel (0.0118),elephant (0.0114),True,True
c:\Users\Alan\python\MMIP\week3\data\Dataset\spider\spider (2097).jpeg,spider,0.8548,spider,0.8548,spider (0.8548),chicken (0.0240),dog (0.0192),sheep (0.0167),squirrel (0.0155),True,True
c:\Users\Alan\python\MMIP\week3\data\Dataset\spider\spider (728).jpeg,spider,0.9117,spider,0.9117,spider (0.9117),squirrel (0.0134),dog (0.0106),sheep (0.0104),chicken (0.0100),True,True
c:\Users\Alan\python\MMIP\week3\data\Dataset\spider\spider (3862).jpeg,spider,0.9172,spider,0.9172,spider (0.9172),dog (0.0225),horse (0.0183),butterfly (0.0103),chicken (0.0082),True,True
c:\Users\Alan\python\MMIP\week3\data\Dataset\spider\spider (3898).jpeg,spider,0.8514,spider,0.8514,spider (0.8514),sheep (0.0214),elephant (0.0195),squirrel (0.0184),chicken (0.0167),True,True
c:\Users\Alan\python\MMIP\week3\data\Dataset\spider\spider (1762).jpeg,spider,0.8161,spider,0.8161,spider (0.8161),butterfly (0.0784),chicken (0.0480),elephant (0.0111),horse (0.0090),True,True
c:\Users\Alan\python\MMIP\week3\data\Dataset\spider\spider (11).jpeg,spider,0.8966,spider,0.8966,spider (0.8966),sheep (0.0260),squirrel (0.0124),butterfly (0.0122),elephant (0.0111),True,True
c:\Users\Alan\python\MMIP\week3\data\Dataset\spider\spider (906).jpeg,spider,0.8698,spider,0.8698,spider (0.8698),butterfly (0.0368),dog (0.0185),horse (0.0168),squirrel (0.0120),True,True
c:\Users\Alan\python\MMIP\week3\data\Dataset\spider\spider (2611).jpeg,spider,0.8775,spider,0.8775,spider (0.8775),squirrel (0.0162),chicken (0.0161),horse (0.0141),elephant (0.0139),True,True
c:\Users\Alan\python\MMIP\week3\data\Dataset\spider\spider (2598).jpeg,spider,0.8758,spider,0.8758,spider (0.8758),horse (0.0189),elephant (0.0166),chicken (0.0158),dog (0.0154),True,True
c:\Users\Alan\python\MMIP\week3\data\Dataset\spider\spider (548).jpeg,spider,0.8456,spider,0.8456,spider (0.8456),butterfly (0.0323),horse (0.0265),dog (0.0238),cow (0.0145),True,True
c:\Users\Alan\python\MMIP\week3\data\Dataset\spider\spider (3780).jpeg,spider,0.9368,spider,0.9368,spider (0.9368),squirrel (0.0105),dog (0.0084),cat (0.0083),chicken (0.0072),True,True
c:\Users\Alan\python\MMIP\week3\data\Dataset\spider\spider (2314).jpeg,spider,0.6767,spider,0.6767,spider (0.6767),elephant (0.0900),sheep (0.0629),butterfly (0.0385),squirrel (0.0355),True,True
c:\Users\Alan\python\MMIP\week3\data\Dataset\spider\spider (3961).jpeg,spider,0.8858,spider,0.8858,spider (0.8858),chicken (0.0169),dog (0.0163),squirrel (0.0144),cow (0.0136),True,True
c:\Users\Alan\python\MMIP\week3\data\Dataset\spider\spider (187).jpg,spider,0.7956,spider,0.7956,spider (0.7956),butterfly (0.0570),chicken (0.0548),elephant (0.0278),dog (0.0210),True,True
c:\Users\Alan\python\MMIP\week3\data\Dataset\spider\spider (677).jpeg,spider,0.8337,spider,0.8337,spider (0.8337),squirrel (0.0351),butterfly (0.0213),elephant (0.0188),chicken (0.0173),True,True
c:\Users\Alan\python\MMIP\week3\data\Dataset\spider\spider (2122).jpeg,spider,0.8591,spider,0.8591,spider (0.8591),chicken (0.0307),squirrel (0.0274),butterfly (0.0239),dog (0.0145),True,True
c:\Users\Alan\python\MMIP\week3\data\Dataset\spider\spider (1270).jpeg,spider,0.8848,spider,0.8848,spider (0.8848),butterfly (0.0242),dog (0.0137),squirrel (0.0128),cow (0.0123),True,True
c:\Users\Alan\python\MMIP\week3\data\Dataset\spider\spider (830).jpeg,spider,0.84,spider,0.84,spider (0.8400),chicken (0.0222),dog (0.0202),sheep (0.0194),cat (0.0181),True,True
c:\Users\Alan\python\MMIP\week3\data\Dataset\spider\spider (267).jpg,spider,0.777,spider,0.777,spider (0.7770),cat (0.0383),butterfly (0.0330),squirrel (0.0312),dog (0.0297),True,True
c:\Users\Alan\python\MMIP\week3\data\Dataset\spider\spider (1612).jpeg,spider,0.7919,spider,0.7919,spider (0.7919),squirrel (0.0724),butterfly (0.0295),elephant (0.0198),dog (0.0178),True,True
c:\Users\Alan\python\MMIP\week3\data\Dataset\spider\spider (4069).jpeg,spider,0.9,spider,0.9,spider (0.9000),butterfly (0.0276),dog (0.0118),cow (0.0115),horse (0.0098),True,True
c:\Users\Alan\python\MMIP\week3\data\Dataset\spider\spider (1074).jpeg,spider,0.8507,spider,0.8507,spider (0.8507),dog (0.0751),cat (0.0182),butterfly (0.0110),squirrel (0.0107),True,True
c:\Users\Alan\python\MMIP\week3\data\Dataset\spider\spider (1315).jpeg,spider,0.83,spider,0.83,spider (0.8300),dog (0.0311),chicken (0.0200),squirrel (0.0192),cow (0.0192),True,True
c:\Users\Alan\python\MMIP\week3\data\Dataset\spider\spider (2327).jpeg,spider,0.9178,spider,0.9178,spider (0.9178),squirrel (0.0212),horse (0.0095),butterfly (0.0085),cat (0.0078),True,True
c:\Users\Alan\python\MMIP\week3\data\Dataset\spider\spider (2159).jpeg,spider,0.9247,spider,0.9247,spider (0.9247),dog (0.0136),chicken (0.0098),squirrel (0.0089),butterfly (0.0082),True,True
c:\Users\Alan\python\MMIP\week3\data\Dataset\spider\spider (2574).jpeg,spider,0.5708,spider,0.5708,spider (0.5708),squirrel (0.2880),butterfly (0.0487),elephant (0.0197),cat (0.0195),True,True
c:\Users\Alan\python\MMIP\week3\data\Dataset\spider\spider (2228).jpeg,spider,0.8931,spider,0.8931,spider (0.8931),horse (0.0163),squirrel (0.0155),chicken (0.0140),dog (0.0128),True,True
c:\Users\Alan\python\MMIP\week3\data\Dataset\spider\spider (2410).jpeg,spider,0.7982,spider,0.7982,spider (0.7982),dog (0.0387),horse (0.0386),chicken (0.0316),squirrel (0.0229),True,True
c:\Users\Alan\python\MMIP\week3\data\Dataset\spider\spider (198).jpeg,spider,0.8919,spider,0.8919,spider (0.8919),butterfly (0.0261),chicken (0.0164),cat (0.0109),horse (0.0104),True,True
c:\Users\Alan\python\MMIP\week3\data\Dataset\spider\spider (2276).jpeg,spider,0.8684,spider,0.8684,spider (0.8684),dog (0.0473),chicken (0.0194),squirrel (0.0155),horse (0.0108),True,True
c:\Users\Alan\python\MMIP\week3\data\Dataset\spider\spider (4418).jpeg,spider,0.8627,spider,0.8627,spider (0.8627),squirrel (0.0267),butterfly (0.0201),dog (0.0174),chicken (0.0172),True,True
c:\Users\Alan\python\MMIP\week3\data\Dataset\spider\spider (1794).jpeg,spider,0.9113,spider,0.9113,spider (0.9113),elephant (0.0143),sheep (0.0125),dog (0.0098),cat (0.0097),True,True
c:\Users\Alan\python\MMIP\week3\data\Dataset\spider\spider (3485).jpeg,spider,0.7907,spider,0.7907,spider (0.7907),butterfly (0.0474),chicken (0.0373),cat (0.0308),sheep (0.0225),True,True
c:\Users\Alan\python\MMIP\week3\data\Dataset\spider\spider (4346).jpeg,spider,0.8813,spider,0.8813,spider (0.8813),dog (0.0176),chicken (0.0158),horse (0.0150),elephant (0.0136),True,True
c:\Users\Alan\python\MMIP\week3\data\Dataset\spider\spider (424).jpeg,spider,0.7626,spider,0.7626,spider (0.7626),cow (0.0471),horse (0.0435),elephant (0.0384),sheep (0.0356),True,True
c:\Users\Alan\python\MMIP\week3\data\Dataset\spider\spider (3194).jpeg,spider,0.688,spider,0.688,spider (0.6880),chicken (0.2216),dog (0.0364),butterfly (0.0093),horse (0.0086),True,True
c:\Users\Alan\python\MMIP\week3\data\Dataset\spider\spider (2821).jpeg,spider,0.8377,spider,0.8377,spider (0.8377),chicken (0.0357),squirrel (0.0218),cow (0.0192),horse (0.0177),True,True
c:\Users\Alan\python\MMIP\week3\data\Dataset\spider\spider (4442).jpeg,spider,0.8457,spider,0.8457,spider (0.8457),butterfly (0.0304),squirrel (0.0216),sheep (0.0166),cow (0.0162),True,True
c:\Users\Alan\python\MMIP\week3\data\Dataset\spider\spider (3100).jpeg,spider,0.7535,spider,0.7535,spider (0.7535),dog (0.0725),butterfly (0.0374),squirrel (0.0276),sheep (0.0244),True,True
c:\Users\Alan\python\MMIP\week3\data\Dataset\spider\spider (23).jpg,spider,0.8983,spider,0.8983,spider (0.8983),dog (0.0408),sheep (0.0163),chicken (0.0085),elephant (0.0082),True,True
c:\Users\Alan\python\MMIP\week3\data\Dataset\spider\spider (3472).jpeg,spider,0.7635,spider,0.7635,spider (0.7635),squirrel (0.0850),dog (0.0465),cat (0.0210),horse (0.0172),True,True
c:\Users\Alan\python\MMIP\week3\data\Dataset\spider\spider (937).jpeg,spider,0.9308,spider,0.9308,spider (0.9308),butterfly (0.0189),horse (0.0105),cow (0.0086),dog (0.0080),True,True
c:\Users\Alan\python\MMIP\week3\data\Dataset\spider\spider (2605).jpeg,spider,0.8896,spider,0.8896,spider (0.8896),sheep (0.0140),horse (0.0140),cow (0.0137),elephant (0.0137),True,True
c:\Users\Alan\python\MMIP\week3\data\Dataset\spider\spider (280).jpeg,spider,0.8192,spider,0.8192,spider (0.8192),sheep (0.0313),dog (0.0304),chicken (0.0247),elephant (0.0205),True,True
c:\Users\Alan\python\MMIP\week3\data\Dataset\spider\spider (135).jpg,spider,0.867,spider,0.867,spider (0.8670),butterfly (0.0701),dog (0.0117),cat (0.0087),horse (0.0084),True,True
c:\Users\Alan\python\MMIP\week3\data\Dataset\spider\spider (202).jpg,spider,0.8806,spider,0.8806,spider (0.8806),squirrel (0.0289),dog (0.0192),cat (0.0150),horse (0.0115),True,True
c:\Users\Alan\python\MMIP\week3\data\Dataset\spider\spider (444).jpeg,spider,0.8995,spider,0.8995,spider (0.8995),sheep (0.0177),squirrel (0.0155),dog (0.0123),elephant (0.0122),True,True
c:\Users\Alan\python\MMIP\week3\data\Dataset\spider\spider (3999).jpeg,spider,0.0386,dog,0.4239,dog (0.4239),chicken (0.2703),cat (0.1152),butterfly (0.0510),spider (0.0386),False,True
c:\Users\Alan\python\MMIP\week3\data\Dataset\spider\spider (4142).jpeg,spider,0.8528,spider,0.8528,spider (0.8528),chicken (0.0200),sheep (0.0188),cow (0.0188),dog (0.0185),True,True
c:\Users\Alan\python\MMIP\week3\data\Dataset\spider\spider (4065).jpeg,spider,0.9048,spider,0.9048,spider (0.9048),dog (0.0197),squirrel (0.0166),butterfly (0.0113),chicken (0.0110),True,True
c:\Users\Alan\python\MMIP\week3\data\Dataset\spider\spider (4080).jpeg,spider,0.7275,spider,0.7275,spider (0.7275),squirrel (0.0831),chicken (0.0760),cat (0.0245),elephant (0.0202),True,True
c:\Users\Alan\python\MMIP\week3\data\Dataset\spider\spider (2901).jpeg,spider,0.8436,spider,0.8436,spider (0.8436),cow (0.0205),dog (0.0203),sheep (0.0201),chicken (0.0181),True,True
c:\Users\Alan\python\MMIP\week3\data\Dataset\spider\spider (2426).jpeg,spider,0.9025,spider,0.9025,spider (0.9025),dog (0.0166),butterfly (0.0141),cat (0.0122),chicken (0.0110),True,True
c:\Users\Alan\python\MMIP\week3\data\Dataset\spider\spider (1576).jpeg,spider,0.9147,spider,0.9147,spider (0.9147),butterfly (0.0176),dog (0.0172),cat (0.0102),cow (0.0090),True,True
c:\Users\Alan\python\MMIP\week3\data\Dataset\spider\spider (113).jpeg,spider,0.9099,spider,0.9099,spider (0.9099),dog (0.0159),butterfly (0.0157),chicken (0.0121),squirrel (0.0117),True,True
c:\Users\Alan\python\MMIP\week3\data\Dataset\spider\spider (3775).jpeg,spider,0.8442,spider,0.8442,spider (0.8442),squirrel (0.0443),butterfly (0.0218),sheep (0.0197),cat (0.0165),True,True
c:\Users\Alan\python\MMIP\week3\data\Dataset\spider\spider (3605).jpeg,spider,0.8246,spider,0.8246,spider (0.8246),squirrel (0.0407),chicken (0.0406),butterfly (0.0325),horse (0.0150),True,True
c:\Users\Alan\python\MMIP\week3\data\Dataset\spider\spider (3341).jpeg,spider,0.9245,spider,0.9245,spider (0.9245),cow (0.0113),chicken (0.0113),butterfly (0.0108),dog (0.0086),True,True
c:\Users\Alan\python\MMIP\week3\data\Dataset\spider\spider (1589).jpeg,spider,0.647,spider,0.647,spider (0.6470),chicken (0.1235),dog (0.0564),butterfly (0.0558),elephant (0.0407),True,True
c:\Users\Alan\python\MMIP\week3\data\Dataset\spider\spider (239).jpeg,spider,0.8724,spider,0.8724,spider (0.8724),cow (0.0204),sheep (0.0195),horse (0.0164),dog (0.0146),True,True
c:\Users\Alan\python\MMIP\week3\data\Dataset\spider\spider (3197).jpeg,spider,0.8712,spider,0.8712,spider (0.8712),chicken (0.0183),dog (0.0174),cow (0.0165),sheep (0.0145),True,True
c:\Users\Alan\python\MMIP\week3\data\Dataset\spider\spider (1392).jpeg,spider,0.8631,spider,0.8631,spider (0.8631),dog (0.0332),squirrel (0.0209),horse (0.0156),cow (0.0154),True,True
c:\Users\Alan\python\MMIP\week3\data\Dataset\spider\spider (2084).jpeg,spider,0.8296,spider,0.8296,spider (0.8296),butterfly (0.0679),squirrel (0.0194),cow (0.0143),dog (0.0134),True,True
c:\Users\Alan\python\MMIP\week3\data\Dataset\spider\spider (3121).jpeg,spider,0.8655,spider,0.8655,spider (0.8655),squirrel (0.0311),butterfly (0.0242),dog (0.0168),horse (0.0162),True,True
c:\Users\Alan\python\MMIP\week3\data\Dataset\spider\spider (3698).jpeg,spider,0.9121,spider,0.9121,spider (0.9121),cow (0.0176),dog (0.0141),horse (0.0101),butterfly (0.0096),True,True
c:\Users\Alan\python\MMIP\week3\data\Dataset\spider\spider (1987).jpeg,spider,0.8792,spider,0.8792,spider (0.8792),squirrel (0.0473),butterfly (0.0156),horse (0.0106),cat (0.0096),True,True
c:\Users\Alan\python\MMIP\week3\data\Dataset\spider\spider (2224).jpeg,spider,0.8995,spider,0.8995,spider (0.8995),butterfly (0.0214),squirrel (0.0114),chicken (0.0107),elephant (0.0100),True,True
c:\Users\Alan\python\MMIP\week3\data\Dataset\spider\spider (63).jpeg,spider,0.8346,spider,0.8346,spider (0.8346),butterfly (0.0558),squirrel (0.0297),dog (0.0202),cat (0.0189),True,True
c:\Users\Alan\python\MMIP\week3\data\Dataset\spider\spider (1975).jpeg,spider,0.892,spider,0.892,spider (0.8920),squirrel (0.0211),chicken (0.0181),elephant (0.0121),sheep (0.0119),True,True
c:\Users\Alan\python\MMIP\week3\data\Dataset\spider\spider (1015).jpeg,spider,0.9121,spider,0.9121,spider (0.9121),squirrel (0.0150),chicken (0.0132),horse (0.0120),cow (0.0096),True,True
c:\Users\Alan\python\MMIP\week3\data\Dataset\spider\spider (625).jpeg,spider,0.9051,spider,0.9051,spider (0.9051),sheep (0.0170),butterfly (0.0119),dog (0.0117),cow (0.0103),True,True
c:\Users\Alan\python\MMIP\week3\data\Dataset\spider\spider (2398).jpeg,spider,0.3401,butterfly,0.5448,butterfly (0.5448),spider (0.3401),squirrel (0.0239),dog (0.0210),elephant (0.0137),False,True
c:\Users\Alan\python\MMIP\week3\data\Dataset\spider\spider (1475).jpeg,spider,0.3439,spider,0.3439,spider (0.3439),butterfly (0.2397),dog (0.1311),cat (0.1065),squirrel (0.0443),True,True
c:\Users\Alan\python\MMIP\week3\data\Dataset\spider\spider (2875).jpeg,spider,0.285,butterfly,0.5133,butterfly (0.5133),spider (0.2850),squirrel (0.0513),chicken (0.0452),dog (0.0260),False,True
c:\Users\Alan\python\MMIP\week3\data\Dataset\spider\spider (931).jpeg,spider,0.0511,chicken,0.39,chicken (0.3900),elephant (0.2018),sheep (0.1704),squirrel (0.0910),spider (0.0511),False,True
c:\Users\Alan\python\MMIP\week3\data\Dataset\spider\spider (1926).jpeg,spider,0.8584,spider,0.8584,spider (0.8584),butterfly (0.0406),dog (0.0166),sheep (0.0148),cat (0.0141),True,True
c:\Users\Alan\python\MMIP\week3\data\Dataset\spider\spider (1414).jpeg,spider,0.9221,spider,0.9221,spider (0.9221),chicken (0.0152),squirrel (0.0111),horse (0.0107),butterfly (0.0081),True,True
c:\Users\Alan\python\MMIP\week3\data\Dataset\spider\spider (2457).jpeg,spider,0.7864,spider,0.7864,spider (0.7864),butterfly (0.0986),squirrel (0.0239),dog (0.0196),cat (0.0164),True,True
c:\Users\Alan\python\MMIP\week3\data\Dataset\spider\spider (1195).jpeg,spider,0.501,spider,0.501,spider (0.5010),chicken (0.2613),butterfly (0.0513),cow (0.0462),squirrel (0.0419),True,True
c:\Users\Alan\python\MMIP\week3\data\Dataset\spider\spider (2766).jpeg,spider,0.869,spider,0.869,spider (0.8690),dog (0.0237),chicken (0.0222),sheep (0.0220),squirrel (0.0153),True,True
c:\Users\Alan\python\MMIP\week3\data\Dataset\spider\spider (2765).jpeg,spider,0.6628,spider,0.6628,spider (0.6628),dog (0.1514),butterfly (0.0683),horse (0.0231),chicken (0.0224),True,True
c:\Users\Alan\python\MMIP\week3\data\Dataset\spider\spider (2635).jpeg,spider,0.8405,spider,0.8405,spider (0.8405),chicken (0.0760),butterfly (0.0215),dog (0.0156),elephant (0.0125),True,True
c:\Users\Alan\python\MMIP\week3\data\Dataset\spider\spider (2068).jpeg,spider,0.8952,spider,0.8952,spider (0.8952),butterfly (0.0323),horse (0.0170),dog (0.0111),squirrel (0.0101),True,True
c:\Users\Alan\python\MMIP\week3\data\Dataset\spider\spider (476).jpeg,spider,0.8911,spider,0.8911,spider (0.8911),dog (0.0188),cat (0.0169),sheep (0.0125),cow (0.0118),True,True
c:\Users\Alan\python\MMIP\week3\data\Dataset\spider\spider (2891).jpeg,spider,0.8745,spider,0.8745,spider (0.8745),dog (0.0215),elephant (0.0183),chicken (0.0173),sheep (0.0132),True,True
c:\Users\Alan\python\MMIP\week3\data\Dataset\spider\spider (188).jpg,spider,0.1433,butterfly,0.5255,butterfly (0.5255),spider (0.1433),chicken (0.0902),squirrel (0.0523),cat (0.0432),False,True
c:\Users\Alan\python\MMIP\week3\data\Dataset\spider\spider (3469).jpeg,spider,0.8647,spider,0.8647,spider (0.8647),dog (0.0417),butterfly (0.0328),chicken (0.0130),squirrel (0.0127),True,True
c:\Users\Alan\python\MMIP\week3\data\Dataset\spider\spider (1351).jpeg,spider,0.785,spider,0.785,spider (0.7850),squirrel (0.1325),cat (0.0186),dog (0.0164),butterfly (0.0115),True,True
c:\Users\Alan\python\MMIP\week3\data\Dataset\spider\spider (1953).jpeg,spider,0.8139,spider,0.8139,spider (0.8139),butterfly (0.0635),squirrel (0.0438),dog (0.0192),chicken (0.0178),True,True
c:\Users\Alan\python\MMIP\week3\data\Dataset\spider\spider (201).jpg,spider,0.8959,spider,0.8959,spider (0.8959),squirrel (0.0203),butterfly (0.0199),cat (0.0161),dog (0.0110),True,True
c:\Users\Alan\python\MMIP\week3\data\Dataset\spider\spider (1118).jpeg,spider,0.8613,spider,0.8613,spider (0.8613),sheep (0.0227),chicken (0.0226),cow (0.0185),dog (0.0172),True,True
c:\Users\Alan\python\MMIP\week3\data\Dataset\spider\spider (4050).jpeg,spider,0.8926,spider,0.8926,spider (0.8926),squirrel (0.0176),cat (0.0134),sheep (0.0130),elephant (0.0123),True,True
c:\Users\Alan\python\MMIP\week3\data\Dataset\spider\spider (2720).jpeg,spider,0.8587,spider,0.8587,spider (0.8587),dog (0.0227),chicken (0.0193),cow (0.0156),elephant (0.0155),True,True
c:\Users\Alan\python\MMIP\week3\data\Dataset\spider\spider (1020).jpeg,spider,0.9009,spider,0.9009,spider (0.9009),elephant (0.0212),sheep (0.0171),butterfly (0.0110),dog (0.0108),True,True
c:\Users\Alan\python\MMIP\week3\data\Dataset\spider\spider (1946).jpeg,spider,0.8668,spider,0.8668,spider (0.8668),butterfly (0.0290),squirrel (0.0232),horse (0.0171),chicken (0.0135),True,True
c:\Users\Alan\python\MMIP\week3\data\Dataset\spider\spider (3395).jpeg,spider,0.8817,spider,0.8817,spider (0.8817),dog (0.0190),chicken (0.0161),elephant (0.0142),cat (0.0130),True,True
c:\Users\Alan\python\MMIP\week3\data\Dataset\spider\spider (4314).jpeg,spider,0.9021,spider,0.9021,spider (0.9021),cow (0.0138),butterfly (0.0137),chicken (0.0123),elephant (0.0108),True,True
c:\Users\Alan\python\MMIP\week3\data\Dataset\spider\spider (3738).jpeg,spider,0.8311,spider,0.8311,spider (0.8311),chicken (0.0222),cow (0.0221),dog (0.0212),sheep (0.0207),True,True
c:\Users\Alan\python\MMIP\week3\data\Dataset\spider\spider (58).jpg,spider,0.8955,spider,0.8955,spider (0.8955),cat (0.0177),dog (0.0137),horse (0.0128),sheep (0.0127),True,True
c:\Users\Alan\python\MMIP\week3\data\Dataset\spider\spider (1780).jpeg,spider,0.8908,spider,0.8908,spider (0.8908),dog (0.0158),horse (0.0158),squirrel (0.0126),chicken (0.0125),True,True
c:\Users\Alan\python\MMIP\week3\data\Dataset\spider\spider (1810).jpeg,spider,0.8872,spider,0.8872,spider (0.8872),chicken (0.0176),dog (0.0157),butterfly (0.0137),cow (0.0125),True,True
c:\Users\Alan\python\MMIP\week3\data\Dataset\spider\spider (1038).jpeg,spider,0.9176,spider,0.9176,spider (0.9176),elephant (0.0150),chicken (0.0127),horse (0.0111),dog (0.0093),True,True
c:\Users\Alan\python\MMIP\week3\data\Dataset\spider\spider (3706).jpeg,spider,0.1205,chicken,0.2317,chicken (0.2317),butterfly (0.2168),squirrel (0.1319),dog (0.1223),spider (0.1205),False,True
c:\Users\Alan\python\MMIP\week3\data\Dataset\spider\spider (2839).jpeg,spider,0.9098,spider,0.9098,spider (0.9098),dog (0.0236),horse (0.0128),cow (0.0101),chicken (0.0090),True,True
c:\Users\Alan\python\MMIP\week3\data\Dataset\spider\spider (850).jpeg,spider,0.9005,spider,0.9005,spider (0.9005),sheep (0.0231),horse (0.0134),elephant (0.0110),dog (0.0105),True,True
c:\Users\Alan\python\MMIP\week3\data\Dataset\spider\spider (4031).jpeg,spider,0.8791,spider,0.8791,spider (0.8791),butterfly (0.0346),dog (0.0172),chicken (0.0131),sheep (0.0128),True,True
c:\Users\Alan\python\MMIP\week3\data\Dataset\spider\spider (1069).jpeg,spider,0.1935,butterfly,0.3105,butterfly (0.3105),squirrel (0.2696),spider (0.1935),dog (0.0452),cat (0.0447),False,True
c:\Users\Alan\python\MMIP\week3\data\Dataset\spider\spider (1766).jpeg,spider,0.9366,spider,0.9366,spider (0.9366),dog (0.0129),chicken (0.0092),sheep (0.0088),cat (0.0062),True,True
c:\Users\Alan\python\MMIP\week3\data\Dataset\spider\spider (3555).jpeg,spider,0.8425,spider,0.8425,spider (0.8425),squirrel (0.0475),butterfly (0.0287),sheep (0.0188),elephant (0.0143),True,True
c:\Users\Alan\python\MMIP\week3\data\Dataset\spider\spider (3840).jpeg,spider,0.8217,spider,0.8217,spider (0.8217),sheep (0.0328),dog (0.0274),cow (0.0260),chicken (0.0242),True,True
c:\Users\Alan\python\MMIP\week3\data\Dataset\spider\spider (1682).jpeg,spider,0.845,spider,0.845,spider (0.8450),butterfly (0.0486),cow (0.0159),horse (0.0149),elephant (0.0135),True,True
c:\Users\Alan\python\MMIP\week3\data\Dataset\spider\spider (2078).jpeg,spider,0.8952,spider,0.8952,spider (0.8952),chicken (0.0205),cow (0.0145),horse (0.0136),sheep (0.0128),True,True
c:\Users\Alan\python\MMIP\week3\data\Dataset\spider\spider (2324).jpeg,spider,0.855,spider,0.855,spider (0.8550),butterfly (0.0341),squirrel (0.0180),chicken (0.0171),elephant (0.0148),True,True
c:\Users\Alan\python\MMIP\week3\data\Dataset\spider\spider (1818).jpeg,spider,0.8953,spider,0.8953,spider (0.8953),elephant (0.0229),chicken (0.0145),dog (0.0136),cat (0.0120),True,True
c:\Users\Alan\python\MMIP\week3\data\Dataset\spider\spider (3018).jpeg,spider,0.691,spider,0.691,spider (0.6910),chicken (0.0798),butterfly (0.0393),cat (0.0334),sheep (0.0325),True,True
c:\Users\Alan\python\MMIP\week3\data\Dataset\spider\spider (2985).jpeg,spider,0.9009,spider,0.9009,spider (0.9009),horse (0.0173),cow (0.0139),chicken (0.0128),dog (0.0122),True,True
c:\Users\Alan\python\MMIP\week3\data\Dataset\spider\spider (3747).jpeg,spider,0.8474,spider,0.8474,spider (0.8474),butterfly (0.0248),horse (0.0216),chicken (0.0199),dog (0.0195),True,True
c:\Users\Alan\python\MMIP\week3\data\Dataset\spider\spider (2656).jpeg,spider,0.8215,spider,0.8215,spider (0.8215),butterfly (0.0878),squirrel (0.0265),cat (0.0142),dog (0.0110),True,True
c:\Users\Alan\python\MMIP\week3\data\Dataset\spider\spider (3322).jpeg,spider,0.873,spider,0.873,spider (0.8730),dog (0.0180),chicken (0.0166),sheep (0.0149),cow (0.0148),True,True
c:\Users\Alan\python\MMIP\week3\data\Dataset\spider\spider (1831).jpeg,spider,0.8422,spider,0.8422,spider (0.8422),dog (0.0207),sheep (0.0188),chicken (0.0186),elephant (0.0182),True,True
c:\Users\Alan\python\MMIP\week3\data\Dataset\spider\spider (4384).jpeg,spider,0.7153,spider,0.7153,spider (0.7153),butterfly (0.1867),squirrel (0.0272),cat (0.0158),dog (0.0110),True,True
c:\Users\Alan\python\MMIP\week3\data\Dataset\spider\spider (87).jpeg,spider,0.8957,spider,0.8957,spider (0.8957),squirrel (0.0200),dog (0.0169),cat (0.0121),elephant (0.0111),True,True
c:\Users\Alan\python\MMIP\week3\data\Dataset\spider\spider (3942).jpeg,spider,0.8245,spider,0.8245,spider (0.8245),cow (0.0385),dog (0.0266),butterfly (0.0249),chicken (0.0241),True,True
c:\Users\Alan\python\MMIP\week3\data\Dataset\spider\spider (3529).jpeg,spider,0.9075,spider,0.9075,spider (0.9075),butterfly (0.0203),sheep (0.0121),elephant (0.0109),horse (0.0105),True,True
c:\Users\Alan\python\MMIP\week3\data\Dataset\spider\spider (4323).jpeg,spider,0.8568,spider,0.8568,spider (0.8568),cat (0.0197),chicken (0.0189),dog (0.0177),squirrel (0.0163),True,True
c:\Users\Alan\python\MMIP\week3\data\Dataset\spider\spider (2310).jpeg,spider,0.9347,spider,0.9347,spider (0.9347),dog (0.0166),chicken (0.0096),horse (0.0096),cat (0.0065),True,True
c:\Users\Alan\python\MMIP\week3\data\Dataset\spider\spider (276).jpeg,spider,0.9304,spider,0.9304,spider (0.9304),dog (0.0108),horse (0.0085),sheep (0.0083),elephant (0.0081),True,True
c:\Users\Alan\python\MMIP\week3\data\Dataset\spider\spider (2918).jpeg,spider,0.8812,spider,0.8812,spider (0.8812),squirrel (0.0170),sheep (0.0153),chicken (0.0146),elephant (0.0140),True,True
c:\Users\Alan\python\MMIP\week3\data\Dataset\spider\spider (983).jpeg,spider,0.9109,spider,0.9109,spider (0.9109),chicken (0.0199),squirrel (0.0113),elephant (0.0100),horse (0.0093),True,True
c:\Users\Alan\python\MMIP\week3\data\Dataset\spider\spider (1643).jpeg,spider,0.8796,spider,0.8796,spider (0.8796),elephant (0.0230),sheep (0.0196),horse (0.0152),cow (0.0123),True,True
c:\Users\Alan\python\MMIP\week3\data\Dataset\spider\spider (991).jpeg,spider,0.88,spider,0.88,spider (0.8800),chicken (0.0275),squirrel (0.0216),dog (0.0163),sheep (0.0110),True,True
c:\Users\Alan\python\MMIP\week3\data\Dataset\spider\spider (3460).jpeg,spider,0.8154,spider,0.8154,spider (0.8154),dog (0.0297),chicken (0.0246),elephant (0.0215),cat (0.0209),True,True
c:\Users\Alan\python\MMIP\week3\data\Dataset\spider\spider (645).jpeg,spider,0.8534,spider,0.8534,spider (0.8534),dog (0.0436),sheep (0.0213),horse (0.0159),cow (0.0146),True,True
c:\Users\Alan\python\MMIP\week3\data\Dataset\spider\spider (1690).jpeg,spider,0.8565,spider,0.8565,spider (0.8565),sheep (0.0215),cow (0.0199),dog (0.0186),horse (0.0170),True,True
c:\Users\Alan\python\MMIP\week3\data\Dataset\spider\spider (4394).jpeg,spider,0.894,spider,0.894,spider (0.8940),dog (0.0170),chicken (0.0140),horse (0.0138),elephant (0.0119),True,True
c:\Users\Alan\python\MMIP\week3\data\Dataset\spider\spider (2818).jpeg,spider,0.8898,spider,0.8898,spider (0.8898),dog (0.0163),horse (0.0154),cow (0.0122),chicken (0.0120),True,True
c:\Users\Alan\python\MMIP\week3\data\Dataset\spider\spider (3725).jpeg,spider,0.88,spider,0.88,spider (0.8800),cow (0.0209),horse (0.0154),sheep (0.0152),chicken (0.0145),True,True
c:\Users\Alan\python\MMIP\week3\data\Dataset\spider\spider (114).jpg,spider,0.8509,spider,0.8509,spider (0.8509),cat (0.0537),dog (0.0242),squirrel (0.0175),butterfly (0.0169),True,True
c:\Users\Alan\python\MMIP\week3\data\Dataset\spider\spider (42).jpeg,spider,0.8174,spider,0.8174,spider (0.8174),horse (0.0920),butterfly (0.0266),squirrel (0.0259),cow (0.0090),True,True
c:\Users\Alan\python\MMIP\week3\data\Dataset\spider\spider (3662).jpeg,spider,0.8025,spider,0.8025,spider (0.8025),chicken (0.0260),sheep (0.0253),dog (0.0250),cat (0.0234),True,True
c:\Users\Alan\python\MMIP\week3\data\Dataset\spider\spider (2935).jpeg,spider,0.8611,spider,0.8611,spider (0.8611),squirrel (0.0235),cat (0.0191),butterfly (0.0147),elephant (0.0146),True,True
c:\Users\Alan\python\MMIP\week3\data\Dataset\spider\spider (2489).jpeg,spider,0.8582,spider,0.8582,spider (0.8582),cat (0.0501),dog (0.0286),chicken (0.0127),sheep (0.0110),True,True
c:\Users\Alan\python\MMIP\week3\data\Dataset\spider\spider (186).jpeg,spider,0.9132,spider,0.9132,spider (0.9132),dog (0.0158),chicken (0.0119),horse (0.0106),elephant (0.0098),True,True
c:\Users\Alan\python\MMIP\week3\data\Dataset\spider\spider (326).jpeg,spider,0.9153,spider,0.9153,spider (0.9153),squirrel (0.0156),chicken (0.0131),dog (0.0093),butterfly (0.0092),True,True
c:\Users\Alan\python\MMIP\week3\data\Dataset\spider\spider (147).jpeg,spider,0.715,spider,0.715,spider (0.7150),horse (0.1306),cow (0.0656),dog (0.0237),elephant (0.0190),True,True
c:\Users\Alan\python\MMIP\week3\data\Dataset\spider\spider (54).jpeg,spider,0.4614,spider,0.4614,spider (0.4614),squirrel (0.1822),butterfly (0.1075),horse (0.0734),elephant (0.0453),True,True
c:\Users\Alan\python\MMIP\week3\data\Dataset\spider\spider (3382).jpeg,spider,0.8722,spider,0.8722,spider (0.8722),sheep (0.0173),chicken (0.0173),horse (0.0171),dog (0.0156),True,True
c:\Users\Alan\python\MMIP\week3\data\Dataset\spider\spider (4106).jpeg,spider,0.5495,spider,0.5495,spider (0.5495),horse (0.2681),dog (0.0476),butterfly (0.0340),cow (0.0277),True,True
c:\Users\Alan\python\MMIP\week3\data\Dataset\spider\spider (3580).jpeg,spider,0.8302,spider,0.8302,spider (0.8302),dog (0.0236),elephant (0.0205),chicken (0.0203),sheep (0.0200),True,True
c:\Users\Alan\python\MMIP\week3\data\Dataset\spider\spider (387).jpeg,spider,0.8514,spider,0.8514,spider (0.8514),dog (0.0335),horse (0.0319),cow (0.0213),squirrel (0.0170),True,True
c:\Users\Alan\python\MMIP\week3\data\Dataset\spider\spider (837).jpeg,spider,0.8665,spider,0.8665,spider (0.8665),horse (0.0257),chicken (0.0216),cow (0.0169),elephant (0.0164),True,True
c:\Users\Alan\python\MMIP\week3\data\Dataset\spider\spider (4255).jpeg,spider,0.765,spider,0.765,spider (0.7650),chicken (0.0424),dog (0.0422),butterfly (0.0351),horse (0.0285),True,True
c:\Users\Alan\python\MMIP\week3\data\Dataset\spider\spider (1534).jpeg,spider,0.8962,spider,0.8962,spider (0.8962),cat (0.0198),dog (0.0174),elephant (0.0152),cow (0.0110),True,True
c:\Users\Alan\python\MMIP\week3\data\Dataset\spider\spider (4383).jpeg,spider,0.8844,spider,0.8844,spider (0.8844),squirrel (0.0330),elephant (0.0127),butterfly (0.0117),chicken (0.0116),True,True
c:\Users\Alan\python\MMIP\week3\data\Dataset\spider\spider (90).jpeg,spider,0.872,spider,0.872,spider (0.8720),dog (0.0299),elephant (0.0185),cat (0.0177),horse (0.0174),True,True
c:\Users\Alan\python\MMIP\week3\data\Dataset\spider\spider (4397).jpeg,spider,0.8291,spider,0.8291,spider (0.8291),dog (0.0358),sheep (0.0210),cat (0.0207),chicken (0.0195),True,True
c:\Users\Alan\python\MMIP\week3\data\Dataset\spider\spider (3941).jpeg,spider,0.8894,spider,0.8894,spider (0.8894),sheep (0.0176),elephant (0.0156),horse (0.0144),cat (0.0122),True,True
c:\Users\Alan\python\MMIP\week3\data\Dataset\spider\spider (134).jpeg,spider,0.8585,spider,0.8585,spider (0.8585),butterfly (0.0444),dog (0.0175),cat (0.0140),horse (0.0135),True,True
c:\Users\Alan\python\MMIP\week3\data\Dataset\spider\spider (2203).jpeg,spider,0.9039,spider,0.9039,spider (0.9039),dog (0.0334),chicken (0.0120),butterfly (0.0099),cow (0.0081),True,True
c:\Users\Alan\python\MMIP\week3\data\Dataset\spider\spider (1627).jpeg,spider,0.7878,spider,0.7878,spider (0.7878),sheep (0.0292),dog (0.0272),chicken (0.0238),elephant (0.0236),True,True
c:\Users\Alan\python\MMIP\week3\data\Dataset\spider\spider (2331).jpeg,spider,0.7359,spider,0.7359,spider (0.7359),butterfly (0.1314),horse (0.0384),dog (0.0212),elephant (0.0187),True,True
c:\Users\Alan\python\MMIP\week3\data\Dataset\spider\spider (195).jpg,spider,0.828,spider,0.828,spider (0.8280),butterfly (0.0452),dog (0.0212),cow (0.0205),sheep (0.0176),True,True
c:\Users\Alan\python\MMIP\week3\data\Dataset\spider\spider (2849).jpeg,spider,0.4751,spider,0.4751,spider (0.4751),chicken (0.1904),butterfly (0.1217),sheep (0.0666),dog (0.0433),True,True
c:\Users\Alan\python\MMIP\week3\data\Dataset\spider\spider (3213).jpeg,spider,0.947,spider,0.947,spider (0.9470),horse (0.0093),dog (0.0078),chicken (0.0066),cow (0.0065),True,True
c:\Users\Alan\python\MMIP\week3\data\Dataset\spider\spider (2286).jpeg,spider,0.8487,spider,0.8487,spider (0.8487),chicken (0.0201),dog (0.0196),squirrel (0.0192),cow (0.0176),True,True
c:\Users\Alan\python\MMIP\week3\data\Dataset\spider\spider (908).jpeg,spider,0.3306,spider,0.3306,spider (0.3306),dog (0.2429),cow (0.0859),horse (0.0837),elephant (0.0801),True,True
c:\Users\Alan\python\MMIP\week3\data\Dataset\spider\spider (2395).jpeg,spider,0.8672,spider,0.8672,spider (0.8672),sheep (0.0215),elephant (0.0194),horse (0.0161),dog (0.0156),True,True
c:\Users\Alan\python\MMIP\week3\data\Dataset\spider\spider (3655).jpeg,spider,0.9127,spider,0.9127,spider (0.9127),butterfly (0.0221),chicken (0.0101),cat (0.0101),dog (0.0099),True,True
c:\Users\Alan\python\MMIP\week3\data\Dataset\spider\spider (1700).jpeg,spider,0.7269,spider,0.7269,spider (0.7269),butterfly (0.1849),dog (0.0235),cat (0.0132),elephant (0.0101),True,True
c:\Users\Alan\python\MMIP\week3\data\Dataset\spider\spider (3429).jpeg,spider,0.851,spider,0.851,spider (0.8510),chicken (0.0204),dog (0.0195),cow (0.0184),squirrel (0.0171),True,True
c:\Users\Alan\python\MMIP\week3\data\Dataset\spider\spider (4369).jpeg,spider,0.8899,spider,0.8899,spider (0.8899),dog (0.0167),chicken (0.0149),cat (0.0148),elephant (0.0128),True,True
c:\Users\Alan\python\MMIP\week3\data\Dataset\spider\spider (2508).jpeg,spider,0.845,spider,0.845,spider (0.8450),chicken (0.0195),elephant (0.0192),sheep (0.0189),horse (0.0189),True,True
c:\Users\Alan\python\MMIP\week3\data\Dataset\spider\spider (2763).jpeg,spider,0.9127,spider,0.9127,spider (0.9127),horse (0.0140),sheep (0.0123),elephant (0.0115),cow (0.0104),True,True
c:\Users\Alan\python\MMIP\week3\data\Dataset\spider\spider (2380).jpeg,spider,0.8967,spider,0.8967,spider (0.8967),butterfly (0.0265),squirrel (0.0161),dog (0.0110),cat (0.0097),True,True
c:\Users\Alan\python\MMIP\week3\data\Dataset\spider\spider (2618).jpeg,spider,0.8779,spider,0.8779,spider (0.8779),squirrel (0.0450),butterfly (0.0192),sheep (0.0109),elephant (0.0097),True,True
c:\Users\Alan\python\MMIP\week3\data\Dataset\spider\spider (24).jpeg,spider,0.7953,spider,0.7953,spider (0.7953),squirrel (0.0579),butterfly (0.0451),chicken (0.0163),horse (0.0153),True,True
c:\Users\Alan\python\MMIP\week3\data\Dataset\spider\spider (2767).jpeg,spider,0.9371,spider,0.9371,spider (0.9371),chicken (0.0154),dog (0.0114),cow (0.0059),squirrel (0.0057),True,True
c:\Users\Alan\python\MMIP\week3\data\Dataset\spider\spider (4).jpeg,spider,0.7754,spider,0.7754,spider (0.7754),squirrel (0.0660),butterfly (0.0575),cow (0.0243),sheep (0.0203),True,True
c:\Users\Alan\python\MMIP\week3\data\Dataset\spider\spider (3933).jpeg,spider,0.8651,spider,0.8651,spider (0.8651),butterfly (0.0407),chicken (0.0204),dog (0.0143),horse (0.0123),True,True
c:\Users\Alan\python\MMIP\week3\data\Dataset\spider\spider (3067).jpeg,spider,0.3809,spider,0.3809,spider (0.3809),squirrel (0.1435),butterfly (0.1383),chicken (0.1049),sheep (0.0697),True,True
c:\Users\Alan\python\MMIP\week3\data\Dataset\spider\spider (2343).jpeg,spider,0.8459,spider,0.8459,spider (0.8459),dog (0.0375),cat (0.0230),chicken (0.0220),squirrel (0.0209),True,True
c:\Users\Alan\python\MMIP\week3\data\Dataset\spider\spider (2460).jpeg,spider,0.418,spider,0.418,spider (0.4180),horse (0.1486),sheep (0.1080),dog (0.0982),cat (0.0529),True,True
c:\Users\Alan\python\MMIP\week3\data\Dataset\spider\spider (2471).jpeg,spider,0.458,spider,0.458,spider (0.4580),butterfly (0.3423),dog (0.0420),horse (0.0389),squirrel (0.0377),True,True
c:\Users\Alan\python\MMIP\week3\data\Dataset\spider\spider (2575).jpeg,spider,0.8934,spider,0.8934,spider (0.8934),horse (0.0185),dog (0.0152),chicken (0.0129),cat (0.0121),True,True
c:\Users\Alan\python\MMIP\week3\data\Dataset\spider\spider (1559).jpeg,spider,0.8751,spider,0.8751,spider (0.8751),butterfly (0.0439),chicken (0.0188),cat (0.0154),squirrel (0.0109),True,True
c:\Users\Alan\python\MMIP\week3\data\Dataset\spider\spider (748).jpeg,spider,0.8801,spider,0.8801,spider (0.8801),squirrel (0.0188),dog (0.0179),cat (0.0148),horse (0.0138),True,True
c:\Users\Alan\python\MMIP\week3\data\Dataset\spider\spider (1192).jpeg,spider,0.9219,spider,0.9219,spider (0.9219),butterfly (0.0207),horse (0.0126),dog (0.0113),squirrel (0.0082),True,True
c:\Users\Alan\python\MMIP\week3\data\Dataset\spider\spider (2466).jpeg,spider,0.4902,spider,0.4902,spider (0.4902),horse (0.1290),cow (0.1122),dog (0.0763),chicken (0.0393),True,True
c:\Users\Alan\python\MMIP\week3\data\Dataset\spider\spider (464).jpeg,spider,0.4678,spider,0.4678,spider (0.4678),elephant (0.1498),chicken (0.1388),butterfly (0.0827),horse (0.0519),True,True
c:\Users\Alan\python\MMIP\week3\data\Dataset\spider\spider (389).jpeg,spider,0.4097,spider,0.4097,spider (0.4097),squirrel (0.2401),elephant (0.1458),horse (0.0447),dog (0.0366),True,True
c:\Users\Alan\python\MMIP\week3\data\Dataset\spider\spider (4018).jpeg,spider,0.8487,spider,0.8487,spider (0.8487),butterfly (0.0304),cow (0.0201),dog (0.0189),horse (0.0177),True,True
c:\Users\Alan\python\MMIP\week3\data\Dataset\spider\spider (2544).jpeg,spider,0.8861,spider,0.8861,spider (0.8861),butterfly (0.0195),cat (0.0136),squirrel (0.0134),horse (0.0130),True,True
c:\Users\Alan\python\MMIP\week3\data\Dataset\spider\spider (1566).jpeg,spider,0.6712,spider,0.6712,spider (0.6712),squirrel (0.0835),dog (0.0397),sheep (0.0395),cat (0.0387),True,True
c:\Users\Alan\python\MMIP\week3\data\Dataset\spider\spider (1807).jpeg,spider,0.8296,spider,0.8296,spider (0.8296),squirrel (0.0291),chicken (0.0251),horse (0.0188),cow (0.0186),True,True
c:\Users\Alan\python\MMIP\week3\data\Dataset\spider\spider (1278).jpeg,spider,0.8694,spider,0.8694,spider (0.8694),squirrel (0.0223),cat (0.0156),dog (0.0148),chicken (0.0142),True,True
c:\Users\Alan\python\MMIP\week3\data\Dataset\spider\spider (1886).jpeg,spider,0.8845,spider,0.8845,spider (0.8845),elephant (0.0179),dog (0.0139),squirrel (0.0138),sheep (0.0138),True,True
c:\Users\Alan\python\MMIP\week3\data\Dataset\spider\spider (2048).jpeg,spider,0.9096,spider,0.9096,spider (0.9096),butterfly (0.0205),squirrel (0.0183),dog (0.0090),cat (0.0087),True,True
c:\Users\Alan\python\MMIP\week3\data\Dataset\spider\spider (3333).jpeg,spider,0.8795,spider,0.8795,spider (0.8795),butterfly (0.0217),cow (0.0166),sheep (0.0164),horse (0.0141),True,True
c:\Users\Alan\python\MMIP\week3\data\Dataset\spider\spider (1168).jpeg,spider,0.884,spider,0.884,spider (0.8840),chicken (0.0182),dog (0.0167),horse (0.0151),elephant (0.0132),True,True
c:\Users\Alan\python\MMIP\week3\data\Dataset\spider\spider (1683).jpeg,spider,0.3001,squirrel,0.3004,squirrel (0.3004),spider (0.3001),sheep (0.1281),butterfly (0.0672),elephant (0.0613),False,True
c:\Users\Alan\python\MMIP\week3\data\Dataset\spider\spider (1273).jpeg,spider,0.8884,spider,0.8884,spider (0.8884),butterfly (0.0196),chicken (0.0175),squirrel (0.0126),dog (0.0118),True,True
c:\Users\Alan\python\MMIP\week3\data\Dataset\spider\spider (1454).jpeg,spider,0.9203,spider,0.9203,spider (0.9203),dog (0.0257),cat (0.0106),chicken (0.0100),horse (0.0070),True,True
c:\Users\Alan\python\MMIP\week3\data\Dataset\spider\spider (4289).jpeg,spider,0.844,spider,0.844,spider (0.8440),butterfly (0.0422),squirrel (0.0373),horse (0.0147),chicken (0.0132),True,True
c:\Users\Alan\python\MMIP\week3\data\Dataset\spider\spider (1488).jpeg,spider,0.8593,spider,0.8593,spider (0.8593),dog (0.0231),elephant (0.0209),squirrel (0.0171),sheep (0.0166),True,True
c:\Users\Alan\python\MMIP\week3\data\Dataset\spider\spider (4198).jpeg,spider,0.8089,spider,0.8089,spider (0.8089),dog (0.0622),elephant (0.0264),squirrel (0.0230),cat (0.0223),True,True
c:\Users\Alan\python\MMIP\week3\data\Dataset\spider\spider (1336).jpeg,spider,0.8434,spider,0.8434,spider (0.8434),cow (0.0212),sheep (0.0201),chicken (0.0186),squirrel (0.0183),True,True
c:\Users\Alan\python\MMIP\week3\data\Dataset\spider\spider (3442).jpeg,spider,0.7201,spider,0.7201,spider (0.7201),butterfly (0.1042),dog (0.0558),squirrel (0.0276),chicken (0.0263),True,True
c:\Users\Alan\python\MMIP\week3\data\Dataset\spider\spider (2093).jpeg,spider,0.7333,spider,0.7333,spider (0.7333),butterfly (0.0701),squirrel (0.0675),sheep (0.0374),chicken (0.0248),True,True
c:\Users\Alan\python\MMIP\week3\data\Dataset\spider\spider (2535).jpeg,spider,0.8269,spider,0.8269,spider (0.8269),cow (0.0437),chicken (0.0251),horse (0.0214),dog (0.0206),True,True
c:\Users\Alan\python\MMIP\week3\data\Dataset\spider\spider (4492).jpeg,spider,0.8969,spider,0.8969,spider (0.8969),dog (0.0175),chicken (0.0173),elephant (0.0169),horse (0.0159),True,True
c:\Users\Alan\python\MMIP\week3\data\Dataset\spider\spider (2154).jpeg,spider,0.8949,spider,0.8949,spider (0.8949),butterfly (0.0175),sheep (0.0146),squirrel (0.0143),dog (0.0115),True,True
c:\Users\Alan\python\MMIP\week3\data\Dataset\spider\spider (551).jpeg,spider,0.881,spider,0.881,spider (0.8810),squirrel (0.0163),horse (0.0155),elephant (0.0152),chicken (0.0144),True,True
c:\Users\Alan\python\MMIP\week3\data\Dataset\spider\spider (1149).jpeg,spider,0.8095,spider,0.8095,spider (0.8095),squirrel (0.0968),cow (0.0165),sheep (0.0142),chicken (0.0127),True,True
c:\Users\Alan\python\MMIP\week3\data\Dataset\spider\spider (83).jpg,spider,0.6929,spider,0.6929,spider (0.6929),horse (0.0509),butterfly (0.0498),cow (0.0399),cat (0.0368),True,True
c:\Users\Alan\python\MMIP\week3\data\Dataset\spider\spider (1397).jpeg,spider,0.8962,spider,0.8962,spider (0.8962),dog (0.0147),cat (0.0143),cow (0.0135),horse (0.0125),True,True
c:\Users\Alan\python\MMIP\week3\data\Dataset\spider\spider (200).jpg,spider,0.8378,spider,0.8378,spider (0.8378),butterfly (0.0585),squirrel (0.0417),cat (0.0165),dog (0.0108),True,True
c:\Users\Alan\python\MMIP\week3\data\Dataset\spider\spider (4266).jpeg,spider,0.638,spider,0.638,spider (0.6380),elephant (0.0847),horse (0.0777),squirrel (0.0541),cow (0.0367),True,True
c:\Users\Alan\python\MMIP\week3\data\Dataset\spider\spider (602).jpeg,spider,0.7924,spider,0.7924,spider (0.7924),butterfly (0.0661),chicken (0.0576),squirrel (0.0217),dog (0.0176),True,True
c:\Users\Alan\python\MMIP\week3\data\Dataset\spider\spider (3909).jpeg,spider,0.8601,spider,0.8601,spider (0.8601),squirrel (0.0332),chicken (0.0182),dog (0.0158),cat (0.0155),True,True
c:\Users\Alan\python\MMIP\week3\data\Dataset\spider\spider (349).jpeg,spider,0.7408,spider,0.7408,spider (0.7408),butterfly (0.1155),horse (0.0331),squirrel (0.0247),dog (0.0197),True,True
c:\Users\Alan\python\MMIP\week3\data\Dataset\spider\spider (921).jpeg,spider,0.8894,spider,0.8894,spider (0.8894),cow (0.0180),dog (0.0164),chicken (0.0152),squirrel (0.0143),True,True
c:\Users\Alan\python\MMIP\week3\data\Dataset\spider\spider (963).jpeg,spider,0.8885,spider,0.8885,spider (0.8885),dog (0.0168),cat (0.0155),chicken (0.0146),sheep (0.0125),True,True
c:\Users\Alan\python\MMIP\week3\data\Dataset\spider\spider (314).jpg,spider,0.7161,spider,0.7161,spider (0.7161),butterfly (0.1560),squirrel (0.0355),dog (0.0282),horse (0.0158),True,True
c:\Users\Alan\python\MMIP\week3\data\Dataset\spider\spider (3790).jpeg,spider,0.7753,spider,0.7753,spider (0.7753),squirrel (0.0429),butterfly (0.0363),chicken (0.0259),horse (0.0218),True,True
c:\Users\Alan\python\MMIP\week3\data\Dataset\spider\spider (2422).jpeg,spider,0.8363,spider,0.8363,spider (0.8363),sheep (0.0313),squirrel (0.0198),cow (0.0195),dog (0.0184),True,True
c:\Users\Alan\python\MMIP\week3\data\Dataset\spider\spider (1702).jpeg,spider,0.8821,spider,0.8821,spider (0.8821),dog (0.0169),cat (0.0165),elephant (0.0148),chicken (0.0134),True,True
c:\Users\Alan\python\MMIP\week3\data\Dataset\spider\spider (1531).jpeg,spider,0.8472,spider,0.8472,spider (0.8472),chicken (0.0208),dog (0.0198),sheep (0.0194),elephant (0.0189),True,True
c:\Users\Alan\python\MMIP\week3\data\Dataset\spider\spider (1236).jpeg,spider,0.8161,spider,0.8161,spider (0.8161),dog (0.0317),chicken (0.0262),elephant (0.0223),cat (0.0215),True,True
c:\Users\Alan\python\MMIP\week3\data\Dataset\spider\spider (3158).jpeg,spider,0.8926,spider,0.8926,spider (0.8926),chicken (0.0150),dog (0.0129),cat (0.0126),butterfly (0.0126),True,True
c:\Users\Alan\python\MMIP\week3\data\Dataset\spider\spider (3782).jpeg,spider,0.8104,spider,0.8104,spider (0.8104),squirrel (0.0434),chicken (0.0261),dog (0.0245),cat (0.0184),True,True
c:\Users\Alan\python\MMIP\week3\data\Dataset\spider\spider (3953).jpeg,spider,0.886,spider,0.886,spider (0.8860),cow (0.0195),sheep (0.0190),chicken (0.0118),cat (0.0117),True,True
c:\Users\Alan\python\MMIP\week3\data\Dataset\spider\spider (1051).jpeg,spider,0.8672,spider,0.8672,spider (0.8672),butterfly (0.0342),cat (0.0153),dog (0.0135),squirrel (0.0129),True,True
c:\Users\Alan\python\MMIP\week3\data\Dataset\spider\spider (2459).jpeg,spider,0.8547,spider,0.8547,spider (0.8547),horse (0.0406),squirrel (0.0346),sheep (0.0125),dog (0.0116),True,True
c:\Users\Alan\python\MMIP\week3\data\Dataset\spider\spider (801).jpeg,spider,0.9009,spider,0.9009,spider (0.9009),chicken (0.0146),squirrel (0.0140),sheep (0.0125),dog (0.0118),True,True
c:\Users\Alan\python\MMIP\week3\data\Dataset\spider\spider (525).jpeg,spider,0.7567,spider,0.7567,spider (0.7567),squirrel (0.0833),butterfly (0.0659),elephant (0.0168),dog (0.0141),True,True
c:\Users\Alan\python\MMIP\week3\data\Dataset\spider\spider (3628).jpeg,spider,0.9191,spider,0.9191,spider (0.9191),elephant (0.0113),dog (0.0113),sheep (0.0093),horse (0.0091),True,True
c:\Users\Alan\python\MMIP\week3\data\Dataset\spider\spider (4463).jpeg,spider,0.7435,spider,0.7435,spider (0.7435),dog (0.1509),butterfly (0.0415),horse (0.0135),squirrel (0.0125),True,True
c:\Users\Alan\python\MMIP\week3\data\Dataset\spider\spider (813).jpeg,spider,0.8972,spider,0.8972,spider (0.8972),chicken (0.0223),sheep (0.0178),squirrel (0.0141),butterfly (0.0089),True,True
c:\Users\Alan\python\MMIP\week3\data\Dataset\spider\spider (39).jpeg,spider,0.8956,spider,0.8956,spider (0.8956),sheep (0.0207),chicken (0.0141),squirrel (0.0136),horse (0.0115),True,True
c:\Users\Alan\python\MMIP\week3\data\Dataset\spider\spider (4064).jpeg,spider,0.8872,spider,0.8872,spider (0.8872),squirrel (0.0244),cat (0.0186),butterfly (0.0179),horse (0.0115),True,True
c:\Users\Alan\python\MMIP\week3\data\Dataset\spider\spider (4021).jpeg,spider,0.942,spider,0.942,spider (0.9420),chicken (0.0176),butterfly (0.0074),dog (0.0068),elephant (0.0055),True,True
c:\Users\Alan\python\MMIP\week3\data\Dataset\spider\spider (3435).jpeg,spider,0.8711,spider,0.8711,spider (0.8711),dog (0.0293),elephant (0.0178),chicken (0.0142),squirrel (0.0136),True,True
c:\Users\Alan\python\MMIP\week3\data\Dataset\spider\spider (2435).jpeg,spider,0.8729,spider,0.8729,spider (0.8729),sheep (0.0205),cat (0.0157),squirrel (0.0147),dog (0.0145),True,True
c:\Users\Alan\python\MMIP\week3\data\Dataset\spider\spider (554).jpeg,spider,0.8349,spider,0.8349,spider (0.8349),sheep (0.0267),dog (0.0200),cow (0.0195),horse (0.0188),True,True
c:\Users\Alan\python\MMIP\week3\data\Dataset\spider\spider (3658).jpeg,spider,0.8155,spider,0.8155,spider (0.8155),squirrel (0.0304),butterfly (0.0231),cat (0.0206),sheep (0.0200),True,True
c:\Users\Alan\python\MMIP\week3\data\Dataset\spider\spider (1045).jpeg,spider,0.1045,butterfly,0.7494,butterfly (0.7494),spider (0.1045),chicken (0.0802),dog (0.0185),cow (0.0137),False,True
c:\Users\Alan\python\MMIP\week3\data\Dataset\spider\spider (2437).jpeg,spider,0.8706,spider,0.8706,spider (0.8706),chicken (0.0316),cow (0.0184),sheep (0.0179),squirrel (0.0169),True,True
c:\Users\Alan\python\MMIP\week3\data\Dataset\spider\spider (2998).jpeg,spider,0.9,spider,0.9,spider (0.9000),chicken (0.0278),dog (0.0129),cow (0.0113),sheep (0.0111),True,True
c:\Users\Alan\python\MMIP\week3\data\Dataset\spider\spider (1573).jpeg,spider,0.8753,spider,0.8753,spider (0.8753),squirrel (0.0217),dog (0.0174),chicken (0.0160),cow (0.0142),True,True
c:\Users\Alan\python\MMIP\week3\data\Dataset\spider\spider (795).jpeg,spider,0.8744,spider,0.8744,spider (0.8744),chicken (0.0184),dog (0.0169),cow (0.0155),cat (0.0144),True,True
c:\Users\Alan\python\MMIP\week3\data\Dataset\spider\spider (3748).jpeg,spider,0.8458,spider,0.8458,spider (0.8458),squirrel (0.0441),chicken (0.0378),butterfly (0.0173),cow (0.0124),True,True
c:\Users\Alan\python\MMIP\week3\data\Dataset\spider\spider (3238).jpeg,spider,0.8869,spider,0.8869,spider (0.8869),squirrel (0.0252),sheep (0.0187),butterfly (0.0156),chicken (0.0112),True,True
c:\Users\Alan\python\MMIP\week3\data\Dataset\spider\spider (4253).jpeg,spider,0.8564,spider,0.8564,spider (0.8564),sheep (0.0212),elephant (0.0197),squirrel (0.0173),horse (0.0159),True,True
c:\Users\Alan\python\MMIP\week3\data\Dataset\spider\spider (1773).jpeg,spider,0.8613,spider,0.8613,spider (0.8613),dog (0.0174),cow (0.0168),chicken (0.0163),cat (0.0163),True,True
c:\Users\Alan\python\MMIP\week3\data\Dataset\spider\spider (2734).jpeg,spider,0.8814,spider,0.8814,spider (0.8814),chicken (0.0213),horse (0.0186),squirrel (0.0176),cow (0.0150),True,True
c:\Users\Alan\python\MMIP\week3\data\Dataset\spider\spider (2550).jpeg,spider,0.9152,spider,0.9152,spider (0.9152),cat (0.0176),squirrel (0.0172),dog (0.0111),chicken (0.0101),True,True
c:\Users\Alan\python\MMIP\week3\data\Dataset\spider\spider (2028).jpeg,spider,0.8455,spider,0.8455,spider (0.8455),butterfly (0.0480),squirrel (0.0281),sheep (0.0158),dog (0.0128),True,True
c:\Users\Alan\python\MMIP\week3\data\Dataset\spider\spider (971).jpeg,spider,0.9383,spider,0.9383,spider (0.9383),squirrel (0.0091),chicken (0.0084),horse (0.0081),dog (0.0077),True,True
c:\Users\Alan\python\MMIP\week3\data\Dataset\spider\spider (1548).jpeg,spider,0.7947,spider,0.7947,spider (0.7947),butterfly (0.0816),squirrel (0.0239),horse (0.0233),dog (0.0232),True,True
c:\Users\Alan\python\MMIP\week3\data\Dataset\spider\spider (3292).jpeg,spider,0.8964,spider,0.8964,spider (0.8964),dog (0.0144),cat (0.0142),butterfly (0.0127),chicken (0.0114),True,True
c:\Users\Alan\python\MMIP\week3\data\Dataset\spider\spider (211).jpeg,spider,0.9444,spider,0.9444,spider (0.9444),chicken (0.0100),dog (0.0091),butterfly (0.0083),horse (0.0060),True,True
c:\Users\Alan\python\MMIP\week3\data\Dataset\spider\spider (24).jpg,spider,0.8231,spider,0.8231,spider (0.8231),dog (0.0963),sheep (0.0254),elephant (0.0105),chicken (0.0102),True,True
c:\Users\Alan\python\MMIP\week3\data\Dataset\spider\spider (791).jpeg,spider,0.9069,spider,0.9069,spider (0.9069),cow (0.0152),chicken (0.0125),sheep (0.0117),horse (0.0109),True,True
c:\Users\Alan\python\MMIP\week3\data\Dataset\spider\spider (2601).jpeg,spider,0.9217,spider,0.9217,spider (0.9217),dog (0.0117),butterfly (0.0116),sheep (0.0101),cow (0.0088),True,True
c:\Users\Alan\python\MMIP\week3\data\Dataset\spider\spider (4030).jpeg,spider,0.8685,spider,0.8685,spider (0.8685),squirrel (0.0217),horse (0.0190),sheep (0.0155),elephant (0.0149),True,True
c:\Users\Alan\python\MMIP\week3\data\Dataset\spider\spider (2102).jpeg,spider,0.91,spider,0.91,spider (0.9100),sheep (0.0187),horse (0.0108),elephant (0.0100),dog (0.0100),True,True
c:\Users\Alan\python\MMIP\week3\data\Dataset\spider\spider (721).jpeg,spider,0.8242,spider,0.8242,spider (0.8242),butterfly (0.0508),horse (0.0239),squirrel (0.0229),chicken (0.0215),True,True
c:\Users\Alan\python\MMIP\week3\data\Dataset\spider\spider (2674).jpeg,spider,0.8581,spider,0.8581,spider (0.8581),dog (0.0239),elephant (0.0230),horse (0.0184),sheep (0.0179),True,True
c:\Users\Alan\python\MMIP\week3\data\Dataset\spider\spider (1109).jpeg,spider,0.254,sheep,0.2734,sheep (0.2734),spider (0.2540),butterfly (0.1151),horse (0.0921),dog (0.0732),False,True
c:\Users\Alan\python\MMIP\week3\data\Dataset\spider\spider (3974).jpeg,spider,0.7738,spider,0.7738,spider (0.7738),squirrel (0.0802),elephant (0.0319),dog (0.0289),cat (0.0181),True,True
c:\Users\Alan\python\MMIP\week3\data\Dataset\spider\spider (3857).jpeg,spider,0.8989,spider,0.8989,spider (0.8989),cow (0.0160),horse (0.0120),dog (0.0119),sheep (0.0116),True,True
c:\Users\Alan\python\MMIP\week3\data\Dataset\spider\spider (2654).jpeg,spider,0.9034,spider,0.9034,spider (0.9034),dog (0.0171),horse (0.0152),elephant (0.0138),sheep (0.0115),True,True
c:\Users\Alan\python\MMIP\week3\data\Dataset\spider\spider (344).jpeg,spider,0.7953,spider,0.7953,spider (0.7953),squirrel (0.0622),chicken (0.0353),elephant (0.0244),sheep (0.0179),True,True
c:\Users\Alan\python\MMIP\week3\data\Dataset\spider\spider (2844).jpeg,spider,0.8482,spider,0.8482,spider (0.8482),cow (0.0243),sheep (0.0216),dog (0.0212),chicken (0.0212),True,True
c:\Users\Alan\python\MMIP\week3\data\Dataset\spider\spider (3215).jpeg,spider,0.7634,spider,0.7634,spider (0.7634),squirrel (0.1091),butterfly (0.0277),chicken (0.0263),dog (0.0160),True,True
c:\Users\Alan\python\MMIP\week3\data\Dataset\spider\spider (2267).jpeg,spider,0.8991,spider,0.8991,spider (0.8991),horse (0.0135),dog (0.0134),chicken (0.0133),elephant (0.0119),True,True
c:\Users\Alan\python\MMIP\week3\data\Dataset\spider\spider (3310).jpeg,spider,0.9075,spider,0.9075,spider (0.9075),sheep (0.0194),dog (0.0109),elephant (0.0105),butterfly (0.0096),True,True
c:\Users\Alan\python\MMIP\week3\data\Dataset\spider\spider (2483).jpeg,spider,0.8974,spider,0.8974,spider (0.8974),squirrel (0.0224),sheep (0.0133),elephant (0.0109),dog (0.0108),True,True
c:\Users\Alan\python\MMIP\week3\data\Dataset\spider\spider (3088).jpeg,spider,0.8581,spider,0.8581,spider (0.8581),elephant (0.0372),horse (0.0274),cat (0.0173),butterfly (0.0153),True,True
c:\Users\Alan\python\MMIP\week3\data\Dataset\spider\spider (21).jpeg,spider,0.833,spider,0.833,spider (0.8330),elephant (0.0219),horse (0.0218),chicken (0.0216),sheep (0.0215),True,True
c:\Users\Alan\python\MMIP\week3\data\Dataset\spider\spider (4453).jpeg,spider,0.8828,spider,0.8828,spider (0.8828),cat (0.0252),elephant (0.0234),horse (0.0150),sheep (0.0123),True,True
c:\Users\Alan\python\MMIP\week3\data\Dataset\spider\spider (2173).jpeg,spider,0.9089,spider,0.9089,spider (0.9089),butterfly (0.0232),dog (0.0120),cat (0.0100),squirrel (0.0092),True,True
c:\Users\Alan\python\MMIP\week3\data\Dataset\spider\spider (3724).jpeg,spider,0.8521,spider,0.8521,spider (0.8521),dog (0.0270),chicken (0.0217),cat (0.0209),squirrel (0.0147),True,True
c:\Users\Alan\python\MMIP\week3\data\Dataset\spider\spider (1018).jpeg,spider,0.9393,spider,0.9393,spider (0.9393),dog (0.0136),cat (0.0093),horse (0.0075),chicken (0.0073),True,True
c:\Users\Alan\python\MMIP\week3\data\Dataset\spider\spider (3654).jpeg,spider,0.8206,spider,0.8206,spider (0.8206),squirrel (0.0415),horse (0.0383),cow (0.0241),sheep (0.0241),True,True
c:\Users\Alan\python\MMIP\week3\data\Dataset\spider\spider (3620).jpeg,spider,0.872,spider,0.872,spider (0.8720),dog (0.0294),sheep (0.0211),squirrel (0.0157),chicken (0.0141),True,True
c:\Users\Alan\python\MMIP\week3\data\Dataset\spider\spider (2831).jpeg,spider,0.7875,spider,0.7875,spider (0.7875),horse (0.0655),cow (0.0388),butterfly (0.0383),sheep (0.0143),True,True
c:\Users\Alan\python\MMIP\week3\data\Dataset\spider\spider (3544).jpeg,spider,0.8913,spider,0.8913,spider (0.8913),dog (0.0190),horse (0.0167),cow (0.0153),sheep (0.0123),True,True
c:\Users\Alan\python\MMIP\week3\data\Dataset\spider\spider (4199).jpeg,spider,0.4279,spider,0.4279,spider (0.4279),butterfly (0.4272),squirrel (0.0367),dog (0.0229),chicken (0.0208),True,True
c:\Users\Alan\python\MMIP\week3\data\Dataset\spider\spider (1134).jpeg,spider,0.7671,spider,0.7671,spider (0.7671),horse (0.1008),sheep (0.0268),butterfly (0.0229),elephant (0.0201),True,True
c:\Users\Alan\python\MMIP\week3\data\Dataset\spider\spider (3295).jpeg,spider,0.8467,spider,0.8467,spider (0.8467),dog (0.0246),chicken (0.0181),squirrel (0.0177),horse (0.0166),True,True
c:\Users\Alan\python\MMIP\week3\data\Dataset\spider\spider (1246).jpeg,spider,0.8772,spider,0.8772,spider (0.8772),cow (0.0171),dog (0.0164),cat (0.0161),chicken (0.0158),True,True
c:\Users\Alan\python\MMIP\week3\data\Dataset\spider\spider (591).jpeg,spider,0.8294,spider,0.8294,spider (0.8294),dog (0.0246),chicken (0.0215),sheep (0.0205),cat (0.0200),True,True
c:\Users\Alan\python\MMIP\week3\data\Dataset\spider\spider (630).jpeg,spider,0.7456,spider,0.7456,spider (0.7456),dog (0.0953),horse (0.0728),cow (0.0195),sheep (0.0166),True,True
c:\Users\Alan\python\MMIP\week3\data\Dataset\spider\spider (304).jpeg,spider,0.8166,spider,0.8166,spider (0.8166),butterfly (0.0869),squirrel (0.0315),horse (0.0115),elephant (0.0113),True,True
c:\Users\Alan\python\MMIP\week3\data\Dataset\spider\spider (101).jpg,spider,0.7658,spider,0.7658,spider (0.7658),butterfly (0.0598),dog (0.0518),cat (0.0423),squirrel (0.0224),True,True
c:\Users\Alan\python\MMIP\week3\data\Dataset\spider\spider (2716).jpeg,spider,0.121,chicken,0.5065,chicken (0.5065),spider (0.1210),elephant (0.0836),cat (0.0831),butterfly (0.0749),False,True
c:\Users\Alan\python\MMIP\week3\data\Dataset\spider\spider (376).jpeg,spider,0.7662,spider,0.7662,spider (0.7662),butterfly (0.1262),cow (0.0178),horse (0.0160),dog (0.0154),True,True
c:\Users\Alan\python\MMIP\week3\data\Dataset\spider\spider (4025).jpeg,spider,0.8751,spider,0.8751,spider (0.8751),dog (0.0196),chicken (0.0191),cow (0.0175),sheep (0.0138),True,True
c:\Users\Alan\python\MMIP\week3\data\Dataset\spider\spider (1090).jpeg,spider,0.9091,spider,0.9091,spider (0.9091),dog (0.0197),chicken (0.0187),elephant (0.0094),cow (0.0089),True,True
c:\Users\Alan\python\MMIP\week3\data\Dataset\spider\spider (1873).jpeg,spider,0.8912,spider,0.8912,spider (0.8912),chicken (0.0190),cow (0.0156),dog (0.0156),horse (0.0133),True,True
c:\Users\Alan\python\MMIP\week3\data\Dataset\spider\spider (1582).jpeg,spider,0.8835,spider,0.8835,spider (0.8835),squirrel (0.0212),dog (0.0177),cat (0.0175),chicken (0.0118),True,True
c:\Users\Alan\python\MMIP\week3\data\Dataset\spider\spider (1512).jpeg,spider,0.904,spider,0.904,spider (0.9040),chicken (0.0288),butterfly (0.0210),horse (0.0095),cow (0.0080),True,True
c:\Users\Alan\python\MMIP\week3\data\Dataset\spider\spider (1871).jpeg,spider,0.8586,spider,0.8586,spider (0.8586),squirrel (0.0199),dog (0.0192),chicken (0.0165),cow (0.0162),True,True
c:\Users\Alan\python\MMIP\week3\data\Dataset\spider\spider (3984).jpeg,spider,0.8373,spider,0.8373,spider (0.8373),dog (0.0328),chicken (0.0287),elephant (0.0177),cat (0.0171),True,True
c:\Users\Alan\python\MMIP\week3\data\Dataset\spider\spider (624).jpeg,spider,0.8608,spider,0.8608,spider (0.8608),butterfly (0.0294),squirrel (0.0219),sheep (0.0171),chicken (0.0158),True,True
c:\Users\Alan\python\MMIP\week3\data\Dataset\spider\spider (3971).jpeg,spider,0.8166,spider,0.8166,spider (0.8166),dog (0.0753),cat (0.0302),chicken (0.0195),squirrel (0.0180),True,True
c:\Users\Alan\python\MMIP\week3\data\Dataset\spider\spider (3980).jpeg,spider,0.8556,spider,0.8556,spider (0.8556),butterfly (0.0412),chicken (0.0192),squirrel (0.0182),cow (0.0135),True,True
c:\Users\Alan\python\MMIP\week3\data\Dataset\spider\spider (4360).jpeg,spider,0.8906,spider,0.8906,spider (0.8906),dog (0.0181),chicken (0.0168),cow (0.0135),sheep (0.0115),True,True
c:\Users\Alan\python\MMIP\week3\data\Dataset\spider\spider (757).jpeg,spider,0.8664,spider,0.8664,spider (0.8664),chicken (0.0172),sheep (0.0172),dog (0.0172),squirrel (0.0168),True,True
c:\Users\Alan\python\MMIP\week3\data\Dataset\spider\spider (2977).jpeg,spider,0.7935,spider,0.7935,spider (0.7935),butterfly (0.1255),dog (0.0195),squirrel (0.0143),chicken (0.0125),True,True
c:\Users\Alan\python\MMIP\week3\data\Dataset\spider\spider (300).jpg,spider,0.901,spider,0.901,spider (0.9010),dog (0.0197),cat (0.0166),squirrel (0.0137),sheep (0.0107),True,True
c:\Users\Alan\python\MMIP\week3\data\Dataset\spider\spider (4144).jpeg,spider,0.9146,spider,0.9146,spider (0.9146),chicken (0.0143),dog (0.0141),squirrel (0.0114),elephant (0.0088),True,True
c:\Users\Alan\python\MMIP\week3\data\Dataset\spider\spider (105).jpeg,spider,0.8592,spider,0.8592,spider (0.8592),dog (0.0652),chicken (0.0266),cat (0.0114),elephant (0.0093),True,True
c:\Users\Alan\python\MMIP\week3\data\Dataset\spider\spider (3883).jpeg,spider,0.66,spider,0.66,spider (0.6600),squirrel (0.1142),dog (0.0673),sheep (0.0634),elephant (0.0221),True,True
c:\Users\Alan\python\MMIP\week3\data\Dataset\spider\spider (3633).jpeg,spider,0.9031,spider,0.9031,spider (0.9031),chicken (0.0141),sheep (0.0132),dog (0.0121),squirrel (0.0120),True,True
c:\Users\Alan\python\MMIP\week3\data\Dataset\spider\spider (4113).jpeg,spider,0.885,spider,0.885,spider (0.8850),dog (0.0224),chicken (0.0153),cat (0.0136),elephant (0.0132),True,True
c:\Users\Alan\python\MMIP\week3\data\Dataset\spider\spider (2168).jpeg,spider,0.8682,spider,0.8682,spider (0.8682),dog (0.0458),chicken (0.0176),elephant (0.0137),cat (0.0125),True,True
c:\Users\Alan\python\MMIP\week3\data\Dataset\spider\spider (3214).jpeg,spider,0.7986,spider,0.7986,spider (0.7986),cow (0.0264),dog (0.0262),chicken (0.0246),sheep (0.0244),True,True
c:\Users\Alan\python\MMIP\week3\data\Dataset\spider\spider (3424).jpeg,spider,0.8691,spider,0.8691,spider (0.8691),horse (0.0352),butterfly (0.0204),dog (0.0203),cat (0.0109),True,True
c:\Users\Alan\python\MMIP\week3\data\Dataset\spider\spider (704).jpeg,spider,0.838,spider,0.838,spider (0.8380),cow (0.0215),sheep (0.0212),dog (0.0211),chicken (0.0186),True,True
c:\Users\Alan\python\MMIP\week3\data\Dataset\spider\spider (596).jpeg,spider,0.841,spider,0.841,spider (0.8410),squirrel (0.0578),chicken (0.0248),butterfly (0.0139),cat (0.0127),True,True
c:\Users\Alan\python\MMIP\week3\data\Dataset\spider\spider (4100).jpeg,spider,0.8103,spider,0.8103,spider (0.8103),butterfly (0.0425),cow (0.0325),horse (0.0276),dog (0.0218),True,True
c:\Users\Alan\python\MMIP\week3\data\Dataset\spider\spider (2212).jpeg,spider,0.8592,spider,0.8592,spider (0.8592),butterfly (0.0279),chicken (0.0260),squirrel (0.0237),elephant (0.0140),True,True
c:\Users\Alan\python\MMIP\week3\data\Dataset\spider\spider (587).jpeg,spider,0.1605,butterfly,0.2945,butterfly (0.2945),dog (0.2209),spider (0.1605),cat (0.0816),elephant (0.0728),False,True
c:\Users\Alan\python\MMIP\week3\data\Dataset\spider\spider (546).jpeg,spider,0.8954,spider,0.8954,spider (0.8954),butterfly (0.0270),cow (0.0134),chicken (0.0109),squirrel (0.0106),True,True
c:\Users\Alan\python\MMIP\week3\data\Dataset\spider\spider (2834).jpeg,spider,0.9226,spider,0.9226,spider (0.9226),horse (0.0203),dog (0.0125),squirrel (0.0098),chicken (0.0079),True,True
c:\Users\Alan\python\MMIP\week3\data\Dataset\spider\spider (3439).jpeg,spider,0.8338,spider,0.8338,spider (0.8338),sheep (0.0372),cow (0.0226),dog (0.0208),elephant (0.0200),True,True
c:\Users\Alan\python\MMIP\week3\data\Dataset\spider\spider (3709).jpeg,spider,0.8784,spider,0.8784,spider (0.8784),butterfly (0.0233),squirrel (0.0162),cat (0.0161),elephant (0.0123),True,True
c:\Users\Alan\python\MMIP\week3\data\Dataset\spider\spider (1469).jpeg,spider,0.8827,spider,0.8827,spider (0.8827),chicken (0.0301),butterfly (0.0172),horse (0.0151),cow (0.0144),True,True
c:\Users\Alan\python\MMIP\week3\data\Dataset\spider\spider (177).jpg,spider,0.8839,spider,0.8839,spider (0.8839),dog (0.0168),butterfly (0.0164),cat (0.0136),elephant (0.0130),True,True
c:\Users\Alan\python\MMIP\week3\data\Dataset\spider\spider (156).jpeg,spider,0.8352,spider,0.8352,spider (0.8352),chicken (0.0383),butterfly (0.0333),dog (0.0252),sheep (0.0161),True,True
c:\Users\Alan\python\MMIP\week3\data\Dataset\spider\spider (1943).jpeg,spider,0.8365,spider,0.8365,spider (0.8365),cat (0.0218),chicken (0.0214),dog (0.0210),sheep (0.0191),True,True
c:\Users\Alan\python\MMIP\week3\data\Dataset\spider\spider (3749).jpeg,spider,0.9162,spider,0.9162,spider (0.9162),squirrel (0.0133),butterfly (0.0114),sheep (0.0112),dog (0.0096),True,True
c:\Users\Alan\python\MMIP\week3\data\Dataset\spider\spider (3396).jpeg,spider,0.8731,spider,0.8731,spider (0.8731),butterfly (0.0230),sheep (0.0160),dog (0.0153),cat (0.0153),True,True
c:\Users\Alan\python\MMIP\week3\data\Dataset\spider\spider (2505).jpeg,spider,0.8643,spider,0.8643,spider (0.8643),horse (0.0295),cow (0.0201),sheep (0.0176),elephant (0.0146),True,True
c:\Users\Alan\python\MMIP\week3\data\Dataset\spider\spider (2436).jpeg,spider,0.8475,spider,0.8475,spider (0.8475),squirrel (0.0247),chicken (0.0205),dog (0.0191),sheep (0.0174),True,True
c:\Users\Alan\python\MMIP\week3\data\Dataset\spider\spider (276).jpg,spider,0.9159,spider,0.9159,spider (0.9159),butterfly (0.0161),cat (0.0136),dog (0.0117),sheep (0.0093),True,True
c:\Users\Alan\python\MMIP\week3\data\Dataset\spider\spider (3182).jpeg,spider,0.8132,spider,0.8132,spider (0.8132),chicken (0.0255),dog (0.0239),sheep (0.0231),cow (0.0216),True,True
c:\Users\Alan\python\MMIP\week3\data\Dataset\spider\spider (407).jpeg,spider,0.8656,spider,0.8656,spider (0.8656),horse (0.0298),chicken (0.0242),butterfly (0.0207),squirrel (0.0156),True,True
c:\Users\Alan\python\MMIP\week3\data\Dataset\spider\spider (1190).jpeg,spider,0.8864,spider,0.8864,spider (0.8864),chicken (0.0265),dog (0.0162),butterfly (0.0158),squirrel (0.0150),True,True
c:\Users\Alan\python\MMIP\week3\data\Dataset\spider\spider (17).jpg,spider,0.8213,spider,0.8213,spider (0.8213),cat (0.0399),butterfly (0.0261),squirrel (0.0205),dog (0.0177),True,True
c:\Users\Alan\python\MMIP\week3\data\Dataset\spider\spider (3682).jpeg,spider,0.8955,spider,0.8955,spider (0.8955),chicken (0.0138),dog (0.0136),cat (0.0130),butterfly (0.0126),True,True
c:\Users\Alan\python\MMIP\week3\data\Dataset\spider\spider (3024).jpeg,spider,0.8527,spider,0.8527,spider (0.8527),butterfly (0.0469),squirrel (0.0183),sheep (0.0144),dog (0.0134),True,True
c:\Users\Alan\python\MMIP\week3\data\Dataset\spider\spider (1460).jpeg,spider,0.8993,spider,0.8993,spider (0.8993),dog (0.0134),butterfly (0.0120),cow (0.0120),elephant (0.0117),True,True
c:\Users\Alan\python\MMIP\week3\data\Dataset\spider\spider (4120).jpeg,spider,0.5636,spider,0.5636,spider (0.5636),squirrel (0.1659),cat (0.0685),chicken (0.0534),horse (0.0288),True,True
c:\Users\Alan\python\MMIP\week3\data\Dataset\spider\spider (1384).jpeg,spider,0.8414,spider,0.8414,spider (0.8414),dog (0.0278),cat (0.0202),sheep (0.0195),elephant (0.0192),True,True
c:\Users\Alan\python\MMIP\week3\data\Dataset\spider\spider (3554).jpeg,spider,0.8493,spider,0.8493,spider (0.8493),squirrel (0.0346),butterfly (0.0297),chicken (0.0191),cow (0.0139),True,True
c:\Users\Alan\python\MMIP\week3\data\Dataset\spider\spider (3828).jpeg,spider,0.6371,spider,0.6371,spider (0.6371),squirrel (0.0913),cat (0.0680),butterfly (0.0433),chicken (0.0413),True,True
c:\Users\Alan\python\MMIP\week3\data\Dataset\spider\spider (2131).jpeg,spider,0.9124,spider,0.9124,spider (0.9124),butterfly (0.0271),squirrel (0.0120),horse (0.0092),chicken (0.0089),True,True
c:\Users\Alan\python\MMIP\week3\data\Dataset\spider\spider (15).jpg,spider,0.7526,spider,0.7526,spider (0.7526),squirrel (0.0805),sheep (0.0780),cat (0.0239),dog (0.0123),True,True
c:\Users\Alan\python\MMIP\week3\data\Dataset\spider\spider (2883).jpeg,spider,0.8805,spider,0.8805,spider (0.8805),chicken (0.0386),squirrel (0.0221),dog (0.0148),cat (0.0080),True,True
c:\Users\Alan\python\MMIP\week3\data\Dataset\spider\spider (1969).jpeg,spider,0.0589,butterfly,0.8149,butterfly (0.8149),spider (0.0589),cat (0.0316),dog (0.0195),sheep (0.0162),False,True
c:\Users\Alan\python\MMIP\week3\data\Dataset\spider\spider (559).jpeg,spider,0.8642,spider,0.8642,spider (0.8642),butterfly (0.0208),cow (0.0173),sheep (0.0167),chicken (0.0157),True,True
c:\Users\Alan\python\MMIP\week3\data\Dataset\spider\spider (207).jpeg,spider,0.9124,spider,0.9124,spider (0.9124),chicken (0.0131),horse (0.0125),dog (0.0123),cow (0.0114),True,True
c:\Users\Alan\python\MMIP\week3\data\Dataset\spider\spider (3819).jpeg,spider,0.8121,spider,0.8121,spider (0.8121),squirrel (0.0320),cow (0.0260),chicken (0.0229),sheep (0.0229),True,True
c:\Users\Alan\python\MMIP\week3\data\Dataset\spider\spider (1840).jpeg,spider,0.79,spider,0.79,spider (0.7900),elephant (0.0344),dog (0.0341),horse (0.0277),chicken (0.0259),True,True
c:\Users\Alan\python\MMIP\week3\data\Dataset\spider\spider (3150).jpeg,spider,0.7292,spider,0.7292,spider (0.7292),elephant (0.1278),cat (0.0322),sheep (0.0234),horse (0.0214),True,True
c:\Users\Alan\python\MMIP\week3\data\Dataset\spider\spider (2158).jpeg,spider,0.4768,spider,0.4768,spider (0.4768),squirrel (0.2731),cat (0.1090),butterfly (0.0510),dog (0.0262),True,True
c:\Users\Alan\python\MMIP\week3\data\Dataset\spider\spider (1958).jpeg,spider,0.8931,spider,0.8931,spider (0.8931),dog (0.0177),cow (0.0151),cat (0.0151),horse (0.0116),True,True
c:\Users\Alan\python\MMIP\week3\data\Dataset\spider\spider (3556).jpeg,spider,0.8317,spider,0.8317,spider (0.8317),cow (0.0400),butterfly (0.0340),chicken (0.0209),horse (0.0184),True,True
c:\Users\Alan\python\MMIP\week3\data\Dataset\spider\spider (2515).jpeg,spider,0.8692,spider,0.8692,spider (0.8692),butterfly (0.0474),cat (0.0353),squirrel (0.0106),sheep (0.0079),True,True
c:\Users\Alan\python\MMIP\week3\data\Dataset\spider\spider (1445).jpeg,spider,0.8032,spider,0.8032,spider (0.8032),butterfly (0.1086),squirrel (0.0140),cow (0.0127),dog (0.0114),True,True
c:\Users\Alan\python\MMIP\week3\data\Dataset\spider\spider (286).jpg,spider,0.9269,spider,0.9269,spider (0.9269),butterfly (0.0180),cat (0.0089),horse (0.0087),dog (0.0079),True,True
c:\Users\Alan\python\MMIP\week3\data\Dataset\spider\spider (4217).jpeg,spider,0.8305,spider,0.8305,spider (0.8305),chicken (0.0451),butterfly (0.0246),horse (0.0200),dog (0.0166),True,True
c:\Users\Alan\python\MMIP\week3\data\Dataset\spider\spider (1607).jpeg,spider,0.8613,spider,0.8613,spider (0.8613),squirrel (0.0216),dog (0.0207),elephant (0.0201),chicken (0.0174),True,True
c:\Users\Alan\python\MMIP\week3\data\Dataset\spider\spider (284).jpg,spider,0.914,spider,0.914,spider (0.9140),butterfly (0.0138),horse (0.0116),squirrel (0.0099),dog (0.0093),True,True
c:\Users\Alan\python\MMIP\week3\data\Dataset\spider\spider (4426).jpeg,spider,0.9083,spider,0.9083,spider (0.9083),dog (0.0334),cat (0.0101),cow (0.0089),chicken (0.0081),True,True
c:\Users\Alan\python\MMIP\week3\data\Dataset\spider\spider (2384).jpeg,spider,0.9054,spider,0.9054,spider (0.9054),squirrel (0.0193),chicken (0.0172),butterfly (0.0130),dog (0.0097),True,True
c:\Users\Alan\python\MMIP\week3\data\Dataset\spider\spider (2162).jpeg,spider,0.9167,spider,0.9167,spider (0.9167),dog (0.0130),butterfly (0.0107),cat (0.0098),sheep (0.0087),True,True
c:\Users\Alan\python\MMIP\week3\data\Dataset\spider\spider (3880).jpeg,spider,0.4054,spider,0.4054,spider (0.4054),squirrel (0.1646),chicken (0.1515),sheep (0.0925),butterfly (0.0531),True,True
c:\Users\Alan\python\MMIP\week3\data\Dataset\spider\spider (3000).jpeg,spider,0.8492,spider,0.8492,spider (0.8492),chicken (0.0262),squirrel (0.0239),dog (0.0198),cow (0.0159),True,True
c:\Users\Alan\python\MMIP\week3\data\Dataset\spider\spider (209).jpg,spider,0.9085,spider,0.9085,spider (0.9085),cow (0.0159),chicken (0.0122),dog (0.0113),horse (0.0103),True,True
c:\Users\Alan\python\MMIP\week3\data\Dataset\spider\spider (1097).jpeg,spider,0.804,spider,0.804,spider (0.8040),horse (0.0591),cow (0.0291),sheep (0.0236),chicken (0.0204),True,True
c:\Users\Alan\python\MMIP\week3\data\Dataset\spider\spider (1498).jpeg,spider,0.913,spider,0.913,spider (0.9130),dog (0.0319),cat (0.0101),horse (0.0076),butterfly (0.0074),True,True
c:\Users\Alan\python\MMIP\week3\data\Dataset\spider\spider (1404).jpeg,spider,0.9357,spider,0.9357,spider (0.9357),cow (0.0094),chicken (0.0079),sheep (0.0078),elephant (0.0076),True,True
c:\Users\Alan\python\MMIP\week3\data\Dataset\spider\spider (2629).jpeg,spider,0.0793,butterfly,0.6376,butterfly (0.6376),cow (0.0870),spider (0.0793),chicken (0.0582),horse (0.0571),False,True
c:\Users\Alan\python\MMIP\week3\data\Dataset\spider\spider (4046).jpeg,spider,0.4809,spider,0.4809,spider (0.4809),butterfly (0.4082),squirrel (0.0306),cow (0.0152),dog (0.0150),True,True
c:\Users\Alan\python\MMIP\week3\data\Dataset\spider\spider (3643).jpeg,spider,0.9103,spider,0.9103,spider (0.9103),dog (0.0166),chicken (0.0151),cat (0.0114),cow (0.0106),True,True
c:\Users\Alan\python\MMIP\week3\data\Dataset\spider\spider (1390).jpeg,spider,0.8652,spider,0.8652,spider (0.8652),dog (0.0251),chicken (0.0175),horse (0.0153),squirrel (0.0142),True,True
c:\Users\Alan\python\MMIP\week3\data\Dataset\spider\spider (312).jpg,spider,0.8294,spider,0.8294,spider (0.8294),sheep (0.0284),cat (0.0230),elephant (0.0205),chicken (0.0201),True,True
c:\Users\Alan\python\MMIP\week3\data\Dataset\spider\spider (2231).jpeg,spider,0.8346,spider,0.8346,spider (0.8346),chicken (0.0361),squirrel (0.0345),dog (0.0188),sheep (0.0188),True,True
c:\Users\Alan\python\MMIP\week3\data\Dataset\spider\spider (2836).jpeg,spider,0.756,spider,0.756,spider (0.7560),dog (0.0623),butterfly (0.0554),chicken (0.0266),horse (0.0212),True,True
c:\Users\Alan\python\MMIP\week3\data\Dataset\spider\spider (1030).jpeg,spider,0.9298,spider,0.9298,spider (0.9298),chicken (0.0159),dog (0.0133),cow (0.0071),squirrel (0.0070),True,True
c:\Users\Alan\python\MMIP\week3\data\Dataset\spider\spider (1461).jpeg,spider,0.8898,spider,0.8898,spider (0.8898),sheep (0.0230),butterfly (0.0161),elephant (0.0114),squirrel (0.0114),True,True
c:\Users\Alan\python\MMIP\week3\data\Dataset\spider\spider (2531).jpeg,spider,0.7974,spider,0.7974,spider (0.7974),sheep (0.0470),elephant (0.0265),squirrel (0.0221),butterfly (0.0211),True,True
c:\Users\Alan\python\MMIP\week3\data\Dataset\spider\spider (1318).jpeg,spider,0.7032,spider,0.7032,spider (0.7032),squirrel (0.0653),chicken (0.0636),sheep (0.0401),elephant (0.0331),True,True
c:\Users\Alan\python\MMIP\week3\data\Dataset\spider\spider (225).jpg,spider,0.7598,spider,0.7598,spider (0.7598),butterfly (0.1405),squirrel (0.0159),cow (0.0154),cat (0.0141),True,True
c:\Users\Alan\python\MMIP\week3\data\Dataset\spider\spider (4022).jpeg,spider,0.9027,spider,0.9027,spider (0.9027),butterfly (0.0218),dog (0.0133),squirrel (0.0106),sheep (0.0098),True,True
c:\Users\Alan\python\MMIP\week3\data\Dataset\spider\spider (2717).jpeg,spider,0.8507,spider,0.8507,spider (0.8507),cow (0.0222),sheep (0.0196),squirrel (0.0176),chicken (0.0169),True,True
c:\Users\Alan\python\MMIP\week3\data\Dataset\spider\spider (1449).jpeg,spider,0.8987,spider,0.8987,spider (0.8987),dog (0.0150),chicken (0.0143),horse (0.0127),sheep (0.0121),True,True
c:\Users\Alan\python\MMIP\week3\data\Dataset\spider\spider (2583).jpeg,spider,0.9239,spider,0.9239,spider (0.9239),butterfly (0.0158),squirrel (0.0121),dog (0.0120),cow (0.0073),True,True
c:\Users\Alan\python\MMIP\week3\data\Dataset\spider\spider (2482).jpeg,spider,0.9072,spider,0.9072,spider (0.9072),chicken (0.0209),sheep (0.0125),butterfly (0.0105),dog (0.0100),True,True
c:\Users\Alan\python\MMIP\week3\data\Dataset\spider\spider (256).jpeg,spider,0.8247,spider,0.8247,spider (0.8247),dog (0.0262),cat (0.0217),chicken (0.0204),sheep (0.0203),True,True
c:\Users\Alan\python\MMIP\week3\data\Dataset\spider\spider (1620).jpeg,spider,0.904,spider,0.904,spider (0.9040),sheep (0.0223),cow (0.0133),elephant (0.0110),dog (0.0097),True,True
c:\Users\Alan\python\MMIP\week3\data\Dataset\spider\spider (1121).jpeg,spider,0.4135,spider,0.4135,spider (0.4135),dog (0.2432),chicken (0.1275),sheep (0.0864),squirrel (0.0561),True,True
c:\Users\Alan\python\MMIP\week3\data\Dataset\spider\spider (36).jpg,spider,0.9176,spider,0.9176,spider (0.9176),butterfly (0.0124),squirrel (0.0100),cow (0.0098),dog (0.0097),True,True
c:\Users\Alan\python\MMIP\week3\data\Dataset\spider\spider (2176).jpeg,spider,0.8754,spider,0.8754,spider (0.8754),sheep (0.0235),dog (0.0166),cow (0.0166),cat (0.0141),True,True
c:\Users\Alan\python\MMIP\week3\data\Dataset\spider\spider (4287).jpeg,spider,0.8487,spider,0.8487,spider (0.8487),dog (0.0274),cow (0.0267),horse (0.0183),sheep (0.0177),True,True
c:\Users\Alan\python\MMIP\week3\data\Dataset\spider\spider (35).jpg,spider,0.8215,spider,0.8215,spider (0.8215),butterfly (0.0767),squirrel (0.0195),horse (0.0168),cat (0.0136),True,True
c:\Users\Alan\python\MMIP\week3\data\Dataset\spider\spider (2545).jpeg,spider,0.8256,spider,0.8256,spider (0.8256),elephant (0.0264),chicken (0.0253),dog (0.0248),horse (0.0230),True,True
c:\Users\Alan\python\MMIP\week3\data\Dataset\spider\spider (1083).jpeg,spider,0.9017,spider,0.9017,spider (0.9017),chicken (0.0145),horse (0.0143),cow (0.0138),sheep (0.0116),True,True
c:\Users\Alan\python\MMIP\week3\data\Dataset\spider\spider (3095).jpeg,spider,0.9049,spider,0.9049,spider (0.9049),butterfly (0.0371),cat (0.0120),dog (0.0099),chicken (0.0097),True,True
c:\Users\Alan\python\MMIP\week3\data\Dataset\spider\spider (1568).jpeg,spider,0.8445,spider,0.8445,spider (0.8445),squirrel (0.0484),butterfly (0.0362),sheep (0.0170),dog (0.0153),True,True
c:\Users\Alan\python\MMIP\week3\data\Dataset\spider\spider (1895).jpeg,spider,0.9082,spider,0.9082,spider (0.9082),horse (0.0162),sheep (0.0155),elephant (0.0139),cow (0.0092),True,True
c:\Users\Alan\python\MMIP\week3\data\Dataset\spider\spider (3908).jpeg,spider,0.7594,spider,0.7594,spider (0.7594),dog (0.1149),chicken (0.0350),cat (0.0242),horse (0.0158),True,True
c:\Users\Alan\python\MMIP\week3\data\Dataset\spider\spider (3884).jpeg,spider,0.5902,spider,0.5902,spider (0.5902),butterfly (0.1585),dog (0.0896),elephant (0.0392),cat (0.0379),True,True
c:\Users\Alan\python\MMIP\week3\data\Dataset\spider\spider (4172).jpeg,spider,0.1332,dog,0.2368,dog (0.2368),chicken (0.2300),horse (0.1707),spider (0.1332),butterfly (0.0707),False,True
c:\Users\Alan\python\MMIP\week3\data\Dataset\spider\spider (4413).jpeg,spider,0.8453,spider,0.8453,spider (0.8453),squirrel (0.0401),butterfly (0.0194),chicken (0.0193),dog (0.0181),True,True
c:\Users\Alan\python\MMIP\week3\data\Dataset\spider\spider (3446).jpeg,spider,0.8436,spider,0.8436,spider (0.8436),sheep (0.0314),chicken (0.0224),cow (0.0205),squirrel (0.0197),True,True
c:\Users\Alan\python\MMIP\week3\data\Dataset\spider\spider (1244).jpeg,spider,0.876,spider,0.876,spider (0.8760),chicken (0.0204),horse (0.0162),elephant (0.0144),dog (0.0143),True,True
c:\Users\Alan\python\MMIP\week3\data\Dataset\spider\spider (309).jpeg,spider,0.8989,spider,0.8989,spider (0.8989),butterfly (0.0217),squirrel (0.0178),cow (0.0123),dog (0.0098),True,True
c:\Users\Alan\python\MMIP\week3\data\Dataset\spider\spider (4216).jpeg,spider,0.8458,spider,0.8458,spider (0.8458),dog (0.0578),cat (0.0236),chicken (0.0147),cow (0.0139),True,True
c:\Users\Alan\python\MMIP\week3\data\Dataset\spider\spider (1826).jpeg,spider,0.9074,spider,0.9074,spider (0.9074),sheep (0.0169),cat (0.0124),butterfly (0.0114),horse (0.0100),True,True
c:\Users\Alan\python\MMIP\week3\data\Dataset\spider\spider (3093).jpeg,spider,0.9086,spider,0.9086,spider (0.9086),squirrel (0.0146),chicken (0.0116),sheep (0.0116),cow (0.0109),True,True
c:\Users\Alan\python\MMIP\week3\data\Dataset\spider\spider (1686).jpeg,spider,0.8732,spider,0.8732,spider (0.8732),sheep (0.0210),cow (0.0186),butterfly (0.0159),chicken (0.0152),True,True
c:\Users\Alan\python\MMIP\week3\data\Dataset\spider\spider (601).jpeg,spider,0.8675,spider,0.8675,spider (0.8675),sheep (0.0188),cow (0.0165),dog (0.0160),chicken (0.0154),True,True
c:\Users\Alan\python\MMIP\week3\data\Dataset\spider\spider (1241).jpeg,spider,0.8479,spider,0.8479,spider (0.8479),butterfly (0.0279),cat (0.0197),sheep (0.0194),dog (0.0184),True,True
c:\Users\Alan\python\MMIP\week3\data\Dataset\spider\spider (73).jpeg,spider,0.8934,spider,0.8934,spider (0.8934),chicken (0.0153),sheep (0.0141),dog (0.0137),elephant (0.0133),True,True
c:\Users\Alan\python\MMIP\week3\data\Dataset\spider\spider (239).jpg,spider,0.1034,sheep,0.3325,sheep (0.3325),horse (0.1376),dog (0.1098),butterfly (0.1090),spider (0.1034),False,True
c:\Users\Alan\python\MMIP\week3\data\Dataset\spider\spider (600).jpeg,spider,0.9111,spider,0.9111,spider (0.9111),horse (0.0130),elephant (0.0116),squirrel (0.0108),sheep (0.0106),True,True
c:\Users\Alan\python\MMIP\week3\data\Dataset\spider\spider (181).jpg,spider,0.9098,spider,0.9098,spider (0.9098),butterfly (0.0256),squirrel (0.0135),dog (0.0095),chicken (0.0089),True,True
c:\Users\Alan\python\MMIP\week3\data\Dataset\spider\spider (1).jpg,spider,0.8557,spider,0.8557,spider (0.8557),cat (0.0190),butterfly (0.0186),dog (0.0179),cow (0.0173),True,True
c:\Users\Alan\python\MMIP\week3\data\Dataset\spider\spider (4374).jpeg,spider,0.9123,spider,0.9123,spider (0.9123),cow (0.0130),sheep (0.0119),dog (0.0099),chicken (0.0097),True,True
c:\Users\Alan\python\MMIP\week3\data\Dataset\spider\spider (3935).jpeg,spider,0.9011,spider,0.9011,spider (0.9011),butterfly (0.0161),dog (0.0136),squirrel (0.0117),sheep (0.0116),True,True
c:\Users\Alan\python\MMIP\week3\data\Dataset\spider\spider (316).jpeg,spider,0.8383,spider,0.8383,spider (0.8383),dog (0.0229),chicken (0.0208),elephant (0.0197),cat (0.0194),True,True
c:\Users\Alan\python\MMIP\week3\data\Dataset\spider\spider (2241).jpeg,spider,0.8843,spider,0.8843,spider (0.8843),chicken (0.0316),butterfly (0.0173),squirrel (0.0136),horse (0.0103),True,True
c:\Users\Alan\python\MMIP\week3\data\Dataset\spider\spider (3817).jpeg,spider,0.8891,spider,0.8891,spider (0.8891),dog (0.0174),chicken (0.0137),sheep (0.0133),squirrel (0.0126),True,True
c:\Users\Alan\python\MMIP\week3\data\Dataset\spider\spider (2389).jpeg,spider,0.9115,spider,0.9115,spider (0.9115),elephant (0.0179),butterfly (0.0138),sheep (0.0134),squirrel (0.0111),True,True
c:\Users\Alan\python\MMIP\week3\data\Dataset\spider\spider (633).jpeg,spider,0.9111,spider,0.9111,spider (0.9111),dog (0.0152),butterfly (0.0147),horse (0.0100),cow (0.0099),True,True
c:\Users\Alan\python\MMIP\week3\data\Dataset\spider\spider (1732).jpeg,spider,0.9031,spider,0.9031,spider (0.9031),butterfly (0.0259),horse (0.0198),cow (0.0100),dog (0.0085),True,True
c:\Users\Alan\python\MMIP\week3\data\Dataset\spider\spider (856).jpeg,spider,0.7749,spider,0.7749,spider (0.7749),dog (0.0541),chicken (0.0433),cat (0.0307),cow (0.0215),True,True
c:\Users\Alan\python\MMIP\week3\data\Dataset\spider\spider (722).jpeg,spider,0.9069,spider,0.9069,spider (0.9069),dog (0.0211),chicken (0.0150),cat (0.0121),horse (0.0121),True,True
c:\Users\Alan\python\MMIP\week3\data\Dataset\spider\spider (298).jpg,spider,0.8255,spider,0.8255,spider (0.8255),cat (0.0360),chicken (0.0304),butterfly (0.0250),elephant (0.0172),True,True
c:\Users\Alan\python\MMIP\week3\data\Dataset\spider\spider (406).jpeg,spider,0.705,spider,0.705,spider (0.7050),butterfly (0.1776),dog (0.0276),horse (0.0203),squirrel (0.0162),True,True
c:\Users\Alan\python\MMIP\week3\data\Dataset\spider\spider (3185).jpeg,spider,0.8185,spider,0.8185,spider (0.8185),squirrel (0.0756),butterfly (0.0238),sheep (0.0162),dog (0.0161),True,True
c:\Users\Alan\python\MMIP\week3\data\Dataset\spider\spider (4304).jpeg,spider,0.9148,spider,0.9148,spider (0.9148),chicken (0.0120),elephant (0.0108),dog (0.0105),cow (0.0104),True,True
c:\Users\Alan\python\MMIP\week3\data\Dataset\spider\spider (1341).jpeg,spider,0.9047,spider,0.9047,spider (0.9047),butterfly (0.0277),squirrel (0.0109),cow (0.0102),sheep (0.0088),True,True
c:\Users\Alan\python\MMIP\week3\data\Dataset\spider\spider (2013).jpeg,spider,0.8287,spider,0.8287,spider (0.8287),elephant (0.0345),butterfly (0.0236),sheep (0.0216),horse (0.0206),True,True
c:\Users\Alan\python\MMIP\week3\data\Dataset\spider\spider (91).jpg,spider,0.702,spider,0.702,spider (0.7020),butterfly (0.1368),chicken (0.0277),dog (0.0242),cow (0.0220),True,True
c:\Users\Alan\python\MMIP\week3\data\Dataset\spider\spider (109).jpg,spider,0.8868,spider,0.8868,spider (0.8868),butterfly (0.0227),squirrel (0.0221),chicken (0.0179),sheep (0.0162),True,True
c:\Users\Alan\python\MMIP\week3\data\Dataset\spider\spider (682).jpeg,spider,0.8723,spider,0.8723,spider (0.8723),elephant (0.0236),dog (0.0189),chicken (0.0162),sheep (0.0142),True,True
c:\Users\Alan\python\MMIP\week3\data\Dataset\spider\spider (652).jpeg,spider,0.894,spider,0.894,spider (0.8940),horse (0.0276),chicken (0.0129),dog (0.0121),sheep (0.0113),True,True
c:\Users\Alan\python\MMIP\week3\data\Dataset\spider\spider (167).jpeg,spider,0.856,spider,0.856,spider (0.8560),chicken (0.0193),dog (0.0190),cat (0.0177),cow (0.0172),True,True
c:\Users\Alan\python\MMIP\week3\data\Dataset\spider\spider (2858).jpeg,spider,0.8582,spider,0.8582,spider (0.8582),butterfly (0.0441),dog (0.0210),sheep (0.0153),cat (0.0139),True,True
c:\Users\Alan\python\MMIP\week3\data\Dataset\spider\spider (1764).jpeg,spider,0.8507,spider,0.8507,spider (0.8507),chicken (0.0335),horse (0.0285),sheep (0.0184),cow (0.0163),True,True
c:\Users\Alan\python\MMIP\week3\data\Dataset\spider\spider (3956).jpeg,spider,0.8514,spider,0.8514,spider (0.8514),butterfly (0.0260),squirrel (0.0231),cow (0.0162),dog (0.0161),True,True
c:\Users\Alan\python\MMIP\week3\data\Dataset\spider\spider (2470).jpeg,spider,0.8205,spider,0.8205,spider (0.8205),horse (0.0703),dog (0.0244),cow (0.0201),sheep (0.0157),True,True
c:\Users\Alan\python\MMIP\week3\data\Dataset\spider\spider (1217).jpeg,spider,0.8842,spider,0.8842,spider (0.8842),squirrel (0.0244),dog (0.0204),cat (0.0184),butterfly (0.0156),True,True
c:\Users\Alan\python\MMIP\week3\data\Dataset\spider\spider (4425).jpeg,spider,0.9093,spider,0.9093,spider (0.9093),dog (0.0204),chicken (0.0111),cow (0.0096),elephant (0.0095),True,True
c:\Users\Alan\python\MMIP\week3\data\Dataset\spider\spider (1222).jpeg,spider,0.832,spider,0.832,spider (0.8320),horse (0.0316),dog (0.0300),cow (0.0264),chicken (0.0211),True,True
c:\Users\Alan\python\MMIP\week3\data\Dataset\spider\spider (4315).jpeg,spider,0.9039,spider,0.9039,spider (0.9039),squirrel (0.0272),sheep (0.0105),elephant (0.0105),butterfly (0.0092),True,True
c:\Users\Alan\python\MMIP\week3\data\Dataset\spider\spider (656).jpeg,spider,0.835,spider,0.835,spider (0.8350),cow (0.0251),dog (0.0242),sheep (0.0222),horse (0.0211),True,True
c:\Users\Alan\python\MMIP\week3\data\Dataset\spider\spider (161).jpeg,spider,0.8872,spider,0.8872,spider (0.8872),chicken (0.0262),dog (0.0231),sheep (0.0146),butterfly (0.0105),True,True
c:\Users\Alan\python\MMIP\week3\data\Dataset\spider\spider (964).jpeg,spider,0.8225,spider,0.8225,spider (0.8225),squirrel (0.0288),chicken (0.0233),cat (0.0226),elephant (0.0195),True,True
c:\Users\Alan\python\MMIP\week3\data\Dataset\spider\spider (2806).jpeg,spider,0.9296,spider,0.9296,spider (0.9296),chicken (0.0104),dog (0.0086),horse (0.0084),cat (0.0083),True,True
c:\Users\Alan\python\MMIP\week3\data\Dataset\spider\spider (4185).jpeg,spider,0.8018,spider,0.8018,spider (0.8018),chicken (0.0698),cow (0.0230),butterfly (0.0195),sheep (0.0187),True,True
c:\Users\Alan\python\MMIP\week3\data\Dataset\spider\spider (2076).jpeg,spider,0.8894,spider,0.8894,spider (0.8894),butterfly (0.0312),chicken (0.0212),sheep (0.0106),squirrel (0.0105),True,True
c:\Users\Alan\python\MMIP\week3\data\Dataset\spider\spider (4311).jpeg,spider,0.8662,spider,0.8662,spider (0.8662),dog (0.0366),squirrel (0.0166),chicken (0.0146),cat (0.0134),True,True
c:\Users\Alan\python\MMIP\week3\data\Dataset\spider\spider (3540).jpeg,spider,0.8277,spider,0.8277,spider (0.8277),chicken (0.0324),horse (0.0306),cow (0.0217),squirrel (0.0197),True,True
c:\Users\Alan\python\MMIP\week3\data\Dataset\spider\spider (1561).jpeg,spider,0.8769,spider,0.8769,spider (0.8769),squirrel (0.0208),dog (0.0191),cat (0.0179),sheep (0.0129),True,True
c:\Users\Alan\python\MMIP\week3\data\Dataset\spider\spider (4454).jpeg,spider,0.7596,spider,0.7596,spider (0.7596),dog (0.0906),horse (0.0344),butterfly (0.0244),cow (0.0204),True,True
c:\Users\Alan\python\MMIP\week3\data\Dataset\spider\spider (489).jpeg,spider,0.9122,spider,0.9122,spider (0.9122),chicken (0.0272),butterfly (0.0250),dog (0.0096),cat (0.0055),True,True
c:\Users\Alan\python\MMIP\week3\data\Dataset\spider\spider (2424).jpeg,spider,0.9085,spider,0.9085,spider (0.9085),dog (0.0200),chicken (0.0134),butterfly (0.0108),cat (0.0093),True,True
c:\Users\Alan\python\MMIP\week3\data\Dataset\spider\spider (2825).jpeg,spider,0.8697,spider,0.8697,spider (0.8697),chicken (0.0239),cow (0.0221),dog (0.0158),sheep (0.0145),True,True
c:\Users\Alan\python\MMIP\week3\data\Dataset\spider\spider (2332).jpeg,spider,0.8406,spider,0.8406,spider (0.8406),squirrel (0.0380),cow (0.0217),horse (0.0186),elephant (0.0169),True,True
c:\Users\Alan\python\MMIP\week3\data\Dataset\spider\spider (1798).jpeg,spider,0.906,spider,0.906,spider (0.9060),sheep (0.0158),cat (0.0154),squirrel (0.0142),dog (0.0129),True,True
c:\Users\Alan\python\MMIP\week3\data\Dataset\spider\spider (4260).jpeg,spider,0.8519,spider,0.8519,spider (0.8519),chicken (0.0382),sheep (0.0172),horse (0.0171),dog (0.0161),True,True
c:\Users\Alan\python\MMIP\week3\data\Dataset\spider\spider (2724).jpeg,spider,0.8401,spider,0.8401,spider (0.8401),chicken (0.0299),butterfly (0.0243),dog (0.0221),cat (0.0190),True,True
c:\Users\Alan\python\MMIP\week3\data\Dataset\spider\spider (3223).jpeg,spider,0.8808,spider,0.8808,spider (0.8808),dog (0.0189),squirrel (0.0157),chicken (0.0131),sheep (0.0130),True,True
c:\Users\Alan\python\MMIP\week3\data\Dataset\spider\spider (35).jpeg,spider,0.8517,spider,0.8517,spider (0.8517),dog (0.0284),chicken (0.0250),squirrel (0.0208),sheep (0.0180),True,True
c:\Users\Alan\python\MMIP\week3\data\Dataset\spider\spider (2452).jpeg,spider,0.8782,spider,0.8782,spider (0.8782),squirrel (0.0259),butterfly (0.0148),elephant (0.0143),sheep (0.0142),True,True
c:\Users\Alan\python\MMIP\week3\data\Dataset\spider\spider (3912).jpeg,spider,0.8774,spider,0.8774,spider (0.8774),cow (0.0181),dog (0.0168),chicken (0.0148),cat (0.0137),True,True
c:\Users\Alan\python\MMIP\week3\data\Dataset\spider\spider (76).jpg,spider,0.418,butterfly,0.4864,butterfly (0.4864),spider (0.4180),cat (0.0244),dog (0.0181),squirrel (0.0094),False,True
c:\Users\Alan\python\MMIP\week3\data\Dataset\squirrel\squirrel (434).jpeg,squirrel,0.845,squirrel,0.845,squirrel (0.8450),chicken (0.0433),cat (0.0285),dog (0.0229),spider (0.0132),True,True
c:\Users\Alan\python\MMIP\week3\data\Dataset\squirrel\squirrel (593).jpeg,squirrel,0.4523,squirrel,0.4523,squirrel (0.4523),sheep (0.1792),cat (0.1000),dog (0.0829),chicken (0.0462),True,True
c:\Users\Alan\python\MMIP\week3\data\Dataset\squirrel\squirrel (1160).jpeg,squirrel,0.8664,squirrel,0.8664,squirrel (0.8664),cat (0.0345),dog (0.0191),elephant (0.0134),spider (0.0132),True,True
c:\Users\Alan\python\MMIP\week3\data\Dataset\squirrel\squirrel (962).jpeg,squirrel,0.513,squirrel,0.513,squirrel (0.5130),spider (0.2078),chicken (0.0607),dog (0.0523),cat (0.0421),True,True
c:\Users\Alan\python\MMIP\week3\data\Dataset\squirrel\squirrel (1118).jpeg,squirrel,0.8895,squirrel,0.8895,squirrel (0.8895),spider (0.0285),sheep (0.0192),cat (0.0141),elephant (0.0139),True,True
c:\Users\Alan\python\MMIP\week3\data\Dataset\squirrel\squirrel (1161).jpeg,squirrel,0.7056,squirrel,0.7056,squirrel (0.7056),sheep (0.1522),cow (0.0238),chicken (0.0231),dog (0.0229),True,True
c:\Users\Alan\python\MMIP\week3\data\Dataset\squirrel\squirrel (636).jpeg,squirrel,0.824,squirrel,0.824,squirrel (0.8240),chicken (0.0467),cat (0.0355),elephant (0.0243),butterfly (0.0187),True,True
c:\Users\Alan\python\MMIP\week3\data\Dataset\squirrel\squirrel (76).jpeg,squirrel,0.9601,squirrel,0.9601,squirrel (0.9601),spider (0.0075),chicken (0.0062),butterfly (0.0055),dog (0.0054),True,True
c:\Users\Alan\python\MMIP\week3\data\Dataset\squirrel\squirrel (1302).jpeg,squirrel,0.836,squirrel,0.836,squirrel (0.8360),butterfly (0.0535),cow (0.0225),horse (0.0169),dog (0.0158),True,True
c:\Users\Alan\python\MMIP\week3\data\Dataset\squirrel\squirrel (1861).jpeg,squirrel,0.9468,squirrel,0.9468,squirrel (0.9468),spider (0.0165),butterfly (0.0061),sheep (0.0050),chicken (0.0047),True,True
c:\Users\Alan\python\MMIP\week3\data\Dataset\squirrel\squirrel (43).jpeg,squirrel,0.9599,squirrel,0.9599,squirrel (0.9599),chicken (0.0156),elephant (0.0053),cat (0.0050),butterfly (0.0039),True,True
c:\Users\Alan\python\MMIP\week3\data\Dataset\squirrel\squirrel (858).jpeg,squirrel,0.9438,squirrel,0.9438,squirrel (0.9438),chicken (0.0143),sheep (0.0070),spider (0.0069),dog (0.0067),True,True
c:\Users\Alan\python\MMIP\week3\data\Dataset\squirrel\squirrel (1742).jpeg,squirrel,0.6809,squirrel,0.6809,squirrel (0.6809),cat (0.0994),dog (0.0974),horse (0.0305),spider (0.0191),True,True
c:\Users\Alan\python\MMIP\week3\data\Dataset\squirrel\squirrel (103).jpeg,squirrel,0.2441,dog,0.3738,dog (0.3738),squirrel (0.2441),cat (0.2319),spider (0.0496),elephant (0.0271),False,True
c:\Users\Alan\python\MMIP\week3\data\Dataset\squirrel\squirrel (1240).jpeg,squirrel,0.2488,cat,0.3102,cat (0.3102),squirrel (0.2488),dog (0.1598),horse (0.0765),spider (0.0535),False,True
c:\Users\Alan\python\MMIP\week3\data\Dataset\squirrel\squirrel (1753).jpeg,squirrel,0.9597,squirrel,0.9597,squirrel (0.9597),dog (0.0089),butterfly (0.0058),cow (0.0054),spider (0.0043),True,True
c:\Users\Alan\python\MMIP\week3\data\Dataset\squirrel\squirrel (140).jpeg,squirrel,0.828,squirrel,0.828,squirrel (0.8280),cat (0.0886),horse (0.0184),dog (0.0163),spider (0.0143),True,True
c:\Users\Alan\python\MMIP\week3\data\Dataset\squirrel\squirrel (1622).jpeg,squirrel,0.7926,squirrel,0.7926,squirrel (0.7926),sheep (0.0703),dog (0.0288),chicken (0.0248),cat (0.0239),True,True
c:\Users\Alan\python\MMIP\week3\data\Dataset\squirrel\squirrel (1336).jpeg,squirrel,0.8563,squirrel,0.8563,squirrel (0.8563),cat (0.0210),cow (0.0181),elephant (0.0176),butterfly (0.0164),True,True
c:\Users\Alan\python\MMIP\week3\data\Dataset\squirrel\squirrel (895).jpeg,squirrel,0.8832,squirrel,0.8832,squirrel (0.8832),cat (0.0305),spider (0.0256),dog (0.0202),horse (0.0113),True,True
c:\Users\Alan\python\MMIP\week3\data\Dataset\squirrel\squirrel (916).jpeg,squirrel,0.7202,squirrel,0.7202,squirrel (0.7202),cat (0.0565),dog (0.0506),horse (0.0418),sheep (0.0316),True,True
c:\Users\Alan\python\MMIP\week3\data\Dataset\squirrel\squirrel (765).jpeg,squirrel,0.804,squirrel,0.804,squirrel (0.8040),cat (0.0508),chicken (0.0394),dog (0.0330),elephant (0.0197),True,True
c:\Users\Alan\python\MMIP\week3\data\Dataset\squirrel\squirrel (1583).jpeg,squirrel,0.1725,sheep,0.4689,sheep (0.4689),squirrel (0.1725),dog (0.1375),chicken (0.0836),spider (0.0319),False,True
c:\Users\Alan\python\MMIP\week3\data\Dataset\squirrel\squirrel (382).jpeg,squirrel,0.6419,squirrel,0.6419,squirrel (0.6419),dog (0.1800),cat (0.0395),elephant (0.0351),sheep (0.0260),True,True
c:\Users\Alan\python\MMIP\week3\data\Dataset\squirrel\squirrel (618).jpeg,squirrel,0.7594,squirrel,0.7594,squirrel (0.7594),butterfly (0.0569),elephant (0.0422),dog (0.0384),horse (0.0276),True,True
c:\Users\Alan\python\MMIP\week3\data\Dataset\squirrel\squirrel (1713).jpeg,squirrel,0.9321,squirrel,0.9321,squirrel (0.9321),spider (0.0103),butterfly (0.0088),cat (0.0085),sheep (0.0080),True,True
c:\Users\Alan\python\MMIP\week3\data\Dataset\squirrel\squirrel (1157).jpeg,squirrel,0.8485,squirrel,0.8485,squirrel (0.8485),cow (0.0239),elephant (0.0219),chicken (0.0184),horse (0.0176),True,True
c:\Users\Alan\python\MMIP\week3\data\Dataset\squirrel\squirrel (260).jpeg,squirrel,0.9138,squirrel,0.9138,squirrel (0.9138),dog (0.0194),cow (0.0139),elephant (0.0087),cat (0.0085),True,True
c:\Users\Alan\python\MMIP\week3\data\Dataset\squirrel\squirrel (467).jpeg,squirrel,0.942,squirrel,0.942,squirrel (0.9420),dog (0.0115),horse (0.0083),spider (0.0077),elephant (0.0063),True,True
c:\Users\Alan\python\MMIP\week3\data\Dataset\squirrel\squirrel (705).jpeg,squirrel,0.6815,squirrel,0.6815,squirrel (0.6815),dog (0.0782),horse (0.0725),cat (0.0327),cow (0.0320),True,True
c:\Users\Alan\python\MMIP\week3\data\Dataset\squirrel\squirrel (210).jpeg,squirrel,0.7904,squirrel,0.7904,squirrel (0.7904),horse (0.0569),butterfly (0.0444),spider (0.0333),dog (0.0243),True,True
c:\Users\Alan\python\MMIP\week3\data\Dataset\squirrel\squirrel (441).jpeg,squirrel,0.8827,squirrel,0.8827,squirrel (0.8827),sheep (0.0216),cow (0.0174),dog (0.0169),spider (0.0145),True,True
c:\Users\Alan\python\MMIP\week3\data\Dataset\squirrel\squirrel (237).jpeg,squirrel,0.9573,squirrel,0.9573,squirrel (0.9573),cat (0.0076),dog (0.0072),sheep (0.0071),spider (0.0049),True,True
c:\Users\Alan\python\MMIP\week3\data\Dataset\squirrel\squirrel (1783).jpeg,squirrel,0.4516,squirrel,0.4516,squirrel (0.4516),sheep (0.2259),spider (0.1734),butterfly (0.0650),cat (0.0224),True,True
c:\Users\Alan\python\MMIP\week3\data\Dataset\squirrel\squirrel (378).jpeg,squirrel,0.5595,squirrel,0.5595,squirrel (0.5595),spider (0.3555),cat (0.0177),sheep (0.0119),butterfly (0.0119),True,True
c:\Users\Alan\python\MMIP\week3\data\Dataset\squirrel\squirrel (457).jpeg,squirrel,0.9253,squirrel,0.9253,squirrel (0.9253),butterfly (0.0176),sheep (0.0142),spider (0.0124),dog (0.0077),True,True
c:\Users\Alan\python\MMIP\week3\data\Dataset\squirrel\squirrel (569).jpeg,squirrel,0.8945,squirrel,0.8945,squirrel (0.8945),dog (0.0377),sheep (0.0162),cat (0.0162),chicken (0.0128),True,True
c:\Users\Alan\python\MMIP\week3\data\Dataset\squirrel\squirrel (337).jpeg,squirrel,0.8647,squirrel,0.8647,squirrel (0.8647),dog (0.0297),spider (0.0206),cat (0.0154),chicken (0.0153),True,True
c:\Users\Alan\python\MMIP\week3\data\Dataset\squirrel\squirrel (682).jpeg,squirrel,0.789,squirrel,0.789,squirrel (0.7890),sheep (0.0729),chicken (0.0380),dog (0.0193),cow (0.0180),True,True
c:\Users\Alan\python\MMIP\week3\data\Dataset\squirrel\squirrel (24).jpeg,squirrel,0.6895,squirrel,0.6895,squirrel (0.6895),dog (0.0790),horse (0.0709),cow (0.0410),butterfly (0.0375),True,True
c:\Users\Alan\python\MMIP\week3\data\Dataset\squirrel\squirrel (1702).jpeg,squirrel,0.8186,squirrel,0.8186,squirrel (0.8186),chicken (0.0342),cow (0.0244),sheep (0.0216),dog (0.0195),True,True
c:\Users\Alan\python\MMIP\week3\data\Dataset\squirrel\squirrel (271).jpeg,squirrel,0.6645,squirrel,0.6645,squirrel (0.6645),butterfly (0.2055),spider (0.0265),elephant (0.0208),sheep (0.0206),True,True
c:\Users\Alan\python\MMIP\week3\data\Dataset\squirrel\squirrel (1837).jpeg,squirrel,0.8897,squirrel,0.8897,squirrel (0.8897),cat (0.0243),dog (0.0164),elephant (0.0140),spider (0.0122),True,True
c:\Users\Alan\python\MMIP\week3\data\Dataset\squirrel\squirrel (936).jpeg,squirrel,0.8835,squirrel,0.8835,squirrel (0.8835),butterfly (0.0363),chicken (0.0302),dog (0.0093),elephant (0.0078),True,True
c:\Users\Alan\python\MMIP\week3\data\Dataset\squirrel\squirrel (1743).jpeg,squirrel,0.9245,squirrel,0.9245,squirrel (0.9245),horse (0.0229),elephant (0.0101),chicken (0.0088),cow (0.0085),True,True
c:\Users\Alan\python\MMIP\week3\data\Dataset\squirrel\squirrel (1619).jpeg,squirrel,0.5908,squirrel,0.5908,squirrel (0.5908),dog (0.2045),cat (0.0676),chicken (0.0378),sheep (0.0294),True,True
c:\Users\Alan\python\MMIP\week3\data\Dataset\squirrel\squirrel (1408).jpeg,squirrel,0.8628,squirrel,0.8628,squirrel (0.8628),chicken (0.0293),horse (0.0256),dog (0.0178),elephant (0.0162),True,True
c:\Users\Alan\python\MMIP\week3\data\Dataset\squirrel\squirrel (1777).jpeg,squirrel,0.4972,squirrel,0.4972,squirrel (0.4972),sheep (0.2284),cow (0.0909),horse (0.0778),dog (0.0313),True,True
c:\Users\Alan\python\MMIP\week3\data\Dataset\squirrel\squirrel (253).jpeg,squirrel,0.8729,squirrel,0.8729,squirrel (0.8729),cat (0.0290),dog (0.0247),horse (0.0164),elephant (0.0108),True,True
c:\Users\Alan\python\MMIP\week3\data\Dataset\squirrel\squirrel (1446).jpeg,squirrel,0.9304,squirrel,0.9304,squirrel (0.9304),butterfly (0.0134),dog (0.0104),spider (0.0088),elephant (0.0081),True,True
c:\Users\Alan\python\MMIP\week3\data\Dataset\squirrel\squirrel (678).jpeg,squirrel,0.9437,squirrel,0.9437,squirrel (0.9437),spider (0.0099),dog (0.0083),horse (0.0069),butterfly (0.0063),True,True
c:\Users\Alan\python\MMIP\week3\data\Dataset\squirrel\squirrel (855).jpeg,squirrel,0.6649,squirrel,0.6649,squirrel (0.6649),cat (0.1138),dog (0.0378),elephant (0.0361),spider (0.0338),True,True
c:\Users\Alan\python\MMIP\week3\data\Dataset\squirrel\squirrel (1225).jpeg,squirrel,0.1566,spider,0.5915,spider (0.5915),squirrel (0.1566),butterfly (0.0617),sheep (0.0554),dog (0.0358),False,True
c:\Users\Alan\python\MMIP\week3\data\Dataset\squirrel\squirrel (975).jpeg,squirrel,0.1685,dog,0.4375,dog (0.4375),squirrel (0.1685),elephant (0.1166),cat (0.0682),sheep (0.0664),False,True
c:\Users\Alan\python\MMIP\week3\data\Dataset\squirrel\squirrel (451).jpeg,squirrel,0.8364,squirrel,0.8364,squirrel (0.8364),chicken (0.0465),spider (0.0329),sheep (0.0212),dog (0.0198),True,True
c:\Users\Alan\python\MMIP\week3\data\Dataset\squirrel\squirrel (1386).jpeg,squirrel,0.6943,squirrel,0.6943,squirrel (0.6943),cat (0.0950),spider (0.0545),sheep (0.0437),horse (0.0213),True,True
c:\Users\Alan\python\MMIP\week3\data\Dataset\squirrel\squirrel (1643).jpeg,squirrel,0.5424,squirrel,0.5424,squirrel (0.5424),elephant (0.2350),chicken (0.0595),spider (0.0469),sheep (0.0432),True,True
c:\Users\Alan\python\MMIP\week3\data\Dataset\squirrel\squirrel (1128).jpeg,squirrel,0.103,elephant,0.2516,elephant (0.2516),cow (0.1707),sheep (0.1356),squirrel (0.1030),horse (0.1019),False,True
c:\Users\Alan\python\MMIP\week3\data\Dataset\squirrel\squirrel (1683).jpeg,squirrel,0.9332,squirrel,0.9332,squirrel (0.9332),chicken (0.0096),dog (0.0095),cow (0.0093),horse (0.0076),True,True
c:\Users\Alan\python\MMIP\week3\data\Dataset\squirrel\squirrel (1058).jpeg,squirrel,0.7923,squirrel,0.7923,squirrel (0.7923),sheep (0.0824),dog (0.0560),chicken (0.0143),cow (0.0131),True,True
c:\Users\Alan\python\MMIP\week3\data\Dataset\squirrel\squirrel (353).jpeg,squirrel,0.767,squirrel,0.767,squirrel (0.7670),cow (0.0516),chicken (0.0410),sheep (0.0345),horse (0.0321),True,True
c:\Users\Alan\python\MMIP\week3\data\Dataset\squirrel\squirrel (777).jpeg,squirrel,0.0835,sheep,0.4506,sheep (0.4506),spider (0.1927),squirrel (0.0835),cow (0.0679),elephant (0.0616),False,True
c:\Users\Alan\python\MMIP\week3\data\Dataset\squirrel\squirrel (1746).jpeg,squirrel,0.8822,squirrel,0.8822,squirrel (0.8822),butterfly (0.0204),chicken (0.0164),spider (0.0149),elephant (0.0130),True,True
c:\Users\Alan\python\MMIP\week3\data\Dataset\squirrel\squirrel (1237).jpeg,squirrel,0.8838,squirrel,0.8838,squirrel (0.8838),spider (0.0319),butterfly (0.0239),chicken (0.0150),cat (0.0102),True,True
c:\Users\Alan\python\MMIP\week3\data\Dataset\squirrel\squirrel (1580).jpeg,squirrel,0.3618,squirrel,0.3618,squirrel (0.3618),dog (0.1981),cat (0.1563),elephant (0.0657),sheep (0.0550),True,True
c:\Users\Alan\python\MMIP\week3\data\Dataset\squirrel\squirrel (410).jpeg,squirrel,0.5221,squirrel,0.5221,squirrel (0.5221),spider (0.3871),butterfly (0.0277),dog (0.0127),sheep (0.0109),True,True
c:\Users\Alan\python\MMIP\week3\data\Dataset\squirrel\squirrel (1755).jpeg,squirrel,0.6745,squirrel,0.6745,squirrel (0.6745),spider (0.1314),chicken (0.0679),horse (0.0344),cow (0.0239),True,True
c:\Users\Alan\python\MMIP\week3\data\Dataset\squirrel\squirrel (896).jpeg,squirrel,0.9238,squirrel,0.9238,squirrel (0.9238),dog (0.0336),spider (0.0115),horse (0.0074),cat (0.0056),True,True
c:\Users\Alan\python\MMIP\week3\data\Dataset\squirrel\squirrel (166).jpeg,squirrel,0.4522,squirrel,0.4522,squirrel (0.4522),chicken (0.1986),dog (0.1092),elephant (0.0946),cat (0.0441),True,True
c:\Users\Alan\python\MMIP\week3\data\Dataset\squirrel\squirrel (1631).jpeg,squirrel,0.9239,squirrel,0.9239,squirrel (0.9239),elephant (0.0131),spider (0.0109),horse (0.0098),dog (0.0090),True,True
c:\Users\Alan\python\MMIP\week3\data\Dataset\squirrel\squirrel (207).jpeg,squirrel,0.6973,squirrel,0.6973,squirrel (0.6973),chicken (0.1369),cat (0.0541),dog (0.0417),horse (0.0194),True,True
c:\Users\Alan\python\MMIP\week3\data\Dataset\squirrel\squirrel (638).jpeg,squirrel,0.9008,squirrel,0.9008,squirrel (0.9008),sheep (0.0140),elephant (0.0128),spider (0.0117),horse (0.0115),True,True
c:\Users\Alan\python\MMIP\week3\data\Dataset\squirrel\squirrel (546).jpeg,squirrel,0.5556,squirrel,0.5556,squirrel (0.5556),cat (0.1035),sheep (0.0934),chicken (0.0775),dog (0.0584),True,True
c:\Users\Alan\python\MMIP\week3\data\Dataset\squirrel\squirrel (597).jpeg,squirrel,0.9012,squirrel,0.9012,squirrel (0.9012),horse (0.0324),dog (0.0157),cat (0.0116),chicken (0.0097),True,True
c:\Users\Alan\python\MMIP\week3\data\Dataset\squirrel\squirrel (1364).jpeg,squirrel,0.9165,squirrel,0.9165,squirrel (0.9165),butterfly (0.0184),spider (0.0159),elephant (0.0091),cow (0.0090),True,True
c:\Users\Alan\python\MMIP\week3\data\Dataset\squirrel\squirrel (277).jpeg,squirrel,0.9437,squirrel,0.9437,squirrel (0.9437),butterfly (0.0094),elephant (0.0079),cat (0.0072),spider (0.0071),True,True
c:\Users\Alan\python\MMIP\week3\data\Dataset\squirrel\squirrel (1804).jpeg,squirrel,0.8931,squirrel,0.8931,squirrel (0.8931),chicken (0.0154),horse (0.0144),cow (0.0142),elephant (0.0134),True,True
c:\Users\Alan\python\MMIP\week3\data\Dataset\squirrel\squirrel (1503).jpeg,squirrel,0.9183,squirrel,0.9183,squirrel (0.9183),elephant (0.0138),dog (0.0133),cow (0.0114),horse (0.0098),True,True
c:\Users\Alan\python\MMIP\week3\data\Dataset\squirrel\squirrel (921).jpeg,squirrel,0.6681,squirrel,0.6681,squirrel (0.6681),spider (0.0711),cat (0.0693),chicken (0.0584),dog (0.0378),True,True
c:\Users\Alan\python\MMIP\week3\data\Dataset\squirrel\squirrel (1065).jpeg,squirrel,0.7605,squirrel,0.7605,squirrel (0.7605),dog (0.0900),cat (0.0376),horse (0.0257),cow (0.0179),True,True
c:\Users\Alan\python\MMIP\week3\data\Dataset\squirrel\squirrel (1473).jpeg,squirrel,0.9074,squirrel,0.9074,squirrel (0.9074),spider (0.0139),elephant (0.0128),cow (0.0126),horse (0.0116),True,True
c:\Users\Alan\python\MMIP\week3\data\Dataset\squirrel\squirrel (683).jpeg,squirrel,0.9583,squirrel,0.9583,squirrel (0.9583),butterfly (0.0160),spider (0.0050),chicken (0.0043),cow (0.0033),True,True
c:\Users\Alan\python\MMIP\week3\data\Dataset\squirrel\squirrel (310).jpeg,squirrel,0.4151,squirrel,0.4151,squirrel (0.4151),spider (0.3297),dog (0.0768),elephant (0.0349),sheep (0.0335),True,True
c:\Users\Alan\python\MMIP\week3\data\Dataset\squirrel\squirrel (595).jpeg,squirrel,0.9676,squirrel,0.9676,squirrel (0.9676),butterfly (0.0059),horse (0.0044),cow (0.0042),elephant (0.0036),True,True
c:\Users\Alan\python\MMIP\week3\data\Dataset\squirrel\squirrel (798).jpeg,squirrel,0.8977,squirrel,0.8977,squirrel (0.8977),sheep (0.0210),spider (0.0206),butterfly (0.0117),dog (0.0090),True,True
c:\Users\Alan\python\MMIP\week3\data\Dataset\squirrel\squirrel (701).jpeg,squirrel,0.841,squirrel,0.841,squirrel (0.8410),dog (0.0280),elephant (0.0238),spider (0.0211),cat (0.0188),True,True
c:\Users\Alan\python\MMIP\week3\data\Dataset\squirrel\squirrel (1856).jpeg,squirrel,0.9581,squirrel,0.9581,squirrel (0.9581),chicken (0.0078),spider (0.0061),dog (0.0055),cow (0.0046),True,True
c:\Users\Alan\python\MMIP\week3\data\Dataset\squirrel\squirrel (1080).jpeg,squirrel,0.9231,squirrel,0.9231,squirrel (0.9231),sheep (0.0135),elephant (0.0097),cow (0.0097),dog (0.0095),True,True
c:\Users\Alan\python\MMIP\week3\data\Dataset\squirrel\squirrel (355).jpeg,squirrel,0.3364,squirrel,0.3364,squirrel (0.3364),chicken (0.2479),spider (0.2068),elephant (0.0664),dog (0.0405),True,True
c:\Users\Alan\python\MMIP\week3\data\Dataset\squirrel\squirrel (887).jpeg,squirrel,0.219,sheep,0.4688,sheep (0.4688),squirrel (0.2190),chicken (0.0733),dog (0.0712),cat (0.0460),False,True
c:\Users\Alan\python\MMIP\week3\data\Dataset\squirrel\squirrel (745).jpeg,squirrel,0.9246,squirrel,0.9246,squirrel (0.9246),dog (0.0136),butterfly (0.0095),cow (0.0095),spider (0.0084),True,True
c:\Users\Alan\python\MMIP\week3\data\Dataset\squirrel\squirrel (1413).jpeg,squirrel,0.8862,squirrel,0.8862,squirrel (0.8862),dog (0.0356),sheep (0.0172),cat (0.0171),spider (0.0114),True,True
c:\Users\Alan\python\MMIP\week3\data\Dataset\squirrel\squirrel (1275).jpeg,squirrel,0.9253,squirrel,0.9253,squirrel (0.9253),sheep (0.0114),spider (0.0097),cow (0.0092),butterfly (0.0086),True,True
c:\Users\Alan\python\MMIP\week3\data\Dataset\squirrel\squirrel (191).jpeg,squirrel,0.9496,squirrel,0.9496,squirrel (0.9496),horse (0.0088),dog (0.0084),butterfly (0.0065),chicken (0.0056),True,True
c:\Users\Alan\python\MMIP\week3\data\Dataset\squirrel\squirrel (1168).jpeg,squirrel,0.7289,squirrel,0.7289,squirrel (0.7289),spider (0.1055),chicken (0.0593),butterfly (0.0297),dog (0.0275),True,True
c:\Users\Alan\python\MMIP\week3\data\Dataset\squirrel\squirrel (1433).jpeg,squirrel,0.9592,squirrel,0.9592,squirrel (0.9592),spider (0.0164),elephant (0.0041),butterfly (0.0040),chicken (0.0032),True,True
c:\Users\Alan\python\MMIP\week3\data\Dataset\squirrel\squirrel (759).jpeg,squirrel,0.3693,dog,0.3856,dog (0.3856),squirrel (0.3693),chicken (0.0867),cat (0.0471),sheep (0.0265),False,True
c:\Users\Alan\python\MMIP\week3\data\Dataset\squirrel\squirrel (1155).jpeg,squirrel,0.867,squirrel,0.867,squirrel (0.8670),sheep (0.0380),spider (0.0253),cow (0.0152),butterfly (0.0125),True,True
c:\Users\Alan\python\MMIP\week3\data\Dataset\squirrel\squirrel (168).jpeg,squirrel,0.3269,squirrel,0.3269,squirrel (0.3269),spider (0.2603),chicken (0.1275),cow (0.0701),dog (0.0594),True,True
c:\Users\Alan\python\MMIP\week3\data\Dataset\squirrel\squirrel (55).jpeg,squirrel,0.5642,squirrel,0.5642,squirrel (0.5642),sheep (0.2230),cat (0.0755),dog (0.0427),horse (0.0261),True,True
c:\Users\Alan\python\MMIP\week3\data\Dataset\squirrel\squirrel (209).jpeg,squirrel,0.1632,dog,0.3196,dog (0.3196),chicken (0.1703),squirrel (0.1632),cat (0.1108),cow (0.0618),False,True
c:\Users\Alan\python\MMIP\week3\data\Dataset\squirrel\squirrel (1363).jpeg,squirrel,0.8242,squirrel,0.8242,squirrel (0.8242),butterfly (0.0292),spider (0.0235),dog (0.0203),cat (0.0190),True,True
c:\Users\Alan\python\MMIP\week3\data\Dataset\squirrel\squirrel (1258).jpeg,squirrel,0.8861,squirrel,0.8861,squirrel (0.8861),butterfly (0.0311),dog (0.0164),sheep (0.0142),spider (0.0119),True,True
c:\Users\Alan\python\MMIP\week3\data\Dataset\squirrel\squirrel (1463).jpeg,squirrel,0.5366,squirrel,0.5366,squirrel (0.5366),spider (0.3720),butterfly (0.0277),dog (0.0125),sheep (0.0110),True,True
c:\Users\Alan\python\MMIP\week3\data\Dataset\squirrel\squirrel (1671).jpeg,squirrel,0.9316,squirrel,0.9316,squirrel (0.9316),dog (0.0187),chicken (0.0138),sheep (0.0125),cow (0.0058),True,True
c:\Users\Alan\python\MMIP\week3\data\Dataset\squirrel\squirrel (92).jpeg,squirrel,0.0824,dog,0.3555,dog (0.3555),cat (0.1598),horse (0.0921),squirrel (0.0824),sheep (0.0776),False,True
c:\Users\Alan\python\MMIP\week3\data\Dataset\squirrel\squirrel (1424).jpeg,squirrel,0.9143,squirrel,0.9143,squirrel (0.9143),cat (0.0194),spider (0.0170),elephant (0.0109),dog (0.0108),True,True
c:\Users\Alan\python\MMIP\week3\data\Dataset\squirrel\squirrel (291).jpeg,squirrel,0.165,dog,0.2341,dog (0.2341),squirrel (0.1650),cat (0.1352),horse (0.1134),sheep (0.1037),False,True
c:\Users\Alan\python\MMIP\week3\data\Dataset\squirrel\squirrel (142).jpeg,squirrel,0.9192,squirrel,0.9192,squirrel (0.9192),elephant (0.0143),dog (0.0124),sheep (0.0117),horse (0.0105),True,True
c:\Users\Alan\python\MMIP\week3\data\Dataset\squirrel\squirrel (598).jpeg,squirrel,0.8813,squirrel,0.8813,squirrel (0.8813),butterfly (0.0397),spider (0.0317),dog (0.0078),cow (0.0077),True,True
c:\Users\Alan\python\MMIP\week3\data\Dataset\squirrel\squirrel (1832).jpeg,squirrel,0.9542,squirrel,0.9542,squirrel (0.9542),cow (0.0091),horse (0.0072),sheep (0.0065),chicken (0.0052),True,True
c:\Users\Alan\python\MMIP\week3\data\Dataset\squirrel\squirrel (109).jpeg,squirrel,0.8895,squirrel,0.8895,squirrel (0.8895),spider (0.0209),butterfly (0.0205),chicken (0.0193),horse (0.0110),True,True
c:\Users\Alan\python\MMIP\week3\data\Dataset\squirrel\squirrel (90).jpeg,squirrel,0.9622,squirrel,0.9622,squirrel (0.9622),sheep (0.0057),butterfly (0.0056),cat (0.0056),cow (0.0041),True,True
c:\Users\Alan\python\MMIP\week3\data\Dataset\squirrel\squirrel (285).jpeg,squirrel,0.177,sheep,0.4754,sheep (0.4754),squirrel (0.1770),dog (0.0780),spider (0.0719),horse (0.0524),False,True
c:\Users\Alan\python\MMIP\week3\data\Dataset\squirrel\squirrel (1486).jpeg,squirrel,0.8912,squirrel,0.8912,squirrel (0.8912),spider (0.0188),chicken (0.0142),cow (0.0127),elephant (0.0126),True,True
c:\Users\Alan\python\MMIP\week3\data\Dataset\squirrel\squirrel (919).jpeg,squirrel,0.9731,squirrel,0.9731,squirrel (0.9731),dog (0.0074),cat (0.0055),spider (0.0033),horse (0.0020),True,True
c:\Users\Alan\python\MMIP\week3\data\Dataset\squirrel\squirrel (629).jpeg,squirrel,0.2657,spider,0.512,spider (0.5120),squirrel (0.2657),dog (0.0809),sheep (0.0401),cat (0.0234),False,True
c:\Users\Alan\python\MMIP\week3\data\Dataset\squirrel\squirrel (1831).jpeg,squirrel,0.7185,squirrel,0.7185,squirrel (0.7185),dog (0.0773),horse (0.0394),elephant (0.0372),cat (0.0319),True,True
c:\Users\Alan\python\MMIP\week3\data\Dataset\squirrel\squirrel (326).jpeg,squirrel,0.8243,squirrel,0.8243,squirrel (0.8243),butterfly (0.0528),elephant (0.0285),chicken (0.0282),spider (0.0209),True,True
c:\Users\Alan\python\MMIP\week3\data\Dataset\squirrel\squirrel (788).jpeg,squirrel,0.6433,squirrel,0.6433,squirrel (0.6433),spider (0.1760),cat (0.0738),sheep (0.0302),horse (0.0194),True,True
c:\Users\Alan\python\MMIP\week3\data\Dataset\squirrel\squirrel (194).jpeg,squirrel,0.0435,cow,0.1769,cow (0.1769),horse (0.1646),dog (0.1521),sheep (0.1439),elephant (0.0936),False,False
c:\Users\Alan\python\MMIP\week3\data\Dataset\squirrel\squirrel (1355).jpeg,squirrel,0.748,squirrel,0.748,squirrel (0.7480),dog (0.1022),cat (0.0316),spider (0.0248),sheep (0.0209),True,True
c:\Users\Alan\python\MMIP\week3\data\Dataset\squirrel\squirrel (986).jpeg,squirrel,0.6482,squirrel,0.6482,squirrel (0.6482),butterfly (0.1339),chicken (0.0457),dog (0.0369),cow (0.0289),True,True
c:\Users\Alan\python\MMIP\week3\data\Dataset\squirrel\squirrel (767).jpeg,squirrel,0.903,squirrel,0.903,squirrel (0.9030),sheep (0.0282),spider (0.0122),elephant (0.0117),horse (0.0116),True,True
c:\Users\Alan\python\MMIP\week3\data\Dataset\squirrel\squirrel (183).jpeg,squirrel,0.8878,squirrel,0.8878,squirrel (0.8878),elephant (0.0212),dog (0.0187),horse (0.0175),spider (0.0128),True,True
c:\Users\Alan\python\MMIP\week3\data\Dataset\squirrel\squirrel (16).jpeg,squirrel,0.8301,squirrel,0.8301,squirrel (0.8301),cat (0.0536),spider (0.0303),dog (0.0298),sheep (0.0126),True,True
c:\Users\Alan\python\MMIP\week3\data\Dataset\squirrel\squirrel (323).jpeg,squirrel,0.868,squirrel,0.868,squirrel (0.8680),dog (0.0260),cow (0.0170),horse (0.0157),butterfly (0.0152),True,True
c:\Users\Alan\python\MMIP\week3\data\Dataset\squirrel\squirrel (588).jpeg,squirrel,0.8645,squirrel,0.8645,squirrel (0.8645),elephant (0.0247),cat (0.0242),dog (0.0185),butterfly (0.0172),True,True
c:\Users\Alan\python\MMIP\week3\data\Dataset\squirrel\squirrel (1444).jpeg,squirrel,0.9579,squirrel,0.9579,squirrel (0.9579),cow (0.0078),horse (0.0070),dog (0.0060),elephant (0.0050),True,True
c:\Users\Alan\python\MMIP\week3\data\Dataset\squirrel\squirrel (1213).jpeg,squirrel,0.7424,squirrel,0.7424,squirrel (0.7424),cat (0.0761),horse (0.0344),elephant (0.0307),chicken (0.0306),True,True
c:\Users\Alan\python\MMIP\week3\data\Dataset\squirrel\squirrel (348).jpeg,squirrel,0.8568,squirrel,0.8568,squirrel (0.8568),dog (0.0386),cat (0.0204),butterfly (0.0183),spider (0.0147),True,True
c:\Users\Alan\python\MMIP\week3\data\Dataset\squirrel\squirrel (63).jpeg,squirrel,0.9014,squirrel,0.9014,squirrel (0.9014),spider (0.0430),cat (0.0153),butterfly (0.0136),chicken (0.0060),True,True
c:\Users\Alan\python\MMIP\week3\data\Dataset\squirrel\squirrel (1230).jpeg,squirrel,0.8447,squirrel,0.8447,squirrel (0.8447),dog (0.0424),spider (0.0233),chicken (0.0179),sheep (0.0149),True,True
c:\Users\Alan\python\MMIP\week3\data\Dataset\squirrel\squirrel (1845).jpeg,squirrel,0.9533,squirrel,0.9533,squirrel (0.9533),horse (0.0066),cow (0.0061),butterfly (0.0059),elephant (0.0058),True,True
c:\Users\Alan\python\MMIP\week3\data\Dataset\squirrel\squirrel (1442).jpeg,squirrel,0.9357,squirrel,0.9357,squirrel (0.9357),dog (0.0110),horse (0.0105),chicken (0.0086),cow (0.0085),True,True
c:\Users\Alan\python\MMIP\week3\data\Dataset\squirrel\squirrel (716).jpeg,squirrel,0.8592,squirrel,0.8592,squirrel (0.8592),spider (0.0201),butterfly (0.0185),dog (0.0170),chicken (0.0154),True,True
c:\Users\Alan\python\MMIP\week3\data\Dataset\squirrel\squirrel (1174).jpeg,squirrel,0.9189,squirrel,0.9189,squirrel (0.9189),spider (0.0250),elephant (0.0090),horse (0.0084),dog (0.0081),True,True
c:\Users\Alan\python\MMIP\week3\data\Dataset\squirrel\squirrel (173).jpeg,squirrel,0.897,squirrel,0.897,squirrel (0.8970),spider (0.0183),butterfly (0.0171),cat (0.0114),elephant (0.0103),True,True
c:\Users\Alan\python\MMIP\week3\data\Dataset\squirrel\squirrel (1288).jpeg,squirrel,0.9435,squirrel,0.9435,squirrel (0.9435),spider (0.0165),cat (0.0089),butterfly (0.0066),cow (0.0061),True,True
c:\Users\Alan\python\MMIP\week3\data\Dataset\squirrel\squirrel (329).jpeg,squirrel,0.6975,squirrel,0.6975,squirrel (0.6975),dog (0.1141),cat (0.0512),spider (0.0339),chicken (0.0248),True,True
c:\Users\Alan\python\MMIP\week3\data\Dataset\squirrel\squirrel (1146).jpeg,squirrel,0.9435,squirrel,0.9435,squirrel (0.9435),dog (0.0132),cow (0.0089),chicken (0.0074),horse (0.0073),True,True
c:\Users\Alan\python\MMIP\week3\data\Dataset\squirrel\squirrel (27).jpeg,squirrel,0.9108,squirrel,0.9108,squirrel (0.9108),spider (0.0148),cow (0.0131),dog (0.0127),horse (0.0111),True,True
c:\Users\Alan\python\MMIP\week3\data\Dataset\squirrel\squirrel (845).jpeg,squirrel,0.8795,squirrel,0.8795,squirrel (0.8795),elephant (0.0181),butterfly (0.0181),horse (0.0169),sheep (0.0148),True,True
c:\Users\Alan\python\MMIP\week3\data\Dataset\squirrel\squirrel (900).jpeg,squirrel,0.9082,squirrel,0.9082,squirrel (0.9082),spider (0.0403),chicken (0.0119),butterfly (0.0083),elephant (0.0071),True,True
c:\Users\Alan\python\MMIP\week3\data\Dataset\squirrel\squirrel (460).jpeg,squirrel,0.8936,squirrel,0.8936,squirrel (0.8936),dog (0.0246),chicken (0.0196),spider (0.0156),cat (0.0102),True,True
c:\Users\Alan\python\MMIP\week3\data\Dataset\squirrel\squirrel (1256).jpeg,squirrel,0.5201,squirrel,0.5201,squirrel (0.5201),dog (0.3053),spider (0.0573),chicken (0.0275),elephant (0.0222),True,True
c:\Users\Alan\python\MMIP\week3\data\Dataset\squirrel\squirrel (1794).jpeg,squirrel,0.8433,squirrel,0.8433,squirrel (0.8433),chicken (0.0402),cat (0.0298),butterfly (0.0203),dog (0.0129),True,True
c:\Users\Alan\python\MMIP\week3\data\Dataset\squirrel\squirrel (1385).jpeg,squirrel,0.8274,squirrel,0.8274,squirrel (0.8274),spider (0.0790),butterfly (0.0355),sheep (0.0125),dog (0.0111),True,True
c:\Users\Alan\python\MMIP\week3\data\Dataset\squirrel\squirrel (1840).jpeg,squirrel,0.4506,squirrel,0.4506,squirrel (0.4506),sheep (0.2852),spider (0.0556),dog (0.0548),chicken (0.0515),True,True
c:\Users\Alan\python\MMIP\week3\data\Dataset\squirrel\squirrel (1858).jpeg,squirrel,0.8318,squirrel,0.8318,squirrel (0.8318),cat (0.0540),dog (0.0222),chicken (0.0215),spider (0.0174),True,True
c:\Users\Alan\python\MMIP\week3\data\Dataset\squirrel\squirrel (532).jpeg,squirrel,0.8534,squirrel,0.8534,squirrel (0.8534),cat (0.0529),sheep (0.0150),spider (0.0143),cow (0.0134),True,True
c:\Users\Alan\python\MMIP\week3\data\Dataset\squirrel\squirrel (1008).jpeg,squirrel,0.7948,squirrel,0.7948,squirrel (0.7948),cat (0.0902),spider (0.0599),dog (0.0136),chicken (0.0086),True,True
c:\Users\Alan\python\MMIP\week3\data\Dataset\squirrel\squirrel (426).jpeg,squirrel,0.9244,squirrel,0.9244,squirrel (0.9244),spider (0.0150),chicken (0.0138),cat (0.0116),butterfly (0.0092),True,True
c:\Users\Alan\python\MMIP\week3\data\Dataset\squirrel\squirrel (616).jpeg,squirrel,0.8527,squirrel,0.8527,squirrel (0.8527),chicken (0.0277),dog (0.0270),spider (0.0224),cow (0.0149),True,True
c:\Users\Alan\python\MMIP\week3\data\Dataset\squirrel\squirrel (1648).jpeg,squirrel,0.935,squirrel,0.935,squirrel (0.9350),sheep (0.0156),butterfly (0.0106),cow (0.0093),horse (0.0067),True,True
c:\Users\Alan\python\MMIP\week3\data\Dataset\squirrel\squirrel (1239).jpeg,squirrel,0.9376,squirrel,0.9376,squirrel (0.9376),cow (0.0140),horse (0.0095),dog (0.0085),butterfly (0.0069),True,True
c:\Users\Alan\python\MMIP\week3\data\Dataset\squirrel\squirrel (298).jpeg,squirrel,0.5259,squirrel,0.5259,squirrel (0.5259),cat (0.1778),spider (0.0948),dog (0.0636),chicken (0.0374),True,True
c:\Users\Alan\python\MMIP\week3\data\Dataset\squirrel\squirrel (854).jpeg,squirrel,0.8494,squirrel,0.8494,squirrel (0.8494),spider (0.0397),sheep (0.0357),dog (0.0183),chicken (0.0165),True,True
c:\Users\Alan\python\MMIP\week3\data\Dataset\squirrel\squirrel (537).jpeg,squirrel,0.9088,squirrel,0.9088,squirrel (0.9088),dog (0.0149),cow (0.0117),horse (0.0100),spider (0.0100),True,True
c:\Users\Alan\python\MMIP\week3\data\Dataset\squirrel\squirrel (999).jpeg,squirrel,0.9025,squirrel,0.9025,squirrel (0.9025),butterfly (0.0215),cat (0.0118),chicken (0.0117),spider (0.0112),True,True
c:\Users\Alan\python\MMIP\week3\data\Dataset\squirrel\squirrel (482).jpeg,squirrel,0.9224,squirrel,0.9224,squirrel (0.9224),spider (0.0219),sheep (0.0095),elephant (0.0080),horse (0.0079),True,True
c:\Users\Alan\python\MMIP\week3\data\Dataset\squirrel\squirrel (477).jpeg,squirrel,0.9565,squirrel,0.9565,squirrel (0.9565),chicken (0.0097),dog (0.0068),horse (0.0062),cow (0.0049),True,True
c:\Users\Alan\python\MMIP\week3\data\Dataset\squirrel\squirrel (1579).jpeg,squirrel,0.8915,squirrel,0.8915,squirrel (0.8915),spider (0.0187),dog (0.0184),cat (0.0174),butterfly (0.0158),True,True
c:\Users\Alan\python\MMIP\week3\data\Dataset\squirrel\squirrel (950).jpeg,squirrel,0.4613,squirrel,0.4613,squirrel (0.4613),spider (0.1715),butterfly (0.1176),horse (0.0962),cow (0.0368),True,True
c:\Users\Alan\python\MMIP\week3\data\Dataset\squirrel\squirrel (365).jpeg,squirrel,0.9452,squirrel,0.9452,squirrel (0.9452),dog (0.0133),elephant (0.0091),horse (0.0081),cow (0.0050),True,True
c:\Users\Alan\python\MMIP\week3\data\Dataset\squirrel\squirrel (997).jpeg,squirrel,0.62,squirrel,0.62,squirrel (0.6200),cat (0.0809),dog (0.0780),elephant (0.0501),sheep (0.0404),True,True
c:\Users\Alan\python\MMIP\week3\data\Dataset\squirrel\squirrel (1843).jpeg,squirrel,0.8979,squirrel,0.8979,squirrel (0.8979),spider (0.0213),sheep (0.0204),butterfly (0.0133),elephant (0.0106),True,True
c:\Users\Alan\python\MMIP\week3\data\Dataset\squirrel\squirrel (590).jpeg,squirrel,0.9036,squirrel,0.9036,squirrel (0.9036),dog (0.0259),cow (0.0144),cat (0.0103),sheep (0.0091),True,True
c:\Users\Alan\python\MMIP\week3\data\Dataset\squirrel\squirrel (497).jpeg,squirrel,0.9601,squirrel,0.9601,squirrel (0.9601),elephant (0.0076),dog (0.0062),chicken (0.0056),horse (0.0049),True,True
c:\Users\Alan\python\MMIP\week3\data\Dataset\squirrel\squirrel (85).jpeg,squirrel,0.2856,squirrel,0.2856,squirrel (0.2856),spider (0.2570),sheep (0.1528),cat (0.0830),dog (0.0804),True,True
c:\Users\Alan\python\MMIP\week3\data\Dataset\squirrel\squirrel (1173).jpeg,squirrel,0.72,squirrel,0.72,squirrel (0.7200),cat (0.0734),spider (0.0645),dog (0.0455),butterfly (0.0239),True,True
c:\Users\Alan\python\MMIP\week3\data\Dataset\squirrel\squirrel (971).jpeg,squirrel,0.9363,squirrel,0.9363,squirrel (0.9363),horse (0.0173),elephant (0.0093),cow (0.0074),chicken (0.0068),True,True
c:\Users\Alan\python\MMIP\week3\data\Dataset\squirrel\squirrel (144).jpeg,squirrel,0.9347,squirrel,0.9347,squirrel (0.9347),horse (0.0201),elephant (0.0086),cow (0.0073),chicken (0.0067),True,True
c:\Users\Alan\python\MMIP\week3\data\Dataset\squirrel\squirrel (208).jpeg,squirrel,0.84,squirrel,0.84,squirrel (0.8400),cat (0.0323),dog (0.0292),sheep (0.0227),cow (0.0181),True,True
c:\Users\Alan\python\MMIP\week3\data\Dataset\squirrel\squirrel (675).jpeg,squirrel,0.8934,squirrel,0.8934,squirrel (0.8934),sheep (0.0207),cow (0.0194),dog (0.0126),chicken (0.0122),True,True
c:\Users\Alan\python\MMIP\week3\data\Dataset\squirrel\squirrel (157).jpeg,squirrel,0.9405,squirrel,0.9405,squirrel (0.9405),chicken (0.0189),dog (0.0070),cow (0.0060),elephant (0.0058),True,True
c:\Users\Alan\python\MMIP\week3\data\Dataset\squirrel\squirrel (604).jpeg,squirrel,0.8778,squirrel,0.8778,squirrel (0.8778),sheep (0.0199),spider (0.0196),dog (0.0187),chicken (0.0137),True,True
c:\Users\Alan\python\MMIP\week3\data\Dataset\squirrel\squirrel (1387).jpeg,squirrel,0.7465,squirrel,0.7465,squirrel (0.7465),dog (0.0742),chicken (0.0679),cat (0.0287),spider (0.0206),True,True
c:\Users\Alan\python\MMIP\week3\data\Dataset\squirrel\squirrel (1626).jpeg,squirrel,0.8901,squirrel,0.8901,squirrel (0.8901),dog (0.0281),chicken (0.0223),elephant (0.0167),sheep (0.0102),True,True
c:\Users\Alan\python\MMIP\week3\data\Dataset\squirrel\squirrel (1206).jpeg,squirrel,0.8923,squirrel,0.8923,squirrel (0.8923),spider (0.0321),cat (0.0150),elephant (0.0122),sheep (0.0115),True,True
c:\Users\Alan\python\MMIP\week3\data\Dataset\squirrel\squirrel (998).jpeg,squirrel,0.9188,squirrel,0.9188,squirrel (0.9188),butterfly (0.0172),spider (0.0125),cow (0.0086),horse (0.0081),True,True
c:\Users\Alan\python\MMIP\week3\data\Dataset\squirrel\squirrel (381).jpeg,squirrel,0.6951,squirrel,0.6951,squirrel (0.6951),spider (0.1542),dog (0.0427),cat (0.0340),butterfly (0.0222),True,True
c:\Users\Alan\python\MMIP\week3\data\Dataset\squirrel\squirrel (696).jpeg,squirrel,0.5567,squirrel,0.5567,squirrel (0.5567),butterfly (0.1519),cat (0.0819),chicken (0.0687),spider (0.0602),True,True
c:\Users\Alan\python\MMIP\week3\data\Dataset\squirrel\squirrel (1431).jpeg,squirrel,0.869,squirrel,0.869,squirrel (0.8690),cat (0.0245),dog (0.0199),horse (0.0163),butterfly (0.0151),True,True
c:\Users\Alan\python\MMIP\week3\data\Dataset\squirrel\squirrel (868).jpeg,squirrel,0.7517,squirrel,0.7517,squirrel (0.7517),dog (0.0945),chicken (0.0338),cat (0.0333),sheep (0.0213),True,True
c:\Users\Alan\python\MMIP\week3\data\Dataset\squirrel\squirrel (214).jpeg,squirrel,0.3331,dog,0.4235,dog (0.4235),squirrel (0.3331),chicken (0.0978),cat (0.0591),sheep (0.0228),False,True
